Reference,London Borough Name,Casualty Class,Casualty Sex,Casualty Age Band,Casualty Age,Number Of Casualties,Casualty Severity,Pedestrian Location,Pedestrian Movement,Mode Of Travel,Attendant Location,Number Of Vehicles,Date,Day,Time,Highway,Road Class 1,Road Number 1,Road Type,Speed Limit,Junction Detail,Junction Control,Road Class 2,Road Number 2,Pedestrian Crossing,Light Condition Band,Weather,Road Surface,Special Conditions,Carriage Way Hazard,Easting,Northing,Longitude,Latitude,Ward Code,Ward Name,Spatial Accuracy,Location,Organisation URI,Socrata ID,Last Uploaded
1160003311,CAMDEN,1 Driver/Rider,1 Male,16-24,17,1,3 Slight,-2 Unknown,-2 N/A,2 Pedal Cycle,EUSTON ROAD J/W PANCRAS ROAD,2,16/11/2016 04:40:00 PM,Wednesday,16.40,1 TLRN,A,501,6 Single Cwy,1 <= 20 MPH,9 Other Jun,2 Auto Sig,A,5202,5 Pedn Phase At Ats,2 Dark,2 Raining,1 Road-Dry,0 None,0 None,530210,182900,-0.124234,51.530006,,,Unknown,"(51.530006, -0.124234)",http://opendatacommunities.org/id/london-borough-council/camden,5698,21/12/2020 02:48:37 PM
1170070792,CAMDEN,1 Driver/Rider,1 Male,25-59,26,1,3 Slight,-2 Unknown,-2 N/A,2 Pedal Cycle,GREAT JAMES STREET J/W THEOBALDS ROAD,2,16/11/2017 11:15:00 AM,Thursday,11.15,3 Bor,A,401,6 Single Cwy,2 30 MPH,3 T/Stag Jun,2 Auto Sig,Unclassified,0,5 Pedn Phase At Ats,1 Daylight,1 Fine,1 Road-Dry,0 None,0 None,530760,181890,-0.116684,51.520803,,,Unknown,"(51.520803, -0.116684)",http://opendatacommunities.org/id/london-borough-council/camden,7518,21/12/2020 02:48:41 PM
1190203982,CAMDEN,1 DRIVER/RIDER,1 MALE,16-24,21,2,3 SLIGHT,'-2 NOT APPLICABLE,'-2 NOT APPLICABLE,3 POWERED 2 WHEELER,"On Fitzjohn's Avenue, near the junction with Netherhall Gardens.",2,07/09/2019 10:20:00 PM,Saturday,22.20,3 BOR,B,511,6 SINGLE CWY,20,03 T/STAG JUN,4 GIVE WAY/UNCONTROLLED,6,0,0 NO XING FACILITY IN 50M,1 DARK,1 FINE,1 ROAD-DRY,0 NONE,0 NONE,526563,185294,-0.175921,51.55235,,,Unknown,"(51.55235, -0.175921)",http://opendatacommunities.org/id/london-borough-council/camden,9341,21/12/2020 02:48:44 PM
0115EK41142,CAMDEN,1 Driver/Rider,1 Male,16-24,23,1,3 Slight,-2 Unknown,-2 N/A,3 Powered 2 Wheeler,HAMPSTEAD ROAD J/W VARNDELL STREET.,2,19/12/2015 01:29:00 PM,Saturday,13.29,1 TLRN,A,400,6 Single Cwy,2 30 MPH,3 T/Stag Jun,4 Give Way/Uncontrolled,Unclassified,0,0 No Xing Facility In 50m,1 Daylight,1 Fine,1 Road-Dry,0 None,0 None,529200,182800,-0.138822,51.529339,,,Unknown,"(51.529339, -0.138822)",http://opendatacommunities.org/id/london-borough-council/camden,5546,21/12/2020 02:48:37 PM
1190217886,CAMDEN,1 DRIVER/RIDER,2 FEMALE,25-59,34,1,3 SLIGHT,'-2 NOT APPLICABLE,'-2 NOT APPLICABLE,2 PEDAL CYCLE,"On West End Lane, near the junction with FAWLEY ROAD.",2,12/11/2019 06:15:00 PM,Tuesday,18.15,3 BOR,B,510,9 UNKNOWN,20,06 CROSSROADS,9 UNKNOWN (S/R),6,0,9 UNKNOWN (S/R),2 DAYLIGHT,1 FINE,1 ROAD-DRY,0 NONE,0 NONE,525485,184989,-0.191569,51.549849,,,Unknown,"(51.549849, -0.191569)",http://opendatacommunities.org/id/london-borough-council/camden,9512,21/12/2020 02:48:44 PM
1180111554,CAMDEN,1 Driver/Rider,1 Male,25-59,28,1,3 Slight,-2 Unknown,-2 N/A,2 Pedal Cycle,OUTER CIRCLE 20M N OF J/W CAMBRIDGE GATE,2,31/05/2018 09:00:00 PM,Thursday,21.00,3 Bor,Unclassified,0,6 Single Cwy,2 30 MPH,99 Unknown (S/R),9 Unknown (S/R),Unclassified,0,9 Unknown (S/R),1 Daylight,1 Fine,1 Road-Dry,9 Unknown (S/R),0 None,528720,182410,-0.145881,51.525944,,,Unknown,"(51.525944, -0.145881)",http://opendatacommunities.org/id/london-borough-council/camden,8041,21/12/2020 02:48:42 PM
0116EK40540,CAMDEN,1 Driver/Rider,1 Male,25-59,37,1,3 Slight,-2 Unknown,-2 N/A,2 Pedal Cycle,GRAY'S INN ROAD J/W HIGH HOLBORN,1,27/07/2016 10:45:00 AM,Wednesday,10.45,3 Bor,A,5200,6 Single Cwy,2 30 MPH,3 T/Stag Jun,2 Auto Sig,A,40,5 Pedn Phase At Ats,1 Daylight,1 Fine,1 Road-Dry,6 Oil Or Diesel,0 None,531130,181620,-0.111454,51.51829,,,Unknown,"(51.51829, -0.111454)",http://opendatacommunities.org/id/london-borough-council/camden,6437,21/12/2020 02:48:38 PM
1190199809,CAMDEN,1 DRIVER/RIDER,1 MALE,U,,1,3 SLIGHT,'-2 NOT APPLICABLE,'-2 NOT APPLICABLE,4 CAR,"On Dunollie Place, near the junction with Dunollie Road.",2,16/08/2019 04:46:00 AM,Friday,4.46,3 BOR,6,0,6 SINGLE CWY,20,03 T/STAG JUN,4 GIVE WAY/UNCONTROLLED,6,0,0 NO XING FACILITY IN 50M,1 DARK,1 FINE,1 ROAD-DRY,0 NONE,0 NONE,529287,185386,-0.13662,51.552559,,,Unknown,"(51.552559, -0.13662)",http://opendatacommunities.org/id/london-borough-council/camden,9277,21/12/2020 02:48:44 PM
1180113493,CAMDEN,3 Pedestrian,1 Male,0-15,12,1,3 Slight,05 Crossing Road (Not On Xing),3 From Drivers O/Side,1 Pedestrian,GORDON HOUSE ROAD 50M E OF J/W OAK VILLAGE,1,11/06/2018 08:20:00 AM,Monday,8.20,3 Bor,B,518,6 Single Cwy,1 <= 20 MPH,0 No Jun In 20m,-2 Not Applicable,-2 Not Applicable,0,0 No Xing Facility In 50m,1 Daylight,1 Fine,1 Road-Dry,0 None,0 None,528310,185650,-0.150607,51.555155,,,Unknown,"(51.555155, -0.150607)",http://opendatacommunities.org/id/london-borough-council/camden,8066,21/12/2020 02:48:42 PM
1180144010,CAMDEN,3 Pedestrian,1 Male,25-59,32,1,3 Slight,08 In Centre Of Carriageway,1 From Drivers N/Side,1 Pedestrian,CAMDEN ROAD J/W ROCHESTER ROAD NW1,1,07/11/2018 06:54:00 PM,Wednesday,18.54,1 TLRN,A,503,2 One-Way St,1 <= 20 MPH,3 T/Stag Jun,4 Give Way/Uncontrolled,Unclassified,0,4 Pelican Or Similar,2 Dark,1 Fine,1 Road-Dry,0 None,0 None,529320,184420,-0.136499,51.543871,,,Unknown,"(51.543871, -0.136499)",http://opendatacommunities.org/id/london-borough-council/camden,8503,21/12/2020 02:48:43 PM
1170045265,CAMDEN,1 Driver/Rider,1 Male,16-24,20,1,3 Slight,-2 Unknown,-2 N/A,3 Powered 2 Wheeler,LOWER MERTON RISE J/W KING HENRY'S ROAD,2,27/06/2017 04:30:00 PM,Tuesday,16.30,3 Bor,Unclassified,0,6 Single Cwy,1 <= 20 MPH,2 Mini,4 Give Way/Uncontrolled,Unclassified,0,0 No Xing Facility In 50m,1 Daylight,2 Raining,2 Road-Wet,0 None,0 None,527270,184170,-0.166135,51.542089,,,Unknown,"(51.542089, -0.166135)",http://opendatacommunities.org/id/london-borough-council/camden,7087,21/12/2020 02:48:40 PM
0115EK40442,CAMDEN,1 Driver/Rider,1 Male,25-59,31,1,3 Slight,-2 Unknown,-2 N/A,2 Pedal Cycle,FITZJOHN'S AVENUE J/W LYNDHURST ROAD,2,06/06/2015 01:43:00 PM,Saturday,13.43,3 Bor,B,511,6 Single Cwy,2 30 MPH,3 T/Stag Jun,4 Give Way/Uncontrolled,Unclassified,0,0 No Xing Facility In 50m,1 Daylight,1 Fine,1 Road-Dry,0 None,0 None,526560,185210,-0.175994,51.551595,,,Unknown,"(51.551595, -0.175994)",http://opendatacommunities.org/id/london-borough-council/camden,4935,21/12/2020 02:48:36 PM
1170024772,CAMDEN,1 Driver/Rider,1 Male,25-59,46,1,3 Slight,-2 Unknown,-2 N/A,4 Car,KILBURN PRIORY 21M S OF J/W MORTYMER PLACE NW6,2,12/03/2017 11:50:00 AM,Sunday,11.50,3 Bor,C,0,3 Dual Cwy,2 30 MPH,0 No Jun In 20m,-2 Not Applicable,-2 Not Applicable,0,0 No Xing Facility In 50m,1 Daylight,2 Raining,2 Road-Wet,0 None,0 None,525620,183570,-0.19013,51.537066,,,Unknown,"(51.537066, -0.19013)",http://opendatacommunities.org/id/london-borough-council/camden,6773,21/12/2020 02:48:39 PM
1170033371,CAMDEN,1 Driver/Rider,1 Male,25-59,25,1,2 Serious,-2 Unknown,-2 N/A,3 Powered 2 Wheeler,ROYAL COLLEGE STREET J/W FARRIER STREET,2,22/04/2017 07:50:00 PM,Saturday,19.50,3 Bor,A,5202,6 Single Cwy,1 <= 20 MPH,3 T/Stag Jun,4 Give Way/Uncontrolled,A,5202,1 Zebra,1 Daylight,1 Fine,1 Road-Dry,4 Roadworks,2 Other Object In Cwy,529060,184400,-0.140253,51.54375,,,Unknown,"(51.54375, -0.140253)",http://opendatacommunities.org/id/london-borough-council/camden,6902,21/12/2020 02:48:39 PM
1160001134,CAMDEN,3 Pedestrian,2 Female,25-59,32,1,3 Slight,06 On Footpath - Verge,9 Unknown Or Other,1 Pedestrian,EUSTON ROAD 50M W OF J/W MIDLAND ROAD,1,11/11/2016 09:30:00 AM,Friday,9.30,1 TLRN,A,501,6 Single Cwy,2 30 MPH,0 No Jun In 20m,-2 Not Applicable,-2 Not Applicable,0,0 No Xing Facility In 50m,1 Daylight,1 Fine,1 Road-Dry,0 None,0 None,530040,182750,-0.126738,51.528697,,,Unknown,"(51.528697, -0.126738)",http://opendatacommunities.org/id/london-borough-council/camden,5661,21/12/2020 02:48:37 PM
0115SX20562,CAMDEN,1 Driver/Rider,2 Female,16-24,22,1,3 Slight,-2 Unknown,-2 N/A,4 Car,FINCHLEY RD J/W HENDON WAY,2,27/06/2015 04:20:00 AM,Saturday,4.20,1 TLRN,A,41,6 Single Cwy,2 30 MPH,3 T/Stag Jun,2 Auto Sig,A,41,5 Pedn Phase At Ats,1 Daylight,1 Fine,1 Road-Dry,0 None,0 None,525080,186040,-0.197034,51.559384,,,Unknown,"(51.559384, -0.197034)",http://opendatacommunities.org/id/london-borough-council/camden,5630,21/12/2020 02:48:37 PM
1180149671,CAMDEN,1 Driver/Rider,2 Female,Unknown,0,1,3 Slight,-2 Unknown,-2 N/A,2 Pedal Cycle,AMPTON STREET J/W AMPTON PLACE,2,03/12/2018 04:15:00 PM,Monday,16.15,3 Bor,Unclassified,0,6 Single Cwy,1 <= 20 MPH,3 T/Stag Jun,4 Give Way/Uncontrolled,Unclassified,0,5 Pedn Phase At Ats,1 Daylight,1 Fine,2 Road-Wet,0 None,0 None,530690,182630,-0.117418,51.527469,,,Unknown,"(51.527469, -0.117418)",http://opendatacommunities.org/id/london-borough-council/camden,8583,21/12/2020 02:48:43 PM
0115EK40808,CAMDEN,3 Pedestrian,1 Male,25-59,27,1,3 Slight,04 Crossing Road Within 50m Xing,4 From Drivers O/Side Msk,1 Pedestrian,"MELTON STREET, 40 METRES NW OF EUSTON ROAD.",1,16/09/2015 12:40:00 PM,Wednesday,12.40,3 Bor,C,0,6 Single Cwy,2 30 MPH,0 No Jun In 20m,-2 Not Applicable,-2 Not Applicable,0,5 Pedn Phase At Ats,1 Daylight,2 Raining,2 Road-Wet,0 None,0 None,529540,182510,-0.13403,51.526655,,,Unknown,"(51.526655, -0.13403)",http://opendatacommunities.org/id/london-borough-council/camden,5267,21/12/2020 02:48:37 PM
1190161327,CAMDEN,1 DRIVER/RIDER,1 MALE,25-59,51,1,3 SLIGHT,'-2 NOT APPLICABLE,'-2 NOT APPLICABLE,2 PEDAL CYCLE,"On Bayham Street, near the junction with Plender Street.",2,03/02/2019 09:20:00 PM,Sunday,21.20,3 BOR,5,0,2 ONE-WAY ST,20,06 CROSSROADS,3 STOP SIGN,6,0,1 ZEBRA,1 DARK,1 FINE,1 ROAD-DRY,0 NONE,2 OTHER OBJECT IN CWY,529190,183566,-0.138686,51.536225,,,Unknown,"(51.536225, -0.138686)",http://opendatacommunities.org/id/london-borough-council/camden,8752,21/12/2020 02:48:43 PM
1180112100,CAMDEN,3 Pedestrian,2 Female,60+,76,1,3 Slight,05 Crossing Road (Not On Xing),1 From Drivers N/Side,1 Pedestrian,BAYHAM STREET J/W GREENLAND ROAD,1,04/06/2018 02:50:00 PM,Monday,14.50,3 Bor,A,503,2 One-Way St,2 30 MPH,6 Crossroads,4 Give Way/Uncontrolled,Unclassified,0,0 No Xing Facility In 50m,1 Daylight,1 Fine,1 Road-Dry,0 None,0 None,529000,183880,-0.141309,51.539091,,,Unknown,"(51.539091, -0.141309)",http://opendatacommunities.org/id/london-borough-council/camden,8048,21/12/2020 02:48:42 PM
1190184483,CAMDEN,1 DRIVER/RIDER,1 MALE,25-59,26,1,2 SERIOUS,'-2 NOT APPLICABLE,'-2 NOT APPLICABLE,2 PEDAL CYCLE,"On Outer Circle, near the junction with Chester Gate.",2,01/06/2019 01:40:00 PM,Saturday,13.40,3 BOR,6,0,6 SINGLE CWY,30,03 T/STAG JUN,4 GIVE WAY/UNCONTROLLED,6,0,0 NO XING FACILITY IN 50M,2 DAYLIGHT,1 FINE,1 ROAD-DRY,0 NONE,0 NONE,528721,182614,-0.145792,51.527777,,,Unknown,"(51.527777, -0.145792)",http://opendatacommunities.org/id/london-borough-council/camden,9056,21/12/2020 02:48:44 PM
0115EK40853,CAMDEN,1 Driver/Rider,1 Male,25-59,42,1,3 Slight,-2 Unknown,-2 N/A,4 Car,"DRUMMOND STREET, 50 METRES NE OF HAMPSTEAD ROAD.",2,16/09/2015 02:00:00 AM,Wednesday,2.00,3 Bor,C,0,6 Single Cwy,2 30 MPH,0 No Jun In 20m,-2 Not Applicable,-2 Not Applicable,0,1 Zebra,2 Dark,1 Fine,1 Road-Dry,0 None,0 None,529260,182490,-0.138072,51.52654,,,Unknown,"(51.52654, -0.138072)",http://opendatacommunities.org/id/london-borough-council/camden,5302,21/12/2020 02:48:37 PM
1170024267,CAMDEN,3 Pedestrian,1 Male,25-59,59,1,3 Slight,09 In Road - Not Crossing,5 In Rd Not Crossing,1 Pedestrian,GREAT RUSSELL STREET J/W DYOTT STREET,1,10/03/2017 09:12:00 AM,Friday,9.12,3 Bor,C,0,2 One-Way St,1 <= 20 MPH,3 T/Stag Jun,4 Give Way/Uncontrolled,Unclassified,0,0 No Xing Facility In 50m,1 Daylight,2 Raining,2 Road-Wet,0 None,0 None,529950,181520,-0.128488,51.517664,,,Unknown,"(51.517664, -0.128488)",http://opendatacommunities.org/id/london-borough-council/camden,6762,21/12/2020 02:48:39 PM
0116EK40074,CAMDEN,1 Driver/Rider,1 Male,60+,65,1,3 Slight,-2 Unknown,-2 N/A,4 Car,WINCHESTER ROAD J/W FELLOWS ROAD,2,07/01/2016 04:40:00 PM,Thursday,16.40,3 Bor,Unclassified,0,6 Single Cwy,1 <= 20 MPH,3 T/Stag Jun,4 Give Way/Uncontrolled,Unclassified,0,1 Zebra,2 Dark,1 Fine,1 Road-Dry,0 None,0 None,526840,184280,-0.172293,51.543175,,,Unknown,"(51.543175, -0.172293)",http://opendatacommunities.org/id/london-borough-council/camden,6038,21/12/2020 02:48:38 PM
1180143833,CAMDEN,1 Driver/Rider,2 Female,25-59,30,1,3 Slight,-2 Unknown,-2 N/A,2 Pedal Cycle,CONSTANTINE ROAD 20M W OF J/W AGINCOURT ROAD,2,06/11/2018 09:00:00 AM,Tuesday,9.00,3 Bor,C,0,2 One-Way St,2 30 MPH,3 T/Stag Jun,9 Unknown (S/R),Unclassified,0,9 Unknown (S/R),1 Daylight,1 Fine,1 Road-Dry,0 None,9 Unknown (S/R),527430,185560,-0.163326,51.554545,,,Unknown,"(51.554545, -0.163326)",http://opendatacommunities.org/id/london-borough-council/camden,8500,21/12/2020 02:48:43 PM
1190187602,CAMDEN,1 DRIVER/RIDER,1 MALE,25-59,40,2,3 SLIGHT,'-2 NOT APPLICABLE,'-2 NOT APPLICABLE,4 CAR,"On Finchley Road, near the junction with Hilgrove Road.",2,16/06/2019 06:59:00 PM,Sunday,18.59,1 TLRN,A,41,3 DUAL CWY,20,06 CROSSROADS,2 AUTO SIG,B,509,5 PEDN PHASE AT ATS,2 DAYLIGHT,1 FINE,1 ROAD-DRY,0 NONE,0 NONE,526625,184094,-0.175458,51.541551,,,Unknown,"(51.541551, -0.175458)",http://opendatacommunities.org/id/london-borough-council/camden,9104,21/12/2020 02:48:44 PM
1190218674,CAMDEN,1 DRIVER/RIDER,1 MALE,25-59,35,1,3 SLIGHT,'-2 NOT APPLICABLE,'-2 NOT APPLICABLE,2 PEDAL CYCLE,"On Gloucester Avenue, 100 metres west of the junction with A42201.. The nearest classified road was the A4201. The nearest classified road was the A4201",2,11/11/2019 02:30:00 PM,Monday,14.30,3 BOR,5,0,7 SLIP RD,30,00 NO JUN IN 20M,,0,0,5 PEDN PHASE AT ATS,2 DAYLIGHT,1 FINE,1 ROAD-DRY,0 NONE,0 NONE,528535,183705,-0.148074,51.537624,,,Unknown,"(51.537624, -0.148074)",http://opendatacommunities.org/id/london-borough-council/camden,9520,21/12/2020 02:48:44 PM
1180118574,CAMDEN,1 Driver/Rider,2 Female,60+,75,1,3 Slight,-2 Unknown,-2 N/A,2 Pedal Cycle,PARKWAY J/W ARLINGTON ROAD,2,03/07/2018 02:30:00 PM,Tuesday,14.30,3 Bor,A,4201,2 One-Way St,1 <= 20 MPH,6 Crossroads,2 Auto Sig,Unclassified,0,5 Pedn Phase At Ats,1 Daylight,1 Fine,1 Road-Dry,0 None,0 None,528870,183830,-0.1432,51.538671,,,Unknown,"(51.538671, -0.1432)",http://opendatacommunities.org/id/london-borough-council/camden,8145,21/12/2020 02:48:42 PM
1190192765,CAMDEN,3 PEDESTRIAN,2 FEMALE,25-59,27,1,3 SLIGHT,08 IN CENTRE OF CARRIAGEWAY,'-2 NOT APPLICABLE,1 PEDESTRIAN,"On NEW OXFORD STREET, near the junction with BLOOMSBURY WAY.",1,10/07/2019 06:54:00 PM,Wednesday,18.54,3 BOR,A,40,3 DUAL CWY,20,09 OTHER JUN,2 AUTO SIG,A,40,0 NO XING FACILITY IN 50M,2 DAYLIGHT,1 FINE,1 ROAD-DRY,0 NONE,0 NONE,530181,181450,-0.125187,51.516982,,,Unknown,"(51.516982, -0.125187)",http://opendatacommunities.org/id/london-borough-council/camden,9177,21/12/2020 02:48:44 PM
1190201745,CAMDEN,1 DRIVER/RIDER,2 FEMALE,25-59,32,1,3 SLIGHT,'-2 NOT APPLICABLE,'-2 NOT APPLICABLE,2 PEDAL CYCLE,Location uncertain Warner Street,2,13/08/2019 05:40:00 PM,Tuesday,17.40,3 BOR,6,0,9 UNKNOWN,30,99 UNKNOWN (S/R),9 UNKNOWN (S/R),6,0,9 UNKNOWN (S/R),2 DAYLIGHT,9 UNKNOWN,9 UNKNOWN (S/R),9 UNKNOWN (S/R),9 UNKNOWN (S/R),531220,182153,-0.10996,51.52306,,,Unknown,"(51.52306, -0.10996)",http://opendatacommunities.org/id/london-borough-council/camden,9304,21/12/2020 02:48:44 PM
0116EK40311,CAMDEN,1 Driver/Rider,1 Male,25-59,38,1,3 Slight,-2 Unknown,-2 N/A,2 Pedal Cycle,GREAT RUSSELL STREET 35M NORTH EAST J/W MUSEUM STREET,2,05/05/2016 12:37:00 PM,Thursday,12.37,3 Bor,C,0,6 Single Cwy,2 30 MPH,0 No Jun In 20m,-2 Not Applicable,-2 Not Applicable,0,1 Zebra,1 Daylight,1 Fine,1 Road-Dry,0 None,0 None,530140,181600,-0.125722,51.518339,,,Unknown,"(51.518339, -0.125722)",http://opendatacommunities.org/id/london-borough-council/camden,6245,21/12/2020 02:48:38 PM
0115EK40045,CAMDEN,1 Driver/Rider,1 Male,25-59,55,1,3 Slight,-2 Unknown,-2 N/A,4 Car,SOUTH GROVE J/W HIGHGATE WEST HILL,2,12/01/2015 09:55:00 AM,Monday,9.55,3 Bor,C,0,6 Single Cwy,2 30 MPH,3 T/Stag Jun,4 Give Way/Uncontrolled,Unclassified,0,1 Zebra,1 Daylight,1 Fine,1 Road-Dry,0 None,0 None,528210,187200,-0.151484,51.569107,,,Unknown,"(51.569107, -0.151484)",http://opendatacommunities.org/id/london-borough-council/camden,4614,21/12/2020 02:48:35 PM
1170038088,CAMDEN,1 Driver/Rider,2 Female,16-24,21,1,3 Slight,-2 Unknown,-2 N/A,2 Pedal Cycle,GRAYS INN ROAD J/W HIGH HOLBORN WC1V,2,17/05/2017 07:20:00 PM,Wednesday,19.20,3 Bor,A,40,6 Single Cwy,2 30 MPH,3 T/Stag Jun,2 Auto Sig,A,5200,4 Pelican Or Similar,1 Daylight,2 Raining,2 Road-Wet,0 None,0 None,531140,181620,-0.11131,51.518288,,,Unknown,"(51.518288, -0.11131)",http://opendatacommunities.org/id/london-borough-council/camden,6975,21/12/2020 02:48:39 PM
1180152682,CAMDEN,3 Pedestrian,1 Male,25-59,55,1,3 Slight,05 Crossing Road (Not On Xing),1 From Drivers N/Side,1 Pedestrian,KILBURN HIGH ROAD J/W WEST END LANE,1,17/12/2018 02:40:00 PM,Monday,14.40,3 Bor,A,5,6 Single Cwy,1 <= 20 MPH,3 T/Stag Jun,4 Give Way/Uncontrolled,Unclassified,0,1 Zebra,1 Daylight,1 Fine,1 Road-Dry,0 None,0 None,525370,183690,-0.19369,51.5382,,,Unknown,"(51.5382, -0.19369)",http://opendatacommunities.org/id/london-borough-council/camden,8621,21/12/2020 02:48:43 PM
1180134035,CAMDEN,1 Driver/Rider,2 Female,16-24,23,1,3 Slight,-2 Unknown,-2 N/A,4 Car,BELSIZE ROAD 100M E OF J/W ABBEY ROAD THE NEAREST CLASSIFIED ROAD,4,21/09/2018 11:44:00 AM,Friday,11.44,3 Bor,B,509,6 Single Cwy,1 <= 20 MPH,0 No Jun In 20m,-2 Not Applicable,-2 Not Applicable,0,0 No Xing Facility In 50m,1 Daylight,4 Fine/High Winds,1 Road-Dry,0 None,0 None,526060,183980,-0.183642,51.540653,,,Unknown,"(51.540653, -0.183642)",http://opendatacommunities.org/id/london-borough-council/camden,8344,21/12/2020 02:48:42 PM
0116EK40217,CAMDEN,2 Passenger,2 Female,25-59,52,1,3 Slight,-2 Unknown,-2 N/A,6 Bus Or Coach,UPPER WOBURN PLACE J/W EUSTON ROAD,1,14/04/2016 07:15:00 PM,Thursday,19.15,1 TLRN,A,4200,6 Single Cwy,2 30 MPH,6 Crossroads,2 Auto Sig,A,501,5 Pedn Phase At Ats,2 Dark,1 Fine,1 Road-Dry,0 None,0 None,529760,182570,-0.130839,51.527144,,,Unknown,"(51.527144, -0.130839)",http://opendatacommunities.org/id/london-borough-council/camden,6162,21/12/2020 02:48:38 PM
1190199575,CAMDEN,1 DRIVER/RIDER,1 MALE,25-59,28,1,3 SLIGHT,'-2 NOT APPLICABLE,'-2 NOT APPLICABLE,2 PEDAL CYCLE,"On Grays Inn Road, near the junction with Guilford Street.",2,14/08/2019 05:10:00 PM,Wednesday,17.10,3 BOR,A,5200,6 SINGLE CWY,20,06 CROSSROADS,2 AUTO SIG,B,502,5 PEDN PHASE AT ATS,2 DAYLIGHT,2 RAINING,2 ROAD-WET,0 NONE,0 NONE,530805,182289,-0.115888,51.524378,,,Unknown,"(51.524378, -0.115888)",http://opendatacommunities.org/id/london-borough-council/camden,9272,21/12/2020 02:48:44 PM
1170055487,CAMDEN,1 Driver/Rider,1 Male,16-24,21,1,3 Slight,-2 Unknown,-2 N/A,3 Powered 2 Wheeler,KILBURN HIGH ROAD J/W BRONDESBURY ROAD,2,22/08/2017 02:00:00 PM,Tuesday,14.00,3 Bor,A,5,6 Single Cwy,2 30 MPH,3 T/Stag Jun,2 Auto Sig,B,451,5 Pedn Phase At Ats,1 Daylight,1 Fine,1 Road-Dry,0 None,0 None,525340,183720,-0.194111,51.538477,,,Unknown,"(51.538477, -0.194111)",http://opendatacommunities.org/id/london-borough-council/camden,7266,21/12/2020 02:48:40 PM
0115EK40085,CAMDEN,1 Driver/Rider,1 Male,25-59,26,1,3 Slight,-2 Unknown,-2 N/A,3 Powered 2 Wheeler,SWINTON STREET 41M NE OF J/W GRAY'S INN ROAD,2,04/02/2015 02:15:00 PM,Wednesday,14.15,1 TLRN,A,501,6 Single Cwy,2 30 MPH,0 No Jun In 20m,-2 Not Applicable,-2 Not Applicable,0,5 Pedn Phase At Ats,1 Daylight,1 Fine,1 Road-Dry,0 None,0 None,530580,182770,-0.118951,51.528753,,,Unknown,"(51.528753, -0.118951)",http://opendatacommunities.org/id/london-borough-council/camden,4649,21/12/2020 02:48:35 PM
1170049581,CAMDEN,1 Driver/Rider,1 Male,25-59,56,1,3 Slight,-2 Unknown,-2 N/A,3 Powered 2 Wheeler,FINCHLEY ROAD J/W NONE,2,20/07/2017 07:40:00 PM,Thursday,19.40,1 TLRN,A,41,2 One-Way St,2 30 MPH,0 No Jun In 20m,-2 Not Applicable,-2 Not Applicable,0,0 No Xing Facility In 50m,1 Daylight,1 Fine,1 Road-Dry,0 None,0 None,526620,184370,-0.175431,51.544033,,,Unknown,"(51.544033, -0.175431)",http://opendatacommunities.org/id/london-borough-council/camden,7169,21/12/2020 02:48:40 PM
1180125868,CAMDEN,3 Pedestrian,1 Male,25-59,30,1,3 Slight,05 Crossing Road (Not On Xing),1 From Drivers N/Side,1 Pedestrian,MC DONALDS BELGROVE HOUSE EUSTON ROAD J/W CRESTFIELD STREET,1,08/08/2018 11:04:00 AM,Wednesday,11.04,1 TLRN,A,501,3 Dual Cwy,2 30 MPH,9 Other Jun,4 Give Way/Uncontrolled,Unclassified,0,5 Pedn Phase At Ats,1 Daylight,1 Fine,1 Road-Dry,0 None,0 None,530280,182930,-0.123214,51.53026,,,Unknown,"(51.53026, -0.123214)",http://opendatacommunities.org/id/london-borough-council/camden,8229,21/12/2020 02:48:42 PM
1180095071,CAMDEN,1 Driver/Rider,1 Male,25-59,52,1,3 Slight,-2 Unknown,-2 N/A,2 Pedal Cycle,MOUNT PLEASANT J/W GRAYS INN ROAD,2,09/03/2018 08:38:00 AM,Friday,8.38,3 Bor,A,401,6 Single Cwy,1 <= 20 MPH,6 Crossroads,2 Auto Sig,A,5200,5 Pedn Phase At Ats,1 Daylight,1 Fine,1 Road-Dry,0 None,0 None,531000,181980,-0.113193,51.521556,,,Unknown,"(51.521556, -0.113193)",http://opendatacommunities.org/id/london-borough-council/camden,7804,21/12/2020 02:48:41 PM
1180151917,CAMDEN,2 Passenger,2 Female,25-59,54,1,3 Slight,-2 Unknown,-2 N/A,5 Taxi,"FINCHLEY ROAD 20M S OF J/W LYMINGTON ROAD,NW3",2,13/12/2018 05:28:00 PM,Thursday,17.28,1 TLRN,A,41,3 Dual Cwy,2 30 MPH,6 Crossroads,2 Auto Sig,Unclassified,0,5 Pedn Phase At Ats,2 Dark,1 Fine,1 Road-Dry,0 None,0 None,526080,185050,-0.182971,51.550265,,,Unknown,"(51.550265, -0.182971)",http://opendatacommunities.org/id/london-borough-council/camden,8607,21/12/2020 02:48:43 PM
1180137973,CAMDEN,2 Passenger,1 Male,16-24,22,1,3 Slight,-2 Unknown,-2 N/A,4 Car,WESTBERE ROAD J/W MINSTER ROAD,2,09/10/2018 05:53:00 AM,Tuesday,5.53,3 Bor,Unclassified,0,6 Single Cwy,1 <= 20 MPH,9 Other Jun,4 Give Way/Uncontrolled,Unclassified,0,4 Pelican Or Similar,2 Dark,1 Fine,1 Road-Dry,0 None,0 None,524490,185320,-0.205795,51.553044,,,Unknown,"(51.553044, -0.205795)",http://opendatacommunities.org/id/london-borough-council/camden,8408,21/12/2020 02:48:42 PM