Reference,London Borough Name,Casualty Class,Casualty Sex,Casualty Age Band,Casualty Age,Number Of Casualties,Casualty Severity,Pedestrian Location,Pedestrian Movement,Mode Of Travel,Attendant Location,Number Of Vehicles,Date,Day,Time,Highway,Road Class 1,Road Number 1,Road Type,Speed Limit,Junction Detail,Junction Control,Road Class 2,Road Number 2,Pedestrian Crossing,Light Condition Band,Weather,Road Surface,Special Conditions,Carriage Way Hazard,Easting,Northing,Longitude,Latitude,Ward Code,Ward Name,Spatial Accuracy,Location,Organisation URI,Socrata ID,Last Uploaded
1190171536,CAMDEN,2 PASSENGER,2 FEMALE,25-59,40,2,3 SLIGHT,'-2 NOT APPLICABLE,'-2 NOT APPLICABLE,4 CAR,"On Finchley Road, near the junction with Weech Road.",2,27/03/2019 12:00:00 PM,Wednesday,12.00,1 TLRN,A,41,3 DUAL CWY,30,09 OTHER JUN,4 GIVE WAY/UNCONTROLLED,6,0,0 NO XING FACILITY IN 50M,2 DAYLIGHT,1 FINE,1 ROAD-DRY,0 NONE,0 NONE,525267,185687,-0.194464,51.55617,,,Unknown,"(51.55617, -0.194464)",http://opendatacommunities.org/id/london-borough-council/camden,8876,21/12/2020 02:48:43 PM
1190211448,CAMDEN,3 PEDESTRIAN,1 MALE,16-24,21,1,3 SLIGHT,01 CROSSING ROAD ON PED XING,'-2 NOT APPLICABLE,1 PEDESTRIAN,"On Camden High Street, near the junction with Plender Street.",1,13/10/2019 05:00:00 PM,Sunday,17.00,1 TLRN,A,502,2 ONE-WAY ST,20,03 T/STAG JUN,9 UNKNOWN (S/R),6,0,5 PEDN PHASE AT ATS,2 DAYLIGHT,1 FINE,1 ROAD-DRY,0 NONE,0 NONE,529119,183521,-0.139725,51.535837,,,Unknown,"(51.535837, -0.139725)",http://opendatacommunities.org/id/london-borough-council/camden,9430,21/12/2020 02:48:44 PM
1190221973,CAMDEN,1 DRIVER/RIDER,1 MALE,25-59,41,1,2 SERIOUS,'-2 NOT APPLICABLE,9 UNKNOWN OR OTHER,3 POWERED 2 WHEELER,"On Finchley road, near the junction with Langland Gardens.",2,01/12/2019 10:38:00 AM,Sunday,10.38,1 TLRN,A,41,3 DUAL CWY,30,03 T/STAG JUN,4 GIVE WAY/UNCONTROLLED,6,0,1 ZEBRA,2 DAYLIGHT,1 FINE,1 ROAD-DRY,0 NONE,0 NONE,525926,185223,-0.185129,51.551854,,,Unknown,"(51.551854, -0.185129)",http://opendatacommunities.org/id/london-borough-council/camden,9566,21/12/2020 02:48:45 PM
1170072802,CAMDEN,3 Pedestrian,2 Female,25-59,49,1,3 Slight,05 Crossing Road (Not On Xing),1 From Drivers N/Side,1 Pedestrian,CHALK FARM ROAD 21M E OF J/W FERDINAND STREET,1,25/11/2017 04:30:00 PM,Saturday,16.30,3 Bor,A,502,6 Single Cwy,2 30 MPH,0 No Jun In 20m,-2 Not Applicable,-2 Not Applicable,0,0 No Xing Facility In 50m,2 Dark,1 Fine,1 Road-Dry,0 None,0 None,528470,184280,-0.148801,51.542806,,,Unknown,"(51.542806, -0.148801)",http://opendatacommunities.org/id/london-borough-council/camden,7545,21/12/2020 02:48:41 PM
0115EK40378,CAMDEN,3 Pedestrian,2 Female,25-59,32,1,3 Slight,04 Crossing Road Within 50m Xing,4 From Drivers O/Side Msk,1 Pedestrian,KILBURN HIGH ROAD J/W WEST END LANE,1,14/05/2015 03:00:00 PM,Thursday,15.00,3 Bor,A,5,6 Single Cwy,2 30 MPH,3 T/Stag Jun,4 Give Way/Uncontrolled,A,5,4 Pelican Or Similar,1 Daylight,2 Raining,2 Road-Wet,0 None,0 None,525360,183690,-0.193834,51.538202,,,Unknown,"(51.538202, -0.193834)",http://opendatacommunities.org/id/london-borough-council/camden,4880,21/12/2020 02:48:36 PM
0116EK40470,CAMDEN,3 Pedestrian,2 Female,16-24,21,1,3 Slight,01 Crossing Road On Ped Xing,1 From Drivers N/Side,1 Pedestrian,EUSTON ROAD J/W EVERSHOLT STREET,1,01/07/2016 11:20:00 PM,Friday,23.20,1 TLRN,A,501,3 Dual Cwy,3 40 MPH,6 Crossroads,2 Auto Sig,A,4200,5 Pedn Phase At Ats,2 Dark,1 Fine,1 Road-Dry,0 None,0 None,529750,182590,-0.130975,51.527326,,,Unknown,"(51.527326, -0.130975)",http://opendatacommunities.org/id/london-borough-council/camden,6379,21/12/2020 02:48:38 PM
0115EK40467,CAMDEN,1 Driver/Rider,2 Female,25-59,37,1,3 Slight,-2 Unknown,-2 N/A,4 Car,CONSTANTINE ROAD J/W FLEET ROAD,3,11/06/2015 10:00:00 AM,Thursday,10.00,3 Bor,B,518,2 One-Way St,2 30 MPH,6 Crossroads,4 Give Way/Uncontrolled,B,518,0 No Xing Facility In 50m,1 Daylight,1 Fine,1 Road-Dry,0 None,0 None,527311,185510,-0.16506,51.554123,,,Unknown,"(51.554123, -0.16506)",http://opendatacommunities.org/id/london-borough-council/camden,4958,21/12/2020 02:48:36 PM
1190161224,CAMDEN,3 PEDESTRIAN,1 MALE,25-59,28,1,3 SLIGHT,03 CROSSING ROAD IN ZIG-ZAG EXIT,3 FROM DRIVERS O/SIDE,1 PEDESTRIAN,"On North End Way, 10 metres north of the junction with heath road.",1,03/02/2019 12:30:00 PM,Sunday,12.30,3 BOR,A,502,6 SINGLE CWY,20,06 CROSSROADS,4 GIVE WAY/UNCONTROLLED,B,519,1 ZEBRA,2 DAYLIGHT,1 FINE,1 ROAD-DRY,0 NONE,0 NONE,526266,186395,-0.179807,51.562311,,,Unknown,"(51.562311, -0.179807)",http://opendatacommunities.org/id/london-borough-council/camden,8750,21/12/2020 02:48:43 PM
0115EK41100,CAMDEN,1 Driver/Rider,1 Male,25-59,34,1,3 Slight,-2 Unknown,-2 N/A,4 Car,CAMDEN STREET J/W GREENLAND ROAD,2,09/12/2015 11:20:00 PM,Wednesday,23.20,1 TLRN,A,400,6 Single Cwy,2 30 MPH,3 T/Stag Jun,4 Give Way/Uncontrolled,Unclassified,0,0 No Xing Facility In 50m,2 Dark,1 Fine,1 Road-Dry,0 None,0 None,529130,183970,-0.139402,51.53987,,,Unknown,"(51.53987, -0.139402)",http://opendatacommunities.org/id/london-borough-council/camden,5507,21/12/2020 02:48:37 PM
0115EK40169,CAMDEN,1 Driver/Rider,1 Male,60+,76,1,3 Slight,-2 Unknown,-2 N/A,4 Car,FORDWYCH ROAD 38M NW OF J/W MILL LANE,4,25/02/2015 06:09:00 PM,Wednesday,18.09,3 Bor,Unclassified,0,6 Single Cwy,2 30 MPH,0 No Jun In 20m,-2 Not Applicable,-2 Not Applicable,0,0 No Xing Facility In 50m,1 Daylight,1 Fine,1 Road-Dry,0 None,0 None,524460,185090,-0.206309,51.550984,,,Unknown,"(51.550984, -0.206309)",http://opendatacommunities.org/id/london-borough-council/camden,4710,21/12/2020 02:48:36 PM
1190222830,CAMDEN,1 DRIVER/RIDER,1 MALE,25-59,27,1,3 SLIGHT,'-2 NOT APPLICABLE,'-2 NOT APPLICABLE,3 POWERED 2 WHEELER,"On Finchley Road, 30 metres south of the junction with Langland Gardens.. The nearest classified road was the A1. The nearest classified road was the A1",2,04/12/2019 07:20:00 PM,Wednesday,19.20,1 TLRN,A,41,3 DUAL CWY,30,00 NO JUN IN 20M,,0,0,0 NO XING FACILITY IN 50M,1 DARK,1 FINE,2 ROAD-WET,0 NONE,0 NONE,525959,185173,-0.184671,51.551397,,,Unknown,"(51.551397, -0.184671)",http://opendatacommunities.org/id/london-borough-council/camden,9582,21/12/2020 02:48:45 PM
1170047425,CAMDEN,1 Driver/Rider,1 Male,25-59,45,1,2 Serious,-2 Unknown,-2 N/A,2 Pedal Cycle,HIGH HOLBORN J/W DRURY LANE,2,30/06/2017 12:19:00 PM,Friday,12.19,3 Bor,A,40,6 Single Cwy,1 <= 20 MPH,6 Crossroads,4 Give Way/Uncontrolled,C,0,0 No Xing Facility In 50m,1 Daylight,1 Fine,1 Road-Dry,0 None,0 None,530250,181380,-0.124219,51.516337,,,Unknown,"(51.516337, -0.124219)",http://opendatacommunities.org/id/london-borough-council/camden,7134,21/12/2020 02:48:40 PM
1190207376,CAMDEN,1 DRIVER/RIDER,1 MALE,25-59,36,1,3 SLIGHT,'-2 NOT APPLICABLE,'-2 NOT APPLICABLE,2 PEDAL CYCLE,"On St Edmunds Terrace, near the junction with Avenue Road .",2,24/09/2019 07:00:00 AM,Tuesday,7.00,3 BOR,B,525,6 SINGLE CWY,20,03 T/STAG JUN,4 GIVE WAY/UNCONTROLLED,B,525,0 NO XING FACILITY IN 50M,2 DAYLIGHT,2 RAINING,2 ROAD-WET,0 NONE,0 NONE,527379,183480,-0.164814,51.535864,,,Unknown,"(51.535864, -0.164814)",http://opendatacommunities.org/id/london-borough-council/camden,9386,21/12/2020 02:48:44 PM
0116EK40608,CAMDEN,3 Pedestrian,2 Female,16-24,22,1,3 Slight,01 Crossing Road On Ped Xing,1 From Drivers N/Side,1 Pedestrian,ARLINGTON ROAD J/W PARKWAY.,1,23/08/2016 04:50:00 PM,Tuesday,16.50,3 Bor,Unclassified,0,6 Single Cwy,2 30 MPH,6 Crossroads,2 Auto Sig,A,4201,5 Pedn Phase At Ats,1 Daylight,1 Fine,1 Road-Dry,0 None,0 None,528820,183800,-0.143932,51.538413,,,Unknown,"(51.538413, -0.143932)",http://opendatacommunities.org/id/london-borough-council/camden,6487,21/12/2020 02:48:39 PM
1160023963,CAMDEN,2 Passenger,1 Male,25-59,54,1,3 Slight,-2 Unknown,-2 N/A,6 Bus Or Coach,FINCHLEY ROAD J/W FAIRFAX ROAD,1,31/10/2016 09:31:00 AM,Monday,9.31,1 TLRN,A,41,3 Dual Cwy,2 30 MPH,3 T/Stag Jun,4 Give Way/Uncontrolled,C,0,4 Pelican Or Similar,1 Daylight,1 Fine,1 Road-Dry,0 None,0 None,526460,184510,-0.177687,51.545327,,,Unknown,"(51.545327, -0.177687)",http://opendatacommunities.org/id/london-borough-council/camden,5874,21/12/2020 02:48:38 PM
0115EK40774,CAMDEN,1 Driver/Rider,1 Male,25-59,31,1,3 Slight,-2 Unknown,-2 N/A,2 Pedal Cycle,PRINCE OF WALES ROAD J/W MALDEN ROAD,2,21/08/2015 09:05:00 AM,Friday,9.05,3 Bor,C,0,6 Single Cwy,2 30 MPH,6 Crossroads,2 Auto Sig,B,517,5 Pedn Phase At Ats,1 Daylight,1 Fine,1 Road-Dry,0 None,0 None,528320,184620,-0.150838,51.545896,,,Unknown,"(51.545896, -0.150838)",http://opendatacommunities.org/id/london-borough-council/camden,5242,21/12/2020 02:48:37 PM
1190176712,CAMDEN,1 DRIVER/RIDER,1 MALE,25-59,27,1,3 SLIGHT,'-2 NOT APPLICABLE,'-2 NOT APPLICABLE,3 POWERED 2 WHEELER,"On Saint Pancras Way, near the junction with Camden Road.",2,18/04/2019 11:30:00 PM,Thursday,23.30,1 TLRN,A,503,6 SINGLE CWY,30,09 OTHER JUN,2 AUTO SIG,A,5202,0 NO XING FACILITY IN 50M,1 DARK,1 FINE,1 ROAD-DRY,0 NONE,0 NONE,529251,184293,-0.13754,51.542745,,,Unknown,"(51.542745, -0.13754)",http://opendatacommunities.org/id/london-borough-council/camden,8942,21/12/2020 02:48:44 PM
1190198014,CAMDEN,1 DRIVER/RIDER,1 MALE,16-24,19,2,2 SERIOUS,'-2 NOT APPLICABLE,'-2 NOT APPLICABLE,3 POWERED 2 WHEELER,"On Iverson Road, 100 metres east of the junction with Maygrove Road.",3,05/08/2019 10:03:00 PM,Monday,22.03,3 BOR,B,520,6 SINGLE CWY,20,00 NO JUN IN 20M,,0,0,0 NO XING FACILITY IN 50M,1 DARK,1 FINE,1 ROAD-DRY,0 NONE,0 NONE,525329,184767,-0.193897,51.547889,,,Unknown,"(51.547889, -0.193897)",http://opendatacommunities.org/id/london-borough-council/camden,9256,21/12/2020 02:48:44 PM
0116EK40047,CAMDEN,2 Passenger,1 Male,60+,78,1,3 Slight,-2 Unknown,-2 N/A,6 Bus Or Coach,MANSFIELD ROAD 25M SW OF SAVERNAKE ROAD,1,30/01/2016 06:00:00 PM,Saturday,18.00,3 Bor,B,518,6 Single Cwy,2 30 MPH,0 No Jun In 20m,-2 Not Applicable,-2 Not Applicable,0,0 No Xing Facility In 50m,1 Daylight,1 Fine,1 Road-Dry,0 None,0 None,528160,185570,-0.152799,51.55447,,,Unknown,"(51.55447, -0.152799)",http://opendatacommunities.org/id/london-borough-council/camden,6018,21/12/2020 02:48:38 PM
1170043176,CAMDEN,1 Driver/Rider,1 Male,25-59,42,1,3 Slight,-2 Unknown,-2 N/A,7 Goods Vehicle,THE MOUNT J/W HEATH STREET,2,15/06/2017 03:52:00 PM,Thursday,15.52,3 Bor,Unclassified,0,6 Single Cwy,1 <= 20 MPH,3 T/Stag Jun,4 Give Way/Uncontrolled,A,502,1 Zebra,2 Dark,1 Fine,1 Road-Dry,0 None,0 None,526340,185980,-0.178889,51.558564,,,Unknown,"(51.558564, -0.178889)",http://opendatacommunities.org/id/london-borough-council/camden,7048,21/12/2020 02:48:39 PM
0116EK40434,CAMDEN,1 Driver/Rider,1 Male,16-24,16,1,3 Slight,-2 Unknown,-2 N/A,2 Pedal Cycle,CAMDEN ROAD J/W MURRAY STREET.,2,27/05/2016 08:30:00 AM,Friday,8.30,1 TLRN,A,503,6 Single Cwy,2 30 MPH,3 T/Stag Jun,4 Give Way/Uncontrolled,Unclassified,0,0 No Xing Facility In 50m,1 Daylight,1 Fine,1 Road-Dry,0 None,0 None,529430,184520,-0.134877,51.544744,,,Unknown,"(51.544744, -0.134877)",http://opendatacommunities.org/id/london-borough-council/camden,6349,21/12/2020 02:48:38 PM
0115EK41183,CAMDEN,1 Driver/Rider,1 Male,25-59,35,1,3 Slight,-2 Unknown,-2 N/A,3 Powered 2 Wheeler,WEST END LANE J/W WEST HAMPSTEAD MEWS,2,04/12/2015 12:20:00 AM,Friday,0.20,3 Bor,B,510,6 Single Cwy,1 <= 20 MPH,3 T/Stag Jun,4 Give Way/Uncontrolled,Unclassified,0,4 Pelican Or Similar,2 Dark,2 Raining,2 Road-Wet,0 None,0 None,525510,184540,-0.191369,51.545808,,,Unknown,"(51.545808, -0.191369)",http://opendatacommunities.org/id/london-borough-council/camden,5572,21/12/2020 02:48:37 PM
1190221262,CAMDEN,1 DRIVER/RIDER,1 MALE,25-59,30,1,2 SERIOUS,'-2 NOT APPLICABLE,'-2 NOT APPLICABLE,3 POWERED 2 WHEELER,"On Theobalds Road, near the junction with Greys inn road.",2,28/11/2019 01:30:00 AM,Thursday,1.30,3 BOR,A,401,6 SINGLE CWY,20,06 CROSSROADS,2 AUTO SIG,A,5200,4 PELICAN OR SIMILAR,1 DARK,1 FINE,1 ROAD-DRY,0 NONE,0 NONE,530992,181975,-0.11331,51.521513,,,Unknown,"(51.521513, -0.11331)",http://opendatacommunities.org/id/london-borough-council/camden,9558,21/12/2020 02:48:45 PM
1180144799,CAMDEN,2 Passenger,2 Female,25-59,51,1,3 Slight,-2 Unknown,-2 N/A,6 Bus Or Coach,SOUTHAMPTON ROW J/W THEOBALDS ROAD,1,11/11/2018 09:44:00 AM,Sunday,9.44,3 Bor,A,4200,6 Single Cwy,1 <= 20 MPH,7 Multi Jun,2 Auto Sig,A,401,8 Central Refuge,1 Daylight,1 Fine,1 Road-Dry,0 None,0 None,530450,181690,-0.121223,51.519077,,,Unknown,"(51.519077, -0.121223)",http://opendatacommunities.org/id/london-borough-council/camden,8510,21/12/2020 02:48:43 PM
1190212386,CAMDEN,1 DRIVER/RIDER,1 MALE,60+,66,1,3 SLIGHT,'-2 NOT APPLICABLE,'-2 NOT APPLICABLE,3 POWERED 2 WHEELER,"On Finchley Road, near the junction with Weech Road.",2,08/10/2019 03:30:00 PM,Tuesday,15.30,1 TLRN,A,41,3 DUAL CWY,30,03 T/STAG JUN,9 UNKNOWN (S/R),6,0,0 NO XING FACILITY IN 50M,2 DAYLIGHT,1 FINE,1 ROAD-DRY,0 NONE,0 NONE,525265,185687,-0.194492,51.556171,,,Unknown,"(51.556171, -0.194492)",http://opendatacommunities.org/id/london-borough-council/camden,9448,21/12/2020 02:48:44 PM
1170012614,CAMDEN,1 Driver/Rider,1 Male,25-59,41,1,3 Slight,-2 Unknown,-2 N/A,2 Pedal Cycle,PRINCETON STREET J/W RED LION STREET,2,18/01/2017 07:23:00 PM,Wednesday,19.23,3 Bor,C,0,6 Single Cwy,1 <= 20 MPH,6 Crossroads,4 Give Way/Uncontrolled,Unclassified,0,0 No Xing Facility In 50m,2 Dark,1 Fine,1 Road-Dry,0 None,0 None,530710,181760,-0.117452,51.519646,,,Unknown,"(51.519646, -0.117452)",http://opendatacommunities.org/id/london-borough-council/camden,6596,21/12/2020 02:48:39 PM
0115EK40611,CAMDEN,2 Passenger,2 Female,25-59,53,1,3 Slight,-2 Unknown,-2 N/A,4 Car,CAMDEN ROAD J/W SANDALL ROAD,2,18/07/2015 10:31:00 PM,Saturday,22.31,1 TLRN,A,503,6 Single Cwy,2 30 MPH,3 T/Stag Jun,4 Give Way/Uncontrolled,Unclassified,0,4 Pelican Or Similar,2 Dark,1 Fine,1 Road-Dry,0 None,0 None,529500,184600,-0.133838,51.545447,,,Unknown,"(51.545447, -0.133838)",http://opendatacommunities.org/id/london-borough-council/camden,5094,21/12/2020 02:48:36 PM
1170044487,CAMDEN,3 Pedestrian,1 Male,25-59,34,1,3 Slight,04 Crossing Road Within 50m Xing,2 From Drivers N/Side Msk,1 Pedestrian,WEST END LANE 25M N OF J/W IVERSON ROAD,1,22/06/2017 07:35:00 PM,Thursday,19.35,3 Bor,B,510,6 Single Cwy,2 30 MPH,0 No Jun In 20m,-2 Not Applicable,-2 Not Applicable,0,4 Pelican Or Similar,1 Daylight,1 Fine,1 Road-Dry,0 None,0 None,525520,184800,-0.191132,51.548143,,,Unknown,"(51.548143, -0.191132)",http://opendatacommunities.org/id/london-borough-council/camden,7072,21/12/2020 02:48:40 PM
0116EO40177,CAMDEN,3 Pedestrian,1 Male,16-24,20,1,3 Slight,09 In Road - Not Crossing,9 Unknown Or Other,1 Pedestrian,MARKET ROAD J/W YORK WAY,1,14/02/2016 07:29:00 AM,Sunday,7.29,3 Bor,Unclassified,0,6 Single Cwy,1 <= 20 MPH,2 Mini,4 Give Way/Uncontrolled,A,5200,1 Zebra,1 Daylight,1 Fine,2 Road-Wet,0 None,0 None,530030,184570,-0.12621,51.545056,,,Unknown,"(51.545056, -0.12621)",http://opendatacommunities.org/id/london-borough-council/camden,6525,21/12/2020 02:48:39 PM
0115EK40567,CAMDEN,1 Driver/Rider,2 Female,60+,80,1,3 Slight,-2 Unknown,-2 N/A,4 Car,SIDMOUTH STREET J/W SEAFORD STREET,1,12/07/2015 01:10:00 PM,Sunday,13.10,3 Bor,C,0,6 Single Cwy,2 30 MPH,3 T/Stag Jun,4 Give Way/Uncontrolled,Unclassified,0,8 Central Refuge,1 Daylight,1 Fine,1 Road-Dry,0 None,0 None,530480,182550,-0.120473,51.526799,,,Unknown,"(51.526799, -0.120473)",http://opendatacommunities.org/id/london-borough-council/camden,5059,21/12/2020 02:48:36 PM
1190205705,CAMDEN,1 DRIVER/RIDER,1 MALE,25-59,41,1,3 SLIGHT,'-2 NOT APPLICABLE,'-2 NOT APPLICABLE,2 PEDAL CYCLE,"On Mansfield Road, near the junction with Rona Road.",2,16/09/2019 11:35:00 AM,Monday,11.35,3 BOR,B,518,6 SINGLE CWY,30,09 OTHER JUN,4 GIVE WAY/UNCONTROLLED,6,0,0 NO XING FACILITY IN 50M,2 DAYLIGHT,1 FINE,1 ROAD-DRY,0 NONE,0 NONE,528116,185552,-0.15344,51.554318,,,Unknown,"(51.554318, -0.15344)",http://opendatacommunities.org/id/london-borough-council/camden,9365,21/12/2020 02:48:44 PM
1180112592,CAMDEN,1 Driver/Rider,2 Female,25-59,40,1,3 Slight,-2 Unknown,-2 N/A,2 Pedal Cycle,NORTH END WAY J/W SPANIARDS ROAD,2,06/06/2018 05:57:00 PM,Wednesday,17.57,3 Bor,A,502,1 Roundabout,1 <= 20 MPH,2 Mini,4 Give Way/Uncontrolled,B,519,0 No Xing Facility In 50m,1 Daylight,1 Fine,1 Road-Dry,0 None,0 None,526270,186420,-0.179741,51.562534,,,Unknown,"(51.562534, -0.179741)",http://opendatacommunities.org/id/london-borough-council/camden,8052,21/12/2020 02:48:42 PM
1160025081,CAMDEN,1 Driver/Rider,1 Male,16-24,20,1,3 Slight,-2 Unknown,-2 N/A,3 Powered 2 Wheeler,FINCHLEY ROAD J/W FAIRFAX ROAD,1,11/10/2016 07:00:00 PM,Tuesday,19.00,1 TLRN,A,41,3 Dual Cwy,2 30 MPH,3 T/Stag Jun,4 Give Way/Uncontrolled,C,0,0 No Xing Facility In 50m,2 Dark,1 Fine,1 Road-Dry,0 None,0 None,526460,184500,-0.177691,51.545237,,,Unknown,"(51.545237, -0.177691)",http://opendatacommunities.org/id/london-borough-council/camden,5946,21/12/2020 02:48:38 PM
1180083049,CAMDEN,1 Driver/Rider,1 Male,25-59,26,1,3 Slight,-2 Unknown,-2 N/A,3 Powered 2 Wheeler,YORK WAY J/W MARKET ROAD,2,11/01/2018 06:49:00 PM,Thursday,18.49,3 Bor,A,5200,1 Roundabout,1 <= 20 MPH,1 Roundabout,4 Give Way/Uncontrolled,Unclassified,0,1 Zebra,2 Dark,2 Raining,2 Road-Wet,0 None,0 None,530020,184570,-0.126355,51.545058,,,Unknown,"(51.545058, -0.126355)",http://opendatacommunities.org/id/london-borough-council/camden,7659,21/12/2020 02:48:41 PM
1180108801,CAMDEN,1 Driver/Rider,2 Female,16-24,23,1,3 Slight,-2 Unknown,-2 N/A,2 Pedal Cycle,MELTON STREET 24M S OF J/W DRUMMOND,1,18/05/2018 10:15:00 AM,Friday,10.15,3 Bor,C,0,2 One-Way St,1 <= 20 MPH,0 No Jun In 20m,-2 Not Applicable,-2 Not Applicable,0,1 Zebra,1 Daylight,1 Fine,1 Road-Dry,0 None,0 None,529460,182600,-0.13515,51.527482,,,Unknown,"(51.527482, -0.13515)",http://opendatacommunities.org/id/london-borough-council/camden,8004,21/12/2020 02:48:42 PM
1170021503,CAMDEN,3 Pedestrian,2 Female,16-24,19,1,3 Slight,04 Crossing Road Within 50m Xing,3 From Drivers O/Side,1 Pedestrian,NEW OXFORD STREET J/W DYOTT STREET WC1,1,27/02/2017 06:47:00 PM,Monday,18.47,3 Bor,A,40,6 Single Cwy,1 <= 20 MPH,3 T/Stag Jun,4 Give Way/Uncontrolled,Unclassified,0,4 Pelican Or Similar,2 Dark,2 Raining,2 Road-Wet,0 None,0 None,529980,181420,-0.128093,51.516759,,,Unknown,"(51.516759, -0.128093)",http://opendatacommunities.org/id/london-borough-council/camden,6724,21/12/2020 02:48:39 PM
1190196689,CAMDEN,1 DRIVER/RIDER,1 MALE,25-59,48,2,3 SLIGHT,'-2 NOT APPLICABLE,'-2 NOT APPLICABLE,4 CAR,"On Euston Road, near the junction with MIDLAND ROAD.",3,30/07/2019 04:50:00 AM,Tuesday,4.50,1 TLRN,A,501,3 DUAL CWY,20,03 T/STAG JUN,2 AUTO SIG,5,0,5 PEDN PHASE AT ATS,2 DAYLIGHT,1 FINE,1 ROAD-DRY,0 NONE,0 NONE,530058,182791,-0.126464,51.529062,,,Unknown,"(51.529062, -0.126464)",http://opendatacommunities.org/id/london-borough-council/camden,9240,21/12/2020 02:48:44 PM
1170021429,CAMDEN,3 Pedestrian,2 Female,25-59,58,1,3 Slight,01 Crossing Road On Ped Xing,1 From Drivers N/Side,1 Pedestrian,CAMDEN ROAD J/W ROYAL COLLEGE STREET,1,27/02/2017 09:20:00 AM,Monday,9.20,1 TLRN,A,503,6 Single Cwy,1 <= 20 MPH,6 Crossroads,2 Auto Sig,A,5202,5 Pedn Phase At Ats,1 Daylight,1 Fine,2 Road-Wet,0 None,0 None,529190,184180,-0.13846,51.541743,,,Unknown,"(51.541743, -0.13846)",http://opendatacommunities.org/id/london-borough-council/camden,6720,21/12/2020 02:48:39 PM
0115CW10428,CAMDEN,3 Pedestrian,2 Female,25-59,34,1,2 Serious,01 Crossing Road On Ped Xing,1 From Drivers N/Side,1 Pedestrian,AVENUE ROAD 15M SOUTH EAST J/W NORFOLK ROAD,1,24/03/2015 07:17:00 PM,Tuesday,19.17,3 Bor,B,525,6 Single Cwy,2 30 MPH,3 T/Stag Jun,4 Give Way/Uncontrolled,B,525,1 Zebra,2 Dark,1 Fine,1 Road-Dry,0 None,0 None,527060,183760,-0.16931,51.538452,,,Unknown,"(51.538452, -0.16931)",http://opendatacommunities.org/id/london-borough-council/camden,4557,21/12/2020 02:48:35 PM
0115EK40340,CAMDEN,1 Driver/Rider,2 Female,16-24,23,1,3 Slight,-2 Unknown,-2 N/A,3 Powered 2 Wheeler,FORTUNE GREEN ROAD J/W INGHAM ROAD,2,02/05/2015 01:28:00 PM,Saturday,13.28,3 Bor,B,510,6 Single Cwy,2 30 MPH,3 T/Stag Jun,4 Give Way/Uncontrolled,Unclassified,0,1 Zebra,1 Daylight,1 Fine,1 Road-Dry,0 None,0 None,525110,185580,-0.196765,51.555244,,,Unknown,"(51.555244, -0.196765)",http://opendatacommunities.org/id/london-borough-council/camden,4850,21/12/2020 02:48:36 PM
0115EK40100,CAMDEN,1 Driver/Rider,1 Male,16-24,19,1,3 Slight,-2 Unknown,-2 N/A,4 Car,ADELAIDE ROAD 60M E OF J/W ETON ROAD,1,10/02/2015 06:05:00 PM,Tuesday,18.05,3 Bor,B,509,6 Single Cwy,2 30 MPH,0 No Jun In 20m,-2 Not Applicable,-2 Not Applicable,0,0 No Xing Facility In 50m,2 Dark,8 Other,1 Road-Dry,0 None,0 None,527780,184370,-0.158712,51.543772,,,Unknown,"(51.543772, -0.158712)",http://opendatacommunities.org/id/london-borough-council/camden,4660,21/12/2020 02:48:35 PM
1190209612,CAMDEN,1 DRIVER/RIDER,2 FEMALE,25-59,32,2,3 SLIGHT,'-2 NOT APPLICABLE,'-2 NOT APPLICABLE,4 CAR,"On Vicar's Road, 25 metres north of the junction with Grafton road.",1,04/10/2019 04:25:00 AM,Friday,4.25,3 BOR,5,0,7 SLIP RD,20,00 NO JUN IN 20M,,0,0,0 NO XING FACILITY IN 50M,2 DAYLIGHT,1 FINE,1 ROAD-DRY,0 NONE,0 NONE,528240,185362,-0.151721,51.552582,,,Unknown,"(51.552582, -0.151721)",http://opendatacommunities.org/id/london-borough-council/camden,9407,21/12/2020 02:48:44 PM
1180105070,CAMDEN,1 Driver/Rider,2 Female,25-59,33,1,3 Slight,-2 Unknown,-2 N/A,2 Pedal Cycle,PANCRAS ROAD J/W CAMLEY STREET,2,01/05/2018 10:05:00 AM,Tuesday,10.05,3 Bor,Unclassified,0,3 Dual Cwy,1 <= 20 MPH,3 T/Stag Jun,2 Auto Sig,Unclassified,0,5 Pedn Phase At Ats,1 Daylight,1 Fine,1 Road-Dry,0 None,0 None,530000,183330,-0.127101,51.533919,,,Unknown,"(51.533919, -0.127101)",http://opendatacommunities.org/id/london-borough-council/camden,7943,21/12/2020 02:48:41 PM
1160024832,CAMDEN,3 Pedestrian,1 Male,16-24,24,1,3 Slight,06 On Footpath - Verge,9 Unknown Or Other,1 Pedestrian,KILBURN HIGH ROAD J/W BRONDESBURY VILLAS,1,15/10/2016 07:14:00 PM,Saturday,19.14,3 Bor,A,5,6 Single Cwy,2 30 MPH,3 T/Stag Jun,4 Give Way/Uncontrolled,Unclassified,0,4 Pelican Or Similar,2 Dark,1 Fine,1 Road-Dry,0 None,0 None,525400,183640,-0.193275,51.537744,,,Unknown,"(51.537744, -0.193275)",http://opendatacommunities.org/id/london-borough-council/camden,5935,21/12/2020 02:48:38 PM