Reference,London Borough Name,Casualty Class,Casualty Sex,Casualty Age Band,Casualty Age,Number Of Casualties,Casualty Severity,Pedestrian Location,Pedestrian Movement,Mode Of Travel,Attendant Location,Number Of Vehicles,Date,Day,Time,Highway,Road Class 1,Road Number 1,Road Type,Speed Limit,Junction Detail,Junction Control,Road Class 2,Road Number 2,Pedestrian Crossing,Light Condition Band,Weather,Road Surface,Special Conditions,Carriage Way Hazard,Easting,Northing,Longitude,Latitude,Ward Code,Ward Name,Spatial Accuracy,Location,Organisation URI,Socrata ID,Last Uploaded
1180101944,CAMDEN,2 Passenger,2 Female,16-24,20,1,3 Slight,-2 Unknown,-2 N/A,4 Car,AGAR GROVE 30M W OF J/W ST PAULS CRESCENT,7,16/04/2018 02:48:00 AM,Monday,2.48,3 Bor,C,0,6 Single Cwy,1 <= 20 MPH,0 No Jun In 20m,-2 Not Applicable,-2 Not Applicable,0,0 No Xing Facility In 50m,2 Dark,1 Fine,1 Road-Dry,0 None,0 None,529780,184350,-0.129895,51.543136,,,Unknown,"(51.543136, -0.129895)",http://opendatacommunities.org/id/london-borough-council/camden,7893,21/12/2020 02:48:41 PM
1180111068,CAMDEN,1 Driver/Rider,1 Male,25-59,55,1,3 Slight,-2 Unknown,-2 N/A,2 Pedal Cycle,FINCHLEY ROAD J/W FAIRFAX ROAD,2,29/05/2018 06:03:00 PM,Tuesday,18.03,1 TLRN,A,41,3 Dual Cwy,2 30 MPH,3 T/Stag Jun,4 Give Way/Uncontrolled,C,0,0 No Xing Facility In 50m,1 Daylight,2 Raining,2 Road-Wet,0 None,0 None,526460,184510,-0.177687,51.545327,,,Unknown,"(51.545327, -0.177687)",http://opendatacommunities.org/id/london-borough-council/camden,8035,21/12/2020 02:48:42 PM
0115EO40237,CAMDEN,1 Driver/Rider,1 Male,25-59,34,1,3 Slight,-2 Unknown,-2 N/A,3 Powered 2 Wheeler,"YORK WAY, J/W BROADFIELD LANE",2,01/04/2015 10:30:00 PM,Wednesday,22.30,3 Bor,A,5200,6 Single Cwy,2 30 MPH,3 T/Stag Jun,4 Give Way/Uncontrolled,Unclassified,0,1 Zebra,2 Dark,2 Raining,2 Road-Wet,0 None,0 None,530070,184250,-0.125752,51.542171,,,Unknown,"(51.542171, -0.125752)",http://opendatacommunities.org/id/london-borough-council/camden,5590,21/12/2020 02:48:37 PM
1180101134,CAMDEN,3 Pedestrian,2 Female,60+,71,1,2 Serious,05 Crossing Road (Not On Xing),1 From Drivers N/Side,1 Pedestrian,CHURCHWAY J/W EUSTON ROAD,1,11/04/2018 12:40:00 PM,Wednesday,12.40,1 TLRN,Unclassified,0,6 Single Cwy,1 <= 20 MPH,6 Crossroads,2 Auto Sig,A,501,5 Pedn Phase At Ats,1 Daylight,1 Fine,1 Road-Dry,0 None,0 None,529830,182650,-0.129801,51.527847,,,Unknown,"(51.527847, -0.129801)",http://opendatacommunities.org/id/london-borough-council/camden,7883,21/12/2020 02:48:41 PM
1190196300,CAMDEN,1 DRIVER/RIDER,1 MALE,25-59,36,1,3 SLIGHT,'-2 NOT APPLICABLE,'-2 NOT APPLICABLE,2 PEDAL CYCLE,"On Midland Road, 105 metres south of the junction with Brill Place.",2,27/07/2019 06:00:00 PM,Saturday,18.00,3 BOR,5,0,6 SINGLE CWY,20,00 NO JUN IN 20M,,0,0,0 NO XING FACILITY IN 50M,2 DAYLIGHT,1 FINE,1 ROAD-DRY,0 NONE,0 NONE,529995,183065,-0.12727,51.531539,,,Unknown,"(51.531539, -0.12727)",http://opendatacommunities.org/id/london-borough-council/camden,9236,21/12/2020 02:48:44 PM
0115EK40097,CAMDEN,3 Pedestrian,1 Male,60+,63,1,3 Slight,09 In Road - Not Crossing,7 In Rd Facing Traffic,1 Pedestrian,FORDWYCH ROAD J/W MINSTER ROAD,1,09/02/2015 08:21:00 AM,Monday,8.21,3 Bor,Unclassified,0,6 Single Cwy,2 30 MPH,6 Crossroads,4 Give Way/Uncontrolled,Unclassified,0,0 No Xing Facility In 50m,1 Daylight,1 Fine,1 Road-Dry,0 None,0 None,524400,185170,-0.207146,51.551716,,,Unknown,"(51.551716, -0.207146)",http://opendatacommunities.org/id/london-borough-council/camden,4657,21/12/2020 02:48:35 PM
1160024361,CAMDEN,2 Passenger,2 Female,16-24,23,1,3 Slight,-2 Unknown,-2 N/A,4 Car,PRINCE ALBERT ROAD 55M E OF J/W ALBERT TERRACE,2,17/10/2016 04:50:00 PM,Monday,16.50,3 Bor,A,5205,6 Single Cwy,2 30 MPH,0 No Jun In 20m,-2 Not Applicable,-2 Not Applicable,0,0 No Xing Facility In 50m,1 Daylight,1 Fine,1 Road-Dry,0 None,0 None,528120,183670,-0.154067,51.537404,,,Unknown,"(51.537404, -0.154067)",http://opendatacommunities.org/id/london-borough-council/camden,5888,21/12/2020 02:48:38 PM
0116EK40236,CAMDEN,1 Driver/Rider,1 Male,25-59,41,1,3 Slight,-2 Unknown,-2 N/A,2 Pedal Cycle,CLERKENWELL ROAD J/W EYRE STREET HILL,2,12/01/2016 01:30:00 PM,Tuesday,13.30,3 Bor,A,5201,6 Single Cwy,2 30 MPH,3 T/Stag Jun,4 Give Way/Uncontrolled,Unclassified,0,0 No Xing Facility In 50m,1 Daylight,1 Fine,1 Road-Dry,0 None,0 None,531200,182030,-0.110293,51.521959,,,Unknown,"(51.521959, -0.110293)",http://opendatacommunities.org/id/london-borough-council/camden,6175,21/12/2020 02:48:38 PM
1180146648,CAMDEN,3 Pedestrian,2 Female,16-24,22,1,3 Slight,05 Crossing Road (Not On Xing),4 From Drivers O/Side Msk,1 Pedestrian,CAMDEN ROAD 55M S OF J/W CAMDEN STREET THE NEAREST CLASSIFIED ROAD,1,19/11/2018 05:10:00 PM,Monday,17.10,1 TLRN,A,503,6 Single Cwy,2 30 MPH,0 No Jun In 20m,-2 Not Applicable,-2 Not Applicable,0,4 Pelican Or Similar,2 Dark,8 Other,2 Road-Wet,0 None,0 None,529060,183990,-0.140404,51.540066,,,Unknown,"(51.540066, -0.140404)",http://opendatacommunities.org/id/london-borough-council/camden,8529,21/12/2020 02:48:43 PM
1170019467,CAMDEN,1 Driver/Rider,1 Male,25-59,43,1,3 Slight,-2 Unknown,-2 N/A,2 Pedal Cycle,CAMDEN HIGH STREET NW1 J/W DELANCEY STREET NW1,2,19/02/2017 11:25:00 AM,Sunday,11.25,1 TLRN,A,502,6 Single Cwy,1 <= 20 MPH,6 Crossroads,2 Auto Sig,A,503,4 Pelican Or Similar,1 Daylight,1 Fine,1 Road-Dry,0 None,0 None,529010,183660,-0.141245,51.537111,,,Unknown,"(51.537111, -0.141245)",http://opendatacommunities.org/id/london-borough-council/camden,6688,21/12/2020 02:48:39 PM
1170067313,CAMDEN,1 Driver/Rider,1 Male,16-24,21,1,3 Slight,-2 Unknown,-2 N/A,3 Powered 2 Wheeler,DRURY LANE J/W HIGH HOLBORN,2,30/10/2017 01:28:00 PM,Monday,13.28,3 Bor,C,0,6 Single Cwy,1 <= 20 MPH,6 Crossroads,2 Auto Sig,A,40,5 Pedn Phase At Ats,1 Daylight,1 Fine,1 Road-Dry,9 Unknown (S/R),9 Unknown (S/R),530240,181350,-0.124374,51.51607,,,Unknown,"(51.51607, -0.124374)",http://opendatacommunities.org/id/london-borough-council/camden,7470,21/12/2020 02:48:40 PM
1180147462,CAMDEN,1 Driver/Rider,2 Female,25-59,55,1,3 Slight,-2 Unknown,-2 N/A,4 Car,ADELAIDE ROAD J/W BRIDGE APPROACH,4,22/11/2018 06:40:00 PM,Thursday,18.40,3 Bor,B,509,6 Single Cwy,1 <= 20 MPH,7 Multi Jun,4 Give Way/Uncontrolled,Unclassified,0,1 Zebra,2 Dark,1 Fine,1 Road-Dry,0 None,0 None,528060,184390,-0.15467,51.543888,,,Unknown,"(51.543888, -0.15467)",http://opendatacommunities.org/id/london-borough-council/camden,8544,21/12/2020 02:48:43 PM
1190161354,CAMDEN,3 PEDESTRIAN,2 FEMALE,25-59,30,1,3 SLIGHT,01 CROSSING ROAD ON PED XING,1 FROM DRIVERS N/SIDE,1 PEDESTRIAN,"On Grays Inn Road, 10 metres south of the junction with northington street.",1,04/02/2019 08:15:00 AM,Monday,8.15,3 BOR,A,5200,3 DUAL CWY,20,03 T/STAG JUN,3 STOP SIGN,6,0,1 ZEBRA,2 DAYLIGHT,2 RAINING,2 ROAD-WET,0 NONE,0 NONE,530937,182076,-0.114065,51.522433,,,Unknown,"(51.522433, -0.114065)",http://opendatacommunities.org/id/london-borough-council/camden,8755,21/12/2020 02:48:43 PM
0115EK40436,CAMDEN,1 Driver/Rider,1 Male,16-24,18,1,3 Slight,-2 Unknown,-2 N/A,4 Car,ABBEY ROAD J/W PRIORY ROAD,1,10/04/2015 01:50:00 PM,Friday,13.50,3 Bor,B,507,6 Single Cwy,2 30 MPH,6 Crossroads,4 Give Way/Uncontrolled,C,0,0 No Xing Facility In 50m,1 Daylight,1 Fine,1 Road-Dry,0 None,0 None,525650,184000,-0.189544,51.540924,,,Unknown,"(51.540924, -0.189544)",http://opendatacommunities.org/id/london-borough-council/camden,4928,21/12/2020 02:48:36 PM
1170033448,CAMDEN,2 Passenger,1 Male,25-59,33,1,3 Slight,-2 Unknown,-2 N/A,6 Bus Or Coach,KILBURN HIGH ROAD 50M N OF J/W PRIORY PARK ROAD,2,23/04/2017 08:50:00 PM,Sunday,20.50,3 Bor,A,5,3 Dual Cwy,1 <= 20 MPH,0 No Jun In 20m,-2 Not Applicable,-2 Not Applicable,0,0 No Xing Facility In 50m,2 Dark,1 Fine,1 Road-Dry,0 None,0 None,525130,184000,-0.197038,51.541039,,,Unknown,"(51.541039, -0.197038)",http://opendatacommunities.org/id/london-borough-council/camden,6904,21/12/2020 02:48:39 PM
0115EK41112,CAMDEN,2 Passenger,1 Male,16-24,20,1,3 Slight,-2 Unknown,-2 N/A,4 Car,CAMDEN STREET J/W CAMDEN ROAD.,3,12/12/2015 10:30:00 PM,Saturday,22.30,1 TLRN,A,400,2 One-Way St,2 30 MPH,6 Crossroads,2 Auto Sig,A,503,5 Pedn Phase At Ats,2 Dark,1 Fine,1 Road-Dry,0 None,0 None,529080,184050,-0.140093,51.5406,,,Unknown,"(51.5406, -0.140093)",http://opendatacommunities.org/id/london-borough-council/camden,5524,21/12/2020 02:48:37 PM
0115EK40321,CAMDEN,2 Passenger,1 Male,60+,74,1,3 Slight,-2 Unknown,-2 N/A,5 Taxi,CAMDEN STREET J/W GREENLAND ROAD,2,26/04/2015 01:20:00 AM,Sunday,1.20,1 TLRN,A,400,6 Single Cwy,2 30 MPH,3 T/Stag Jun,4 Give Way/Uncontrolled,Unclassified,0,0 No Xing Facility In 50m,2 Dark,1 Fine,2 Road-Wet,0 None,0 None,529130,183960,-0.139406,51.53978,,,Unknown,"(51.53978, -0.139406)",http://opendatacommunities.org/id/london-borough-council/camden,4842,21/12/2020 02:48:36 PM
0116EK40649,CAMDEN,1 Driver/Rider,1 Male,25-59,28,1,3 Slight,-2 Unknown,-2 N/A,8 Other Vehicle,NFL- OUTER CIRCLE J/W CAMBRIDGE GATE,2,31/07/2016 10:50:00 AM,Sunday,10.50,3 Bor,Unclassified,0,6 Single Cwy,2 30 MPH,3 T/Stag Jun,4 Give Way/Uncontrolled,Unclassified,0,0 No Xing Facility In 50m,1 Daylight,1 Fine,1 Road-Dry,0 None,0 None,528720,182420,-0.145877,51.526034,,,Unknown,"(51.526034, -0.145877)",http://opendatacommunities.org/id/london-borough-council/camden,6508,21/12/2020 02:48:39 PM
1190178272,CAMDEN,1 DRIVER/RIDER,2 FEMALE,25-59,31,1,3 SLIGHT,'-2 NOT APPLICABLE,'-2 NOT APPLICABLE,2 PEDAL CYCLE,"On Camley Street, near the junction with Camley street.",2,11/04/2019 06:15:00 PM,Thursday,18.15,3 BOR,6,0,6 SINGLE CWY,20,06 CROSSROADS,9 UNKNOWN (S/R),6,0,9 UNKNOWN (S/R),2 DAYLIGHT,1 FINE,1 ROAD-DRY,0 NONE,0 NONE,529752,183769,-0.130512,51.537921,,,Unknown,"(51.537921, -0.130512)",http://opendatacommunities.org/id/london-borough-council/camden,8964,21/12/2020 02:48:44 PM
0116EK40305,CAMDEN,3 Pedestrian,1 Male,25-59,41,1,3 Slight,09 In Road - Not Crossing,6 In Rd Not Crossing Msk,1 Pedestrian,EVERSHOLT STREET J/W LANCING STREET.,2,03/05/2016 10:00:00 PM,Tuesday,22.00,3 Bor,A,4200,6 Single Cwy,1 <= 20 MPH,3 T/Stag Jun,4 Give Way/Uncontrolled,Unclassified,0,4 Pelican Or Similar,2 Dark,1 Fine,1 Road-Dry,0 None,0 None,529670,182700,-0.132087,51.528333,,,Unknown,"(51.528333, -0.132087)",http://opendatacommunities.org/id/london-borough-council/camden,6241,21/12/2020 02:48:38 PM
0116EO40022,CAMDEN,1 Driver/Rider,1 Male,25-59,37,1,3 Slight,-2 Unknown,-2 N/A,3 Powered 2 Wheeler,PENTONVILLE RD J/W CALEDONIAN RD,2,03/01/2016 06:30:00 AM,Sunday,6.30,1 TLRN,A,501,2 One-Way St,1 <= 20 MPH,3 T/Stag Jun,2 Auto Sig,A,5203,5 Pedn Phase At Ats,2 Dark,1 Fine,1 Road-Dry,0 None,0 None,530410,183000,-0.121315,51.530859,,,Unknown,"(51.530859, -0.121315)",http://opendatacommunities.org/id/london-borough-council/camden,6517,21/12/2020 02:48:39 PM
1190170079,CAMDEN,1 DRIVER/RIDER,1 MALE,25-59,49,1,3 SLIGHT,'-2 NOT APPLICABLE,'-2 NOT APPLICABLE,4 CAR,"On Bloomsbury Street, near the junction with streatham street.",2,19/03/2019 11:05:00 AM,Tuesday,11.05,3 BOR,A,400,2 ONE-WAY ST,20,06 CROSSROADS,2 AUTO SIG,6,0,5 PEDN PHASE AT ATS,2 DAYLIGHT,1 FINE,1 ROAD-DRY,0 NONE,0 NONE,530042,181480,-0.127178,51.517284,,,Unknown,"(51.517284, -0.127178)",http://opendatacommunities.org/id/london-borough-council/camden,8855,21/12/2020 02:48:43 PM
1190181061,CAMDEN,1 DRIVER/RIDER,1 MALE,16-24,20,1,3 SLIGHT,'-2 NOT APPLICABLE,'-2 NOT APPLICABLE,2 PEDAL CYCLE,"On Theobalds Road, 10 metres west of the junction with GRAYS INN ROAD.",2,15/05/2019 11:15:00 PM,Wednesday,23.15,3 BOR,A,401,6 SINGLE CWY,20,06 CROSSROADS,2 AUTO SIG,A,5200,5 PEDN PHASE AT ATS,1 DARK,1 FINE,1 ROAD-DRY,0 NONE,0 NONE,530964,181968,-0.113716,51.521456,,,Unknown,"(51.521456, -0.113716)",http://opendatacommunities.org/id/london-borough-council/camden,9009,21/12/2020 02:48:44 PM
1170065387,CAMDEN,1 Driver/Rider,1 Male,25-59,33,1,3 Slight,-2 Unknown,-2 N/A,2 Pedal Cycle,CHESTER ROAD J/W OUTER CIRCLE,2,17/10/2017 08:50:00 AM,Tuesday,8.50,3 Bor,Unclassified,0,6 Single Cwy,2 30 MPH,3 T/Stag Jun,4 Give Way/Uncontrolled,Unclassified,0,0 No Xing Facility In 50m,1 Daylight,1 Fine,1 Road-Dry,0 None,0 None,528580,182700,-0.147792,51.528582,,,Unknown,"(51.528582, -0.147792)",http://opendatacommunities.org/id/london-borough-council/camden,7438,21/12/2020 02:48:40 PM
1180084049,CAMDEN,1 Driver/Rider,1 Male,25-59,28,1,3 Slight,-2 Unknown,-2 N/A,2 Pedal Cycle,BAYNES STREET 60M E OF J/W ROYAL COLLEGE STREET,2,03/01/2018 12:01:00 AM,Wednesday,0.01,3 Bor,Unclassified,0,6 Single Cwy,2 30 MPH,0 No Jun In 20m,-2 Not Applicable,-2 Not Applicable,0,0 No Xing Facility In 50m,1 Daylight,1 Fine,1 Road-Dry,0 None,0 None,529300,184110,-0.136901,51.541089,,,Unknown,"(51.541089, -0.136901)",http://opendatacommunities.org/id/london-borough-council/camden,7674,21/12/2020 02:48:41 PM
1180114433,CAMDEN,3 Pedestrian,2 Female,60+,64,1,3 Slight,01 Crossing Road On Ped Xing,2 From Drivers N/Side Msk,1 Pedestrian,EUSTON ROAD J/W UPPER WOBURN PLACE,1,13/06/2018 01:15:00 PM,Wednesday,13.15,1 TLRN,A,501,3 Dual Cwy,2 30 MPH,3 T/Stag Jun,2 Auto Sig,A,4200,5 Pedn Phase At Ats,1 Daylight,1 Fine,1 Road-Dry,0 None,1 Vehicle Load In Cwy,529760,182580,-0.130835,51.527234,,,Unknown,"(51.527234, -0.130835)",http://opendatacommunities.org/id/london-borough-council/camden,8074,21/12/2020 02:48:42 PM
1170024667,CAMDEN,1 Driver/Rider,1 Male,60+,61,1,3 Slight,-2 Unknown,-2 N/A,2 Pedal Cycle,PENTONVILLE ROAD J/W KINGS CROSS BRIDGE,2,08/03/2017 06:15:00 PM,Wednesday,18.15,1 TLRN,A,501,6 Single Cwy,1 <= 20 MPH,6 Crossroads,2 Auto Sig,A,501,0 No Xing Facility In 50m,2 Dark,1 Fine,1 Road-Dry,0 None,0 None,530510,183010,-0.11987,51.530926,,,Unknown,"(51.530926, -0.11987)",http://opendatacommunities.org/id/london-borough-council/camden,6769,21/12/2020 02:48:39 PM
1170015352,CAMDEN,3 Pedestrian,2 Female,25-59,29,1,3 Slight,01 Crossing Road On Ped Xing,3 From Drivers O/Side,1 Pedestrian,HIGH HOLBORN 20M W OF J/W RED LION STREET,1,31/01/2017 11:05:00 AM,Tuesday,11.05,3 Bor,A,40,6 Single Cwy,1 <= 20 MPH,9 Other Jun,1 Auth Person,Unclassified,0,4 Pelican Or Similar,1 Daylight,8 Other,2 Road-Wet,0 None,0 None,530690,181560,-0.117814,51.517853,,,Unknown,"(51.517853, -0.117814)",http://opendatacommunities.org/id/london-borough-council/camden,6633,21/12/2020 02:48:39 PM
1170011367,CAMDEN,3 Pedestrian,1 Male,25-59,41,1,3 Slight,01 Crossing Road On Ped Xing,3 From Drivers O/Side,1 Pedestrian,HEATH STREET J/W NORTH END ROAD,1,12/01/2017 04:45:00 PM,Thursday,16.45,3 Bor,B,511,3 Dual Cwy,1 <= 20 MPH,7 Multi Jun,4 Give Way/Uncontrolled,B,511,1 Zebra,2 Dark,6 Snowing/High Winds,3 Road-Snow,0 None,0 None,526370,185670,-0.178568,51.555772,,,Unknown,"(51.555772, -0.178568)",http://opendatacommunities.org/id/london-borough-council/camden,6577,21/12/2020 02:48:39 PM
1190226582,CAMDEN,3 PEDESTRIAN,2 FEMALE,25-59,37,1,3 SLIGHT,05 CROSSING ROAD (NOT ON XING),1 FROM DRIVERS N/SIDE,1 PEDESTRIAN,"On Southampton Place, near the junction with High Holborn .",1,21/12/2019 06:45:00 PM,Saturday,18.45,3 BOR,A,40,6 SINGLE CWY,20,03 T/STAG JUN,4 GIVE WAY/UNCONTROLLED,5,0,0 NO XING FACILITY IN 50M,1 DARK,2 RAINING,2 ROAD-WET,0 NONE,0 NONE,530439,181533,-0.12144,51.517668,,,Unknown,"(51.517668, -0.12144)",http://opendatacommunities.org/id/london-borough-council/camden,9645,21/12/2020 02:48:45 PM
0116EK40122,CAMDEN,3 Pedestrian,1 Male,25-59,40,1,3 Slight,01 Crossing Road On Ped Xing,1 From Drivers N/Side,1 Pedestrian,HAMPSTEAD RD 25M NORTH OF J/W HARRINGTON SQUARE,1,03/03/2016 11:23:00 PM,Thursday,23.23,1 TLRN,A,400,6 Single Cwy,2 30 MPH,0 No Jun In 20m,-2 Not Applicable,-2 Not Applicable,0,1 Zebra,2 Dark,2 Raining,2 Road-Wet,0 None,0 None,529150,183170,-0.139407,51.532676,,,Unknown,"(51.532676, -0.139407)",http://opendatacommunities.org/id/london-borough-council/camden,6078,21/12/2020 02:48:38 PM
1170041013,CAMDEN,3 Pedestrian,2 Female,25-59,47,1,3 Slight,01 Crossing Road On Ped Xing,1 From Drivers N/Side,1 Pedestrian,PANCRAS ROAD J/W GOLDINGTON CRESCENT,1,02/06/2017 04:27:00 PM,Friday,16.27,3 Bor,A,5202,3 Dual Cwy,2 30 MPH,3 T/Stag Jun,4 Give Way/Uncontrolled,Unclassified,0,1 Zebra,1 Daylight,2 Raining,2 Road-Wet,0 None,0 None,529660,183450,-0.131956,51.535075,,,Unknown,"(51.535075, -0.131956)",http://opendatacommunities.org/id/london-borough-council/camden,7012,21/12/2020 02:48:39 PM
1160004967,CAMDEN,1 Driver/Rider,1 Male,16-24,22,1,3 Slight,-2 Unknown,-2 N/A,2 Pedal Cycle,FINCHLEY ROAD J/W CANFIELD GARDENS,2,03/12/2016 07:00:00 PM,Saturday,19.00,1 TLRN,A,41,3 Dual Cwy,1 <= 20 MPH,3 T/Stag Jun,2 Auto Sig,C,0,5 Pedn Phase At Ats,2 Dark,1 Fine,1 Road-Dry,0 None,0 None,526330,184670,-0.179503,51.546794,,,Unknown,"(51.546794, -0.179503)",http://opendatacommunities.org/id/london-borough-council/camden,5729,21/12/2020 02:48:37 PM
1170063822,CAMDEN,1 Driver/Rider,1 Male,25-59,53,1,3 Slight,-2 Unknown,-2 N/A,3 Powered 2 Wheeler,A400 J/W HAMSTEAD ROAD,2,11/10/2017 09:00:00 AM,Wednesday,9.00,1 TLRN,A,400,3 Dual Cwy,2 30 MPH,5 Slip Road,4 Give Way/Uncontrolled,A,400,0 No Xing Facility In 50m,1 Daylight,4 Fine/High Winds,1 Road-Dry,0 None,0 None,529290,182320,-0.137702,51.525005,,,Unknown,"(51.525005, -0.137702)",http://opendatacommunities.org/id/london-borough-council/camden,7403,21/12/2020 02:48:40 PM
0115EK40101,CAMDEN,1 Driver/Rider,2 Female,25-59,52,1,3 Slight,-2 Unknown,-2 N/A,2 Pedal Cycle,FINCHLEY ROAD 65M NE OF J/W LANGLAND GARDENS,2,10/02/2015 12:15:00 PM,Tuesday,12.15,1 TLRN,A,41,6 Single Cwy,2 30 MPH,0 No Jun In 20m,-2 Not Applicable,-2 Not Applicable,0,0 No Xing Facility In 50m,1 Daylight,1 Fine,1 Road-Dry,0 None,2 Other Object In Cwy,525940,185180,-0.184942,51.551464,,,Unknown,"(51.551464, -0.184942)",http://opendatacommunities.org/id/london-borough-council/camden,4661,21/12/2020 02:48:35 PM
1170029328,CAMDEN,1 Driver/Rider,1 Male,16-24,21,1,3 Slight,-2 Unknown,-2 N/A,3 Powered 2 Wheeler,HAVERSTOCK HILL NW3 J/W PARK HILL ROAD NW3,2,31/03/2017 07:10:00 PM,Friday,19.10,3 Bor,A,502,3 Dual Cwy,1 <= 20 MPH,3 T/Stag Jun,4 Give Way/Uncontrolled,C,0,4 Pelican Or Similar,1 Daylight,1 Fine,1 Road-Dry,0 None,0 None,527700,184772,-0.15972,51.547402,,,Unknown,"(51.547402, -0.15972)",http://opendatacommunities.org/id/london-borough-council/camden,6835,21/12/2020 02:48:39 PM
0115EK40076,CAMDEN,2 Passenger,1 Male,25-59,58,1,3 Slight,-2 Unknown,-2 N/A,6 Bus Or Coach,BAYHAM STREET 55M SE OF J/W PRATT STREET,1,01/02/2015 12:13:00 PM,Sunday,12.13,3 Bor,C,0,2 One-Way St,2 30 MPH,0 No Jun In 20m,-2 Not Applicable,-2 Not Applicable,0,0 No Xing Facility In 50m,1 Daylight,1 Fine,1 Road-Dry,0 None,0 None,529120,183660,-0.13966,51.537086,,,Unknown,"(51.537086, -0.13966)",http://opendatacommunities.org/id/london-borough-council/camden,4642,21/12/2020 02:48:35 PM
1170062709,CAMDEN,3 Pedestrian,2 Female,25-59,33,1,3 Slight,08 In Centre Of Carriageway,1 From Drivers N/Side,1 Pedestrian,COLLEGE CRESCENT J/W BUCKLAND CRESCENT,1,12/09/2017 08:40:00 PM,Tuesday,20.40,3 Bor,B,511,6 Single Cwy,2 30 MPH,7 Multi Jun,2 Auto Sig,C,0,9 Unknown (S/R),1 Daylight,1 Fine,1 Road-Dry,0 None,0 None,526640,184450,-0.175114,51.544747,,,Unknown,"(51.544747, -0.175114)",http://opendatacommunities.org/id/london-borough-council/camden,7381,21/12/2020 02:48:40 PM
1170069407,CAMDEN,1 Driver/Rider,1 Male,16-24,19,1,3 Slight,-2 Unknown,-2 N/A,3 Powered 2 Wheeler,LYNDHURST ROAD J/W ELDON GROVE,2,10/11/2017 06:35:00 PM,Friday,18.35,3 Bor,Unclassified,0,6 Single Cwy,1 <= 20 MPH,3 T/Stag Jun,4 Give Way/Uncontrolled,Unclassified,0,0 No Xing Facility In 50m,2 Dark,1 Fine,1 Road-Dry,0 None,0 None,526900,185380,-0.171032,51.553047,,,Unknown,"(51.553047, -0.171032)",http://opendatacommunities.org/id/london-borough-council/camden,7502,21/12/2020 02:48:41 PM
1190197316,CAMDEN,3 PEDESTRIAN,1 MALE,25-59,28,1,2 SERIOUS,04 CROSSING ROAD WITHIN 50M XING,'-2 NOT APPLICABLE,1 PEDESTRIAN,"On new oxford street, near the junction with Tottenham court road.",1,02/08/2019 01:36:00 AM,Friday,1.36,3 BOR,A,40,3 DUAL CWY,20,06 CROSSROADS,2 AUTO SIG,A,400,5 PEDN PHASE AT ATS,1 DARK,1 FINE,1 ROAD-DRY,0 NONE,0 NONE,529817,181374,-0.130458,51.516383,,,Unknown,"(51.516383, -0.130458)",http://opendatacommunities.org/id/london-borough-council/camden,9248,21/12/2020 02:48:44 PM
0116EK40340,CAMDEN,1 Driver/Rider,2 Female,25-59,29,1,3 Slight,-2 Unknown,-2 N/A,2 Pedal Cycle,SOUTHAMPTON ROW J/W THEOBALD'S RD,2,16/05/2016 06:10:00 PM,Monday,18.10,3 Bor,A,4200,3 Dual Cwy,1 <= 20 MPH,6 Crossroads,2 Auto Sig,A,401,5 Pedn Phase At Ats,1 Daylight,1 Fine,1 Road-Dry,0 None,0 None,530470,181660,-0.120946,51.518803,,,Unknown,"(51.518803, -0.120946)",http://opendatacommunities.org/id/london-borough-council/camden,6273,21/12/2020 02:48:38 PM
1180106626,CAMDEN,1 Driver/Rider,1 Male,16-24,24,1,3 Slight,-2 Unknown,-2 N/A,3 Powered 2 Wheeler,SANDWELL CRESCENT J/W WEST END LANE,2,08/05/2018 06:45:00 PM,Tuesday,18.45,3 Bor,Unclassified,0,3 Dual Cwy,1 <= 20 MPH,3 T/Stag Jun,4 Give Way/Uncontrolled,B,510,8 Central Refuge,1 Daylight,1 Fine,1 Road-Dry,0 None,0 None,525490,184950,-0.191511,51.549497,,,Unknown,"(51.549497, -0.191511)",http://opendatacommunities.org/id/london-borough-council/camden,7970,21/12/2020 02:48:42 PM
1190183806,CAMDEN,1 DRIVER/RIDER,1 MALE,25-59,36,1,3 SLIGHT,'-2 NOT APPLICABLE,'-2 NOT APPLICABLE,3 POWERED 2 WHEELER,"On Bloomsbury Street, near the junction with streatham street.",2,29/05/2019 07:35:00 AM,Wednesday,7.35,3 BOR,A,400,2 ONE-WAY ST,20,06 CROSSROADS,4 GIVE WAY/UNCONTROLLED,6,0,0 NO XING FACILITY IN 50M,2 DAYLIGHT,1 FINE,1 ROAD-DRY,0 NONE,0 NONE,530035,181484,-0.127277,51.517321,,,Unknown,"(51.517321, -0.127277)",http://opendatacommunities.org/id/london-borough-council/camden,9049,21/12/2020 02:48:44 PM