Reference,London Borough Name,Casualty Class,Casualty Sex,Casualty Age Band,Casualty Age,Number Of Casualties,Casualty Severity,Pedestrian Location,Pedestrian Movement,Mode Of Travel,Attendant Location,Number Of Vehicles,Date,Day,Time,Highway,Road Class 1,Road Number 1,Road Type,Speed Limit,Junction Detail,Junction Control,Road Class 2,Road Number 2,Pedestrian Crossing,Light Condition Band,Weather,Road Surface,Special Conditions,Carriage Way Hazard,Easting,Northing,Longitude,Latitude,Ward Code,Ward Name,Spatial Accuracy,Location,Organisation URI,Socrata ID,Last Uploaded
0115EK40052,CAMDEN,1 Driver/Rider,1 Male,16-24,16,1,3 Slight,-2 Unknown,-2 N/A,3 Powered 2 Wheeler,LEIGHTON ROAD J/W LADY MARGARET ROAD,2,25/01/2015 07:57:00 PM,Sunday,19.57,3 Bor,C,0,6 Single Cwy,2 30 MPH,3 T/Stag Jun,4 Give Way/Uncontrolled,Unclassified,0,0 No Xing Facility In 50m,2 Dark,1 Fine,1 Road-Dry,0 None,0 None,529190,185190,-0.13809,51.55082,,,Unknown,"(51.55082, -0.13809)",http://opendatacommunities.org/id/london-borough-council/camden,4620,21/12/2020 02:48:35 PM
0115EK40505,CAMDEN,3 Pedestrian,2 Female,25-59,26,1,3 Slight,04 Crossing Road Within 50m Xing,2 From Drivers N/Side Msk,1 Pedestrian,HIGH HOLBORN 30M E OF J/W RED LION ROAD,1,24/06/2015 09:30:00 AM,Wednesday,9.30,3 Bor,A,40,6 Single Cwy,2 30 MPH,0 No Jun In 20m,-2 Not Applicable,-2 Not Applicable,0,4 Pelican Or Similar,1 Daylight,1 Fine,1 Road-Dry,0 None,0 None,530800,181580,-0.116223,51.518007,,,Unknown,"(51.518007, -0.116223)",http://opendatacommunities.org/id/london-borough-council/camden,4994,21/12/2020 02:48:36 PM
1190226134,CAMDEN,1 DRIVER/RIDER,1 MALE,25-59,30,1,3 SLIGHT,'-2 NOT APPLICABLE,9 UNKNOWN OR OTHER,3 POWERED 2 WHEELER,"On Finchley Road, 25 metres south of the junction with Frognal Lane.",2,19/12/2019 06:46:00 PM,Thursday,18.46,1 TLRN,A,41,3 DUAL CWY,30,00 NO JUN IN 20M,,0,0,5 PEDN PHASE AT ATS,1 DARK,2 RAINING,2 ROAD-WET,0 NONE,0 NONE,525618,185398,-0.189506,51.553495,,,Unknown,"(51.553495, -0.189506)",http://opendatacommunities.org/id/london-borough-council/camden,9639,21/12/2020 02:48:45 PM
0115EO49057,CAMDEN,3 Pedestrian,1 Male,60+,65,1,3 Slight,01 Crossing Road On Ped Xing,3 From Drivers O/Side,1 Pedestrian,"YORK WAY, J/W EUSTON ROAD",1,22/12/2015 06:45:00 PM,Tuesday,18.45,1 TLRN,A,5200,6 Single Cwy,2 30 MPH,9 Other Jun,2 Auto Sig,A,501,5 Pedn Phase At Ats,2 Dark,9 Unknown,1 Road-Dry,0 None,0 None,530320,182980,-0.122619,51.5307,,,Unknown,"(51.5307, -0.122619)",http://opendatacommunities.org/id/london-borough-council/camden,5611,21/12/2020 02:48:37 PM
1180115683,CAMDEN,1 Driver/Rider,1 Male,25-59,32,1,3 Slight,-2 Unknown,-2 N/A,3 Powered 2 Wheeler,KINGSWAY J/W HIGH HOLBORN,2,21/06/2018 07:45:00 AM,Thursday,7.45,3 Bor,A,4200,3 Dual Cwy,2 30 MPH,6 Crossroads,2 Auto Sig,A,40,5 Pedn Phase At Ats,1 Daylight,1 Fine,1 Road-Dry,0 None,0 None,530520,181510,-0.120282,51.517443,,,Unknown,"(51.517443, -0.120282)",http://opendatacommunities.org/id/london-borough-council/camden,8093,21/12/2020 02:48:42 PM
1180134034,CAMDEN,3 Pedestrian,1 Male,25-59,29,1,3 Slight,01 Crossing Road On Ped Xing,3 From Drivers O/Side,1 Pedestrian,HUNTER STREET J/W HANDEL STREET,1,21/09/2018 09:08:00 AM,Friday,9.08,3 Bor,B,504,6 Single Cwy,1 <= 20 MPH,6 Crossroads,4 Give Way/Uncontrolled,Unclassified,0,1 Zebra,1 Daylight,1 Fine,1 Road-Dry,0 None,0 None,530290,182380,-0.123273,51.525315,,,Unknown,"(51.525315, -0.123273)",http://opendatacommunities.org/id/london-borough-council/camden,8343,21/12/2020 02:48:42 PM
0115EK41139,CAMDEN,1 Driver/Rider,1 Male,25-59,32,1,3 Slight,-2 Unknown,-2 N/A,2 Pedal Cycle,MURRAY STREET J/W CAMDEN SQUARE,2,18/12/2015 07:04:00 PM,Friday,19.04,3 Bor,Unclassified,0,6 Single Cwy,2 30 MPH,6 Crossroads,4 Give Way/Uncontrolled,Unclassified,0,0 No Xing Facility In 50m,2 Dark,1 Fine,2 Road-Wet,0 None,0 None,529530,184450,-0.133461,51.544092,,,Unknown,"(51.544092, -0.133461)",http://opendatacommunities.org/id/london-borough-council/camden,5543,21/12/2020 02:48:37 PM
1170036223,CAMDEN,1 Driver/Rider,1 Male,25-59,50,1,3 Slight,-2 Unknown,-2 N/A,3 Powered 2 Wheeler,FITZJOHN'S AVENUE 25M S OF J/W PERRINS LANE,2,05/05/2017 04:20:00 PM,Friday,16.20,3 Bor,B,511,6 Single Cwy,2 30 MPH,0 No Jun In 20m,-2 Not Applicable,-2 Not Applicable,0,9 Unknown (S/R),1 Daylight,9 Unknown,9 Unknown (S/R),0 None,9 Unknown (S/R),526410,185580,-0.178024,51.554954,,,Unknown,"(51.554954, -0.178024)",http://opendatacommunities.org/id/london-borough-council/camden,6947,21/12/2020 02:48:39 PM
1170072835,CAMDEN,3 Pedestrian,2 Female,16-24,20,1,3 Slight,05 Crossing Road (Not On Xing),9 Unknown Or Other,1 Pedestrian,MIDLAND ROAD 30M N OF J/W EUSTON ROAD THE NEAREST CLASSIFIED ROAD,1,25/11/2017 09:30:00 AM,Saturday,9.30,3 Bor,C,0,2 One-Way St,2 30 MPH,0 No Jun In 20m,-2 Not Applicable,-2 Not Applicable,0,5 Pedn Phase At Ats,1 Daylight,1 Fine,1 Road-Dry,0 None,0 None,530058,182832,-0.126449,51.52943,,,Unknown,"(51.52943, -0.126449)",http://opendatacommunities.org/id/london-borough-council/camden,7547,21/12/2020 02:48:41 PM
1160024613,CAMDEN,1 Driver/Rider,1 Male,25-59,46,1,3 Slight,-2 Unknown,-2 N/A,3 Powered 2 Wheeler,FINCHLEY ROAD J/W ALVANLEY GARDENS,2,06/10/2016 02:40:00 PM,Thursday,14.40,1 TLRN,A,41,3 Dual Cwy,3 40 MPH,3 T/Stag Jun,2 Auto Sig,Unclassified,0,5 Pedn Phase At Ats,1 Daylight,1 Fine,1 Road-Dry,0 None,0 None,525710,185300,-0.188215,51.552594,,,Unknown,"(51.552594, -0.188215)",http://opendatacommunities.org/id/london-borough-council/camden,5922,21/12/2020 02:48:38 PM
1180094050,CAMDEN,3 Pedestrian,2 Female,16-24,22,1,3 Slight,10 Unknown,9 Unknown Or Other,1 Pedestrian,RED LION STREET 25M N OF J/W PRESTON STREET,1,04/03/2018 04:08:00 PM,Sunday,16.08,3 Bor,C,0,2 One-Way St,2 30 MPH,0 No Jun In 20m,-2 Not Applicable,-2 Not Applicable,0,9 Unknown (S/R),1 Daylight,1 Fine,1 Road-Dry,0 None,0 None,530720,181800,-0.117293,51.520003,,,Unknown,"(51.520003, -0.117293)",http://opendatacommunities.org/id/london-borough-council/camden,7789,21/12/2020 02:48:41 PM
1170048538,CAMDEN,1 Driver/Rider,1 Male,25-59,27,1,3 Slight,-2 Unknown,-2 N/A,3 Powered 2 Wheeler,CAMDEN STREET 30M S OF J/W KENTISH TOWN ROAD THE NEAREST CLASSIFIE,1,15/07/2017 02:50:00 PM,Saturday,14.50,3 Bor,A,400,2 One-Way St,1 <= 20 MPH,0 No Jun In 20m,-2 Not Applicable,-2 Not Applicable,0,0 No Xing Facility In 50m,1 Daylight,2 Raining,2 Road-Wet,0 None,0 None,529000,184200,-0.141191,51.541967,,,Unknown,"(51.541967, -0.141191)",http://opendatacommunities.org/id/london-borough-council/camden,7154,21/12/2020 02:48:40 PM
1170067895,CAMDEN,1 Driver/Rider,1 Male,25-59,42,1,3 Slight,-2 Unknown,-2 N/A,5 Taxi,SOUTHAMPTON ROW J/W GREAT RUSSELL STREET,2,02/11/2017 05:55:00 PM,Thursday,17.55,3 Bor,A,4200,6 Single Cwy,2 30 MPH,3 T/Stag Jun,2 Auto Sig,C,0,5 Pedn Phase At Ats,2 Dark,1 Fine,1 Road-Dry,0 None,0 None,530360,181790,-0.122483,51.519996,,,Unknown,"(51.519996, -0.122483)",http://opendatacommunities.org/id/london-borough-council/camden,7475,21/12/2020 02:48:40 PM
1180098668,CAMDEN,1 Driver/Rider,1 Male,25-59,35,1,3 Slight,-2 Unknown,-2 N/A,2 Pedal Cycle,EUSTON ROAD J/W CHALTON STREET,2,26/03/2018 06:30:00 AM,Monday,6.30,1 TLRN,A,501,6 Single Cwy,2 30 MPH,3 T/Stag Jun,9 Unknown (S/R),Unclassified,0,9 Unknown (S/R),1 Daylight,1 Fine,1 Road-Dry,0 None,0 None,529900,182690,-0.128777,51.52819,,,Unknown,"(51.52819, -0.128777)",http://opendatacommunities.org/id/london-borough-council/camden,7845,21/12/2020 02:48:41 PM
0116EK40027,CAMDEN,1 Driver/Rider,1 Male,16-24,21,1,3 Slight,-2 Unknown,-2 N/A,3 Powered 2 Wheeler,TOTTENHAM COURT ROAD J/W EUSTON ROAD,2,21/01/2016 01:05:00 AM,Thursday,1.05,1 TLRN,A,400,2 One-Way St,2 30 MPH,6 Crossroads,2 Auto Sig,A,501,5 Pedn Phase At Ats,2 Dark,1 Fine,4 Road-Frost/Ice,0 None,0 None,529240,182320,-0.138422,51.525016,,,Unknown,"(51.525016, -0.138422)",http://opendatacommunities.org/id/london-borough-council/camden,6004,21/12/2020 02:48:38 PM
1170063753,CAMDEN,1 Driver/Rider,1 Male,25-59,36,1,3 Slight,-2 Unknown,-2 N/A,7 Goods Vehicle,FINCHLEY ROAD 21M S OF J/W CANFIELD GARDENS,2,09/10/2017 06:30:00 AM,Monday,6.30,1 TLRN,A,41,3 Dual Cwy,2 30 MPH,0 No Jun In 20m,-2 Not Applicable,-2 Not Applicable,0,0 No Xing Facility In 50m,2 Dark,8 Other,9 Unknown (S/R),0 None,0 None,526340,184660,-0.179363,51.546702,,,Unknown,"(51.546702, -0.179363)",http://opendatacommunities.org/id/london-borough-council/camden,7399,21/12/2020 02:48:40 PM
0116EK40154,CAMDEN,3 Pedestrian,1 Male,25-59,30,1,3 Slight,09 In Road - Not Crossing,9 Unknown Or Other,1 Pedestrian,CAMLEY STREET 178M NORTH OF J/W CEDAR WAY,2,14/03/2016 04:25:00 PM,Monday,16.25,3 Bor,Unclassified,0,6 Single Cwy,1 <= 20 MPH,0 No Jun In 20m,-2 Not Applicable,-2 Not Applicable,0,0 No Xing Facility In 50m,1 Daylight,1 Fine,1 Road-Dry,0 None,0 None,529660,184230,-0.131668,51.542085,,,Unknown,"(51.542085, -0.131668)",http://opendatacommunities.org/id/london-borough-council/camden,6109,21/12/2020 02:48:38 PM
0116EK40496,CAMDEN,1 Driver/Rider,1 Male,25-59,29,1,3 Slight,-2 Unknown,-2 N/A,4 Car,EUSTON ROAD J/W EUSTON SQUARE,2,12/07/2016 01:30:00 PM,Tuesday,13.30,1 TLRN,A,501,3 Dual Cwy,3 40 MPH,6 Crossroads,2 Auto Sig,C,0,5 Pedn Phase At Ats,1 Daylight,1 Fine,1 Road-Dry,0 None,0 None,529580,182470,-0.133469,51.526287,,,Unknown,"(51.526287, -0.133469)",http://opendatacommunities.org/id/london-borough-council/camden,6407,21/12/2020 02:48:38 PM
1180099108,CAMDEN,2 Passenger,2 Female,0-15,0,1,3 Slight,-2 Unknown,-2 N/A,6 Bus Or Coach,PANCRAS ROAD 51M NW OF J/W CHENIES PLACE,1,29/03/2018 05:30:00 PM,Thursday,17.30,3 Bor,A,5202,6 Single Cwy,1 <= 20 MPH,0 No Jun In 20m,-2 Not Applicable,-2 Not Applicable,0,5 Pedn Phase At Ats,1 Daylight,2 Raining,2 Road-Wet,0 None,0 None,529740,183410,-0.130818,51.534698,,,Unknown,"(51.534698, -0.130818)",http://opendatacommunities.org/id/london-borough-council/camden,7854,21/12/2020 02:48:41 PM
1180102261,CAMDEN,1 Driver/Rider,1 Male,16-24,19,1,3 Slight,-2 Unknown,-2 N/A,3 Powered 2 Wheeler,UPPER WOBURN PLACE 50M S OF J/W ENDSLEIGH GARDENS,2,17/04/2018 06:15:00 PM,Tuesday,18.15,3 Bor,A,4200,6 Single Cwy,2 30 MPH,0 No Jun In 20m,-2 Not Applicable,-2 Not Applicable,0,1 Zebra,1 Daylight,1 Fine,1 Road-Dry,0 None,0 None,529840,182470,-0.129723,51.526227,,,Unknown,"(51.526227, -0.129723)",http://opendatacommunities.org/id/london-borough-council/camden,7898,21/12/2020 02:48:41 PM
0115EK40096,CAMDEN,1 Driver/Rider,2 Female,25-59,35,1,2 Serious,-2 Unknown,-2 N/A,2 Pedal Cycle,AVENUE ROAD 101M NW OF J/W ADELAIDE ROAD,2,09/01/2015 06:50:00 AM,Friday,6.50,1 TLRN,A,41,3 Dual Cwy,3 40 MPH,0 No Jun In 20m,-2 Not Applicable,-2 Not Applicable,0,0 No Xing Facility In 50m,2 Dark,1 Fine,1 Road-Dry,0 None,0 None,526720,184210,-0.174048,51.542572,,,Unknown,"(51.542572, -0.174048)",http://opendatacommunities.org/id/london-borough-council/camden,4656,21/12/2020 02:48:35 PM
1190189972,CAMDEN,1 DRIVER/RIDER,2 FEMALE,25-59,25,1,3 SLIGHT,'-2 NOT APPLICABLE,'-2 NOT APPLICABLE,2 PEDAL CYCLE,"On Shaftesbury Avenue, 20 metres south of the junction with Neal Street.",2,27/06/2019 02:54:00 PM,Thursday,14.54,3 BOR,A,401,3 DUAL CWY,30,03 T/STAG JUN,4 GIVE WAY/UNCONTROLLED,A,401,1 ZEBRA,2 DAYLIGHT,1 FINE,2 ROAD-WET,0 NONE,0 NONE,530059,181217,-0.12703,51.514916,,,Unknown,"(51.514916, -0.12703)",http://opendatacommunities.org/id/london-borough-council/camden,9138,21/12/2020 02:48:44 PM
0116EK40605,CAMDEN,1 Driver/Rider,1 Male,25-59,52,1,3 Slight,-2 Unknown,-2 N/A,4 Car,MIDLAND ROAD J/W EUSTON ROAD,2,04/08/2016 09:35:00 PM,Thursday,21.35,1 TLRN,C,0,6 Single Cwy,2 30 MPH,6 Crossroads,2 Auto Sig,A,501,5 Pedn Phase At Ats,2 Dark,9 Unknown,1 Road-Dry,0 None,0 None,530060,182810,-0.126428,51.529232,,,Unknown,"(51.529232, -0.126428)",http://opendatacommunities.org/id/london-borough-council/camden,6485,21/12/2020 02:48:39 PM
0115EK40613,CAMDEN,1 Driver/Rider,1 Male,25-59,40,1,3 Slight,-2 Unknown,-2 N/A,4 Car,CAMDEN ROAD J/W ROYAL COLLEGE STREET,2,15/07/2015 02:50:00 PM,Wednesday,14.50,1 TLRN,A,503,6 Single Cwy,2 30 MPH,6 Crossroads,2 Auto Sig,A,5202,5 Pedn Phase At Ats,1 Daylight,1 Fine,1 Road-Dry,0 None,0 None,529190,184170,-0.138464,51.541654,,,Unknown,"(51.541654, -0.138464)",http://opendatacommunities.org/id/london-borough-council/camden,5096,21/12/2020 02:48:36 PM
1180102272,CAMDEN,1 Driver/Rider,1 Male,25-59,42,1,2 Serious,-2 Unknown,-2 N/A,3 Powered 2 Wheeler,NORTH GOWER STREET J/W EUSTON STREET,2,17/04/2018 06:42:00 PM,Tuesday,18.42,3 Bor,B,522,6 Single Cwy,1 <= 20 MPH,3 T/Stag Jun,4 Give Way/Uncontrolled,Unclassified,0,0 No Xing Facility In 50m,1 Daylight,1 Fine,1 Road-Dry,0 None,0 None,529350,182470,-0.136782,51.526339,,,Unknown,"(51.526339, -0.136782)",http://opendatacommunities.org/id/london-borough-council/camden,7899,21/12/2020 02:48:41 PM
1170063793,CAMDEN,1 Driver/Rider,1 Male,16-24,24,1,3 Slight,-2 Unknown,-2 N/A,2 Pedal Cycle,LOUDOUN ROAD J/W BOUNDARY ROAD,1,28/09/2017 09:47:00 AM,Thursday,9.47,3 Bor,Unclassified,0,6 Single Cwy,2 30 MPH,9 Other Jun,2 Auto Sig,Unclassified,0,9 Unknown (S/R),1 Daylight,2 Raining,1 Road-Dry,0 None,0 None,526420,183920,-0.178475,51.540033,,,Unknown,"(51.540033, -0.178475)",http://opendatacommunities.org/id/london-borough-council/camden,7402,21/12/2020 02:48:40 PM
0115EK40594,CAMDEN,3 Pedestrian,2 Female,25-59,49,1,3 Slight,05 Crossing Road (Not On Xing),1 From Drivers N/Side,1 Pedestrian,"THEOBALD'S ROAD, 23 METRES NE OF JOHN STREET.",1,18/07/2015 12:59:00 PM,Saturday,12.59,3 Bor,A,401,6 Single Cwy,2 30 MPH,0 No Jun In 20m,-2 Not Applicable,-2 Not Applicable,0,0 No Xing Facility In 50m,1 Daylight,1 Fine,1 Road-Dry,0 None,0 None,530910,181930,-0.114508,51.521127,,,Unknown,"(51.521127, -0.114508)",http://opendatacommunities.org/id/london-borough-council/camden,5080,21/12/2020 02:48:36 PM
1170061040,CAMDEN,2 Passenger,1 Male,25-59,44,1,3 Slight,-2 Unknown,-2 N/A,8 Other Vehicle,WOBURN PLACE 25M S OF J/W TAVISTOCK SQUARE,6,26/09/2017 01:19:00 PM,Tuesday,13.19,3 Bor,A,4200,3 Dual Cwy,1 <= 20 MPH,0 No Jun In 20m,-2 Not Applicable,-2 Not Applicable,0,5 Pedn Phase At Ats,1 Daylight,1 Fine,1 Road-Dry,0 None,0 None,529988,182283,-0.12766,51.524512,,,Unknown,"(51.524512, -0.12766)",http://opendatacommunities.org/id/london-borough-council/camden,7346,21/12/2020 02:48:40 PM
1190215299,CAMDEN,3 PEDESTRIAN,1 MALE,16-24,24,1,3 SLIGHT,05 CROSSING ROAD (NOT ON XING),1 FROM DRIVERS N/SIDE,1 PEDESTRIAN,"On KILBURN HIGH ROAD, near the junction with PRIORY PARK ROAD.",1,31/10/2019 05:41:00 PM,Thursday,17.41,3 BOR,A,5,6 SINGLE CWY,20,03 T/STAG JUN,4 GIVE WAY/UNCONTROLLED,6,0,4 PELICAN OR SIMILAR,2 DAYLIGHT,1 FINE,1 ROAD-DRY,0 NONE,0 NONE,525203,183898,-0.196022,51.540107,,,Unknown,"(51.540107, -0.196022)",http://opendatacommunities.org/id/london-borough-council/camden,9481,21/12/2020 02:48:44 PM
1190222052,CAMDEN,3 PEDESTRIAN,2 FEMALE,0-15,5,1,3 SLIGHT,05 CROSSING ROAD (NOT ON XING),9 UNKNOWN OR OTHER,1 PEDESTRIAN,"On EAST HEATH, near the junction with DOWNSHIRE ROAD.",1,01/12/2019 03:40:00 PM,Sunday,15.40,3 BOR,5,0,6 SINGLE CWY,20,03 T/STAG JUN,4 GIVE WAY/UNCONTROLLED,6,0,1 ZEBRA,2 DAYLIGHT,1 FINE,1 ROAD-DRY,0 NONE,0 NONE,527078,185911,-0.168274,51.557779,,,Unknown,"(51.557779, -0.168274)",http://opendatacommunities.org/id/london-borough-council/camden,9569,21/12/2020 02:48:45 PM
1170044462,CAMDEN,3 Pedestrian,2 Female,0-15,7,1,3 Slight,05 Crossing Road (Not On Xing),4 From Drivers O/Side Msk,1 Pedestrian,BASSETT STREET J/W QUEEN'S CRESCENT,1,22/06/2017 05:52:00 PM,Thursday,17.52,3 Bor,Unclassified,0,6 Single Cwy,1 <= 20 MPH,3 T/Stag Jun,4 Give Way/Uncontrolled,Unclassified,0,0 No Xing Facility In 50m,1 Daylight,1 Fine,1 Road-Dry,0 None,0 None,528220,185030,-0.15213,51.549603,,,Unknown,"(51.549603, -0.15213)",http://opendatacommunities.org/id/london-borough-council/camden,7071,21/12/2020 02:48:40 PM
1170064483,CAMDEN,2 Passenger,2 Female,16-24,16,1,3 Slight,-2 Unknown,-2 N/A,6 Bus Or Coach,FINCHLEY ROAD J/W HILGROVE ROAD,2,14/10/2017 10:58:00 AM,Saturday,10.58,1 TLRN,A,41,2 One-Way St,2 30 MPH,6 Crossroads,2 Auto Sig,B,509,5 Pedn Phase At Ats,1 Daylight,1 Fine,1 Road-Dry,0 None,0 None,526630,184100,-0.175384,51.541604,,,Unknown,"(51.541604, -0.175384)",http://opendatacommunities.org/id/london-borough-council/camden,7418,21/12/2020 02:48:40 PM
1180116001,CAMDEN,1 Driver/Rider,1 Male,25-59,25,1,3 Slight,-2 Unknown,-2 N/A,2 Pedal Cycle,HIGHGATE WEST HILL J/W HOLLY LODGE GARDENS,2,22/06/2018 10:29:00 AM,Friday,10.29,3 Bor,C,0,6 Single Cwy,1 <= 20 MPH,3 T/Stag Jun,4 Give Way/Uncontrolled,Unclassified,0,1 Zebra,1 Daylight,1 Fine,2 Road-Wet,0 None,0 None,528058,186966,-0.153761,51.567038,,,Unknown,"(51.567038, -0.153761)",http://opendatacommunities.org/id/london-borough-council/camden,8100,21/12/2020 02:48:42 PM
1190173527,CAMDEN,3 PEDESTRIAN,2 FEMALE,25-59,32,1,2 SERIOUS,05 CROSSING ROAD (NOT ON XING),3 FROM DRIVERS O/SIDE,1 PEDESTRIAN,"On Camden Road, 98 metres west of the junction with Camden Street .. The nearest classified road was the A400",1,05/04/2019 02:45:00 PM,Friday,14.45,1 TLRN,A,503,3 DUAL CWY,20,00 NO JUN IN 20M,,0,0,1 ZEBRA,2 DAYLIGHT,1 FINE,1 ROAD-DRY,0 NONE,0 NONE,529005,183977,-0.141201,51.539961,,,Unknown,"(51.539961, -0.141201)",http://opendatacommunities.org/id/london-borough-council/camden,8910,21/12/2020 02:48:44 PM
0116EK40485,CAMDEN,1 Driver/Rider,1 Male,Unknown,0,1,3 Slight,-2 Unknown,-2 N/A,5 Taxi,FINCHLEY ROAD 67M N OF J/W HILLGORVE ROAD,2,10/07/2016 05:00:00 PM,Sunday,17.00,1 TLRN,A,41,6 Single Cwy,2 30 MPH,0 No Jun In 20m,-2 Not Applicable,-2 Not Applicable,0,0 No Xing Facility In 50m,1 Daylight,1 Fine,1 Road-Dry,0 None,0 None,526640,184170,-0.175215,51.542231,,,Unknown,"(51.542231, -0.175215)",http://opendatacommunities.org/id/london-borough-council/camden,6395,21/12/2020 02:48:38 PM
1180131553,CAMDEN,1 Driver/Rider,1 Male,25-59,28,1,3 Slight,-2 Unknown,-2 N/A,3 Powered 2 Wheeler,YORK WAY 50M N OF J/W EUSTON ROAD,2,09/09/2018 06:42:00 PM,Sunday,18.42,3 Bor,A,5200,2 One-Way St,1 <= 20 MPH,0 No Jun In 20m,-2 Not Applicable,-2 Not Applicable,0,0 No Xing Facility In 50m,1 Daylight,8 Other,1 Road-Dry,0 None,0 None,530330,183040,-0.122453,51.531237,,,Unknown,"(51.531237, -0.122453)",http://opendatacommunities.org/id/london-borough-council/camden,8312,21/12/2020 02:48:42 PM
1180120585,CAMDEN,1 Driver/Rider,1 Male,16-24,20,1,3 Slight,-2 Unknown,-2 N/A,2 Pedal Cycle,EAST HEATH ROAD J/W WELL WALK,2,12/07/2018 03:45:00 PM,Thursday,15.45,3 Bor,C,0,6 Single Cwy,1 <= 20 MPH,3 T/Stag Jun,4 Give Way/Uncontrolled,Unclassified,0,1 Zebra,1 Daylight,1 Fine,1 Road-Dry,0 None,0 None,526790,186140,-0.172344,51.559902,,,Unknown,"(51.559902, -0.172344)",http://opendatacommunities.org/id/london-borough-council/camden,8169,21/12/2020 02:48:42 PM
1180093878,CAMDEN,3 Pedestrian,2 Female,25-59,35,1,3 Slight,01 Crossing Road On Ped Xing,1 From Drivers N/Side,1 Pedestrian,OXFORD STREET J/W CHARING CROSS ROAD,1,03/03/2018 07:20:00 PM,Saturday,19.20,3 Bor,A,40,6 Single Cwy,2 30 MPH,6 Crossroads,2 Auto Sig,A,400,5 Pedn Phase At Ats,2 Dark,2 Raining,2 Road-Wet,0 None,0 None,529824,181376,-0.130356,51.516399,,,Unknown,"(51.516399, -0.130356)",http://opendatacommunities.org/id/london-borough-council/camden,7788,21/12/2020 02:48:41 PM
1190197243,CAMDEN,3 PEDESTRIAN,1 MALE,60+,60,1,3 SLIGHT,04 CROSSING ROAD WITHIN 50M XING,'-2 NOT APPLICABLE,1 PEDESTRIAN,"On Tottenham Court Road, 10 metres south of the junction with University Street.",1,01/08/2019 11:02:00 AM,Thursday,11.02,3 BOR,A,400,3 DUAL CWY,30,06 CROSSROADS,2 AUTO SIG,5,0,5 PEDN PHASE AT ATS,2 DAYLIGHT,1 FINE,1 ROAD-DRY,0 NONE,0 NONE,529380,182075,-0.136495,51.522783,,,Unknown,"(51.522783, -0.136495)",http://opendatacommunities.org/id/london-borough-council/camden,9247,21/12/2020 02:48:44 PM
1180119770,CAMDEN,1 Driver/Rider,1 Male,25-59,53,1,3 Slight,-2 Unknown,-2 N/A,4 Car,EUSTON ROAD 66M E OF J/W CHURCHWAY,2,11/06/2018 02:45:00 PM,Monday,14.45,1 TLRN,A,501,3 Dual Cwy,2 30 MPH,0 No Jun In 20m,-2 Not Applicable,-2 Not Applicable,0,9 Unknown (S/R),1 Daylight,1 Fine,1 Road-Dry,0 None,0 None,529870,182660,-0.129221,51.527928,,,Unknown,"(51.527928, -0.129221)",http://opendatacommunities.org/id/london-borough-council/camden,8155,21/12/2020 02:48:42 PM
0116EK40309,CAMDEN,1 Driver/Rider,1 Male,16-24,24,1,2 Serious,-2 Unknown,-2 N/A,2 Pedal Cycle,LEIGHTON ROAD J/W BARTHOLOMEW ROAD,2,04/05/2016 08:30:00 AM,Wednesday,8.30,3 Bor,C,0,6 Single Cwy,2 30 MPH,3 T/Stag Jun,4 Give Way/Uncontrolled,Unclassified,0,0 No Xing Facility In 50m,1 Daylight,1 Fine,1 Road-Dry,0 None,0 None,529410,185190,-0.134919,51.55077,,,Unknown,"(51.55077, -0.134919)",http://opendatacommunities.org/id/london-borough-council/camden,6244,21/12/2020 02:48:38 PM
1170020043,CAMDEN,3 Pedestrian,1 Male,25-59,36,1,3 Slight,09 In Road - Not Crossing,5 In Rd Not Crossing,1 Pedestrian,CHALK FARM ROAD 50M S OF J/W HAVERSTOCK  HILL NW1 THE NEAREST CLAS,1,21/02/2017 08:30:00 PM,Tuesday,20.30,3 Bor,A,502,6 Single Cwy,1 <= 20 MPH,0 No Jun In 20m,-2 Not Applicable,-2 Not Applicable,0,0 No Xing Facility In 50m,2 Dark,1 Fine,1 Road-Dry,0 None,0 None,528260,184350,-0.151802,51.543483,,,Unknown,"(51.543483, -0.151802)",http://opendatacommunities.org/id/london-borough-council/camden,6698,21/12/2020 02:48:39 PM
1180090170,CAMDEN,2 Passenger,2 Female,60+,70,1,3 Slight,-2 Unknown,-2 N/A,6 Bus Or Coach,KILBURN HIGH ROAD J/W COVENTRY CLOSE,1,14/02/2018 01:23:00 PM,Wednesday,13.23,3 Bor,A,5,3 Dual Cwy,2 30 MPH,3 T/Stag Jun,4 Give Way/Uncontrolled,A,5,0 No Xing Facility In 50m,1 Daylight,2 Raining,2 Road-Wet,0 None,0 None,525470,183550,-0.192299,51.53692,,,Unknown,"(51.53692, -0.192299)",http://opendatacommunities.org/id/london-borough-council/camden,7750,21/12/2020 02:48:41 PM