Reference,London Borough Name,Casualty Class,Casualty Sex,Casualty Age Band,Casualty Age,Number Of Casualties,Casualty Severity,Pedestrian Location,Pedestrian Movement,Mode Of Travel,Attendant Location,Number Of Vehicles,Date,Day,Time,Highway,Road Class 1,Road Number 1,Road Type,Speed Limit,Junction Detail,Junction Control,Road Class 2,Road Number 2,Pedestrian Crossing,Light Condition Band,Weather,Road Surface,Special Conditions,Carriage Way Hazard,Easting,Northing,Longitude,Latitude,Ward Code,Ward Name,Spatial Accuracy,Location,Organisation URI,Socrata ID,Last Uploaded
1180129200,CAMDEN,2 Passenger,1 Male,Unknown,0,1,3 Slight,-2 Unknown,-2 N/A,4 Car,CAMDEN ROAD J/W ST PANCRAS WAY,2,24/08/2018 05:32:00 PM,Friday,17.32,1 TLRN,A,503,6 Single Cwy,2 30 MPH,3 T/Stag Jun,2 Auto Sig,A,5202,5 Pedn Phase At Ats,1 Daylight,1 Fine,1 Road-Dry,0 None,0 None,529254,184302,-0.137493,51.542825,,,Unknown,"(51.542825, -0.137493)",http://opendatacommunities.org/id/london-borough-council/camden,8279,21/12/2020 02:48:42 PM
0115EK40308,CAMDEN,1 Driver/Rider,2 Female,25-59,36,1,3 Slight,-2 Unknown,-2 N/A,2 Pedal Cycle,HIGH HOLBORN J/W RED LION STREET,2,22/04/2015 07:00:00 PM,Wednesday,19.00,3 Bor,A,40,6 Single Cwy,2 30 MPH,3 T/Stag Jun,4 Give Way/Uncontrolled,C,0,4 Pelican Or Similar,1 Daylight,1 Fine,1 Road-Dry,0 None,0 None,530780,181570,-0.116514,51.517922,,,Unknown,"(51.517922, -0.116514)",http://opendatacommunities.org/id/london-borough-council/camden,4829,21/12/2020 02:48:36 PM
1170024772,CAMDEN,1 Driver/Rider,1 Male,25-59,29,1,3 Slight,-2 Unknown,-2 N/A,8 Other Vehicle,KILBURN PRIORY 21M S OF J/W MORTYMER PLACE NW6,2,12/03/2017 11:50:00 AM,Sunday,11.50,3 Bor,C,0,3 Dual Cwy,2 30 MPH,0 No Jun In 20m,-2 Not Applicable,-2 Not Applicable,0,0 No Xing Facility In 50m,1 Daylight,2 Raining,2 Road-Wet,0 None,0 None,525620,183570,-0.19013,51.537066,,,Unknown,"(51.537066, -0.19013)",http://opendatacommunities.org/id/london-borough-council/camden,6772,21/12/2020 02:48:39 PM
0116EK40314,CAMDEN,1 Driver/Rider,1 Male,25-59,36,1,3 Slight,-2 Unknown,-2 N/A,2 Pedal Cycle,CAMDEN ROAD 26M NE OF SANDALL ROAD,2,05/05/2016 10:00:00 AM,Thursday,10.00,1 TLRN,A,503,6 Single Cwy,1 <= 20 MPH,8 Priv Drive,4 Give Way/Uncontrolled,Unclassified,0,0 No Xing Facility In 50m,1 Daylight,1 Fine,1 Road-Dry,0 None,0 None,529530,184640,-0.133391,51.5458,,,Unknown,"(51.5458, -0.133391)",http://opendatacommunities.org/id/london-borough-council/camden,6247,21/12/2020 02:48:38 PM
1190199999,CAMDEN,1 DRIVER/RIDER,1 MALE,25-59,30,1,3 SLIGHT,'-2 NOT APPLICABLE,'-2 NOT APPLICABLE,5 TAXI,"On Upper Woburn Place, near the junction with Woburn Walk.",1,16/08/2019 11:39:00 PM,Friday,23.39,3 BOR,A,4200,3 DUAL CWY,20,06 CROSSROADS,4 GIVE WAY/UNCONTROLLED,6,0,9 UNKNOWN (S/R),2 DAYLIGHT,2 RAINING,2 ROAD-WET,9 UNKNOWN (S/R),9 UNKNOWN (S/R),529814,182522,-0.130078,51.5267,,,Unknown,"(51.5267, -0.130078)",http://opendatacommunities.org/id/london-borough-council/camden,9281,21/12/2020 02:48:44 PM
0115EK40394,CAMDEN,1 Driver/Rider,1 Male,60+,61,1,3 Slight,-2 Unknown,-2 N/A,2 Pedal Cycle,GLOUCESTER AVENUE 64M SE OF J/W PRINCESS ROAD,2,20/05/2015 11:29:00 AM,Wednesday,11.29,3 Bor,Unclassified,0,6 Single Cwy,2 30 MPH,0 No Jun In 20m,-2 Not Applicable,-2 Not Applicable,0,0 No Xing Facility In 50m,1 Daylight,1 Fine,1 Road-Dry,0 None,0 None,528380,183940,-0.150222,51.539771,,,Unknown,"(51.539771, -0.150222)",http://opendatacommunities.org/id/london-borough-council/camden,4894,21/12/2020 02:48:36 PM
0115EK40147,CAMDEN,3 Pedestrian,1 Male,25-59,31,1,3 Slight,04 Crossing Road Within 50m Xing,9 Unknown Or Other,1 Pedestrian,RED LION STREET J/W HIGH HOLBORN,1,01/01/2015 02:15:00 AM,Thursday,2.15,3 Bor,C,0,6 Single Cwy,2 30 MPH,3 T/Stag Jun,4 Give Way/Uncontrolled,A,40,4 Pelican Or Similar,2 Dark,1 Fine,1 Road-Dry,0 None,0 None,530770,181590,-0.116651,51.518104,,,Unknown,"(51.518104, -0.116651)",http://opendatacommunities.org/id/london-borough-council/camden,4694,21/12/2020 02:48:36 PM
0115EK40970,CAMDEN,1 Driver/Rider,1 Male,25-59,30,1,3 Slight,-2 Unknown,-2 N/A,3 Powered 2 Wheeler,FINCHLEY ROAD J/W FORTUNE GREEN ROAD.,2,31/10/2015 03:55:00 PM,Saturday,15.55,1 TLRN,A,41,3 Dual Cwy,3 40 MPH,6 Crossroads,2 Auto Sig,B,510,5 Pedn Phase At Ats,1 Daylight,1 Fine,1 Road-Dry,0 None,0 None,525160,185870,-0.195941,51.557839,,,Unknown,"(51.557839, -0.195941)",http://opendatacommunities.org/id/london-borough-council/camden,5396,21/12/2020 02:48:37 PM
1170013614,CAMDEN,3 Pedestrian,1 Male,16-24,24,1,2 Serious,01 Crossing Road On Ped Xing,1 From Drivers N/Side,1 Pedestrian,HEATH STREET J/W NEW END,1,22/01/2017 09:03:00 PM,Sunday,21.03,3 Bor,A,502,6 Single Cwy,1 <= 20 MPH,9 Other Jun,4 Give Way/Uncontrolled,Unclassified,0,4 Pelican Or Similar,2 Dark,1 Fine,1 Road-Dry,0 None,0 None,526360,186000,-0.178594,51.55874,,,Unknown,"(51.55874, -0.178594)",http://opendatacommunities.org/id/london-borough-council/camden,6608,21/12/2020 02:48:39 PM
1190178479,CAMDEN,1 DRIVER/RIDER,1 MALE,60+,68,1,3 SLIGHT,'-2 NOT APPLICABLE,'-2 NOT APPLICABLE,2 PEDAL CYCLE,"On Montague Street, 25 metres north of the junction with Great Russell Street.",2,01/05/2019 07:00:00 AM,Wednesday,7.00,3 BOR,5,0,6 SINGLE CWY,30,00 NO JUN IN 20M,,0,0,5 PEDN PHASE AT ATS,2 DAYLIGHT,1 FINE,1 ROAD-DRY,0 NONE,0 NONE,530155,181763,-0.125446,51.519801,,,Unknown,"(51.519801, -0.125446)",http://opendatacommunities.org/id/london-borough-council/camden,8970,21/12/2020 02:48:44 PM
1170065820,CAMDEN,3 Pedestrian,2 Female,16-24,17,1,2 Serious,05 Crossing Road (Not On Xing),2 From Drivers N/Side Msk,1 Pedestrian,CAMDEN HIGH STREET 100M S OF J/W PLENDER STREET NW1,1,21/10/2017 08:55:00 PM,Saturday,20.55,1 TLRN,A,502,2 One-Way St,1 <= 20 MPH,0 No Jun In 20m,-2 Not Applicable,-2 Not Applicable,0,0 No Xing Facility In 50m,2 Dark,1 Fine,1 Road-Dry,0 None,0 None,529159,183461,-0.139171,51.535289,,,Unknown,"(51.535289, -0.139171)",http://opendatacommunities.org/id/london-borough-council/camden,7448,21/12/2020 02:48:40 PM
1170057205,CAMDEN,1 Driver/Rider,1 Male,25-59,36,1,2 Serious,-2 Unknown,-2 N/A,3 Powered 2 Wheeler,CAMDEN HIGH STREET 5M S OF J/W PLENDER STREET,2,03/09/2017 02:13:00 PM,Sunday,14.13,1 TLRN,A,502,2 One-Way St,1 <= 20 MPH,3 T/Stag Jun,4 Give Way/Uncontrolled,Unclassified,0,0 No Xing Facility In 50m,1 Daylight,1 Fine,1 Road-Dry,0 None,0 None,529120,183510,-0.139715,51.535738,,,Unknown,"(51.535738, -0.139715)",http://opendatacommunities.org/id/london-borough-council/camden,7290,21/12/2020 02:48:40 PM
1190192575,CAMDEN,1 DRIVER/RIDER,1 MALE,16-24,22,1,3 SLIGHT,'-2 NOT APPLICABLE,'-2 NOT APPLICABLE,3 POWERED 2 WHEELER,"On Euston Road, near the junction with Conway St, Fitzrovia, London W1T 6BQ.",3,09/07/2019 06:00:00 PM,Tuesday,18.00,1 TLRN,A,501,3 DUAL CWY,30,09 OTHER JUN,2 AUTO SIG,6,0,0 NO XING FACILITY IN 50M,2 DAYLIGHT,1 FINE,1 ROAD-DRY,0 NONE,0 NONE,529019,182211,-0.141646,51.524087,,,Unknown,"(51.524087, -0.141646)",http://opendatacommunities.org/id/london-borough-council/camden,9173,21/12/2020 02:48:44 PM
1180116475,CAMDEN,3 Pedestrian,1 Male,0-15,3,1,2 Serious,05 Crossing Road (Not On Xing),1 From Drivers N/Side,1 Pedestrian,VERNON PLACE J/W BLOOMSBURY SQUARE,1,24/06/2018 03:30:00 PM,Sunday,15.30,3 Bor,A,401,6 Single Cwy,1 <= 20 MPH,3 T/Stag Jun,4 Give Way/Uncontrolled,Unclassified,0,0 No Xing Facility In 50m,1 Daylight,1 Fine,1 Road-Dry,0 None,0 None,530420,181650,-0.12167,51.518724,,,Unknown,"(51.518724, -0.12167)",http://opendatacommunities.org/id/london-borough-council/camden,8115,21/12/2020 02:48:42 PM
1190171273,CAMDEN,3 PEDESTRIAN,2 FEMALE,0-15,15,1,3 SLIGHT,10 UNKNOWN OR OTHER,9 UNKNOWN OR OTHER,1 PEDESTRIAN,"On Tottenham Court Road, near the junction with Tottenham Court Road.",1,22/03/2019 08:53:00 PM,Friday,20.53,3 BOR,A,40,3 DUAL CWY,20,09 OTHER JUN,2 AUTO SIG,A,400,0 NO XING FACILITY IN 50M,2 DAYLIGHT,9 UNKNOWN,1 ROAD-DRY,0 NONE,0 NONE,529816,181377,-0.130471,51.51641,,,Unknown,"(51.51641, -0.130471)",http://opendatacommunities.org/id/london-borough-council/camden,8873,21/12/2020 02:48:43 PM
1160024151,CAMDEN,1 Driver/Rider,2 Female,25-59,37,1,3 Slight,-2 Unknown,-2 N/A,3 Powered 2 Wheeler,HAVERSTOCK HILL J/W BELSIZE GROVE,2,31/10/2016 01:06:00 PM,Monday,13.06,3 Bor,A,502,6 Single Cwy,1 <= 20 MPH,3 T/Stag Jun,4 Give Way/Uncontrolled,Unclassified,0,0 No Xing Facility In 50m,1 Daylight,1 Fine,1 Road-Dry,0 None,0 None,527430,185010,-0.163525,51.549602,,,Unknown,"(51.549602, -0.163525)",http://opendatacommunities.org/id/london-borough-council/camden,5879,21/12/2020 02:48:38 PM
0115EK40887,CAMDEN,1 Driver/Rider,1 Male,25-59,35,1,3 Slight,-2 Unknown,-2 N/A,2 Pedal Cycle,ROYAL COLLEGE STREET J/W PLENDER STREET.,2,02/10/2015 11:28:00 PM,Friday,23.28,3 Bor,A,5202,2 One-Way St,1 <= 20 MPH,3 T/Stag Jun,4 Give Way/Uncontrolled,Unclassified,0,1 Zebra,2 Dark,1 Fine,2 Road-Wet,0 None,0 None,529450,183710,-0.134886,51.53746,,,Unknown,"(51.53746, -0.134886)",http://opendatacommunities.org/id/london-borough-council/camden,5330,21/12/2020 02:48:37 PM
0115EK40978,CAMDEN,2 Passenger,1 Male,16-24,18,1,3 Slight,-2 Unknown,-2 N/A,4 Car,CAMDEN ROAD J/W ST PANCRAS WAY.,2,04/11/2015 08:40:00 PM,Wednesday,20.40,1 TLRN,A,503,6 Single Cwy,2 30 MPH,6 Crossroads,2 Auto Sig,A,5202,5 Pedn Phase At Ats,2 Dark,1 Fine,2 Road-Wet,0 None,0 None,529260,184300,-0.137408,51.542806,,,Unknown,"(51.542806, -0.137408)",http://opendatacommunities.org/id/london-borough-council/camden,5407,21/12/2020 02:48:37 PM
1170054078,CAMDEN,1 Driver/Rider,1 Male,25-59,27,1,3 Slight,-2 Unknown,-2 N/A,3 Powered 2 Wheeler,SHAFTESBURY AVENUE J/W STACEY STREET,2,16/08/2017 10:09:00 AM,Wednesday,10.09,3 Bor,A,401,6 Single Cwy,1 <= 20 MPH,3 T/Stag Jun,4 Give Way/Uncontrolled,Unclassified,0,0 No Xing Facility In 50m,1 Daylight,1 Fine,1 Road-Dry,0 None,0 None,529980,181120,-0.128204,51.514063,,,Unknown,"(51.514063, -0.128204)",http://opendatacommunities.org/id/london-borough-council/camden,7252,21/12/2020 02:48:40 PM
1170057352,CAMDEN,3 Pedestrian,2 Female,60+,62,1,3 Slight,04 Crossing Road Within 50m Xing,3 From Drivers O/Side,1 Pedestrian,GRAFTON ROAD 25M N OF J/W PRINCE OF WALES ROAD,1,05/09/2017 11:40:00 AM,Tuesday,11.40,3 Bor,C,0,6 Single Cwy,1 <= 20 MPH,0 No Jun In 20m,-2 Not Applicable,-2 Not Applicable,0,5 Pedn Phase At Ats,1 Daylight,1 Fine,1 Road-Dry,0 None,0 None,528740,184800,-0.144719,51.547418,,,Unknown,"(51.547418, -0.144719)",http://opendatacommunities.org/id/london-borough-council/camden,7292,21/12/2020 02:48:40 PM
1180111192,CAMDEN,1 Driver/Rider,2 Female,25-59,25,1,3 Slight,-2 Unknown,-2 N/A,2 Pedal Cycle,GRAYS INN ROAD 23M S OF J/W GUILFORD STREET,2,30/05/2018 08:35:00 AM,Wednesday,8.35,3 Bor,A,5200,3 Dual Cwy,2 30 MPH,0 No Jun In 20m,-2 Not Applicable,-2 Not Applicable,0,5 Pedn Phase At Ats,1 Daylight,1 Fine,2 Road-Wet,0 None,0 None,530814,182270,-0.115765,51.524205,,,Unknown,"(51.524205, -0.115765)",http://opendatacommunities.org/id/london-borough-council/camden,8037,21/12/2020 02:48:42 PM
1180097554,CAMDEN,3 Pedestrian,2 Female,16-24,17,1,3 Slight,05 Crossing Road (Not On Xing),9 Unknown Or Other,1 Pedestrian,FITZJOHN'S AVENUE 50M S OF J/W NUTTLEY TERRACE THE NEAREST CLASSIF,1,21/03/2018 05:50:00 AM,Wednesday,5.50,3 Bor,B,511,6 Single Cwy,1 <= 20 MPH,0 No Jun In 20m,-2 Not Applicable,-2 Not Applicable,0,0 No Xing Facility In 50m,1 Daylight,1 Fine,1 Road-Dry,0 None,0 None,526570,185040,-0.175911,51.550065,,,Unknown,"(51.550065, -0.175911)",http://opendatacommunities.org/id/london-borough-council/camden,7828,21/12/2020 02:48:41 PM
1160024352,CAMDEN,1 Driver/Rider,1 Male,25-59,31,1,3 Slight,-2 Unknown,-2 N/A,2 Pedal Cycle,TAVISTOCK PLACE J/W HERBRAND STREET,2,19/10/2016 07:07:00 PM,Wednesday,19.07,3 Bor,C,0,2 One-Way St,1 <= 20 MPH,3 T/Stag Jun,4 Give Way/Uncontrolled,Unclassified,0,0 No Xing Facility In 50m,2 Dark,1 Fine,1 Road-Dry,0 None,0 None,530050,182360,-0.126738,51.52519,,,Unknown,"(51.52519, -0.126738)",http://opendatacommunities.org/id/london-borough-council/camden,5887,21/12/2020 02:48:38 PM
0115EK40201,CAMDEN,3 Pedestrian,1 Male,0-15,2,1,3 Slight,04 Crossing Road Within 50m Xing,1 From Drivers N/Side,1 Pedestrian,KENTISH TOWN ROAD J/W CAVERSHAM ROAD,1,13/03/2015 03:50:00 PM,Friday,15.50,3 Bor,A,400,6 Single Cwy,2 30 MPH,3 T/Stag Jun,4 Give Way/Uncontrolled,Unclassified,0,4 Pelican Or Similar,1 Daylight,1 Fine,1 Road-Dry,0 None,0 None,528980,184950,-0.141205,51.548711,,,Unknown,"(51.548711, -0.141205)",http://opendatacommunities.org/id/london-borough-council/camden,4739,21/12/2020 02:48:36 PM
1170018278,CAMDEN,1 Driver/Rider,2 Female,25-59,53,1,3 Slight,-2 Unknown,-2 N/A,4 Car,ARKWRIGHT ROAD 50M W OF J/W FROGNAL,2,14/02/2017 10:41:00 AM,Tuesday,10.41,3 Bor,Unclassified,0,6 Single Cwy,1 <= 20 MPH,0 No Jun In 20m,-2 Not Applicable,-2 Not Applicable,0,0 No Xing Facility In 50m,1 Daylight,1 Fine,1 Road-Dry,0 None,0 None,526200,185170,-0.181198,51.551316,,,Unknown,"(51.551316, -0.181198)",http://opendatacommunities.org/id/london-borough-council/camden,6669,21/12/2020 02:48:39 PM
1190201023,CAMDEN,1 DRIVER/RIDER,1 MALE,25-59,49,1,3 SLIGHT,'-2 NOT APPLICABLE,'-2 NOT APPLICABLE,3 POWERED 2 WHEELER,Location uncertain Shaftesbury Avenue,3,22/08/2019 06:40:00 PM,Thursday,18.40,3 BOR,A,401,9 UNKNOWN,30,05 SLIP ROAD,9 UNKNOWN (S/R),B,404,9 UNKNOWN (S/R),2 DAYLIGHT,9 UNKNOWN,9 UNKNOWN (S/R),9 UNKNOWN (S/R),9 UNKNOWN (S/R),530037,181239,-0.127339,51.515119,,,Unknown,"(51.515119, -0.127339)",http://opendatacommunities.org/id/london-borough-council/camden,9292,21/12/2020 02:48:44 PM
1170037058,CAMDEN,1 Driver/Rider,1 Male,25-59,31,1,3 Slight,-2 Unknown,-2 N/A,2 Pedal Cycle,HIGH HOLBORN J/W GRAPE STREET,2,08/05/2017 11:50:00 AM,Monday,11.50,3 Bor,B,401,9 Unknown,2 30 MPH,3 T/Stag Jun,9 Unknown (S/R),Unclassified,0,9 Unknown (S/R),1 Daylight,4 Fine/High Winds,9 Unknown (S/R),0 None,9 Unknown (S/R),530160,181340,-0.12553,51.515998,,,Unknown,"(51.515998, -0.12553)",http://opendatacommunities.org/id/london-borough-council/camden,6954,21/12/2020 02:48:39 PM
0115EK40971,CAMDEN,1 Driver/Rider,2 Female,16-24,23,1,3 Slight,-2 Unknown,-2 N/A,4 Car,"GREVILLE PLACE, 90 METRES SW OF GREVILLE ROAD.",3,31/10/2015 11:30:00 AM,Saturday,11.30,3 Bor,Unclassified,0,6 Single Cwy,2 30 MPH,0 No Jun In 20m,-2 Not Applicable,-2 Not Applicable,0,0 No Xing Facility In 50m,1 Daylight,1 Fine,1 Road-Dry,0 None,0 None,525800,183370,-0.187607,51.535229,,,Unknown,"(51.535229, -0.187607)",http://opendatacommunities.org/id/london-borough-council/camden,5397,21/12/2020 02:48:37 PM
1180112918,CAMDEN,1 Driver/Rider,1 Male,16-24,23,1,3 Slight,-2 Unknown,-2 N/A,2 Pedal Cycle,KILBURN HIGH ROAD 25M W OF J/W KILBURN PRIORY,2,08/06/2018 07:08:00 AM,Friday,7.08,3 Bor,A,5,6 Single Cwy,2 30 MPH,0 No Jun In 20m,-2 Not Applicable,-2 Not Applicable,0,0 No Xing Facility In 50m,1 Daylight,1 Fine,1 Road-Dry,0 None,0 None,525580,183420,-0.19076,51.535727,,,Unknown,"(51.535727, -0.19076)",http://opendatacommunities.org/id/london-borough-council/camden,8059,21/12/2020 02:48:42 PM
1180115839,CAMDEN,1 Driver/Rider,1 Male,16-24,22,1,3 Slight,-2 Unknown,-2 N/A,3 Powered 2 Wheeler,A41 J/W BURRARD ROAD NW6,2,21/06/2018 04:45:00 PM,Thursday,16.45,1 TLRN,A,41,3 Dual Cwy,3 40 MPH,3 T/Stag Jun,4 Give Way/Uncontrolled,Unclassified,0,0 No Xing Facility In 50m,1 Daylight,1 Fine,1 Road-Dry,0 None,0 None,525330,185620,-0.193579,51.555554,,,Unknown,"(51.555554, -0.193579)",http://opendatacommunities.org/id/london-borough-council/camden,8099,21/12/2020 02:48:42 PM
1180146758,CAMDEN,1 Driver/Rider,1 Male,25-59,38,1,2 Serious,-2 Unknown,-2 N/A,3 Powered 2 Wheeler,EVERSHOLT STREET J/W LIDLINGTON PLACE,2,19/11/2018 10:17:00 PM,Monday,22.17,1 TLRN,A,4200,6 Single Cwy,1 <= 20 MPH,6 Crossroads,2 Auto Sig,A,400,5 Pedn Phase At Ats,2 Dark,2 Raining,2 Road-Wet,0 None,1 Vehicle Load In Cwy,529310,183200,-0.137091,51.532909,,,Unknown,"(51.532909, -0.137091)",http://opendatacommunities.org/id/london-borough-council/camden,8537,21/12/2020 02:48:43 PM
0116EK40526,CAMDEN,2 Passenger,1 Male,25-59,57,1,3 Slight,-2 Unknown,-2 N/A,6 Bus Or Coach,KINGSWAY J/W HIGH HOLBORN,1,20/07/2016 03:46:00 PM,Wednesday,15.46,3 Bor,A,4200,6 Single Cwy,2 30 MPH,6 Crossroads,2 Auto Sig,A,40,5 Pedn Phase At Ats,1 Daylight,8 Other,1 Road-Dry,0 None,0 None,530510,181510,-0.120426,51.517445,,,Unknown,"(51.517445, -0.120426)",http://opendatacommunities.org/id/london-borough-council/camden,6427,21/12/2020 02:48:38 PM
0115EK40139,CAMDEN,3 Pedestrian,2 Female,25-59,38,1,3 Slight,01 Crossing Road On Ped Xing,3 From Drivers O/Side,1 Pedestrian,TOTTENHAM COURT ROAD J/W GOODGE STREET,1,04/01/2015 03:20:00 PM,Sunday,15.20,3 Bor,A,400,6 Single Cwy,2 30 MPH,3 T/Stag Jun,2 Auto Sig,B,506,5 Pedn Phase At Ats,1 Daylight,1 Fine,1 Road-Dry,0 None,0 None,529570,181780,-0.133866,51.520088,,,Unknown,"(51.520088, -0.133866)",http://opendatacommunities.org/id/london-borough-council/camden,4690,21/12/2020 02:48:36 PM
0115EK41130,CAMDEN,1 Driver/Rider,1 Male,25-59,30,1,3 Slight,-2 Unknown,-2 N/A,2 Pedal Cycle,SOUTHAMPTON ROW J/W BLOOMSBURY PLACE.,2,16/12/2015 10:50:00 PM,Wednesday,22.50,3 Bor,A,4200,6 Single Cwy,2 30 MPH,3 T/Stag Jun,4 Give Way/Uncontrolled,C,0,1 Zebra,2 Dark,1 Fine,2 Road-Wet,0 None,0 None,530380,181760,-0.122206,51.519722,,,Unknown,"(51.519722, -0.122206)",http://opendatacommunities.org/id/london-borough-council/camden,5540,21/12/2020 02:48:37 PM
0116EK40299,CAMDEN,1 Driver/Rider,1 Male,60+,65,1,3 Slight,-2 Unknown,-2 N/A,3 Powered 2 Wheeler,HAVERSTOCK HILL J/W ASPERN GROVE,2,29/04/2016 04:08:00 PM,Friday,16.08,3 Bor,A,502,6 Single Cwy,2 30 MPH,3 T/Stag Jun,4 Give Way/Uncontrolled,C,0,1 Zebra,1 Daylight,1 Fine,2 Road-Wet,0 None,0 None,527240,185190,-0.166199,51.551263,,,Unknown,"(51.551263, -0.166199)",http://opendatacommunities.org/id/london-borough-council/camden,6235,21/12/2020 02:48:38 PM
1170051948,CAMDEN,3 Pedestrian,2 Female,25-59,29,1,3 Slight,10 Unknown,9 Unknown Or Other,1 Pedestrian,TAVISTOCK PLACE J/W JUDD STREET,1,03/08/2017 09:03:00 AM,Thursday,9.03,3 Bor,C,0,6 Single Cwy,2 30 MPH,6 Crossroads,2 Auto Sig,B,504,4 Pelican Or Similar,1 Daylight,1 Fine,1 Road-Dry,0 None,0 None,530260,182470,-0.123672,51.52613,,,Unknown,"(51.52613, -0.123672)",http://opendatacommunities.org/id/london-borough-council/camden,7218,21/12/2020 02:48:40 PM
1170042307,CAMDEN,3 Pedestrian,1 Male,16-24,24,1,2 Serious,05 Crossing Road (Not On Xing),9 Unknown Or Other,1 Pedestrian,KINGSWAY J/W PARKER STREET,1,09/06/2017 08:40:00 PM,Friday,20.40,3 Bor,A,4200,3 Dual Cwy,2 30 MPH,3 T/Stag Jun,4 Give Way/Uncontrolled,Unclassified,0,0 No Xing Facility In 50m,1 Daylight,1 Fine,1 Road-Dry,0 None,0 None,530550,181410,-0.119887,51.516537,,,Unknown,"(51.516537, -0.119887)",http://opendatacommunities.org/id/london-borough-council/camden,7030,21/12/2020 02:48:39 PM
1160024716,CAMDEN,3 Pedestrian,1 Male,25-59,27,1,3 Slight,05 Crossing Road (Not On Xing),1 From Drivers N/Side,1 Pedestrian,WINCHESTER ROAD 46M N OF J/W ADELAIDE ROAD,1,12/10/2016 05:05:00 PM,Wednesday,17.05,3 Bor,Unclassified,0,6 Single Cwy,1 <= 20 MPH,0 No Jun In 20m,-2 Not Applicable,-2 Not Applicable,0,0 No Xing Facility In 50m,1 Daylight,1 Fine,1 Road-Dry,0 None,0 None,526880,184200,-0.171745,51.542447,,,Unknown,"(51.542447, -0.171745)",http://opendatacommunities.org/id/london-borough-council/camden,5929,21/12/2020 02:48:38 PM
1180125779,CAMDEN,3 Pedestrian,2 Female,16-24,20,1,2 Serious,01 Crossing Road On Ped Xing,1 From Drivers N/Side,1 Pedestrian,MONTAGUE STREET J/W RUSSELL SQUARE,1,08/08/2018 09:34:00 AM,Wednesday,9.34,3 Bor,C,0,6 Single Cwy,1 <= 20 MPH,3 T/Stag Jun,2 Auto Sig,A,4200,5 Pedn Phase At Ats,1 Daylight,1 Fine,1 Road-Dry,0 None,0 None,530090,181840,-0.126354,51.520508,,,Unknown,"(51.520508, -0.126354)",http://opendatacommunities.org/id/london-borough-council/camden,8228,21/12/2020 02:48:42 PM
1180105811,CAMDEN,2 Passenger,1 Male,25-59,40,1,3 Slight,-2 Unknown,-2 N/A,7 Goods Vehicle,CAMDEN ROAD J/W ROCHESTER SQUARE NW1,2,04/05/2018 11:02:00 AM,Friday,11.02,1 TLRN,A,503,6 Single Cwy,1 <= 20 MPH,3 T/Stag Jun,4 Give Way/Uncontrolled,Unclassified,0,5 Pedn Phase At Ats,1 Daylight,1 Fine,1 Road-Dry,0 None,0 None,529330,184380,-0.136369,51.543509,,,Unknown,"(51.543509, -0.136369)",http://opendatacommunities.org/id/london-borough-council/camden,7956,21/12/2020 02:48:41 PM
1180138517,CAMDEN,1 Driver/Rider,1 Male,25-59,34,1,2 Serious,-2 Unknown,-2 N/A,2 Pedal Cycle,"HAVERSTOCK HILL 92M N OF J/W ADELAIDE ROAD,NW3 THE NEAREST CLASSIF",2,12/10/2018 06:45:00 AM,Friday,6.45,3 Bor,A,502,6 Single Cwy,1 <= 20 MPH,0 No Jun In 20m,-2 Not Applicable,-2 Not Applicable,0,5 Pedn Phase At Ats,2 Dark,1 Fine,1 Road-Dry,0 None,0 None,528130,184430,-0.153646,51.544232,,,Unknown,"(51.544232, -0.153646)",http://opendatacommunities.org/id/london-borough-council/camden,8417,21/12/2020 02:48:43 PM
1190223270,CAMDEN,1 DRIVER/RIDER,2 FEMALE,60+,61,1,2 SERIOUS,'-2 NOT APPLICABLE,'-2 NOT APPLICABLE,2 PEDAL CYCLE,"On Parkhill Road, 30 metres west of the junction with Haverstock Hill .",2,06/12/2019 10:00:00 AM,Friday,10.00,3 BOR,5,0,6 SINGLE CWY,30,00 NO JUN IN 20M,,0,0,0 NO XING FACILITY IN 50M,2 DAYLIGHT,1 FINE,2 ROAD-WET,0 NONE,0 NONE,527769,184953,-0.158659,51.549013,,,Unknown,"(51.549013, -0.158659)",http://opendatacommunities.org/id/london-borough-council/camden,9596,21/12/2020 02:48:45 PM
0116EK40358,CAMDEN,1 Driver/Rider,1 Male,25-59,51,1,3 Slight,-2 Unknown,-2 N/A,3 Powered 2 Wheeler,WOBURN PLACE J/W CORAM STREET,2,22/05/2016 06:00:00 AM,Sunday,6.00,3 Bor,A,4200,6 Single Cwy,2 30 MPH,3 T/Stag Jun,4 Give Way/Uncontrolled,Unclassified,0,0 No Xing Facility In 50m,1 Daylight,1 Fine,1 Road-Dry,0 None,0 None,530040,182210,-0.126937,51.523844,,,Unknown,"(51.523844, -0.126937)",http://opendatacommunities.org/id/london-borough-council/camden,6284,21/12/2020 02:48:38 PM
1180083383,CAMDEN,1 Driver/Rider,1 Male,25-59,31,1,3 Slight,-2 Unknown,-2 N/A,3 Powered 2 Wheeler,SAINT CHAD'S STREET J/W GRAYS INN ROAD,2,13/01/2018 06:40:00 PM,Saturday,18.40,1 TLRN,A,501,7 Slip Rd,2 30 MPH,6 Crossroads,2 Auto Sig,A,501,5 Pedn Phase At Ats,2 Dark,1 Fine,1 Road-Dry,0 None,0 None,530440,182920,-0.120912,51.530133,,,Unknown,"(51.530133, -0.120912)",http://opendatacommunities.org/id/london-borough-council/camden,7665,21/12/2020 02:48:41 PM