Reference,London Borough Name,Casualty Class,Casualty Sex,Casualty Age Band,Casualty Age,Number Of Casualties,Casualty Severity,Pedestrian Location,Pedestrian Movement,Mode Of Travel,Attendant Location,Number Of Vehicles,Date,Day,Time,Highway,Road Class 1,Road Number 1,Road Type,Speed Limit,Junction Detail,Junction Control,Road Class 2,Road Number 2,Pedestrian Crossing,Light Condition Band,Weather,Road Surface,Special Conditions,Carriage Way Hazard,Easting,Northing,Longitude,Latitude,Ward Code,Ward Name,Spatial Accuracy,Location,Organisation URI,Socrata ID,Last Uploaded
1180143161,CAMDEN,1 Driver/Rider,2 Female,25-59,28,1,2 Serious,-2 Unknown,-2 N/A,2 Pedal Cycle,JAMESTOWN ROAD 20M W OF J/W CAMDEN HIGH ROAD,3,03/11/2018 04:20:00 PM,Saturday,16.20,3 Bor,C,0,6 Single Cwy,1 <= 20 MPH,6 Crossroads,2 Auto Sig,A,502,5 Pedn Phase At Ats,1 Daylight,1 Fine,1 Road-Dry,0 None,0 None,528750,184030,-0.144856,51.540496,,,Unknown,"(51.540496, -0.144856)",http://opendatacommunities.org/id/london-borough-council/camden,8490,21/12/2020 02:48:43 PM
1170061084,CAMDEN,3 Pedestrian,2 Female,25-59,56,1,3 Slight,01 Crossing Road On Ped Xing,9 Unknown Or Other,1 Pedestrian,GRAYS INN ROAD J/W BIRKENHEAD STREET,1,26/09/2017 11:03:00 PM,Tuesday,23.03,1 TLRN,A,501,3 Dual Cwy,2 30 MPH,7 Multi Jun,4 Give Way/Uncontrolled,A,501,4 Pelican Or Similar,2 Dark,1 Fine,1 Road-Dry,0 None,0 None,530330,182960,-0.122482,51.530518,,,Unknown,"(51.530518, -0.122482)",http://opendatacommunities.org/id/london-borough-council/camden,7350,21/12/2020 02:48:40 PM
1180153084,CAMDEN,1 Driver/Rider,1 Male,16-24,21,1,3 Slight,-2 Unknown,-2 N/A,4 Car,FINCHLEY ROAD 33M N OF J/W PLATT'S LANE,3,19/12/2018 04:42:00 AM,Wednesday,4.42,1 TLRN,A,41,3 Dual Cwy,2 30 MPH,0 No Jun In 20m,-2 Not Applicable,-2 Not Applicable,0,4 Pelican Or Similar,2 Dark,2 Raining,2 Road-Wet,0 None,0 None,525160,185900,-0.195931,51.558108,,,Unknown,"(51.558108, -0.195931)",http://opendatacommunities.org/id/london-borough-council/camden,8628,21/12/2020 02:48:43 PM
1180116700,CAMDEN,1 Driver/Rider,2 Female,25-59,29,1,2 Serious,-2 Unknown,-2 N/A,2 Pedal Cycle,AVENUE ROAD J/W ST EDMUNDS TERRACE,2,25/06/2018 07:04:00 PM,Monday,19.04,3 Bor,B,525,6 Single Cwy,2 30 MPH,6 Crossroads,4 Give Way/Uncontrolled,B,525,0 No Xing Facility In 50m,1 Daylight,8 Other,1 Road-Dry,0 None,0 None,527360,183480,-0.165088,51.535868,,,Unknown,"(51.535868, -0.165088)",http://opendatacommunities.org/id/london-borough-council/camden,8120,21/12/2020 02:48:42 PM
0115EK40685,CAMDEN,2 Passenger,1 Male,Unknown,0,1,3 Slight,-2 Unknown,-2 N/A,4 Car,THEOBALD'S ROAD J/W GRAY'S INN ROAD,2,09/08/2015 05:50:00 AM,Sunday,5.50,3 Bor,A,401,6 Single Cwy,2 30 MPH,6 Crossroads,2 Auto Sig,A,5200,5 Pedn Phase At Ats,1 Daylight,1 Fine,1 Road-Dry,0 None,0 None,530980,181970,-0.113485,51.521471,,,Unknown,"(51.521471, -0.113485)",http://opendatacommunities.org/id/london-borough-council/camden,5160,21/12/2020 02:48:36 PM
1190221132,CAMDEN,1 DRIVER/RIDER,1 MALE,25-59,31,1,3 SLIGHT,'-2 NOT APPLICABLE,'-2 NOT APPLICABLE,9 PRIVATE HIRE,"On Tottenham Court Road, near the junction with Oxford Street.",2,27/11/2019 01:29:00 PM,Wednesday,13.29,3 BOR,A,400,6 SINGLE CWY,20,06 CROSSROADS,2 AUTO SIG,A,40,4 PELICAN OR SIMILAR,2 DAYLIGHT,2 RAINING,2 ROAD-WET,0 NONE,0 NONE,529820,181381,-0.130412,51.516445,,,Unknown,"(51.516445, -0.130412)",http://opendatacommunities.org/id/london-borough-council/camden,9554,21/12/2020 02:48:45 PM
1160015048,CAMDEN,1 Driver/Rider,1 Male,25-59,53,1,3 Slight,-2 Unknown,-2 N/A,4 Car,GUILFORD STREET J/W DOUGHTY STREET,2,19/11/2016 05:00:00 PM,Saturday,17.00,3 Bor,B,502,6 Single Cwy,2 30 MPH,6 Crossroads,4 Give Way/Uncontrolled,Unclassified,0,1 Zebra,2 Dark,9 Unknown,9 Unknown (S/R),9 Unknown (S/R),9 Unknown (S/R),530730,182260,-0.116979,51.524135,,,Unknown,"(51.524135, -0.116979)",http://opendatacommunities.org/id/london-borough-council/camden,5868,21/12/2020 02:48:38 PM
1180149291,CAMDEN,3 Pedestrian,1 Male,25-59,52,1,3 Slight,04 Crossing Road Within 50m Xing,3 From Drivers O/Side,1 Pedestrian,NEW OXFORD STREET 20M W OF J/W COPTIC STREET,1,01/12/2018 04:30:00 PM,Saturday,16.30,3 Bor,A,40,6 Single Cwy,1 <= 20 MPH,7 Multi Jun,2 Auto Sig,C,0,5 Pedn Phase At Ats,2 Dark,1 Fine,2 Road-Wet,0 None,0 None,530114,181456,-0.12615,51.517051,,,Unknown,"(51.517051, -0.12615)",http://opendatacommunities.org/id/london-borough-council/camden,8577,21/12/2020 02:48:43 PM
1190215334,CAMDEN,1 DRIVER/RIDER,1 MALE,25-59,54,1,3 SLIGHT,'-2 NOT APPLICABLE,'-2 NOT APPLICABLE,4 CAR,"On Tottenham Court Road, 100 metres north of the junction with Torrington Place.",2,01/11/2019 03:46:00 AM,Friday,3.46,3 BOR,A,400,6 SINGLE CWY,30,00 NO JUN IN 20M,,0,0,0 NO XING FACILITY IN 50M,1 DARK,2 RAINING,2 ROAD-WET,4 ROADWORKS,0 NONE,529459,181952,-0.135402,51.521659,,,Unknown,"(51.521659, -0.135402)",http://opendatacommunities.org/id/london-borough-council/camden,9483,21/12/2020 02:48:44 PM
1180090122,CAMDEN,1 Driver/Rider,1 Male,25-59,45,1,3 Slight,-2 Unknown,-2 N/A,4 Car,EUSTON ROAD J/W EVERSHOLT STREET,2,10/02/2018 11:16:00 PM,Saturday,23.16,1 TLRN,A,501,9 Unknown,1 <= 20 MPH,6 Crossroads,9 Unknown (S/R),A,4200,9 Unknown (S/R),1 Daylight,2 Raining,9 Unknown (S/R),9 Unknown (S/R),9 Unknown (S/R),529758,182594,-0.130859,51.52736,,,Unknown,"(51.52736, -0.130859)",http://opendatacommunities.org/id/london-borough-council/camden,7748,21/12/2020 02:48:41 PM
0115EK40184,CAMDEN,2 Passenger,2 Female,25-59,30,1,3 Slight,-2 Unknown,-2 N/A,6 Bus Or Coach,CHESTER ROAD J/W RAYDON STREET,1,05/03/2015 08:28:00 AM,Thursday,8.28,3 Bor,Unclassified,0,6 Single Cwy,2 30 MPH,3 T/Stag Jun,4 Give Way/Uncontrolled,Unclassified,0,0 No Xing Facility In 50m,1 Daylight,1 Fine,1 Road-Dry,0 None,0 None,528740,186640,-0.144046,51.563954,,,Unknown,"(51.563954, -0.144046)",http://opendatacommunities.org/id/london-borough-council/camden,4726,21/12/2020 02:48:36 PM
1190178835,CAMDEN,3 PEDESTRIAN,1 MALE,60+,65,1,3 SLIGHT,01 CROSSING ROAD ON PED XING,1 FROM DRIVERS N/SIDE,1 PEDESTRIAN,"On Whitestone Lane, near the junction with East Heath Road.",1,04/05/2019 12:25:00 PM,Saturday,12.25,3 BOR,A,502,6 SINGLE CWY,20,03 T/STAG JUN,4 GIVE WAY/UNCONTROLLED,5,0,5 PEDN PHASE AT ATS,2 DAYLIGHT,1 FINE,1 ROAD-DRY,0 NONE,0 NONE,526324,186250,-0.179023,51.560995,,,Unknown,"(51.560995, -0.179023)",http://opendatacommunities.org/id/london-borough-council/camden,8979,21/12/2020 02:48:44 PM
0116EK40248,CAMDEN,1 Driver/Rider,2 Female,25-59,32,1,3 Slight,-2 Unknown,-2 N/A,4 Car,MILL LANE J/W FORDWYCH ROAD,3,13/01/2016 08:42:00 AM,Wednesday,8.42,3 Bor,C,0,6 Single Cwy,2 30 MPH,6 Crossroads,4 Give Way/Uncontrolled,Unclassified,0,0 No Xing Facility In 50m,1 Daylight,1 Fine,1 Road-Dry,0 None,0 None,524490,185060,-0.205887,51.550707,,,Unknown,"(51.550707, -0.205887)",http://opendatacommunities.org/id/london-borough-council/camden,6187,21/12/2020 02:48:38 PM
1170026015,CAMDEN,3 Pedestrian,1 Male,25-59,46,1,3 Slight,09 In Road - Not Crossing,8 In Rd Back To Traffic,1 Pedestrian,PARKWAY NW1 50M W OF J/W ALBERT STREET NW1,2,17/03/2017 10:40:00 AM,Friday,10.40,3 Bor,A,4201,2 One-Way St,1 <= 20 MPH,0 No Jun In 20m,-2 Not Applicable,-2 Not Applicable,0,0 No Xing Facility In 50m,1 Daylight,1 Fine,1 Road-Dry,0 None,0 None,528710,183680,-0.145561,51.53736,,,Unknown,"(51.53736, -0.145561)",http://opendatacommunities.org/id/london-borough-council/camden,6789,21/12/2020 02:48:39 PM
1170053544,CAMDEN,3 Pedestrian,1 Male,25-59,28,1,3 Slight,01 Crossing Road On Ped Xing,3 From Drivers O/Side,1 Pedestrian,FITZJOHN'S AVENUE 10M E OF J/W LYNDHURST ROAD,1,13/08/2017 05:43:00 PM,Sunday,17.43,3 Bor,B,511,6 Single Cwy,1 <= 20 MPH,3 T/Stag Jun,4 Give Way/Uncontrolled,Unclassified,0,1 Zebra,1 Daylight,1 Fine,1 Road-Dry,0 None,0 None,526560,185220,-0.17599,51.551685,,,Unknown,"(51.551685, -0.17599)",http://opendatacommunities.org/id/london-borough-council/camden,7239,21/12/2020 02:48:40 PM
1190164429,CAMDEN,1 DRIVER/RIDER,1 MALE,16-24,19,1,3 SLIGHT,'-2 NOT APPLICABLE,'-2 NOT APPLICABLE,3 POWERED 2 WHEELER,"On Plender Street, near the junction with Bayham Street.",2,19/02/2019 07:50:00 PM,Tuesday,19.50,3 BOR,5,0,2 ONE-WAY ST,20,06 CROSSROADS,3 STOP SIGN,6,0,1 ZEBRA,1 DARK,1 FINE,1 ROAD-DRY,0 NONE,0 NONE,529192,183562,-0.138658,51.536189,,,Unknown,"(51.536189, -0.138658)",http://opendatacommunities.org/id/london-borough-council/camden,8793,21/12/2020 02:48:43 PM
0115EK40155,CAMDEN,1 Driver/Rider,1 Male,25-59,32,1,3 Slight,-2 Unknown,-2 N/A,3 Powered 2 Wheeler,CAMDEN STREET J/W PLENDER STREET,2,09/01/2015 08:13:00 AM,Friday,8.13,1 TLRN,A,400,2 One-Way St,2 30 MPH,6 Crossroads,2 Auto Sig,Unclassified,0,5 Pedn Phase At Ats,1 Daylight,1 Fine,2 Road-Wet,0 None,0 None,529320,183630,-0.136789,51.536771,,,Unknown,"(51.536771, -0.136789)",http://opendatacommunities.org/id/london-borough-council/camden,4702,21/12/2020 02:48:36 PM
1190180168,CAMDEN,1 DRIVER/RIDER,1 MALE,25-59,29,1,3 SLIGHT,'-2 NOT APPLICABLE,'-2 NOT APPLICABLE,3 POWERED 2 WHEELER,"On Camden Road, near the junction with Royal College Street.",2,04/05/2019 10:38:00 PM,Saturday,22.38,1 TLRN,A,503,6 SINGLE CWY,30,06 CROSSROADS,2 AUTO SIG,A,5202,5 PEDN PHASE AT ATS,1 DARK,1 FINE,2 ROAD-WET,0 NONE,0 NONE,529205,184187,-0.138242,51.541803,,,Unknown,"(51.541803, -0.138242)",http://opendatacommunities.org/id/london-borough-council/camden,8990,21/12/2020 02:48:44 PM
1180146699,CAMDEN,3 Pedestrian,2 Female,16-24,17,1,2 Serious,01 Crossing Road On Ped Xing,1 From Drivers N/Side,1 Pedestrian,FITZJOHN'S AVENUE J/W BELSIZE LANE,1,19/11/2018 06:50:00 PM,Monday,18.50,3 Bor,B,511,6 Single Cwy,1 <= 20 MPH,3 T/Stag Jun,4 Give Way/Uncontrolled,Unclassified,0,1 Zebra,2 Dark,2 Raining,2 Road-Wet,9 Unknown (S/R),0 None,526590,184600,-0.175781,51.546106,,,Unknown,"(51.546106, -0.175781)",http://opendatacommunities.org/id/london-borough-council/camden,8535,21/12/2020 02:48:43 PM
0116EK40553,CAMDEN,1 Driver/Rider,1 Male,16-24,22,1,3 Slight,-2 Unknown,-2 N/A,4 Car,WICKLOW STREET J/W BRITANNIA STRET,3,31/07/2016 05:00:00 PM,Sunday,17.00,3 Bor,Unclassified,0,2 One-Way St,1 <= 20 MPH,6 Crossroads,4 Give Way/Uncontrolled,Unclassified,0,0 No Xing Facility In 50m,1 Daylight,1 Fine,1 Road-Dry,0 None,0 None,530550,182860,-0.11935,51.529568,,,Unknown,"(51.529568, -0.11935)",http://opendatacommunities.org/id/london-borough-council/camden,6447,21/12/2020 02:48:38 PM
0115EK40965,CAMDEN,1 Driver/Rider,1 Male,16-24,23,1,2 Serious,-2 Unknown,-2 N/A,3 Powered 2 Wheeler,EUSTON ROAD J/W JUDD STREET.,2,31/10/2015 09:29:00 PM,Saturday,21.29,1 TLRN,A,501,3 Dual Cwy,2 30 MPH,6 Crossroads,2 Auto Sig,B,504,0 No Xing Facility In 50m,2 Dark,1 Fine,1 Road-Dry,0 None,0 None,530080,182790,-0.126147,51.529048,,,Unknown,"(51.529048, -0.126147)",http://opendatacommunities.org/id/london-borough-council/camden,5391,21/12/2020 02:48:37 PM
0116EK40098,CAMDEN,1 Driver/Rider,2 Female,25-59,32,1,3 Slight,-2 Unknown,-2 N/A,2 Pedal Cycle,CALTHORPE STREET J/W PHOENIX PLACE,2,22/02/2016 10:00:00 AM,Monday,10.00,3 Bor,B,502,6 Single Cwy,1 <= 20 MPH,6 Crossroads,4 Give Way/Uncontrolled,C,0,0 No Xing Facility In 50m,1 Daylight,2 Raining,2 Road-Wet,0 None,0 None,530910,182410,-0.11433,51.525441,,,Unknown,"(51.525441, -0.11433)",http://opendatacommunities.org/id/london-borough-council/camden,6056,21/12/2020 02:48:38 PM
1170069912,CAMDEN,1 Driver/Rider,2 Female,25-59,28,1,3 Slight,-2 Unknown,-2 N/A,4 Car,JAMESTOWN ROAD 30M E OF J/W OVAL ROAD,1,10/11/2017 12:15:00 AM,Friday,0.15,3 Bor,C,0,9 Unknown,1 <= 20 MPH,0 No Jun In 20m,-2 Not Applicable,-2 Not Applicable,0,0 No Xing Facility In 50m,2 Dark,2 Raining,2 Road-Wet,0 None,0 None,528600,183970,-0.14704,51.539991,,,Unknown,"(51.539991, -0.14704)",http://opendatacommunities.org/id/london-borough-council/camden,7509,21/12/2020 02:48:41 PM
1160000526,CAMDEN,1 Driver/Rider,1 Male,16-24,24,1,3 Slight,-2 Unknown,-2 N/A,3 Powered 2 Wheeler,FINCHLEY ROAD 55M NW OF NETERHALL GARDENS,2,05/11/2016 08:45:00 PM,Saturday,20.45,1 TLRN,A,41,3 Dual Cwy,3 40 MPH,0 No Jun In 20m,-2 Not Applicable,-2 Not Applicable,0,0 No Xing Facility In 50m,2 Dark,1 Fine,1 Road-Dry,0 None,0 None,526230,184800,-0.180898,51.547984,,,Unknown,"(51.547984, -0.180898)",http://opendatacommunities.org/id/london-borough-council/camden,5645,21/12/2020 02:48:37 PM
1190161817,CAMDEN,2 PASSENGER,2 FEMALE,U,,2,3 SLIGHT,'-2 NOT APPLICABLE,'-2 NOT APPLICABLE,4 CAR,"On Finchley Road, 50 metres south of the junction with College Crescent.",1,05/02/2019 06:20:00 PM,Tuesday,18.20,1 TLRN,A,41,1 ROUNDABOUT,30,00 NO JUN IN 20M,,0,0,5 PEDN PHASE AT ATS,1 DARK,2 RAINING,2 ROAD-WET,4 ROADWORKS,0 NONE,526653,184287,-0.174986,51.543279,,,Unknown,"(51.543279, -0.174986)",http://opendatacommunities.org/id/london-borough-council/camden,8763,21/12/2020 02:48:43 PM
0116EK40261,CAMDEN,1 Driver/Rider,1 Male,25-59,26,1,2 Serious,-2 Unknown,-2 N/A,3 Powered 2 Wheeler,CHALK FARM ROAD J/W FERDINAND STREET,2,07/01/2016 12:20:00 AM,Thursday,0.20,3 Bor,A,502,6 Single Cwy,2 30 MPH,3 T/Stag Jun,2 Auto Sig,B,517,5 Pedn Phase At Ats,2 Dark,1 Fine,1 Road-Dry,0 None,0 None,528450,184290,-0.149085,51.542901,,,Unknown,"(51.542901, -0.149085)",http://opendatacommunities.org/id/london-borough-council/camden,6201,21/12/2020 02:48:38 PM
1190182965,CAMDEN,2 PASSENGER,2 FEMALE,60+,75,3,2 SERIOUS,'-2 NOT APPLICABLE,'-2 NOT APPLICABLE,6 BUS OR COACH,"On Kilburn High Road, near the junction with Brondesbury Road.",1,24/05/2019 10:05:00 AM,Friday,10.05,3 BOR,A,5,6 SINGLE CWY,20,03 T/STAG JUN,1 AUTH PERSON,B,451,5 PEDN PHASE AT ATS,2 DAYLIGHT,1 FINE,1 ROAD-DRY,0 NONE,0 NONE,525355,183694,-0.193905,51.53824,,,Unknown,"(51.53824, -0.193905)",http://opendatacommunities.org/id/london-borough-council/camden,9038,21/12/2020 02:48:44 PM
1180154322,CAMDEN,1 Driver/Rider,1 Male,25-59,31,1,3 Slight,-2 Unknown,-2 N/A,4 Car,FINCHLEY ROAD J/W PLATTS LANE,2,25/12/2018 04:01:00 PM,Tuesday,16.01,1 TLRN,A,41,3 Dual Cwy,2 30 MPH,7 Multi Jun,2 Auto Sig,C,0,5 Pedn Phase At Ats,2 Dark,1 Fine,1 Road-Dry,1 Traf Sig Out,0 None,525170,185860,-0.195801,51.557747,,,Unknown,"(51.557747, -0.195801)",http://opendatacommunities.org/id/london-borough-council/camden,8641,21/12/2020 02:48:43 PM
0116EK40013,CAMDEN,2 Passenger,1 Male,60+,69,1,3 Slight,-2 Unknown,-2 N/A,4 Car,FINCHLEY ROAD J/W HILGROVE ROAD,2,23/01/2016 01:10:00 PM,Saturday,13.10,1 TLRN,A,41,3 Dual Cwy,2 30 MPH,6 Crossroads,2 Auto Sig,B,509,5 Pedn Phase At Ats,1 Daylight,1 Fine,1 Road-Dry,0 None,0 None,526630,184100,-0.175384,51.541604,,,Unknown,"(51.541604, -0.175384)",http://opendatacommunities.org/id/london-borough-council/camden,5990,21/12/2020 02:48:38 PM
0115EK41073,CAMDEN,1 Driver/Rider,2 Female,25-59,26,1,3 Slight,-2 Unknown,-2 N/A,4 Car,ROSSLYN HILL J/W POND STREET.,2,29/10/2015 09:33:00 PM,Thursday,21.33,3 Bor,A,502,6 Single Cwy,2 30 MPH,6 Crossroads,2 Auto Sig,B,518,5 Pedn Phase At Ats,2 Dark,1 Fine,1 Road-Dry,0 None,0 None,527030,185400,-0.16915,51.553197,,,Unknown,"(51.553197, -0.16915)",http://opendatacommunities.org/id/london-borough-council/camden,5483,21/12/2020 02:48:37 PM
0115EK41026,CAMDEN,1 Driver/Rider,1 Male,25-59,25,1,3 Slight,-2 Unknown,-2 N/A,7 Goods Vehicle,BLOOMSBURY STREET J/W GREAT RUSSELL STREET.,2,18/11/2015 04:45:00 PM,Wednesday,16.45,3 Bor,A,400,2 One-Way St,2 30 MPH,6 Crossroads,2 Auto Sig,C,0,5 Pedn Phase At Ats,2 Dark,1 Fine,2 Road-Wet,0 None,0 None,530010,181530,-0.12762,51.51774,,,Unknown,"(51.51774, -0.12762)",http://opendatacommunities.org/id/london-borough-council/camden,5447,21/12/2020 02:48:37 PM
0115EK40079,CAMDEN,1 Driver/Rider,1 Male,16-24,21,1,3 Slight,-2 Unknown,-2 N/A,3 Powered 2 Wheeler,WEST END LANE J/W MUTRIX ROAD,2,03/02/2015 10:05:00 PM,Tuesday,22.05,3 Bor,Unclassified,0,6 Single Cwy,2 30 MPH,3 T/Stag Jun,4 Give Way/Uncontrolled,Unclassified,0,0 No Xing Facility In 50m,2 Dark,1 Fine,1 Road-Dry,0 None,0 None,525470,183810,-0.192206,51.539257,,,Unknown,"(51.539257, -0.192206)",http://opendatacommunities.org/id/london-borough-council/camden,4644,21/12/2020 02:48:35 PM
1180148212,CAMDEN,1 Driver/Rider,1 Male,25-59,51,1,3 Slight,-2 Unknown,-2 N/A,2 Pedal Cycle,MORNINGTON PLACE J/W MORNINGTON CRESCENT NW1,2,26/11/2018 05:45:00 PM,Monday,17.45,3 Bor,Unclassified,0,6 Single Cwy,2 30 MPH,9 Other Jun,4 Give Way/Uncontrolled,Unclassified,0,0 No Xing Facility In 50m,2 Dark,1 Fine,1 Road-Dry,0 None,0 None,529070,183270,-0.140523,51.533593,,,Unknown,"(51.533593, -0.140523)",http://opendatacommunities.org/id/london-borough-council/camden,8559,21/12/2020 02:48:43 PM
1180167142,CAMDEN,2 Passenger,1 Male,Unknown,0,1,3 Slight,-2 Unknown,-2 N/A,7 Goods Vehicle,ROYAL COLLEGE ST J/W CROWNDALE ROAD,1,07/11/2018 05:30:00 PM,Wednesday,17.30,3 Bor,A,5202,6 Single Cwy,1 <= 20 MPH,7 Multi Jun,9 Unknown (S/R),B,512,9 Unknown (S/R),2 Dark,1 Fine,1 Road-Dry,0 None,0 None,529567,183501,-0.133277,51.535555,,,Unknown,"(51.535555, -0.133277)",http://opendatacommunities.org/id/london-borough-council/camden,8662,21/12/2020 02:48:43 PM
1190166570,CAMDEN,1 DRIVER/RIDER,1 MALE,0-15,11,1,2 SERIOUS,'-2 NOT APPLICABLE,'-2 NOT APPLICABLE,2 PEDAL CYCLE,"On Bedford Square, near the junction with Gower Street.",2,03/03/2019 12:30:00 PM,Sunday,12.30,3 BOR,A,400,2 ONE-WAY ST,20,09 OTHER JUN,2 AUTO SIG,A,400,5 PEDN PHASE AT ATS,2 DAYLIGHT,2 RAINING,2 ROAD-WET,0 NONE,0 NONE,529866,181749,-0.129614,51.519741,,,Unknown,"(51.519741, -0.129614)",http://opendatacommunities.org/id/london-borough-council/camden,8817,21/12/2020 02:48:43 PM
0115EK40676,CAMDEN,1 Driver/Rider,1 Male,25-59,46,1,3 Slight,-2 Unknown,-2 N/A,2 Pedal Cycle,AVENUE ROAD 100M NW OF ADELAIDE ROAD,2,06/08/2015 09:55:00 AM,Thursday,9.55,1 TLRN,A,41,6 Single Cwy,2 30 MPH,0 No Jun In 20m,-2 Not Applicable,-2 Not Applicable,0,0 No Xing Facility In 50m,1 Daylight,1 Fine,1 Road-Dry,0 None,0 None,526730,184210,-0.173903,51.54257,,,Unknown,"(51.54257, -0.173903)",http://opendatacommunities.org/id/london-borough-council/camden,5149,21/12/2020 02:48:36 PM
1170061609,CAMDEN,3 Pedestrian,1 Male,25-59,32,1,3 Slight,01 Crossing Road On Ped Xing,1 From Drivers N/Side,1 Pedestrian,OXFORD STREET J/W TOTTENHAM COURT ROAD,1,29/09/2017 12:55:00 AM,Friday,0.55,3 Bor,A,40,6 Single Cwy,1 <= 20 MPH,6 Crossroads,2 Auto Sig,A,400,5 Pedn Phase At Ats,2 Dark,1 Fine,1 Road-Dry,0 None,0 None,529800,181370,-0.130704,51.516351,,,Unknown,"(51.516351, -0.130704)",http://opendatacommunities.org/id/london-borough-council/camden,7358,21/12/2020 02:48:40 PM
1170053853,CAMDEN,3 Pedestrian,1 Male,25-59,26,1,3 Slight,01 Crossing Road On Ped Xing,1 From Drivers N/Side,1 Pedestrian,JUDD STREET J/W EUSTON ROAD,1,14/08/2017 09:48:00 AM,Monday,9.48,1 TLRN,B,504,6 Single Cwy,2 30 MPH,9 Other Jun,2 Auto Sig,A,501,5 Pedn Phase At Ats,1 Daylight,1 Fine,1 Road-Dry,9 Unknown (S/R),0 None,530080,182780,-0.126151,51.528958,,,Unknown,"(51.528958, -0.126151)",http://opendatacommunities.org/id/london-borough-council/camden,7245,21/12/2020 02:48:40 PM
0116EK40447,CAMDEN,1 Driver/Rider,1 Male,Unknown,0,1,3 Slight,-2 Unknown,-2 N/A,2 Pedal Cycle,WILD STREET J/W GREAT QUEEN STREET.,2,23/06/2016 08:12:00 AM,Thursday,8.12,3 Bor,Unclassified,0,6 Single Cwy,2 30 MPH,3 T/Stag Jun,4 Give Way/Uncontrolled,B,402,0 No Xing Facility In 50m,1 Daylight,1 Fine,1 Road-Dry,0 None,0 None,530430,181210,-0.121689,51.514768,,,Unknown,"(51.514768, -0.121689)",http://opendatacommunities.org/id/london-borough-council/camden,6358,21/12/2020 02:48:38 PM
1170028203,CAMDEN,1 Driver/Rider,1 Male,25-59,40,1,3 Slight,-2 Unknown,-2 N/A,4 Car,FINCHLEY ROAD J/W HILGROVE ROAD NW8,2,27/03/2017 06:20:00 AM,Monday,6.20,1 TLRN,A,41,3 Dual Cwy,2 30 MPH,6 Crossroads,2 Auto Sig,B,509,4 Pelican Or Similar,2 Dark,1 Fine,1 Road-Dry,0 None,0 None,526630,184100,-0.175384,51.541604,,,Unknown,"(51.541604, -0.175384)",http://opendatacommunities.org/id/london-borough-council/camden,6820,21/12/2020 02:48:39 PM
1170034398,CAMDEN,1 Driver/Rider,1 Male,25-59,40,1,3 Slight,-2 Unknown,-2 N/A,3 Powered 2 Wheeler,EUSTON ROAD J/W MELTON STREET,2,26/04/2017 08:40:00 AM,Wednesday,8.40,1 TLRN,A,501,2 One-Way St,2 30 MPH,3 T/Stag Jun,2 Auto Sig,C,0,5 Pedn Phase At Ats,1 Daylight,1 Fine,1 Road-Dry,0 None,0 None,529560,182460,-0.133761,51.526201,,,Unknown,"(51.526201, -0.133761)",http://opendatacommunities.org/id/london-borough-council/camden,6923,21/12/2020 02:48:39 PM
1160012513,CAMDEN,1 Driver/Rider,1 Male,25-59,36,1,3 Slight,-2 Unknown,-2 N/A,4 Car,"ON EUSTON STREET, 25 METRES NORTH OF THE JUNCTION WITH GOWER STREE",2,03/09/2016 05:15:00 PM,Saturday,17.15,1 TLRN,A,501,6 Single Cwy,2 30 MPH,0 No Jun In 20m,-2 Not Applicable,-2 Not Applicable,0,5 Pedn Phase At Ats,1 Daylight,1 Fine,2 Road-Wet,0 None,0 None,529440,182390,-0.135515,51.5256,,,Unknown,"(51.5256, -0.135515)",http://opendatacommunities.org/id/london-borough-council/camden,5841,21/12/2020 02:48:38 PM
1190196258,CAMDEN,3 PEDESTRIAN,2 FEMALE,25-59,35,1,3 SLIGHT,01 CROSSING ROAD ON PED XING,'-2 NOT APPLICABLE,1 PEDESTRIAN,"On Finchley Road, near the junction with Boundry Road.",1,27/07/2019 02:50:00 PM,Saturday,14.50,1 TLRN,A,41,3 DUAL CWY,30,03 T/STAG JUN,2 AUTO SIG,5,0,5 PEDN PHASE AT ATS,2 DAYLIGHT,1 FINE,2 ROAD-WET,0 NONE,0 NONE,526604,183874,-0.17584,51.539579,,,Unknown,"(51.539579, -0.17584)",http://opendatacommunities.org/id/london-borough-council/camden,9234,21/12/2020 02:48:44 PM
0115EK40064,CAMDEN,3 Pedestrian,2 Female,25-59,25,1,3 Slight,04 Crossing Road Within 50m Xing,3 From Drivers O/Side,1 Pedestrian,BLOOMSBURY WAY J/W BLOOMSBURY SQUARE,1,29/01/2015 11:20:00 PM,Thursday,23.20,3 Bor,A,40,2 One-Way St,2 30 MPH,3 T/Stag Jun,4 Give Way/Uncontrolled,Unclassified,0,4 Pelican Or Similar,2 Dark,1 Fine,3 Road-Snow,0 None,0 None,530340,181590,-0.122845,51.518203,,,Unknown,"(51.518203, -0.122845)",http://opendatacommunities.org/id/london-borough-council/camden,4629,21/12/2020 02:48:35 PM