Reference,London Borough Name,Casualty Class,Casualty Sex,Casualty Age Band,Casualty Age,Number Of Casualties,Casualty Severity,Pedestrian Location,Pedestrian Movement,Mode Of Travel,Attendant Location,Number Of Vehicles,Date,Day,Time,Highway,Road Class 1,Road Number 1,Road Type,Speed Limit,Junction Detail,Junction Control,Road Class 2,Road Number 2,Pedestrian Crossing,Light Condition Band,Weather,Road Surface,Special Conditions,Carriage Way Hazard,Easting,Northing,Longitude,Latitude,Ward Code,Ward Name,Spatial Accuracy,Location,Organisation URI,Socrata ID,Last Uploaded
0115QK50238,CAMDEN,1 Driver/Rider,1 Male,25-59,45,1,3 Slight,-2 Unknown,-2 N/A,3 Powered 2 Wheeler,"KILBURN HIGH ROAD, J/W WILLESDEN LANE",2,30/03/2015 05:56:00 PM,Monday,17.56,3 Bor,A,5,6 Single Cwy,2 30 MPH,3 T/Stag Jun,2 Auto Sig,A,4003,5 Pedn Phase At Ats,1 Daylight,1 Fine,2 Road-Wet,0 None,0 None,525060,184080,-0.198019,51.541774,,,Unknown,"(51.541774, -0.198019)",http://opendatacommunities.org/id/london-borough-council/camden,5618,21/12/2020 02:48:37 PM
1170041930,CAMDEN,1 Driver/Rider,1 Male,25-59,25,1,3 Slight,-2 Unknown,-2 N/A,2 Pedal Cycle,DELANCEY STREET 25M E OF J/W MORNINGTON TERRACE,2,18/05/2017 03:53:00 PM,Thursday,15.53,3 Bor,A,503,6 Single Cwy,2 30 MPH,0 No Jun In 20m,-2 Not Applicable,-2 Not Applicable,0,9 Unknown (S/R),1 Daylight,1 Fine,9 Unknown (S/R),0 None,0 None,528740,183570,-0.145169,51.536364,,,Unknown,"(51.536364, -0.145169)",http://opendatacommunities.org/id/london-borough-council/camden,7024,21/12/2020 02:48:39 PM
1170077822,CAMDEN,1 Driver/Rider,1 Male,25-59,56,1,3 Slight,-2 Unknown,-2 N/A,4 Car,TOTTENHAM COURT ROAD J/W EUSTON ROAD,2,07/12/2017 10:15:00 PM,Thursday,22.15,1 TLRN,A,400,2 One-Way St,2 30 MPH,5 Slip Road,2 Auto Sig,A,501,0 No Xing Facility In 50m,2 Dark,1 Fine,1 Road-Dry,0 None,0 None,529270,182280,-0.138005,51.52465,,,Unknown,"(51.52465, -0.138005)",http://opendatacommunities.org/id/london-borough-council/camden,7610,21/12/2020 02:48:41 PM
1170044896,CAMDEN,1 Driver/Rider,2 Female,25-59,26,1,3 Slight,-2 Unknown,-2 N/A,2 Pedal Cycle,HOWLAND STREET 25M SW OF J/W FITZROY STREET,2,19/06/2017 07:30:00 PM,Monday,19.30,3 Bor,C,0,6 Single Cwy,2 30 MPH,0 No Jun In 20m,-2 Not Applicable,-2 Not Applicable,0,0 No Xing Facility In 50m,1 Daylight,1 Fine,1 Road-Dry,0 None,0 None,529273,181899,-0.138101,51.521225,,,Unknown,"(51.521225, -0.138101)",http://opendatacommunities.org/id/london-borough-council/camden,7079,21/12/2020 02:48:40 PM
1180139058,CAMDEN,1 Driver/Rider,1 Male,16-24,20,1,3 Slight,-2 Unknown,-2 N/A,2 Pedal Cycle,PRIMROSE HILL ROAD J/W ADELAIDE ROAD,2,14/10/2018 10:30:00 PM,Sunday,22.30,3 Bor,C,0,6 Single Cwy,2 30 MPH,6 Crossroads,2 Auto Sig,B,509,4 Pelican Or Similar,2 Dark,2 Raining,2 Road-Wet,0 None,0 None,527510,184340,-0.162615,51.543563,,,Unknown,"(51.543563, -0.162615)",http://opendatacommunities.org/id/london-borough-council/camden,8431,21/12/2020 02:48:43 PM
1180109998,CAMDEN,1 Driver/Rider,1 Male,25-59,26,1,3 Slight,-2 Unknown,-2 N/A,2 Pedal Cycle,CAMDEN HIGH STREET 25M S OF J/W GREENLAND ROAD,2,23/05/2018 07:12:00 AM,Wednesday,7.12,1 TLRN,A,502,6 Single Cwy,2 30 MPH,0 No Jun In 20m,-2 Not Applicable,-2 Not Applicable,0,5 Pedn Phase At Ats,1 Daylight,1 Fine,1 Road-Dry,0 None,0 None,528920,183830,-0.14248,51.53866,,,Unknown,"(51.53866, -0.14248)",http://opendatacommunities.org/id/london-borough-council/camden,8017,21/12/2020 02:48:42 PM
1160005078,CAMDEN,3 Pedestrian,2 Female,25-59,25,1,3 Slight,06 On Footpath - Verge,9 Unknown Or Other,1 Pedestrian,BLOOMSBURY SQUARE J/W BEDFORD PLACE,1,05/12/2016 12:20:00 AM,Monday,0.20,3 Bor,C,0,6 Single Cwy,2 30 MPH,3 T/Stag Jun,4 Give Way/Uncontrolled,Unclassified,0,8 Central Refuge,2 Dark,1 Fine,2 Road-Wet,0 None,0 None,530310,181730,-0.123225,51.519469,,,Unknown,"(51.519469, -0.123225)",http://opendatacommunities.org/id/london-borough-council/camden,5734,21/12/2020 02:48:37 PM
0115EK40234,CAMDEN,3 Pedestrian,2 Female,16-24,23,1,3 Slight,04 Crossing Road Within 50m Xing,4 From Drivers O/Side Msk,1 Pedestrian,FINCHLEY ROAD J/W BURRARD ROAD,1,18/03/2015 07:59:00 AM,Wednesday,7.59,1 TLRN,A,41,6 Single Cwy,2 30 MPH,3 T/Stag Jun,4 Give Way/Uncontrolled,Unclassified,0,4 Pelican Or Similar,1 Daylight,1 Fine,1 Road-Dry,0 None,0 None,525320,185630,-0.19372,51.555646,,,Unknown,"(51.555646, -0.19372)",http://opendatacommunities.org/id/london-borough-council/camden,4763,21/12/2020 02:48:36 PM
1190218351,CAMDEN,1 DRIVER/RIDER,1 MALE,25-59,56,2,3 SLIGHT,'-2 NOT APPLICABLE,'-2 NOT APPLICABLE,4 CAR,"On Langland Gardens (Stop FS), 100 metres south of the junction with Langland Gardens.",2,23/07/2019 07:23:00 AM,Tuesday,7.23,1 TLRN,A,41,6 SINGLE CWY,30,00 NO JUN IN 20M,,0,0,9 UNKNOWN (S/R),2 DAYLIGHT,8 OTHER,1 ROAD-DRY,0 NONE,0 NONE,525947,185199,-0.184835,51.551633,,,Unknown,"(51.551633, -0.184835)",http://opendatacommunities.org/id/london-borough-council/camden,9516,21/12/2020 02:48:44 PM
0115EK40452,CAMDEN,1 Driver/Rider,1 Male,25-59,29,1,3 Slight,-2 Unknown,-2 N/A,7 Goods Vehicle,COLLEGE CRESCENT J/W AVENUE ROAD,2,17/05/2015 11:50:00 PM,Sunday,23.50,1 TLRN,B,511,3 Dual Cwy,3 40 MPH,9 Other Jun,2 Auto Sig,A,41,5 Pedn Phase At Ats,2 Dark,1 Fine,1 Road-Dry,0 None,0 None,526662,184347,-0.174834,51.543817,,,Unknown,"(51.543817, -0.174834)",http://opendatacommunities.org/id/london-borough-council/camden,4947,21/12/2020 02:48:36 PM
1170055311,CAMDEN,1 Driver/Rider,1 Male,25-59,49,1,3 Slight,-2 Unknown,-2 N/A,3 Powered 2 Wheeler,WINCHESTER ROAD NW3 J/W FELLOWS ROAD NW3,2,21/08/2017 05:45:00 PM,Monday,17.45,3 Bor,Unclassified,0,6 Single Cwy,1 <= 20 MPH,3 T/Stag Jun,4 Give Way/Uncontrolled,Unclassified,0,4 Pelican Or Similar,1 Daylight,1 Fine,1 Road-Dry,0 None,0 None,526850,184260,-0.172156,51.542993,,,Unknown,"(51.542993, -0.172156)",http://opendatacommunities.org/id/london-borough-council/camden,7262,21/12/2020 02:48:40 PM
1180116094,CAMDEN,1 Driver/Rider,1 Male,25-59,33,1,3 Slight,-2 Unknown,-2 N/A,2 Pedal Cycle,COLLEGE CRESCENT J/W FINCHLEY ROAD,2,22/06/2018 05:28:00 PM,Friday,17.28,1 TLRN,B,511,6 Single Cwy,2 30 MPH,7 Multi Jun,2 Auto Sig,A,41,4 Pelican Or Similar,1 Daylight,1 Fine,1 Road-Dry,0 None,0 None,526650,184330,-0.175013,51.543667,,,Unknown,"(51.543667, -0.175013)",http://opendatacommunities.org/id/london-borough-council/camden,8104,21/12/2020 02:48:42 PM
1170047469,CAMDEN,3 Pedestrian,2 Female,60+,74,1,3 Slight,05 Crossing Road (Not On Xing),9 Unknown Or Other,1 Pedestrian,DYOTT STREET J/W NEW OXFORD STREET,2,10/07/2017 12:06:00 PM,Monday,12.06,3 Bor,Unclassified,0,2 One-Way St,2 30 MPH,3 T/Stag Jun,4 Give Way/Uncontrolled,A,40,0 No Xing Facility In 50m,1 Daylight,1 Fine,1 Road-Dry,0 None,0 None,530020,181420,-0.127517,51.516749,,,Unknown,"(51.516749, -0.127517)",http://opendatacommunities.org/id/london-borough-council/camden,7136,21/12/2020 02:48:40 PM
1180136692,CAMDEN,1 Driver/Rider,1 Male,25-59,30,1,3 Slight,-2 Unknown,-2 N/A,3 Powered 2 Wheeler,TOTTENHAM COURT ROAD 5M N OF J/W MAPLE STREET,2,03/10/2018 10:00:00 PM,Wednesday,22.00,3 Bor,A,400,3 Dual Cwy,1 <= 20 MPH,6 Crossroads,2 Auto Sig,C,0,5 Pedn Phase At Ats,2 Dark,1 Fine,1 Road-Dry,0 None,0 None,529360,182100,-0.136774,51.523012,,,Unknown,"(51.523012, -0.136774)",http://opendatacommunities.org/id/london-borough-council/camden,8375,21/12/2020 02:48:42 PM
1190213842,CAMDEN,1 DRIVER/RIDER,1 MALE,25-59,44,1,3 SLIGHT,'-2 NOT APPLICABLE,'-2 NOT APPLICABLE,2 PEDAL CYCLE,"On Pentonville Road, near the junction with Pentonville Road.",2,24/10/2019 03:29:00 PM,Thursday,15.29,1 TLRN,A,501,7 SLIP RD,30,05 SLIP ROAD,2 AUTO SIG,A,501,9 UNKNOWN (S/R),2 DAYLIGHT,2 RAINING,2 ROAD-WET,0 NONE,0 NONE,530499,183015,-0.120027,51.530973,,,Unknown,"(51.530973, -0.120027)",http://opendatacommunities.org/id/london-borough-council/camden,9466,21/12/2020 02:48:44 PM
1190222634,CAMDEN,1 DRIVER/RIDER,2 FEMALE,25-59,49,1,3 SLIGHT,'-2 NOT APPLICABLE,'-2 NOT APPLICABLE,2 PEDAL CYCLE,"On Ridgmount Gardens, 25 metres north of the junction with Torrington Place.",2,03/12/2019 02:00:00 PM,Tuesday,14.00,3 BOR,5,0,2 ONE-WAY ST,30,00 NO JUN IN 20M,,0,0,0 NO XING FACILITY IN 50M,2 DAYLIGHT,1 FINE,1 ROAD-DRY,0 NONE,0 NONE,529582,181994,-0.133615,51.522008,,,Unknown,"(51.522008, -0.133615)",http://opendatacommunities.org/id/london-borough-council/camden,9581,21/12/2020 02:48:45 PM
0115EK40934,CAMDEN,1 Driver/Rider,1 Male,25-59,43,1,3 Slight,-2 Unknown,-2 N/A,3 Powered 2 Wheeler,TAVISTOCK SQUARE J/W TAVISTOCK PLACE.,2,21/10/2015 04:15:00 PM,Wednesday,16.15,3 Bor,A,4200,6 Single Cwy,1 <= 20 MPH,6 Crossroads,2 Auto Sig,C,0,5 Pedn Phase At Ats,1 Daylight,2 Raining,2 Road-Wet,0 None,0 None,529960,182310,-0.128053,51.524761,,,Unknown,"(51.524761, -0.128053)",http://opendatacommunities.org/id/london-borough-council/camden,5365,21/12/2020 02:48:37 PM
1170024388,CAMDEN,1 Driver/Rider,1 Male,25-59,41,1,3 Slight,-2 Unknown,-2 N/A,3 Powered 2 Wheeler,FINCHLEY ROAD J/W ARKWRIGHT ROAD,2,10/03/2017 11:00:00 AM,Friday,11.00,1 TLRN,A,41,3 Dual Cwy,2 30 MPH,3 T/Stag Jun,2 Auto Sig,C,0,5 Pedn Phase At Ats,1 Daylight,1 Fine,1 Road-Dry,0 None,0 None,526040,185100,-0.183529,51.550723,,,Unknown,"(51.550723, -0.183529)",http://opendatacommunities.org/id/london-borough-council/camden,6766,21/12/2020 02:48:39 PM
1180108534,CAMDEN,1 Driver/Rider,1 Male,25-59,32,1,3 Slight,-2 Unknown,-2 N/A,2 Pedal Cycle,FORTESS ROAD J/W FALKLAND ROAD,2,17/05/2018 08:05:00 AM,Thursday,8.05,3 Bor,A,400,6 Single Cwy,1 <= 20 MPH,3 T/Stag Jun,4 Give Way/Uncontrolled,A,400,5 Pedn Phase At Ats,1 Daylight,1 Fine,1 Road-Dry,0 None,0 None,528980,185340,-0.141062,51.552216,,,Unknown,"(51.552216, -0.141062)",http://opendatacommunities.org/id/london-borough-council/camden,8001,21/12/2020 02:48:42 PM
0115EK40943,CAMDEN,2 Passenger,2 Female,25-59,54,1,3 Slight,-2 Unknown,-2 N/A,4 Car,HEATH STREET J/W SPANIARDS ROAD.,3,25/10/2015 03:30:00 PM,Sunday,15.30,3 Bor,A,502,6 Single Cwy,2 30 MPH,1 Roundabout,4 Give Way/Uncontrolled,B,519,1 Zebra,1 Daylight,1 Fine,1 Road-Dry,0 None,0 None,526270,186420,-0.179741,51.562534,,,Unknown,"(51.562534, -0.179741)",http://opendatacommunities.org/id/london-borough-council/camden,5375,21/12/2020 02:48:37 PM
0116EK40136,CAMDEN,1 Driver/Rider,1 Male,25-59,43,1,2 Serious,-2 Unknown,-2 N/A,2 Pedal Cycle,WEST END LANE 40M SOUTH J/W SUMATRA ROAD,2,10/03/2016 10:20:00 AM,Thursday,10.20,3 Bor,B,510,6 Single Cwy,1 <= 20 MPH,0 No Jun In 20m,-2 Not Applicable,-2 Not Applicable,0,0 No Xing Facility In 50m,1 Daylight,1 Fine,1 Road-Dry,0 None,0 None,525520,184860,-0.191111,51.548682,,,Unknown,"(51.548682, -0.191111)",http://opendatacommunities.org/id/london-borough-council/camden,6094,21/12/2020 02:48:38 PM
0116EK40589,CAMDEN,1 Driver/Rider,1 Male,25-59,43,1,3 Slight,-2 Unknown,-2 N/A,3 Powered 2 Wheeler,BLOOMSBURY WAY J/W BURY PLACE.,3,14/08/2016 05:00:00 PM,Sunday,17.00,3 Bor,A,40,6 Single Cwy,2 30 MPH,3 T/Stag Jun,2 Auto Sig,Unclassified,0,5 Pedn Phase At Ats,1 Daylight,1 Fine,1 Road-Dry,0 None,0 None,530270,181540,-0.123872,51.51777,,,Unknown,"(51.51777, -0.123872)",http://opendatacommunities.org/id/london-borough-council/camden,6471,21/12/2020 02:48:39 PM
1170075255,CAMDEN,1 Driver/Rider,1 Male,16-24,17,1,3 Slight,-2 Unknown,-2 N/A,3 Powered 2 Wheeler,ROSENDALE WAY 20M S OF J/W BARKER DRIVE,1,04/12/2017 02:55:00 PM,Monday,14.55,3 Bor,Unclassified,0,7 Slip Rd,1 <= 20 MPH,8 Priv Drive,4 Give Way/Uncontrolled,Unclassified,0,0 No Xing Facility In 50m,1 Daylight,1 Fine,2 Road-Wet,0 None,0 None,529510,183960,-0.13393,51.539693,,,Unknown,"(51.539693, -0.13393)",http://opendatacommunities.org/id/london-borough-council/camden,7580,21/12/2020 02:48:41 PM
1170053923,CAMDEN,1 Driver/Rider,2 Female,25-59,44,1,3 Slight,-2 Unknown,-2 N/A,2 Pedal Cycle,EUSTON ROAD J/W CHURCHWAY,2,15/08/2017 04:39:00 PM,Tuesday,16.39,1 TLRN,A,501,6 Single Cwy,2 30 MPH,6 Crossroads,2 Auto Sig,Unclassified,0,5 Pedn Phase At Ats,1 Daylight,1 Fine,1 Road-Dry,0 None,0 None,529830,182640,-0.129804,51.527757,,,Unknown,"(51.527757, -0.129804)",http://opendatacommunities.org/id/london-borough-council/camden,7249,21/12/2020 02:48:40 PM
1180135164,CAMDEN,2 Passenger,2 Female,25-59,43,1,3 Slight,-2 Unknown,-2 N/A,6 Bus Or Coach,CAMDEN ROAD J/W CAMDEN ST,1,26/09/2018 07:10:00 PM,Wednesday,19.10,1 TLRN,A,503,3 Dual Cwy,1 <= 20 MPH,3 T/Stag Jun,2 Auto Sig,A,400,5 Pedn Phase At Ats,2 Dark,1 Fine,1 Road-Dry,0 None,0 None,529080,184020,-0.140104,51.540331,,,Unknown,"(51.540331, -0.140104)",http://opendatacommunities.org/id/london-borough-council/camden,8357,21/12/2020 02:48:42 PM
1190185572,CAMDEN,3 PEDESTRIAN,1 MALE,60+,67,1,3 SLIGHT,05 CROSSING ROAD (NOT ON XING),3 FROM DRIVERS O/SIDE,1 PEDESTRIAN,"On Bisham Gardens, near the junction with Highgate Hill .",1,06/06/2019 02:15:00 PM,Thursday,14.15,3 BOR,B,519,6 SINGLE CWY,20,03 T/STAG JUN,4 GIVE WAY/UNCONTROLLED,6,0,0 NO XING FACILITY IN 50M,2 DAYLIGHT,1 FINE,1 ROAD-DRY,0 NONE,0 NONE,528565,187356,-0.146308,51.570428,,,Unknown,"(51.570428, -0.146308)",http://opendatacommunities.org/id/london-borough-council/camden,9071,21/12/2020 02:48:44 PM
1170026678,CAMDEN,3 Pedestrian,1 Male,0-15,15,1,3 Slight,08 In Centre Of Carriageway,3 From Drivers O/Side,1 Pedestrian,WOODCHURCH ROAD J/W PRIORY ROAD,1,20/03/2017 04:40:00 PM,Monday,16.40,3 Bor,Unclassified,0,6 Single Cwy,1 <= 20 MPH,3 T/Stag Jun,4 Give Way/Uncontrolled,Unclassified,0,0 No Xing Facility In 50m,1 Daylight,1 Fine,1 Road-Dry,0 None,0 None,525660,184230,-0.189318,51.542989,,,Unknown,"(51.542989, -0.189318)",http://opendatacommunities.org/id/london-borough-council/camden,6797,21/12/2020 02:48:39 PM
0115EK40084,CAMDEN,3 Pedestrian,2 Female,25-59,36,1,3 Slight,04 Crossing Road Within 50m Xing,9 Unknown Or Other,1 Pedestrian,NFL- KENTISH TOWN ROAD 38M N OF J/W BARTHOLOMEW ROAD,1,04/02/2015 08:13:00 PM,Wednesday,20.13,3 Bor,A,400,6 Single Cwy,2 30 MPH,0 No Jun In 20m,-2 Not Applicable,-2 Not Applicable,0,1 Zebra,2 Dark,1 Fine,1 Road-Dry,0 None,0 None,528940,184650,-0.141891,51.546024,,,Unknown,"(51.546024, -0.141891)",http://opendatacommunities.org/id/london-borough-council/camden,4648,21/12/2020 02:48:35 PM
1180155704,CAMDEN,1 Driver/Rider,1 Male,25-59,59,1,3 Slight,-2 Unknown,-2 N/A,4 Car,PANCRAS ROAD J/W EUSTON ROAD,2,23/12/2018 12:15:00 PM,Sunday,12.15,1 TLRN,A,5202,3 Dual Cwy,2 30 MPH,7 Multi Jun,2 Auto Sig,A,501,9 Unknown (S/R),1 Daylight,1 Fine,1 Road-Dry,0 None,0 None,530220,182910,-0.124086,51.530094,,,Unknown,"(51.530094, -0.124086)",http://opendatacommunities.org/id/london-borough-council/camden,8657,21/12/2020 02:48:43 PM
1160025004,CAMDEN,1 Driver/Rider,1 Male,Unknown,0,1,3 Slight,-2 Unknown,-2 N/A,5 Taxi,FINCHLEY ROAD 40M S OF J/W PARSIFAL ROAD,2,29/10/2016 09:11:00 PM,Saturday,21.11,1 TLRN,A,41,6 Single Cwy,2 30 MPH,0 No Jun In 20m,-2 Not Applicable,-2 Not Applicable,0,0 No Xing Facility In 50m,2 Dark,1 Fine,1 Road-Dry,0 None,0 None,525430,185540,-0.192166,51.554813,,,Unknown,"(51.554813, -0.192166)",http://opendatacommunities.org/id/london-borough-council/camden,5941,21/12/2020 02:48:38 PM
1170037135,CAMDEN,1 Driver/Rider,1 Male,25-59,32,1,3 Slight,-2 Unknown,-2 N/A,3 Powered 2 Wheeler,CHALK FARM ROAD J/W HARTLAND ROAD,2,12/05/2017 08:20:00 PM,Friday,20.20,3 Bor,A,502,6 Single Cwy,1 <= 20 MPH,3 T/Stag Jun,4 Give Way/Uncontrolled,Unclassified,0,8 Central Refuge,1 Daylight,1 Fine,1 Road-Dry,0 None,0 None,528520,184220,-0.148102,51.542256,,,Unknown,"(51.542256, -0.148102)",http://opendatacommunities.org/id/london-borough-council/camden,6957,21/12/2020 02:48:39 PM
1170034922,CAMDEN,1 Driver/Rider,1 Male,25-59,37,1,3 Slight,-2 Unknown,-2 N/A,3 Powered 2 Wheeler,GOODGE STREET J/W GOODGE PLACE,2,30/04/2017 09:41:00 PM,Sunday,21.41,3 Bor,B,506,6 Single Cwy,1 <= 20 MPH,3 T/Stag Jun,4 Give Way/Uncontrolled,Unclassified,0,0 No Xing Facility In 50m,2 Dark,1 Fine,2 Road-Wet,0 None,0 None,529400,181670,-0.136356,51.519138,,,Unknown,"(51.519138, -0.136356)",http://opendatacommunities.org/id/london-borough-council/camden,6930,21/12/2020 02:48:39 PM
1170056000,CAMDEN,3 Pedestrian,1 Male,60+,61,1,3 Slight,10 Unknown,9 Unknown Or Other,1 Pedestrian,BERNARD STREET J/W MARCHMONT STREET,1,25/08/2017 02:15:00 PM,Friday,14.15,3 Bor,B,504,2 One-Way St,1 <= 20 MPH,3 T/Stag Jun,4 Give Way/Uncontrolled,Unclassified,0,4 Pelican Or Similar,1 Daylight,1 Fine,1 Road-Dry,0 None,0 None,530260,182160,-0.123787,51.523344,,,Unknown,"(51.523344, -0.123787)",http://opendatacommunities.org/id/london-borough-council/camden,7275,21/12/2020 02:48:40 PM
1180125717,CAMDEN,1 Driver/Rider,2 Female,16-24,22,1,3 Slight,-2 Unknown,-2 N/A,2 Pedal Cycle,CALTHORPE STREET J/W PHOENIX PLACE,2,07/08/2018 08:45:00 AM,Tuesday,8.45,3 Bor,B,502,6 Single Cwy,1 <= 20 MPH,7 Multi Jun,4 Give Way/Uncontrolled,C,0,1 Zebra,1 Daylight,1 Fine,1 Road-Dry,3 Road Sign Def,9 Unknown (S/R),530920,182410,-0.114186,51.525439,,,Unknown,"(51.525439, -0.114186)",http://opendatacommunities.org/id/london-borough-council/camden,8227,21/12/2020 02:48:42 PM
0116EK40499,CAMDEN,1 Driver/Rider,1 Male,25-59,37,1,3 Slight,-2 Unknown,-2 N/A,3 Powered 2 Wheeler,GUILFORD STREET J/W GILFORD PLACE,2,13/07/2016 03:14:00 PM,Wednesday,15.14,3 Bor,B,502,6 Single Cwy,2 30 MPH,3 T/Stag Jun,4 Give Way/Uncontrolled,C,0,1 Zebra,1 Daylight,1 Fine,1 Road-Dry,0 None,0 None,530590,182200,-0.119018,51.523628,,,Unknown,"(51.523628, -0.119018)",http://opendatacommunities.org/id/london-borough-council/camden,6410,21/12/2020 02:48:38 PM
1190221155,CAMDEN,3 PEDESTRIAN,2 FEMALE,25-59,26,1,3 SLIGHT,04 CROSSING ROAD WITHIN 50M XING,3 FROM DRIVERS O/SIDE,1 PEDESTRIAN,"On Pentonville Road, near the junction with Kings Cross Road.",1,27/11/2019 02:21:00 PM,Wednesday,14.21,1 TLRN,A,501,2 ONE-WAY ST,20,06 CROSSROADS,2 AUTO SIG,A,501,5 PEDN PHASE AT ATS,2 DAYLIGHT,1 FINE,2 ROAD-WET,0 NONE,0 NONE,530533,183018,-0.119536,51.530992,,,Unknown,"(51.530992, -0.119536)",http://opendatacommunities.org/id/london-borough-council/camden,9555,21/12/2020 02:48:45 PM
0116EK40228,CAMDEN,1 Driver/Rider,1 Male,25-59,50,1,3 Slight,-2 Unknown,-2 N/A,2 Pedal Cycle,OUTER CIRCLE J/W PARK SQUARE EAST,2,19/04/2016 06:10:00 PM,Tuesday,18.10,3 Bor,Unclassified,0,6 Single Cwy,2 30 MPH,6 Crossroads,4 Give Way/Uncontrolled,Unclassified,0,0 No Xing Facility In 50m,1 Daylight,1 Fine,1 Road-Dry,0 None,0 None,528720,182330,-0.14591,51.525225,,,Unknown,"(51.525225, -0.14591)",http://opendatacommunities.org/id/london-borough-council/camden,6171,21/12/2020 02:48:38 PM
1180141423,CAMDEN,1 Driver/Rider,1 Male,25-59,38,1,2 Serious,-2 Unknown,-2 N/A,4 Car,FITZJOHN'S AVENUE 60M S OF J/W NUTLEY TERRACE,5,26/10/2018 10:54:00 AM,Friday,10.54,3 Bor,B,511,3 Dual Cwy,1 <= 20 MPH,0 No Jun In 20m,-2 Not Applicable,-2 Not Applicable,0,0 No Xing Facility In 50m,1 Daylight,8 Other,2 Road-Wet,0 None,0 None,526577,184916,-0.175855,51.548949,,,Unknown,"(51.548949, -0.175855)",http://opendatacommunities.org/id/london-borough-council/camden,8474,21/12/2020 02:48:43 PM
0115EK40073,CAMDEN,1 Driver/Rider,2 Female,25-59,27,1,3 Slight,-2 Unknown,-2 N/A,4 Car,FINCHLEY ROAD J/W ARKWRIGHT ROAD,2,30/01/2015 09:55:00 AM,Friday,9.55,1 TLRN,A,41,6 Single Cwy,2 30 MPH,3 T/Stag Jun,2 Auto Sig,C,0,5 Pedn Phase At Ats,1 Daylight,1 Fine,2 Road-Wet,0 None,0 None,526040,185090,-0.183533,51.550633,,,Unknown,"(51.550633, -0.183533)",http://opendatacommunities.org/id/london-borough-council/camden,4639,21/12/2020 02:48:35 PM
1170053756,CAMDEN,3 Pedestrian,2 Female,60+,65,1,3 Slight,01 Crossing Road On Ped Xing,1 From Drivers N/Side,1 Pedestrian,KENTISH TOWN ROAD 10M S OF J/W ANGLERS LANE,1,14/08/2017 03:50:00 PM,Monday,15.50,3 Bor,A,400,2 One-Way St,1 <= 20 MPH,9 Other Jun,2 Auto Sig,Unclassified,0,5 Pedn Phase At Ats,1 Daylight,1 Fine,1 Road-Dry,0 None,0 None,528960,184800,-0.141548,51.547368,,,Unknown,"(51.547368, -0.141548)",http://opendatacommunities.org/id/london-borough-council/camden,7243,21/12/2020 02:48:40 PM
1170079092,CAMDEN,1 Driver/Rider,1 Male,25-59,35,1,3 Slight,-2 Unknown,-2 N/A,4 Car,SOUTHAMPTON ROW 25M S OF J/W COSMO PLACE,1,17/12/2017 03:15:00 PM,Sunday,15.15,3 Bor,Unclassified,0,6 Single Cwy,1 <= 20 MPH,0 No Jun In 20m,-2 Not Applicable,-2 Not Applicable,0,9 Unknown (S/R),1 Daylight,2 Raining,2 Road-Wet,0 None,0 None,530320,181859,-0.123034,51.520626,,,Unknown,"(51.520626, -0.123034)",http://opendatacommunities.org/id/london-borough-council/camden,7622,21/12/2020 02:48:41 PM
0115EK40421,CAMDEN,1 Driver/Rider,1 Male,25-59,28,1,3 Slight,-2 Unknown,-2 N/A,2 Pedal Cycle,POND STREET J/W HAMPSTEAD HILL GARDENS,2,28/05/2015 08:36:00 AM,Thursday,8.36,3 Bor,B,518,6 Single Cwy,2 30 MPH,3 T/Stag Jun,4 Give Way/Uncontrolled,Unclassified,0,0 No Xing Facility In 50m,1 Daylight,1 Fine,1 Road-Dry,0 None,0 None,527100,185440,-0.168127,51.553541,,,Unknown,"(51.553541, -0.168127)",http://opendatacommunities.org/id/london-borough-council/camden,4914,21/12/2020 02:48:36 PM
0115EK40342,CAMDEN,3 Pedestrian,1 Male,0-15,12,1,3 Slight,01 Crossing Road On Ped Xing,3 From Drivers O/Side,1 Pedestrian,HAMPSTEAD ROAD J/W EUSTON ROAD,1,05/05/2015 04:15:00 PM,Tuesday,16.15,1 TLRN,A,400,3 Dual Cwy,3 40 MPH,6 Crossroads,2 Auto Sig,A,501,5 Pedn Phase At Ats,1 Daylight,4 Fine/High Winds,1 Road-Dry,0 None,0 None,529250,182330,-0.138274,51.525104,,,Unknown,"(51.525104, -0.138274)",http://opendatacommunities.org/id/london-borough-council/camden,4851,21/12/2020 02:48:36 PM
0115EK40564,CAMDEN,1 Driver/Rider,1 Male,Unknown,0,1,3 Slight,-2 Unknown,-2 N/A,4 Car,REGENT'S PARK ROAD J.W FITZROY ROAD,2,17/09/2015 10:55:00 AM,Thursday,10.55,3 Bor,C,0,6 Single Cwy,2 30 MPH,3 T/Stag Jun,4 Give Way/Uncontrolled,Unclassified,0,0 No Xing Facility In 50m,1 Daylight,1 Fine,1 Road-Dry,0 None,0 None,527980,183820,-0.15603,51.538783,,,Unknown,"(51.538783, -0.15603)",http://opendatacommunities.org/id/london-borough-council/camden,5050,21/12/2020 02:48:36 PM