Reference,London Borough Name,Casualty Class,Casualty Sex,Casualty Age Band,Casualty Age,Number Of Casualties,Casualty Severity,Pedestrian Location,Pedestrian Movement,Mode Of Travel,Attendant Location,Number Of Vehicles,Date,Day,Time,Highway,Road Class 1,Road Number 1,Road Type,Speed Limit,Junction Detail,Junction Control,Road Class 2,Road Number 2,Pedestrian Crossing,Light Condition Band,Weather,Road Surface,Special Conditions,Carriage Way Hazard,Easting,Northing,Longitude,Latitude,Ward Code,Ward Name,Spatial Accuracy,Location,Organisation URI,Socrata ID,Last Uploaded
0116EK40555,CAMDEN,1 Driver/Rider,1 Male,25-59,28,1,3 Slight,-2 Unknown,-2 N/A,3 Powered 2 Wheeler,PRINCE OF WALES ROAD J/W CRADDOCK STREET,2,02/08/2016 12:28:00 PM,Tuesday,12.28,3 Bor,C,0,6 Single Cwy,2 30 MPH,3 T/Stag Jun,4 Give Way/Uncontrolled,Unclassified,0,8 Central Refuge,1 Daylight,2 Raining,2 Road-Wet,0 None,0 None,528110,184600,-0.153873,51.545764,,,Unknown,"(51.545764, -0.153873)",http://opendatacommunities.org/id/london-borough-council/camden,6448,21/12/2020 02:48:38 PM
1180146864,CAMDEN,1 Driver/Rider,1 Male,25-59,33,1,3 Slight,-2 Unknown,-2 N/A,3 Powered 2 Wheeler,SHAFTESBURY AVENUE J/W GRAPE STREET,2,20/11/2018 12:45:00 PM,Tuesday,12.45,3 Bor,A,401,2 One-Way St,2 30 MPH,3 T/Stag Jun,4 Give Way/Uncontrolled,Unclassified,0,0 No Xing Facility In 50m,1 Daylight,2 Raining,2 Road-Wet,0 None,0 None,530120,181410,-0.12608,51.516637,,,Unknown,"(51.516637, -0.12608)",http://opendatacommunities.org/id/london-borough-council/camden,8539,21/12/2020 02:48:43 PM
1180102100,CAMDEN,1 Driver/Rider,1 Male,25-59,34,1,3 Slight,-2 Unknown,-2 N/A,3 Powered 2 Wheeler,WEST END LANE J/W WEST END LANE,2,16/04/2018 02:30:00 PM,Monday,14.30,3 Bor,Unclassified,0,6 Single Cwy,1 <= 20 MPH,3 T/Stag Jun,4 Give Way/Uncontrolled,Unclassified,0,1 Zebra,1 Daylight,1 Fine,1 Road-Dry,0 None,0 None,525440,185200,-0.192143,51.551755,,,Unknown,"(51.551755, -0.192143)",http://opendatacommunities.org/id/london-borough-council/camden,7897,21/12/2020 02:48:41 PM
1180122513,CAMDEN,1 Driver/Rider,1 Male,25-59,53,1,2 Serious,-2 Unknown,-2 N/A,2 Pedal Cycle,OUTER CIRCLE 25M N OF J/W CUMBERLAND PLACE,2,22/07/2018 08:10:00 AM,Sunday,8.10,3 Bor,Unclassified,0,6 Single Cwy,2 30 MPH,0 No Jun In 20m,-2 Not Applicable,-2 Not Applicable,0,1 Zebra,1 Daylight,1 Fine,1 Road-Dry,0 None,0 None,528660,182980,-0.146537,51.53108,,,Unknown,"(51.53108, -0.146537)",http://opendatacommunities.org/id/london-borough-council/camden,8192,21/12/2020 02:48:42 PM
1170057495,CAMDEN,1 Driver/Rider,2 Female,25-59,36,1,3 Slight,-2 Unknown,-2 N/A,2 Pedal Cycle,CLERKENWELL ROAD 25M E OF J/W HERBALL HILL,2,30/08/2017 08:30:00 AM,Wednesday,8.30,3 Bor,A,5201,6 Single Cwy,1 <= 20 MPH,0 No Jun In 20m,-2 Not Applicable,-2 Not Applicable,0,1 Zebra,1 Daylight,1 Fine,1 Road-Dry,0 None,0 None,531300,182040,-0.108849,51.522025,,,Unknown,"(51.522025, -0.108849)",http://opendatacommunities.org/id/london-borough-council/camden,7295,21/12/2020 02:48:40 PM
1190198526,CAMDEN,1 DRIVER/RIDER,1 MALE,25-59,54,1,3 SLIGHT,'-2 NOT APPLICABLE,'-2 NOT APPLICABLE,2 PEDAL CYCLE,"On Spaniards Road, 30 metres north of the junction with NORTH END WAY.",2,08/08/2019 04:30:00 PM,Thursday,16.30,3 BOR,B,519,6 SINGLE CWY,30,00 NO JUN IN 20M,,0,0,0 NO XING FACILITY IN 50M,2 DAYLIGHT,1 FINE,1 ROAD-DRY,0 NONE,0 NONE,526501,186943,-0.176222,51.567183,,,Unknown,"(51.567183, -0.176222)",http://opendatacommunities.org/id/london-borough-council/camden,9262,21/12/2020 02:48:44 PM
1190203288,CAMDEN,1 DRIVER/RIDER,1 MALE,25-59,33,3,3 SLIGHT,'-2 NOT APPLICABLE,'-2 NOT APPLICABLE,5 TAXI,Location uncertain Arkwright Road jw Finchley Rd,2,04/09/2019 02:40:00 PM,Wednesday,14.40,1 TLRN,A,41,3 DUAL CWY,30,07 MULTI JUN,2 AUTO SIG,5,0,0 NO XING FACILITY IN 50M,2 DAYLIGHT,1 FINE,1 ROAD-DRY,0 NONE,0 NONE,526020,185119,-0.183811,51.550898,,,Unknown,"(51.550898, -0.183811)",http://opendatacommunities.org/id/london-borough-council/camden,9330,21/12/2020 02:48:44 PM
1190216419,CAMDEN,3 PEDESTRIAN,2 FEMALE,25-59,32,1,3 SLIGHT,01 CROSSING ROAD ON PED XING,'-2 NOT APPLICABLE,1 PEDESTRIAN,"On Euston Road, 20 metres north of the junction with Chalton Street.",1,20/10/2019 07:20:00 AM,Sunday,7.20,3 BOR,6,0,6 SINGLE CWY,30,06 CROSSROADS,9 UNKNOWN (S/R),6,0,9 UNKNOWN (S/R),2 DAYLIGHT,1 FINE,1 ROAD-DRY,0 NONE,0 NONE,529909,182698,-0.128645,51.52826,,,Unknown,"(51.52826, -0.128645)",http://opendatacommunities.org/id/london-borough-council/camden,9497,21/12/2020 02:48:44 PM
1160001299,CAMDEN,1 Driver/Rider,2 Female,25-59,45,1,2 Serious,-2 Unknown,-2 N/A,2 Pedal Cycle,SOUTH VILLAS J/W CAMDEN SQUARE,2,11/11/2016 12:25:00 PM,Friday,12.25,3 Bor,Unclassified,0,3 Dual Cwy,2 30 MPH,3 T/Stag Jun,4 Give Way/Uncontrolled,Unclassified,0,0 No Xing Facility In 50m,1 Daylight,1 Fine,1 Road-Dry,0 None,0 None,529760,184630,-0.13008,51.545657,,,Unknown,"(51.545657, -0.13008)",http://opendatacommunities.org/id/london-borough-council/camden,5663,21/12/2020 02:48:37 PM
1180109119,CAMDEN,2 Passenger,2 Female,16-24,20,1,3 Slight,-2 Unknown,-2 N/A,4 Car,MORNINGTON STREET J/W MORNINGTON TERRACE,2,20/05/2018 12:40:00 AM,Sunday,0.40,3 Bor,Unclassified,0,6 Single Cwy,1 <= 20 MPH,9 Other Jun,4 Give Way/Uncontrolled,Unclassified,0,0 No Xing Facility In 50m,2 Dark,1 Fine,1 Road-Dry,0 None,0 None,528900,183370,-0.142936,51.53453,,,Unknown,"(51.53453, -0.142936)",http://opendatacommunities.org/id/london-borough-council/camden,8008,21/12/2020 02:48:42 PM
1170049060,CAMDEN,1 Driver/Rider,2 Female,60+,65,1,2 Serious,-2 Unknown,-2 N/A,2 Pedal Cycle,GLOUCESTER GATE BRIDGE J/W PRINCE ALBERT STREET,2,18/07/2017 08:46:00 AM,Tuesday,8.46,3 Bor,A,4201,6 Single Cwy,1 <= 20 MPH,9 Other Jun,2 Auto Sig,A,5205,5 Pedn Phase At Ats,1 Daylight,1 Fine,1 Road-Dry,0 None,0 None,528620,183530,-0.146913,51.536032,,,Unknown,"(51.536032, -0.146913)",http://opendatacommunities.org/id/london-borough-council/camden,7161,21/12/2020 02:48:40 PM
0116EK40295,CAMDEN,3 Pedestrian,1 Male,25-59,51,1,3 Slight,05 Crossing Road (Not On Xing),2 From Drivers N/Side Msk,1 Pedestrian,CLEVELAND STREET 43M NW OF GOODGE STREET,1,28/04/2016 02:16:00 PM,Thursday,14.16,3 Bor,Unclassified,0,6 Single Cwy,2 30 MPH,0 No Jun In 20m,-2 Not Applicable,-2 Not Applicable,0,0 No Xing Facility In 50m,1 Daylight,1 Fine,1 Road-Dry,0 None,0 None,529330,181670,-0.137364,51.519154,,,Unknown,"(51.519154, -0.137364)",http://opendatacommunities.org/id/london-borough-council/camden,6231,21/12/2020 02:48:38 PM
1180081429,CAMDEN,3 Pedestrian,2 Female,60+,75,1,3 Slight,06 On Footpath - Verge,9 Unknown Or Other,1 Pedestrian,PANCRAS ROAD 50M N OF J/W EUSTON ROAD THE NEAREST CLASSIFIED ROAD,1,01/01/2018 04:45:00 PM,Monday,16.45,3 Bor,A,5202,2 One-Way St,1 <= 20 MPH,0 No Jun In 20m,-2 Not Applicable,-2 Not Applicable,0,9 Unknown (S/R),2 Dark,9 Unknown,9 Unknown (S/R),9 Unknown (S/R),9 Unknown (S/R),530160,183000,-0.124917,51.530916,,,Unknown,"(51.530916, -0.124917)",http://opendatacommunities.org/id/london-borough-council/camden,7648,21/12/2020 02:48:41 PM
1170054081,CAMDEN,1 Driver/Rider,1 Male,25-59,25,1,3 Slight,-2 Unknown,-2 N/A,3 Powered 2 Wheeler,NORTHDOWN STREET J/W NORTHDOWN ROAD,2,16/08/2017 01:10:00 PM,Wednesday,13.10,1 TLRN,A,501,6 Single Cwy,1 <= 20 MPH,9 Other Jun,4 Give Way/Uncontrolled,A,501,0 No Xing Facility In 50m,1 Daylight,1 Fine,1 Road-Dry,0 None,0 None,530540,183010,-0.119438,51.530919,,,Unknown,"(51.530919, -0.119438)",http://opendatacommunities.org/id/london-borough-council/camden,7253,21/12/2020 02:48:40 PM
1160024400,CAMDEN,3 Pedestrian,2 Female,25-59,29,1,3 Slight,05 Crossing Road (Not On Xing),1 From Drivers N/Side,1 Pedestrian,MERCER STREET J/W MONMOUTH STREET,1,18/10/2016 07:50:00 AM,Tuesday,7.50,3 Bor,B,404,2 One-Way St,2 30 MPH,1 Roundabout,4 Give Way/Uncontrolled,Unclassified,0,0 No Xing Facility In 50m,1 Daylight,1 Fine,1 Road-Dry,0 None,0 None,530070,181070,-0.126926,51.513592,,,Unknown,"(51.513592, -0.126926)",http://opendatacommunities.org/id/london-borough-council/camden,5901,21/12/2020 02:48:38 PM
1170011528,CAMDEN,2 Passenger,2 Female,16-24,16,1,2 Serious,-2 Unknown,-2 N/A,6 Bus Or Coach,HAMPSTEAD HIGH STREET J/W OLD BREWERY MEWS,1,13/01/2017 04:37:00 PM,Friday,16.37,3 Bor,A,502,6 Single Cwy,1 <= 20 MPH,6 Crossroads,4 Give Way/Uncontrolled,Unclassified,0,1 Zebra,2 Dark,1 Fine,1 Road-Dry,0 None,0 None,526600,185630,-0.175266,51.555361,,,Unknown,"(51.555361, -0.175266)",http://opendatacommunities.org/id/london-borough-council/camden,6582,21/12/2020 02:48:39 PM
0115EK40658,CAMDEN,1 Driver/Rider,1 Male,60+,75,1,3 Slight,-2 Unknown,-2 N/A,2 Pedal Cycle,ADELAIDE ROAD J/W PRIMROSE HILL ROAD,2,02/08/2015 09:22:00 AM,Sunday,9.22,3 Bor,B,509,6 Single Cwy,2 30 MPH,6 Crossroads,2 Auto Sig,C,0,5 Pedn Phase At Ats,1 Daylight,1 Fine,1 Road-Dry,0 None,0 None,527510,184340,-0.162615,51.543563,,,Unknown,"(51.543563, -0.162615)",http://opendatacommunities.org/id/london-borough-council/camden,5129,21/12/2020 02:48:36 PM
1190217477,CAMDEN,3 PEDESTRIAN,1 MALE,25-59,40,1,3 SLIGHT,04 CROSSING ROAD WITHIN 50M XING,'-2 NOT APPLICABLE,1 PEDESTRIAN,"On Camden Road, 30 metres north of the junction with royal collage street.",1,10/11/2019 08:02:00 PM,Sunday,20.02,1 TLRN,A,503,6 SINGLE CWY,30,00 NO JUN IN 20M,,0,0,5 PEDN PHASE AT ATS,1 DARK,1 FINE,1 ROAD-DRY,0 NONE,0 NONE,529207,184214,-0.138203,51.542045,,,Unknown,"(51.542045, -0.138203)",http://opendatacommunities.org/id/london-borough-council/camden,9508,21/12/2020 02:48:44 PM
1170036633,CAMDEN,3 Pedestrian,2 Female,25-59,41,1,3 Slight,05 Crossing Road (Not On Xing),9 Unknown Or Other,1 Pedestrian,WOBURN PLACE J/W CORAM STREET,1,03/05/2017 06:00:00 PM,Wednesday,18.00,3 Bor,A,4200,3 Dual Cwy,2 30 MPH,3 T/Stag Jun,9 Unknown (S/R),Unclassified,0,8 Central Refuge,1 Daylight,9 Unknown,9 Unknown (S/R),9 Unknown (S/R),9 Unknown (S/R),530043,182207,-0.126895,51.523817,,,Unknown,"(51.523817, -0.126895)",http://opendatacommunities.org/id/london-borough-council/camden,6952,21/12/2020 02:48:39 PM
0115EK40950,CAMDEN,1 Driver/Rider,1 Male,25-59,50,1,3 Slight,-2 Unknown,-2 N/A,3 Powered 2 Wheeler,CAMDEN ROAD 26M NE OF SANDALL ROAD,2,08/09/2015 04:55:00 PM,Tuesday,16.55,1 TLRN,A,503,6 Single Cwy,2 30 MPH,8 Priv Drive,4 Give Way/Uncontrolled,Unclassified,0,0 No Xing Facility In 50m,1 Daylight,1 Fine,1 Road-Dry,0 None,0 None,529530,184640,-0.133391,51.5458,,,Unknown,"(51.5458, -0.133391)",http://opendatacommunities.org/id/london-borough-council/camden,5379,21/12/2020 02:48:37 PM
1180102891,CAMDEN,3 Pedestrian,1 Male,60+,85,1,3 Slight,04 Crossing Road Within 50m Xing,4 From Drivers O/Side Msk,1 Pedestrian,GRAYS INN ROAD J/W CCALTHORPE ROAD,1,20/04/2018 11:45:00 AM,Friday,11.45,3 Bor,A,5200,6 Single Cwy,1 <= 20 MPH,6 Crossroads,2 Auto Sig,B,502,4 Pelican Or Similar,1 Daylight,1 Fine,1 Road-Dry,0 None,0 None,530790,182300,-0.1161,51.52448,,,Unknown,"(51.52448, -0.1161)",http://opendatacommunities.org/id/london-borough-council/camden,7911,21/12/2020 02:48:41 PM
1170022507,CAMDEN,1 Driver/Rider,1 Male,25-59,29,1,3 Slight,-2 Unknown,-2 N/A,3 Powered 2 Wheeler,CHALK FARM ROAD 20M N OF J/W HARTLAND RD,2,25/02/2017 10:49:00 PM,Saturday,22.49,3 Bor,A,502,6 Single Cwy,1 <= 20 MPH,3 T/Stag Jun,4 Give Way/Uncontrolled,Unclassified,0,1 Zebra,2 Dark,8 Other,2 Road-Wet,0 None,0 None,528570,184240,-0.147374,51.542424,,,Unknown,"(51.542424, -0.147374)",http://opendatacommunities.org/id/london-borough-council/camden,6735,21/12/2020 02:48:39 PM
1190209479,CAMDEN,1 DRIVER/RIDER,1 MALE,25-59,31,1,3 SLIGHT,'-2 NOT APPLICABLE,'-2 NOT APPLICABLE,3 POWERED 2 WHEELER,"On Highgate High Street, near the junction with Southwood Lane.",1,03/10/2019 09:40:00 PM,Thursday,21.40,3 BOR,B,519,1 ROUNDABOUT,20,01 ROUNDABOUT,4 GIVE WAY/UNCONTROLLED,B,550,0 NO XING FACILITY IN 50M,1 DARK,8 OTHER,2 ROAD-WET,0 NONE,0 NONE,528364,187423,-0.149182,51.571076,,,Unknown,"(51.571076, -0.149182)",http://opendatacommunities.org/id/london-borough-council/camden,9404,21/12/2020 02:48:44 PM
1190213082,CAMDEN,1 DRIVER/RIDER,1 MALE,25-59,41,1,3 SLIGHT,'-2 NOT APPLICABLE,'-2 NOT APPLICABLE,3 POWERED 2 WHEELER,"On Finchley Road, 20 metres east of the junction with Cannon Hill.",2,09/10/2019 03:40:00 PM,Wednesday,15.40,1 TLRN,A,41,9 UNKNOWN,30,06 CROSSROADS,2 AUTO SIG,6,0,5 PEDN PHASE AT ATS,2 DAYLIGHT,1 FINE,1 ROAD-DRY,0 NONE,0 NONE,525515,185466,-0.190967,51.554129,,,Unknown,"(51.554129, -0.190967)",http://opendatacommunities.org/id/london-borough-council/camden,9456,21/12/2020 02:48:44 PM
1170032286,CAMDEN,1 Driver/Rider,1 Male,16-24,18,1,3 Slight,-2 Unknown,-2 N/A,3 Powered 2 Wheeler,WILLESDEN LANE J/W KILBURN HIGH ROAD,2,15/04/2017 12:35:00 PM,Saturday,12.35,3 Bor,A,4003,6 Single Cwy,2 30 MPH,9 Other Jun,2 Auto Sig,A,5,0 No Xing Facility In 50m,1 Daylight,1 Fine,1 Road-Dry,0 None,0 None,525060,184090,-0.198015,51.541864,,,Unknown,"(51.541864, -0.198015)",http://opendatacommunities.org/id/london-borough-council/camden,6884,21/12/2020 02:48:39 PM
1180137188,CAMDEN,3 Pedestrian,2 Female,25-59,51,1,2 Serious,04 Crossing Road Within 50m Xing,1 From Drivers N/Side,1 Pedestrian,KENTISH TOWN ROAD J/W HAWLEY ROAD,1,06/10/2018 09:37:00 AM,Saturday,9.37,3 Bor,Unclassified,0,3 Dual Cwy,1 <= 20 MPH,3 T/Stag Jun,2 Auto Sig,Unclassified,0,5 Pedn Phase At Ats,1 Daylight,1 Fine,1 Road-Dry,0 None,0 None,528930,184270,-0.142175,51.542612,,,Unknown,"(51.542612, -0.142175)",http://opendatacommunities.org/id/london-borough-council/camden,8389,21/12/2020 02:48:42 PM
1190172205,CAMDEN,1 DRIVER/RIDER,1 MALE,25-59,42,2,3 SLIGHT,'-2 NOT APPLICABLE,'-2 NOT APPLICABLE,2 PEDAL CYCLE,"On Outer Circle, 209 metres east of the junction with Gloucester Gate.",3,30/03/2019 08:33:00 AM,Saturday,8.33,3 BOR,6,0,6 SINGLE CWY,30,00 NO JUN IN 20M,,0,0,0 NO XING FACILITY IN 50M,2 DAYLIGHT,1 FINE,1 ROAD-DRY,0 NONE,0 NONE,528388,183566,-0.150243,51.536408,,,Unknown,"(51.536408, -0.150243)",http://opendatacommunities.org/id/london-borough-council/camden,8893,21/12/2020 02:48:44 PM
0115EK40622,CAMDEN,3 Pedestrian,1 Male,25-59,53,1,3 Slight,04 Crossing Road Within 50m Xing,1 From Drivers N/Side,1 Pedestrian,GRAY'S INN ROAD J/W FREDERICK STREET.,1,24/07/2015 02:25:00 PM,Friday,14.25,3 Bor,A,5200,6 Single Cwy,2 30 MPH,3 T/Stag Jun,4 Give Way/Uncontrolled,Unclassified,0,1 Zebra,1 Daylight,2 Raining,2 Road-Wet,0 None,0 None,530590,182660,-0.118847,51.527762,,,Unknown,"(51.527762, -0.118847)",http://opendatacommunities.org/id/london-borough-council/camden,5103,21/12/2020 02:48:36 PM
1180138990,CAMDEN,1 Driver/Rider,1 Male,25-59,49,1,3 Slight,-2 Unknown,-2 N/A,6 Bus Or Coach,TOTTENHAM COURT ROAD J/W BEAUMONT PLACE,2,14/10/2018 04:50:00 PM,Sunday,16.50,3 Bor,A,400,2 One-Way St,2 30 MPH,5 Slip Road,4 Give Way/Uncontrolled,Unclassified,0,5 Pedn Phase At Ats,1 Daylight,2 Raining,2 Road-Wet,0 None,0 None,529290,182250,-0.137727,51.524376,,,Unknown,"(51.524376, -0.137727)",http://opendatacommunities.org/id/london-borough-council/camden,8428,21/12/2020 02:48:43 PM
1170045541,CAMDEN,3 Pedestrian,1 Male,25-59,39,1,2 Serious,06 On Footpath - Verge,9 Unknown Or Other,1 Pedestrian,PENTONVILLE ROAD 30M E OF J/W YORK WAY,2,28/06/2017 06:55:00 PM,Wednesday,18.55,1 TLRN,A,501,3 Dual Cwy,1 <= 20 MPH,0 No Jun In 20m,-2 Not Applicable,-2 Not Applicable,0,5 Pedn Phase At Ats,1 Daylight,1 Fine,1 Road-Dry,4 Roadworks,0 None,530360,182990,-0.122039,51.53078,,,Unknown,"(51.53078, -0.122039)",http://opendatacommunities.org/id/london-borough-council/camden,7091,21/12/2020 02:48:40 PM
1190225450,CAMDEN,2 PASSENGER,'-1 UNKNOWN,U,,3,3 SLIGHT,'-2 NOT APPLICABLE,4 FROM DRIVERS O/SIDE MSK,4 CAR,"On Robert Street, near the junction with Stanhope Street.",1,13/12/2019 10:15:00 PM,Friday,22.15,3 BOR,6,0,6 SINGLE CWY,20,06 CROSSROADS,4 GIVE WAY/UNCONTROLLED,6,0,9 UNKNOWN (S/R),2 DAYLIGHT,5 RAINING/HIGH WINDS,2 ROAD-WET,9 UNKNOWN (S/R),0 NONE,529063,182711,-0.140829,51.528571,,,Unknown,"(51.528571, -0.140829)",http://opendatacommunities.org/id/london-borough-council/camden,9625,21/12/2020 02:48:45 PM
0115CP00288,CAMDEN,1 Driver/Rider,1 Male,25-59,33,1,2 Serious,-2 Unknown,-2 N/A,2 Pedal Cycle,HIGH HOLBORN J.W GRAY'S INN ROAD,2,29/09/2015 12:10:00 PM,Tuesday,12.10,3 Bor,A,40,6 Single Cwy,2 30 MPH,3 T/Stag Jun,4 Give Way/Uncontrolled,A,5200,0 No Xing Facility In 50m,1 Daylight,1 Fine,1 Road-Dry,0 None,0 None,531120,181600,-0.111606,51.518113,,,Unknown,"(51.518113, -0.111606)",http://opendatacommunities.org/id/london-borough-council/camden,4553,21/12/2020 02:48:35 PM
1170068943,CAMDEN,1 Driver/Rider,2 Female,25-59,42,1,3 Slight,-2 Unknown,-2 N/A,2 Pedal Cycle,KENTISH TOWN ROAD J/W PRINCE OF WALES ROAD,2,08/11/2017 05:20:00 PM,Wednesday,17.20,3 Bor,A,400,6 Single Cwy,2 30 MPH,3 T/Stag Jun,2 Auto Sig,C,0,5 Pedn Phase At Ats,2 Dark,1 Fine,1 Road-Dry,0 None,0 None,528950,184700,-0.141729,51.546471,,,Unknown,"(51.546471, -0.141729)",http://opendatacommunities.org/id/london-borough-council/camden,7492,21/12/2020 02:48:41 PM
1170015515,CAMDEN,1 Driver/Rider,2 Female,25-59,34,1,3 Slight,-2 Unknown,-2 N/A,3 Powered 2 Wheeler,AVENUE ROAD NW3 100M N OF J/W ST EDMUNDS  TERRACE,2,01/02/2017 08:42:00 AM,Wednesday,8.42,3 Bor,B,525,6 Single Cwy,2 30 MPH,0 No Jun In 20m,-2 Not Applicable,-2 Not Applicable,0,0 No Xing Facility In 50m,1 Daylight,2 Raining,2 Road-Wet,0 None,0 None,527270,183560,-0.166356,51.536607,,,Unknown,"(51.536607, -0.166356)",http://opendatacommunities.org/id/london-borough-council/camden,6636,21/12/2020 02:48:39 PM
1160002536,CAMDEN,1 Driver/Rider,2 Female,25-59,41,1,3 Slight,-2 Unknown,-2 N/A,2 Pedal Cycle,BAYHAM STREET J/W GREENLAND ROAD,2,03/11/2016 10:45:00 AM,Thursday,10.45,3 Bor,A,503,2 One-Way St,2 30 MPH,3 T/Stag Jun,9 Unknown (S/R),Unclassified,0,9 Unknown (S/R),1 Daylight,9 Unknown,1 Road-Dry,9 Unknown (S/R),9 Unknown (S/R),528990,183885,-0.141451,51.539138,,,Unknown,"(51.539138, -0.141451)",http://opendatacommunities.org/id/london-borough-council/camden,5686,21/12/2020 02:48:37 PM
1190171673,CAMDEN,1 DRIVER/RIDER,1 MALE,25-59,48,2,3 SLIGHT,'-2 NOT APPLICABLE,'-2 NOT APPLICABLE,9 PRIVATE HIRE,"On finchley road, 5 metres north of the junction with Heath Drive.",2,28/03/2019 03:09:00 AM,Thursday,3.09,1 TLRN,A,41,3 DUAL CWY,30,03 T/STAG JUN,2 AUTO SIG,6,0,0 NO XING FACILITY IN 50M,1 DARK,1 FINE,1 ROAD-DRY,0 NONE,0 NONE,525487,185501,-0.191358,51.55445,,,Unknown,"(51.55445, -0.191358)",http://opendatacommunities.org/id/london-borough-council/camden,8884,21/12/2020 02:48:43 PM
1170072813,CAMDEN,3 Pedestrian,1 Male,Unknown,0,1,3 Slight,01 Crossing Road On Ped Xing,1 From Drivers N/Side,1 Pedestrian,EUSTON SQUARE J/W EUSTON RD,1,25/11/2017 09:10:00 PM,Saturday,21.10,1 TLRN,C,0,3 Dual Cwy,2 30 MPH,6 Crossroads,2 Auto Sig,A,501,5 Pedn Phase At Ats,2 Dark,1 Fine,1 Road-Dry,0 None,0 None,529560,182480,-0.133753,51.526381,,,Unknown,"(51.526381, -0.133753)",http://opendatacommunities.org/id/london-borough-council/camden,7546,21/12/2020 02:48:41 PM
0115EK40905,CAMDEN,1 Driver/Rider,1 Male,25-59,43,1,3 Slight,-2 Unknown,-2 N/A,3 Powered 2 Wheeler,ADELINE PLACE J/W BEDFORD AVENUE.,2,09/10/2015 03:10:00 PM,Friday,15.10,3 Bor,Unclassified,0,6 Single Cwy,2 30 MPH,6 Crossroads,4 Give Way/Uncontrolled,Unclassified,0,0 No Xing Facility In 50m,1 Daylight,1 Fine,1 Road-Dry,0 None,0 None,529820,181550,-0.13035,51.517964,,,Unknown,"(51.517964, -0.13035)",http://opendatacommunities.org/id/london-borough-council/camden,5344,21/12/2020 02:48:37 PM
1180096585,CAMDEN,3 Pedestrian,2 Female,25-59,30,1,3 Slight,01 Crossing Road On Ped Xing,1 From Drivers N/Side,1 Pedestrian,HAWLEY ROAD 25M N OF J/W KENTISH TOWN ROAD,1,12/03/2018 01:31:00 PM,Monday,13.31,3 Bor,C,0,2 One-Way St,1 <= 20 MPH,0 No Jun In 20m,-2 Not Applicable,-2 Not Applicable,0,1 Zebra,1 Daylight,1 Fine,1 Road-Dry,0 None,0 None,528870,184290,-0.143032,51.542805,,,Unknown,"(51.542805, -0.143032)",http://opendatacommunities.org/id/london-borough-council/camden,7818,21/12/2020 02:48:41 PM
1180116442,CAMDEN,3 Pedestrian,1 Male,25-59,29,1,2 Serious,01 Crossing Road On Ped Xing,3 From Drivers O/Side,1 Pedestrian,BLOOMSBURY WAY 20M W OF J/W BLOOMSBURY SQUARE,1,24/06/2018 02:55:00 PM,Sunday,14.55,3 Bor,A,40,3 Dual Cwy,1 <= 20 MPH,3 T/Stag Jun,2 Auto Sig,Unclassified,0,4 Pelican Or Similar,1 Daylight,1 Fine,1 Road-Dry,0 None,0 None,530330,181580,-0.122993,51.518116,,,Unknown,"(51.518116, -0.122993)",http://opendatacommunities.org/id/london-borough-council/camden,8114,21/12/2020 02:48:42 PM
1180138027,CAMDEN,2 Passenger,1 Male,60+,64,1,3 Slight,-2 Unknown,-2 N/A,6 Bus Or Coach,HIGH HOLBORN J/W SOUTHAMPTON ROW,1,06/10/2018 05:53:00 AM,Saturday,5.53,3 Bor,A,40,2 One-Way St,1 <= 20 MPH,6 Crossroads,2 Auto Sig,A,4200,0 No Xing Facility In 50m,1 Daylight,1 Fine,1 Road-Dry,0 None,0 None,530530,181530,-0.12013,51.51762,,,Unknown,"(51.51762, -0.12013)",http://opendatacommunities.org/id/london-borough-council/camden,8410,21/12/2020 02:48:42 PM
1190185751,CAMDEN,1 DRIVER/RIDER,2 FEMALE,25-59,46,1,3 SLIGHT,'-2 NOT APPLICABLE,'-2 NOT APPLICABLE,2 PEDAL CYCLE,"On Great Russell Street, 20 metres west of the junction with BLOOMSBURY STREET.",2,07/06/2019 11:16:00 AM,Friday,11.16,3 BOR,5,0,6 SINGLE CWY,20,06 CROSSROADS,1 AUTH PERSON,5,0,1 ZEBRA,2 DAYLIGHT,2 RAINING,2 ROAD-WET,0 NONE,1 VEHICLE LOAD IN CWY,530040,181549,-0.127181,51.517904,,,Unknown,"(51.517904, -0.127181)",http://opendatacommunities.org/id/london-borough-council/camden,9075,21/12/2020 02:48:44 PM
0116EK40026,CAMDEN,1 Driver/Rider,1 Male,25-59,49,1,3 Slight,-2 Unknown,-2 N/A,2 Pedal Cycle,WEST END LANE 25M NE OF MUTRIX ROAD,2,22/01/2016 01:00:00 PM,Friday,13.00,3 Bor,Unclassified,0,6 Single Cwy,2 30 MPH,0 No Jun In 20m,-2 Not Applicable,-2 Not Applicable,0,0 No Xing Facility In 50m,1 Daylight,1 Fine,1 Road-Dry,0 None,0 None,525480,183810,-0.192062,51.539254,,,Unknown,"(51.539254, -0.192062)",http://opendatacommunities.org/id/london-borough-council/camden,6003,21/12/2020 02:48:38 PM