Reference,London Borough Name,Casualty Class,Casualty Sex,Casualty Age Band,Casualty Age,Number Of Casualties,Casualty Severity,Pedestrian Location,Pedestrian Movement,Mode Of Travel,Attendant Location,Number Of Vehicles,Date,Day,Time,Highway,Road Class 1,Road Number 1,Road Type,Speed Limit,Junction Detail,Junction Control,Road Class 2,Road Number 2,Pedestrian Crossing,Light Condition Band,Weather,Road Surface,Special Conditions,Carriage Way Hazard,Easting,Northing,Longitude,Latitude,Ward Code,Ward Name,Spatial Accuracy,Location,Organisation URI,Socrata ID,Last Uploaded
1170077354,CAMDEN,1 Driver/Rider,1 Male,25-59,37,1,3 Slight,-2 Unknown,-2 N/A,3 Powered 2 Wheeler,EUSTON ROAD J/W EUSTON SQUARE,2,12/12/2017 04:40:00 PM,Tuesday,16.40,1 TLRN,A,501,3 Dual Cwy,2 30 MPH,6 Crossroads,2 Auto Sig,C,0,4 Pelican Or Similar,2 Dark,1 Fine,2 Road-Wet,0 None,0 None,529560,182480,-0.133753,51.526381,,,Unknown,"(51.526381, -0.133753)",http://opendatacommunities.org/id/london-borough-council/camden,7604,21/12/2020 02:48:41 PM
1170053708,CAMDEN,1 Driver/Rider,1 Male,25-59,35,1,2 Serious,-2 Unknown,-2 N/A,3 Powered 2 Wheeler,HAVERSTOCK HILL J/W BELSIZE GROVE,2,13/08/2017 10:45:00 AM,Sunday,10.45,3 Bor,A,502,6 Single Cwy,2 30 MPH,3 T/Stag Jun,4 Give Way/Uncontrolled,Unclassified,0,4 Pelican Or Similar,1 Daylight,1 Fine,1 Road-Dry,0 None,0 None,527430,185010,-0.163525,51.549602,,,Unknown,"(51.549602, -0.163525)",http://opendatacommunities.org/id/london-borough-council/camden,7241,21/12/2020 02:48:40 PM
1180125390,CAMDEN,1 Driver/Rider,1 Male,25-59,51,1,3 Slight,-2 Unknown,-2 N/A,3 Powered 2 Wheeler,CAMDEN ROAD 35M N OF J/W MURRAY STREET,2,02/08/2018 08:00:00 PM,Thursday,20.00,1 TLRN,A,503,9 Unknown,2 30 MPH,0 No Jun In 20m,-2 Not Applicable,-2 Not Applicable,0,0 No Xing Facility In 50m,1 Daylight,1 Fine,1 Road-Dry,0 None,0 None,529520,184590,-0.133554,51.545353,,,Unknown,"(51.545353, -0.133554)",http://opendatacommunities.org/id/london-borough-council/camden,8224,21/12/2020 02:48:42 PM
1190205020,CAMDEN,1 DRIVER/RIDER,1 MALE,25-59,31,1,2 SERIOUS,'-2 NOT APPLICABLE,'-2 NOT APPLICABLE,3 POWERED 2 WHEELER,"On Goods Way, 50 metres west of the junction with York way.",2,11/09/2019 08:00:00 PM,Wednesday,20.00,3 BOR,5,0,2 ONE-WAY ST,20,00 NO JUN IN 20M,,0,0,1 ZEBRA,1 DARK,1 FINE,1 ROAD-DRY,0 NONE,0 NONE,530300,183460,-0.12273,51.535018,,,Unknown,"(51.535018, -0.12273)",http://opendatacommunities.org/id/london-borough-council/camden,9358,21/12/2020 02:48:44 PM
0115EK40716,CAMDEN,1 Driver/Rider,1 Male,25-59,32,1,3 Slight,-2 Unknown,-2 N/A,4 Car,HAMPSTEAD ROAD J/W NETLEY STREET,2,15/08/2015 05:45:00 PM,Saturday,17.45,1 TLRN,A,400,6 Single Cwy,2 30 MPH,3 T/Stag Jun,4 Give Way/Uncontrolled,Unclassified,0,0 No Xing Facility In 50m,1 Daylight,1 Fine,1 Road-Dry,0 None,0 None,529210,182630,-0.138741,51.527809,,,Unknown,"(51.527809, -0.138741)",http://opendatacommunities.org/id/london-borough-council/camden,5187,21/12/2020 02:48:37 PM
1180116057,CAMDEN,1 Driver/Rider,2 Female,25-59,41,1,3 Slight,-2 Unknown,-2 N/A,3 Powered 2 Wheeler,GOODGE STREET J/W GOODGE PLACE,2,22/06/2018 10:43:00 AM,Friday,10.43,3 Bor,B,506,6 Single Cwy,1 <= 20 MPH,3 T/Stag Jun,4 Give Way/Uncontrolled,Unclassified,0,0 No Xing Facility In 50m,1 Daylight,1 Fine,1 Road-Dry,0 None,0 None,529400,181670,-0.136356,51.519138,,,Unknown,"(51.519138, -0.136356)",http://opendatacommunities.org/id/london-borough-council/camden,8103,21/12/2020 02:48:42 PM
0115EK41112,CAMDEN,2 Passenger,1 Male,16-24,22,1,3 Slight,-2 Unknown,-2 N/A,4 Car,CAMDEN STREET J/W CAMDEN ROAD.,3,12/12/2015 10:30:00 PM,Saturday,22.30,1 TLRN,A,400,2 One-Way St,2 30 MPH,6 Crossroads,2 Auto Sig,A,503,5 Pedn Phase At Ats,2 Dark,1 Fine,1 Road-Dry,0 None,0 None,529080,184050,-0.140093,51.5406,,,Unknown,"(51.5406, -0.140093)",http://opendatacommunities.org/id/london-borough-council/camden,5520,21/12/2020 02:48:37 PM
1160008652,CAMDEN,3 Pedestrian,1 Male,25-59,43,1,3 Slight,09 In Road - Not Crossing,5 In Rd Not Crossing,1 Pedestrian,HILGROVE ROAD 34M E OF J/W BELSIZE ROAD,1,23/12/2016 08:00:00 PM,Friday,20.00,3 Bor,B,509,6 Single Cwy,1 <= 20 MPH,0 No Jun In 20m,-2 Not Applicable,-2 Not Applicable,0,0 No Xing Facility In 50m,2 Dark,1 Fine,1 Road-Dry,0 None,0 None,526390,184120,-0.178836,51.541837,,,Unknown,"(51.541837, -0.178836)",http://opendatacommunities.org/id/london-borough-council/camden,5802,21/12/2020 02:48:37 PM
0115EK41108,CAMDEN,3 Pedestrian,2 Female,25-59,46,1,2 Serious,01 Crossing Road On Ped Xing,1 From Drivers N/Side,1 Pedestrian,EUSTON ROAD 22M NE OF CONWAY STREET,1,09/12/2015 06:42:00 PM,Wednesday,18.42,1 TLRN,A,501,3 Dual Cwy,2 30 MPH,0 No Jun In 20m,-2 Not Applicable,-2 Not Applicable,0,4 Pelican Or Similar,2 Dark,1 Fine,2 Road-Wet,0 None,0 None,529010,182220,-0.141772,51.52417,,,Unknown,"(51.52417, -0.141772)",http://opendatacommunities.org/id/london-borough-council/camden,5514,21/12/2020 02:48:37 PM
0115EK41101,CAMDEN,1 Driver/Rider,1 Male,25-59,46,1,3 Slight,-2 Unknown,-2 N/A,4 Car,LADY MARGARET ROAD J/W ASCHAM STREET.,3,09/12/2015 07:55:00 AM,Wednesday,7.55,3 Bor,Unclassified,0,6 Single Cwy,2 30 MPH,6 Crossroads,4 Give Way/Uncontrolled,Unclassified,0,0 No Xing Facility In 50m,1 Daylight,1 Fine,1 Road-Dry,0 None,0 None,529210,185400,-0.137724,51.552703,,,Unknown,"(51.552703, -0.137724)",http://opendatacommunities.org/id/london-borough-council/camden,5508,21/12/2020 02:48:37 PM
1190209174,CAMDEN,1 DRIVER/RIDER,2 FEMALE,25-59,49,1,3 SLIGHT,'-2 NOT APPLICABLE,'-2 NOT APPLICABLE,3 POWERED 2 WHEELER,"On Outer Circle, near the junction with Cumberland Terrace.",2,02/10/2019 06:20:00 PM,Wednesday,18.20,3 BOR,6,0,6 SINGLE CWY,30,03 T/STAG JUN,4 GIVE WAY/UNCONTROLLED,6,0,0 NO XING FACILITY IN 50M,2 DAYLIGHT,1 FINE,1 ROAD-DRY,0 NONE,0 NONE,528681,182971,-0.146238,51.530994,,,Unknown,"(51.530994, -0.146238)",http://opendatacommunities.org/id/london-borough-council/camden,9401,21/12/2020 02:48:44 PM
1190222348,CAMDEN,1 DRIVER/RIDER,1 MALE,25-59,31,1,3 SLIGHT,'-2 NOT APPLICABLE,1 FROM DRIVERS N/SIDE,3 POWERED 2 WHEELER,"On Hatton Garden, 50 metres south of the junction with St Cross street.",2,30/11/2019 09:40:00 PM,Saturday,21.40,3 BOR,B,521,6 SINGLE CWY,20,00 NO JUN IN 20M,,0,0,1 ZEBRA,1 DARK,1 FINE,1 ROAD-DRY,4 ROADWORKS,0 NONE,531340,181824,-0.108353,51.520075,,,Unknown,"(51.520075, -0.108353)",http://opendatacommunities.org/id/london-borough-council/camden,9575,21/12/2020 02:48:45 PM
1180131420,CAMDEN,3 Pedestrian,1 Male,25-59,46,1,3 Slight,08 In Centre Of Carriageway,9 Unknown Or Other,1 Pedestrian,A501 EUSTON ROAD J/W PANCRAS ROAD,1,08/09/2018 08:13:00 PM,Saturday,20.13,1 TLRN,A,501,3 Dual Cwy,2 30 MPH,3 T/Stag Jun,4 Give Way/Uncontrolled,A,5202,5 Pedn Phase At Ats,1 Daylight,1 Fine,1 Road-Dry,0 None,0 None,530198,182879,-0.124414,51.52982,,,Unknown,"(51.52982, -0.124414)",http://opendatacommunities.org/id/london-borough-council/camden,8310,21/12/2020 02:48:42 PM
1170020492,CAMDEN,1 Driver/Rider,1 Male,25-59,28,1,3 Slight,-2 Unknown,-2 N/A,3 Powered 2 Wheeler,MORNINGTON TERRACE J/W MORNINGTON  STREET,2,23/02/2017 08:20:00 AM,Thursday,8.20,3 Bor,Unclassified,0,2 One-Way St,1 <= 20 MPH,6 Crossroads,4 Give Way/Uncontrolled,Unclassified,0,0 No Xing Facility In 50m,1 Daylight,5 Raining/High Winds,2 Road-Wet,0 None,0 None,528900,183370,-0.142936,51.53453,,,Unknown,"(51.53453, -0.142936)",http://opendatacommunities.org/id/london-borough-council/camden,6704,21/12/2020 02:48:39 PM
1180103832,CAMDEN,3 Pedestrian,2 Female,25-59,40,1,3 Slight,06 On Footpath - Verge,9 Unknown Or Other,1 Pedestrian,FINCHLEY ROAD J/W BT EXCHANGE SIDE ROAD,1,30/04/2018 11:20:00 AM,Monday,11.20,1 TLRN,A,41,3 Dual Cwy,2 30 MPH,3 T/Stag Jun,4 Give Way/Uncontrolled,Unclassified,0,0 No Xing Facility In 50m,1 Daylight,2 Raining,2 Road-Wet,0 None,0 None,525930,185160,-0.185094,51.551287,,,Unknown,"(51.551287, -0.185094)",http://opendatacommunities.org/id/london-borough-council/camden,7927,21/12/2020 02:48:41 PM
0115EO40131,CAMDEN,1 Driver/Rider,1 Male,25-59,26,1,3 Slight,-2 Unknown,-2 N/A,4 Car,NFL YORK WAY J/W BINGFIELD,2,16/02/2015 08:20:00 AM,Monday,8.20,3 Bor,A,5200,6 Single Cwy,2 30 MPH,3 T/Stag Jun,4 Give Way/Uncontrolled,Unclassified,0,0 No Xing Facility In 50m,1 Daylight,1 Fine,1 Road-Dry,0 None,0 None,530270,183830,-0.123025,51.53835,,,Unknown,"(51.53835, -0.123025)",http://opendatacommunities.org/id/london-borough-council/camden,5589,21/12/2020 02:48:37 PM
0115EK41040,CAMDEN,1 Driver/Rider,1 Male,25-59,50,1,3 Slight,-2 Unknown,-2 N/A,2 Pedal Cycle,RUSSELL SQUARE J/W MONTAGUE PLACE.,2,24/11/2015 10:45:00 AM,Tuesday,10.45,3 Bor,A,4200,1 Roundabout,2 30 MPH,1 Roundabout,4 Give Way/Uncontrolled,B,506,1 Zebra,1 Daylight,1 Fine,2 Road-Wet,0 None,0 None,530030,181900,-0.127196,51.521061,,,Unknown,"(51.521061, -0.127196)",http://opendatacommunities.org/id/london-borough-council/camden,5457,21/12/2020 02:48:37 PM
1170062701,CAMDEN,1 Driver/Rider,1 Male,25-59,28,1,3 Slight,-2 Unknown,-2 N/A,4 Car,GATE STREET 21M S OF J/W HIGH HOLBORN THE NEAREST CLASSIFIED ROAD,2,08/09/2017 10:28:00 PM,Friday,22.28,3 Bor,Unclassified,0,6 Single Cwy,2 30 MPH,0 No Jun In 20m,-2 Not Applicable,-2 Not Applicable,0,9 Unknown (S/R),2 Dark,1 Fine,9 Unknown (S/R),0 None,0 None,530610,181470,-0.119,51.517063,,,Unknown,"(51.517063, -0.119)",http://opendatacommunities.org/id/london-borough-council/camden,7380,21/12/2020 02:48:40 PM
1170021316,CAMDEN,2 Passenger,2 Female,25-59,48,1,3 Slight,-2 Unknown,-2 N/A,6 Bus Or Coach,ROYAL COLLEGE STREET 21M S OF J/W CAMDEN ROAD THE NEAREST CLASSIFI,1,27/02/2017 09:05:00 AM,Monday,9.05,3 Bor,A,5202,2 One-Way St,1 <= 20 MPH,0 No Jun In 20m,-2 Not Applicable,-2 Not Applicable,0,1 Zebra,1 Daylight,1 Fine,1 Road-Dry,0 None,0 None,529220,184130,-0.138046,51.541287,,,Unknown,"(51.541287, -0.138046)",http://opendatacommunities.org/id/london-borough-council/camden,6718,21/12/2020 02:48:39 PM
1180166327,CAMDEN,1 Driver/Rider,2 Female,25-59,49,1,3 Slight,-2 Unknown,-2 N/A,2 Pedal Cycle,HILGROVE ROAD 30M E OF J/W ALEXANDRA ROAD,2,12/12/2018 07:30:00 AM,Wednesday,7.30,3 Bor,B,509,2 One-Way St,2 30 MPH,0 No Jun In 20m,-2 Not Applicable,-2 Not Applicable,0,9 Unknown (S/R),1 Daylight,1 Fine,1 Road-Dry,9 Unknown (S/R),0 None,526560,184090,-0.176397,51.54153,,,Unknown,"(51.54153, -0.176397)",http://opendatacommunities.org/id/london-borough-council/camden,8660,21/12/2020 02:48:43 PM
1180152860,CAMDEN,1 Driver/Rider,1 Male,16-24,17,1,3 Slight,-2 Unknown,-2 N/A,4 Car,YORK WAY J/W BROADFIELD LANE,2,18/12/2018 09:30:00 AM,Tuesday,9.30,3 Bor,A,5200,6 Single Cwy,2 30 MPH,9 Other Jun,4 Give Way/Uncontrolled,Unclassified,0,1 Zebra,1 Daylight,1 Fine,1 Road-Dry,0 None,0 None,530070,184250,-0.125752,51.542171,,,Unknown,"(51.542171, -0.125752)",http://opendatacommunities.org/id/london-borough-council/camden,8624,21/12/2020 02:48:43 PM
0115EK40782,CAMDEN,1 Driver/Rider,2 Female,Unknown,0,1,3 Slight,-2 Unknown,-2 N/A,4 Car,PARLIAMENT HILL 62M N OF NASSINGTON ROAD,2,08/09/2015 08:04:00 AM,Tuesday,8.04,3 Bor,Unclassified,0,6 Single Cwy,2 30 MPH,0 No Jun In 20m,-2 Not Applicable,-2 Not Applicable,0,0 No Xing Facility In 50m,1 Daylight,1 Fine,1 Road-Dry,0 None,0 None,527450,185830,-0.16294,51.556967,,,Unknown,"(51.556967, -0.16294)",http://opendatacommunities.org/id/london-borough-council/camden,5248,21/12/2020 02:48:37 PM
0115EK40518,CAMDEN,1 Driver/Rider,1 Male,25-59,43,1,3 Slight,-2 Unknown,-2 N/A,3 Powered 2 Wheeler,FINCHLEY ROAD J/W INGHAM ROAD,2,09/06/2015 04:50:00 PM,Tuesday,16.50,1 TLRN,A,41,6 Single Cwy,2 30 MPH,3 T/Stag Jun,4 Give Way/Uncontrolled,Unclassified,0,4 Pelican Or Similar,1 Daylight,1 Fine,1 Road-Dry,0 None,0 None,525330,185620,-0.193579,51.555554,,,Unknown,"(51.555554, -0.193579)",http://opendatacommunities.org/id/london-borough-council/camden,5008,21/12/2020 02:48:36 PM
1170069610,CAMDEN,1 Driver/Rider,1 Male,16-24,19,1,3 Slight,-2 Unknown,-2 N/A,3 Powered 2 Wheeler,FARRINGDON ROAD 30M S OF J/W ST CROSS STREET,1,25/10/2017 06:56:00 PM,Wednesday,18.56,1 TLRN,A,201,3 Dual Cwy,2 30 MPH,0 No Jun In 20m,-2 Not Applicable,-2 Not Applicable,0,9 Unknown (S/R),2 Dark,1 Fine,1 Road-Dry,0 None,0 None,531490,181910,-0.106161,51.520813,,,Unknown,"(51.520813, -0.106161)",http://opendatacommunities.org/id/london-borough-council/camden,7508,21/12/2020 02:48:41 PM
1180114372,CAMDEN,1 Driver/Rider,1 Male,25-59,34,1,3 Slight,-2 Unknown,-2 N/A,2 Pedal Cycle,KENTISH TOWN ROAD 50M S OF J/W ST PANCRAS WAY THE NEAREST CLASSIFI,2,14/06/2018 06:25:00 PM,Thursday,18.25,3 Bor,A,400,6 Single Cwy,1 <= 20 MPH,0 No Jun In 20m,-2 Not Applicable,-2 Not Applicable,0,5 Pedn Phase At Ats,1 Daylight,8 Other,1 Road-Dry,0 None,0 None,528970,184470,-0.141525,51.5444,,,Unknown,"(51.5444, -0.141525)",http://opendatacommunities.org/id/london-borough-council/camden,8073,21/12/2020 02:48:42 PM
0115EK40668,CAMDEN,2 Passenger,2 Female,25-59,36,1,3 Slight,-2 Unknown,-2 N/A,6 Bus Or Coach,NEW OXFORD STREET 21M E OF BAINBRIDGE STREET,1,04/08/2015 05:07:00 PM,Tuesday,17.07,3 Bor,A,40,3 Dual Cwy,2 30 MPH,0 No Jun In 20m,-2 Not Applicable,-2 Not Applicable,0,0 No Xing Facility In 50m,1 Daylight,1 Fine,1 Road-Dry,0 None,0 None,529900,181390,-0.129256,51.516507,,,Unknown,"(51.516507, -0.129256)",http://opendatacommunities.org/id/london-borough-council/camden,5142,21/12/2020 02:48:36 PM
0115EK40375,CAMDEN,1 Driver/Rider,1 Male,25-59,31,1,3 Slight,-2 Unknown,-2 N/A,2 Pedal Cycle,EUSTON ROAD J/W CHALTON STREET,2,05/05/2015 08:15:00 AM,Tuesday,8.15,1 TLRN,A,501,6 Single Cwy,2 30 MPH,3 T/Stag Jun,4 Give Way/Uncontrolled,Unclassified,0,0 No Xing Facility In 50m,1 Daylight,1 Fine,1 Road-Dry,0 None,0 None,529900,182680,-0.128781,51.5281,,,Unknown,"(51.5281, -0.128781)",http://opendatacommunities.org/id/london-borough-council/camden,4877,21/12/2020 02:48:36 PM
1170077073,CAMDEN,1 Driver/Rider,1 Male,16-24,23,1,3 Slight,-2 Unknown,-2 N/A,5 Taxi,GOODS WAY 35M E OF J/W CAMLEY STREET,2,11/12/2017 11:30:00 PM,Monday,23.30,3 Bor,Unclassified,0,6 Single Cwy,1 <= 20 MPH,0 No Jun In 20m,-2 Not Applicable,-2 Not Applicable,0,0 No Xing Facility In 50m,2 Dark,8 Other,1 Road-Dry,0 None,0 None,530040,183360,-0.126513,51.534179,,,Unknown,"(51.534179, -0.126513)",http://opendatacommunities.org/id/london-borough-council/camden,7603,21/12/2020 02:48:41 PM
1160024189,CAMDEN,1 Driver/Rider,1 Male,16-24,22,1,3 Slight,-2 Unknown,-2 N/A,2 Pedal Cycle,LAMB'S CONDUIT STREET J/W RICHELL PLACE,2,08/10/2016 11:10:00 AM,Saturday,11.10,3 Bor,C,0,6 Single Cwy,1 <= 20 MPH,3 T/Stag Jun,4 Give Way/Uncontrolled,Unclassified,0,0 No Xing Facility In 50m,1 Daylight,1 Fine,1 Road-Dry,0 None,0 None,530670,181890,-0.11798,51.520823,,,Unknown,"(51.520823, -0.11798)",http://opendatacommunities.org/id/london-borough-council/camden,5881,21/12/2020 02:48:38 PM
1180141183,CAMDEN,1 Driver/Rider,1 Male,25-59,36,1,3 Slight,-2 Unknown,-2 N/A,4 Car,BLOOMSBURY WAY 20M S OF J/W BURY PLACE,2,04/10/2018 08:39:00 AM,Thursday,8.39,3 Bor,A,40,9 Unknown,2 30 MPH,99 Unknown (S/R),9 Unknown (S/R),Unclassified,0,9 Unknown (S/R),1 Daylight,1 Fine,9 Unknown (S/R),9 Unknown (S/R),9 Unknown (S/R),530280,181550,-0.123724,51.517858,,,Unknown,"(51.517858, -0.123724)",http://opendatacommunities.org/id/london-borough-council/camden,8469,21/12/2020 02:48:43 PM
1170048292,CAMDEN,1 Driver/Rider,2 Female,25-59,32,1,3 Slight,-2 Unknown,-2 N/A,3 Powered 2 Wheeler,UPPER WOBURN PLACE J/W ENDSLEIGH PLACE,2,13/07/2017 06:18:00 PM,Thursday,18.18,3 Bor,A,4200,6 Single Cwy,1 <= 20 MPH,3 T/Stag Jun,4 Give Way/Uncontrolled,Unclassified,0,1 Zebra,1 Daylight,1 Fine,1 Road-Dry,0 None,0 None,529890,182420,-0.129021,51.525766,,,Unknown,"(51.525766, -0.129021)",http://opendatacommunities.org/id/london-borough-council/camden,7148,21/12/2020 02:48:40 PM
1190221156,CAMDEN,1 DRIVER/RIDER,1 MALE,25-59,30,1,3 SLIGHT,'-2 NOT APPLICABLE,'-2 NOT APPLICABLE,3 POWERED 2 WHEELER,"On charlotte street, near the junction with howard street.",2,27/11/2019 04:10:00 PM,Wednesday,16.10,3 BOR,5,0,6 SINGLE CWY,30,06 CROSSROADS,4 GIVE WAY/UNCONTROLLED,6,0,0 NO XING FACILITY IN 50M,1 DARK,2 RAINING,2 ROAD-WET,0 NONE,0 NONE,529297,181927,-0.137745,51.521472,,,Unknown,"(51.521472, -0.137745)",http://opendatacommunities.org/id/london-borough-council/camden,9556,21/12/2020 02:48:45 PM
0116EK40353,CAMDEN,3 Pedestrian,2 Female,25-59,43,1,3 Slight,05 Crossing Road (Not On Xing),2 From Drivers N/Side Msk,1 Pedestrian,WEST END LANE 30M SOUTH OF J/W BLACKBURN RD,1,21/05/2016 04:30:00 PM,Saturday,16.30,3 Bor,B,510,6 Single Cwy,2 30 MPH,0 No Jun In 20m,-2 Not Applicable,-2 Not Applicable,0,0 No Xing Facility In 50m,1 Daylight,1 Fine,1 Road-Dry,0 None,0 None,525520,184640,-0.191189,51.546705,,,Unknown,"(51.546705, -0.191189)",http://opendatacommunities.org/id/london-borough-council/camden,6281,21/12/2020 02:48:38 PM
1190200303,CAMDEN,2 PASSENGER,2 FEMALE,25-59,53,1,3 SLIGHT,'-2 NOT APPLICABLE,'-2 NOT APPLICABLE,6 BUS OR COACH,"On Bloomsbury Way, 50 metres north of the junction with Museum St.",1,19/08/2019 05:33:00 AM,Monday,5.33,3 BOR,A,40,6 SINGLE CWY,30,00 NO JUN IN 20M,,0,0,4 PELICAN OR SIMILAR,2 DAYLIGHT,1 FINE,2 ROAD-WET,0 NONE,0 NONE,530300,181559,-0.123433,51.517934,,,Unknown,"(51.517934, -0.123433)",http://opendatacommunities.org/id/london-borough-council/camden,9283,21/12/2020 02:48:44 PM
1180089724,CAMDEN,2 Passenger,2 Female,25-59,59,1,3 Slight,-2 Unknown,-2 N/A,6 Bus Or Coach,KINGSWAY J/W PARKER STREET,1,12/02/2018 05:55:00 PM,Monday,17.55,3 Bor,A,4200,3 Dual Cwy,1 <= 20 MPH,6 Crossroads,2 Auto Sig,Unclassified,0,4 Pelican Or Similar,2 Dark,1 Fine,1 Road-Dry,0 None,0 None,530552,181420,-0.119854,51.516627,,,Unknown,"(51.516627, -0.119854)",http://opendatacommunities.org/id/london-borough-council/camden,7742,21/12/2020 02:48:41 PM
1180128541,CAMDEN,1 Driver/Rider,1 Male,25-59,32,1,3 Slight,-2 Unknown,-2 N/A,3 Powered 2 Wheeler,A400 25M N OF J/W A40 THE NEAREST CLASSIFIED ROAD WAS THE A40,2,22/08/2018 02:00:00 AM,Wednesday,2.00,3 Bor,A,400,2 One-Way St,2 30 MPH,0 No Jun In 20m,-2 Not Applicable,-2 Not Applicable,0,5 Pedn Phase At Ats,1 Daylight,1 Fine,1 Road-Dry,0 None,0 None,530050,181466,-0.127068,51.517156,,,Unknown,"(51.517156, -0.127068)",http://opendatacommunities.org/id/london-borough-council/camden,8268,21/12/2020 02:48:42 PM
1180132731,CAMDEN,1 Driver/Rider,2 Female,25-59,31,1,3 Slight,-2 Unknown,-2 N/A,2 Pedal Cycle,BLOOMSBURY WAY J/W BLOOMESBURY SQUARE,2,14/09/2018 06:25:00 PM,Friday,18.25,3 Bor,A,40,2 One-Way St,2 30 MPH,3 T/Stag Jun,9 Unknown (S/R),C,0,1 Zebra,1 Daylight,1 Fine,1 Road-Dry,0 None,0 None,530390,181640,-0.122106,51.518641,,,Unknown,"(51.518641, -0.122106)",http://opendatacommunities.org/id/london-borough-council/camden,8327,21/12/2020 02:48:42 PM
1190187044,CAMDEN,1 DRIVER/RIDER,1 MALE,25-59,51,1,3 SLIGHT,'-2 NOT APPLICABLE,'-2 NOT APPLICABLE,5 TAXI,"On Akenside Road, 50 metres north of the junction with Wedderburn Road.",1,13/06/2019 03:00:00 PM,Thursday,15.00,3 BOR,6,0,6 SINGLE CWY,20,00 NO JUN IN 20M,,0,0,0 NO XING FACILITY IN 50M,2 DAYLIGHT,5 RAINING/HIGH WINDS,2 ROAD-WET,0 NONE,0 NONE,526663,185131,-0.174538,51.550862,,,Unknown,"(51.550862, -0.174538)",http://opendatacommunities.org/id/london-borough-council/camden,9090,21/12/2020 02:48:44 PM
1170073870,CAMDEN,1 Driver/Rider,2 Female,25-59,32,1,3 Slight,-2 Unknown,-2 N/A,2 Pedal Cycle,GOODS WAY 25M W OF J/W KING'S BLVD,2,23/11/2017 08:30:00 AM,Thursday,8.30,3 Bor,C,0,3 Dual Cwy,4 50 MPH,0 No Jun In 20m,-2 Not Applicable,-2 Not Applicable,0,1 Zebra,1 Daylight,8 Other,2 Road-Wet,0 None,0 None,530150,183410,-0.12491,51.534603,,,Unknown,"(51.534603, -0.12491)",http://opendatacommunities.org/id/london-borough-council/camden,7566,21/12/2020 02:48:41 PM
1190219027,CAMDEN,2 PASSENGER,1 MALE,16-24,18,2,3 SLIGHT,'-2 NOT APPLICABLE,3 FROM DRIVERS O/SIDE,4 CAR,"On Finchley Road, near the junction with Hendon Way.",3,17/11/2019 05:25:00 PM,Sunday,17.25,1 TLRN,A,41,3 DUAL CWY,30,07 MULTI JUN,2 AUTO SIG,A,41,5 PEDN PHASE AT ATS,1 DARK,1 FINE,1 ROAD-DRY,0 NONE,0 NONE,525085,186033,-0.196965,51.55932,,,Unknown,"(51.55932, -0.196965)",http://opendatacommunities.org/id/london-borough-council/camden,9527,21/12/2020 02:48:44 PM
0116EK40207,CAMDEN,1 Driver/Rider,1 Male,25-59,47,1,3 Slight,-2 Unknown,-2 N/A,3 Powered 2 Wheeler,EUSTON ROAD J/W CRESTFIELD STREET,2,07/04/2016 05:30:00 PM,Thursday,17.30,1 TLRN,A,501,3 Dual Cwy,2 30 MPH,3 T/Stag Jun,4 Give Way/Uncontrolled,Unclassified,0,0 No Xing Facility In 50m,1 Daylight,1 Fine,1 Road-Dry,0 None,0 None,530280,182940,-0.12321,51.53035,,,Unknown,"(51.53035, -0.12321)",http://opendatacommunities.org/id/london-borough-council/camden,6154,21/12/2020 02:48:38 PM
0116EK40005,CAMDEN,1 Driver/Rider,2 Female,60+,68,1,3 Slight,-2 Unknown,-2 N/A,4 Car,FITZJOHN'S AVENUE J/W PRINCE ARTHUR ROAD,2,07/01/2016 07:00:00 PM,Thursday,19.00,3 Bor,B,511,6 Single Cwy,2 30 MPH,6 Crossroads,4 Give Way/Uncontrolled,Unclassified,0,0 No Xing Facility In 50m,2 Dark,2 Raining,2 Road-Wet,0 None,0 None,526450,185520,-0.177468,51.554406,,,Unknown,"(51.554406, -0.177468)",http://opendatacommunities.org/id/london-borough-council/camden,5980,21/12/2020 02:48:38 PM
1190195283,CAMDEN,2 PASSENGER,1 MALE,16-24,21,6,3 SLIGHT,'-2 NOT APPLICABLE,'-2 NOT APPLICABLE,4 CAR,"On Finchley Road, 300 metres south of the junction with Alvanley Gardens.. The nearest classified road was the B1",2,22/07/2019 11:36:00 PM,Monday,23.36,1 TLRN,A,41,3 DUAL CWY,40,00 NO JUN IN 20M,,0,0,8 CENTRAL REFUGE,1 DARK,1 FINE,1 ROAD-DRY,0 NONE,0 NONE,525814,185288,-0.18672,51.552463,,,Unknown,"(51.552463, -0.18672)",http://opendatacommunities.org/id/london-borough-council/camden,9213,21/12/2020 02:48:44 PM
1190202607,CAMDEN,2 PASSENGER,2 FEMALE,0-15,15,1,3 SLIGHT,'-2 NOT APPLICABLE,'-2 NOT APPLICABLE,4 CAR,"On Euston Road, 60 metres west of the junction with Eversholt Street.. The nearest classified road was the A4200. The nearest classified road was the A4200",2,31/08/2019 10:18:00 PM,Saturday,22.18,1 TLRN,A,501,3 DUAL CWY,30,00 NO JUN IN 20M,,0,0,5 PEDN PHASE AT ATS,1 DARK,1 FINE,1 ROAD-DRY,0 NONE,0 NONE,529646,182519,-0.1325,51.526712,,,Unknown,"(51.526712, -0.1325)",http://opendatacommunities.org/id/london-borough-council/camden,9319,21/12/2020 02:48:44 PM