Reference,London Borough Name,Casualty Class,Casualty Sex,Casualty Age Band,Casualty Age,Number Of Casualties,Casualty Severity,Pedestrian Location,Pedestrian Movement,Mode Of Travel,Attendant Location,Number Of Vehicles,Date,Day,Time,Highway,Road Class 1,Road Number 1,Road Type,Speed Limit,Junction Detail,Junction Control,Road Class 2,Road Number 2,Pedestrian Crossing,Light Condition Band,Weather,Road Surface,Special Conditions,Carriage Way Hazard,Easting,Northing,Longitude,Latitude,Ward Code,Ward Name,Spatial Accuracy,Location,Organisation URI,Socrata ID,Last Uploaded
1180086461,CAMDEN,3 Pedestrian,2 Female,16-24,20,1,3 Slight,01 Crossing Road On Ped Xing,9 Unknown Or Other,1 Pedestrian,TOTTENHAM COURT ROAD J/W TORRINGTON PLACE,1,29/01/2018 01:05:00 PM,Monday,13.05,3 Bor,A,400,3 Dual Cwy,1 <= 20 MPH,3 T/Stag Jun,2 Auto Sig,C,0,5 Pedn Phase At Ats,1 Daylight,1 Fine,1 Road-Dry,0 None,0 None,529470,181920,-0.135256,51.521369,,,Unknown,"(51.521369, -0.135256)",http://opendatacommunities.org/id/london-borough-council/camden,7700,21/12/2020 02:48:41 PM
0116EK40567,CAMDEN,2 Passenger,2 Female,60+,80,1,3 Slight,-2 Unknown,-2 N/A,6 Bus Or Coach,BEDFORD PLACE 49M SE OF J/W RUSSELL SQUARE,1,05/08/2016 12:25:00 PM,Friday,12.25,3 Bor,Unclassified,0,6 Single Cwy,2 30 MPH,0 No Jun In 20m,-2 Not Applicable,-2 Not Applicable,0,0 No Xing Facility In 50m,1 Daylight,1 Fine,1 Road-Dry,0 None,0 None,530203,181853,-0.124721,51.520599,,,Unknown,"(51.520599, -0.124721)",http://opendatacommunities.org/id/london-borough-council/camden,6459,21/12/2020 02:48:39 PM
1170042704,CAMDEN,1 Driver/Rider,1 Male,25-59,34,1,3 Slight,-2 Unknown,-2 N/A,3 Powered 2 Wheeler,CAMDEN ROAD J/W SANDALL ROAD,2,13/06/2017 04:46:00 PM,Tuesday,16.46,1 TLRN,A,503,6 Single Cwy,2 30 MPH,3 T/Stag Jun,4 Give Way/Uncontrolled,Unclassified,0,4 Pelican Or Similar,1 Daylight,1 Fine,1 Road-Dry,0 None,0 None,529520,184620,-0.133543,51.545622,,,Unknown,"(51.545622, -0.133543)",http://opendatacommunities.org/id/london-borough-council/camden,7038,21/12/2020 02:48:39 PM
0115EK41024,CAMDEN,3 Pedestrian,1 Male,60+,75,1,3 Slight,04 Crossing Road Within 50m Xing,1 From Drivers N/Side,1 Pedestrian,CAMDEN ROAD J/W SANDALL ROAD.,1,18/11/2015 02:41:00 PM,Wednesday,14.41,1 TLRN,A,503,6 Single Cwy,2 30 MPH,3 T/Stag Jun,4 Give Way/Uncontrolled,Unclassified,0,4 Pelican Or Similar,1 Daylight,1 Fine,2 Road-Wet,0 None,0 None,529530,184630,-0.133395,51.54571,,,Unknown,"(51.54571, -0.133395)",http://opendatacommunities.org/id/london-borough-council/camden,5444,21/12/2020 02:48:37 PM
1170015017,CAMDEN,2 Passenger,2 Female,16-24,22,1,3 Slight,-2 Unknown,-2 N/A,5 Taxi,CAMDEN PARK ROAD J/W NORTH VILLAS,1,29/01/2017 08:25:00 PM,Sunday,20.25,3 Bor,A,5200,6 Single Cwy,1 <= 20 MPH,7 Multi Jun,4 Give Way/Uncontrolled,Unclassified,0,0 No Xing Facility In 50m,2 Dark,2 Raining,2 Road-Wet,0 None,0 None,529790,184800,-0.129585,51.547178,,,Unknown,"(51.547178, -0.129585)",http://opendatacommunities.org/id/london-borough-council/camden,6622,21/12/2020 02:48:39 PM
0115EK41113,CAMDEN,3 Pedestrian,1 Male,25-59,26,1,3 Slight,07 On Refuge,5 In Rd Not Crossing,1 Pedestrian,TAVISTOCK PLACE J/W TAVISTOCK SQUARE.,1,10/12/2015 06:55:00 PM,Thursday,18.55,3 Bor,C,0,6 Single Cwy,2 30 MPH,6 Crossroads,2 Auto Sig,A,4200,5 Pedn Phase At Ats,2 Dark,2 Raining,2 Road-Wet,0 None,0 None,529980,182310,-0.127765,51.524757,,,Unknown,"(51.524757, -0.127765)",http://opendatacommunities.org/id/london-borough-council/camden,5525,21/12/2020 02:48:37 PM
0116EK40590,CAMDEN,3 Pedestrian,2 Female,16-24,17,1,3 Slight,06 On Footpath - Verge,9 Unknown Or Other,1 Pedestrian,HIGH HOLBORN 30M SW OF J/W DRURY LANE,1,26/07/2016 12:40:00 PM,Tuesday,12.40,3 Bor,B,401,2 One-Way St,2 30 MPH,0 No Jun In 20m,-2 Not Applicable,-2 Not Applicable,0,0 No Xing Facility In 50m,1 Daylight,9 Unknown,1 Road-Dry,0 None,0 None,530200,181350,-0.12495,51.516079,,,Unknown,"(51.516079, -0.12495)",http://opendatacommunities.org/id/london-borough-council/camden,6472,21/12/2020 02:48:39 PM
0115EK40026,CAMDEN,1 Driver/Rider,1 Male,25-59,29,1,3 Slight,-2 Unknown,-2 N/A,3 Powered 2 Wheeler,WEST END LANE J/W WEST HAMPSTEAD MEWS,2,16/01/2015 07:35:00 PM,Friday,19.35,3 Bor,B,510,6 Single Cwy,2 30 MPH,3 T/Stag Jun,4 Give Way/Uncontrolled,Unclassified,0,0 No Xing Facility In 50m,2 Dark,8 Other,2 Road-Wet,0 None,0 None,525510,184540,-0.191369,51.545808,,,Unknown,"(51.545808, -0.191369)",http://opendatacommunities.org/id/london-borough-council/camden,4601,21/12/2020 02:48:35 PM
1190157803,CAMDEN,1 DRIVER/RIDER,1 MALE,25-59,38,1,3 SLIGHT,'-2 NOT APPLICABLE,'-2 NOT APPLICABLE,3 POWERED 2 WHEELER,West End Lane 55M S Sumatra Rd,2,16/01/2019 01:15:00 PM,Wednesday,13.15,3 BOR,B,510,6 SINGLE CWY,20,08 PRIV DRIVE,4 GIVE WAY/UNCONTROLLED,6,0,0 NO XING FACILITY IN 50M,2 DAYLIGHT,2 RAINING,2 ROAD-WET,0 NONE,0 NONE,525528,184849,-0.191,51.548581,,,Unknown,"(51.548581, -0.191)",http://opendatacommunities.org/id/london-borough-council/camden,8692,21/12/2020 02:48:43 PM
1180144530,CAMDEN,1 Driver/Rider,2 Female,25-59,46,1,3 Slight,-2 Unknown,-2 N/A,4 Car,EUSTON ROAD J/W EVERSHOLT STREET,2,03/07/2018 11:30:00 AM,Tuesday,11.30,1 TLRN,A,501,3 Dual Cwy,2 30 MPH,6 Crossroads,9 Unknown (S/R),A,4200,9 Unknown (S/R),1 Daylight,1 Fine,1 Road-Dry,9 Unknown (S/R),0 None,529759,182591,-0.130845,51.527333,,,Unknown,"(51.527333, -0.130845)",http://opendatacommunities.org/id/london-borough-council/camden,8508,21/12/2020 02:48:43 PM
0115EK40126,CAMDEN,1 Driver/Rider,1 Male,25-59,26,1,3 Slight,-2 Unknown,-2 N/A,3 Powered 2 Wheeler,CROWNDALE ROAD 57M SW OF J/W ROYAL COLLEGE STREET,2,18/02/2015 03:50:00 PM,Wednesday,15.50,3 Bor,B,512,6 Single Cwy,2 30 MPH,0 No Jun In 20m,-2 Not Applicable,-2 Not Applicable,0,1 Zebra,1 Daylight,1 Fine,1 Road-Dry,0 None,0 None,529510,183480,-0.134106,51.535379,,,Unknown,"(51.535379, -0.134106)",http://opendatacommunities.org/id/london-borough-council/camden,4678,21/12/2020 02:48:36 PM
0115EK40164,CAMDEN,1 Driver/Rider,1 Male,25-59,41,1,3 Slight,-2 Unknown,-2 N/A,3 Powered 2 Wheeler,EUSTON ROAD J/W TOTTENHAM COURT ROAD,2,22/01/2015 09:12:00 AM,Thursday,9.12,1 TLRN,A,501,6 Single Cwy,2 30 MPH,6 Crossroads,2 Auto Sig,A,400,5 Pedn Phase At Ats,1 Daylight,1 Fine,1 Road-Dry,0 None,0 None,529240,182330,-0.138418,51.525106,,,Unknown,"(51.525106, -0.138418)",http://opendatacommunities.org/id/london-borough-council/camden,4706,21/12/2020 02:48:36 PM
0115EK40966,CAMDEN,2 Passenger,1 Male,60+,65,1,3 Slight,-2 Unknown,-2 N/A,6 Bus Or Coach,TOTTENHAM COURT ROAD J/W OXFORD STREET.,1,30/10/2015 07:35:00 PM,Friday,19.35,3 Bor,A,400,6 Single Cwy,2 30 MPH,6 Crossroads,2 Auto Sig,A,40,5 Pedn Phase At Ats,2 Dark,1 Fine,1 Road-Dry,0 None,0 None,529810,181390,-0.130553,51.516528,,,Unknown,"(51.516528, -0.130553)",http://opendatacommunities.org/id/london-borough-council/camden,5392,21/12/2020 02:48:37 PM
1170029933,CAMDEN,3 Pedestrian,2 Female,25-59,56,1,3 Slight,01 Crossing Road On Ped Xing,1 From Drivers N/Side,1 Pedestrian,HAMPSTEAD HIGH STREET J/W HEATH STREET,1,15/03/2017 08:02:00 AM,Wednesday,8.02,3 Bor,A,502,6 Single Cwy,1 <= 20 MPH,3 T/Stag Jun,2 Auto Sig,A,502,5 Pedn Phase At Ats,1 Daylight,1 Fine,1 Road-Dry,0 None,0 None,526370,185760,-0.178536,51.556581,,,Unknown,"(51.556581, -0.178536)",http://opendatacommunities.org/id/london-borough-council/camden,6844,21/12/2020 02:48:39 PM
1170062920,CAMDEN,1 Driver/Rider,2 Female,25-59,58,1,3 Slight,-2 Unknown,-2 N/A,2 Pedal Cycle,HAMPSTEAD ROAD J/W DRUMMOND STREET,2,03/10/2017 09:50:00 AM,Tuesday,9.50,1 TLRN,A,400,6 Single Cwy,1 <= 20 MPH,3 T/Stag Jun,2 Auto Sig,C,0,9 Unknown (S/R),1 Daylight,8 Other,1 Road-Dry,0 None,0 None,529220,182470,-0.138655,51.526369,,,Unknown,"(51.526369, -0.138655)",http://opendatacommunities.org/id/london-borough-council/camden,7384,21/12/2020 02:48:40 PM
1190172950,CAMDEN,3 PEDESTRIAN,2 FEMALE,25-59,44,1,3 SLIGHT,10 UNKNOWN OR OTHER,9 UNKNOWN OR OTHER,1 PEDESTRIAN,"On Southampton Place, 25 metres north of the junction with High Holborn.. The nearest classified road was the A40",1,02/04/2019 05:07:00 PM,Tuesday,17.07,3 BOR,5,0,2 ONE-WAY ST,30,00 NO JUN IN 20M,,0,0,0 NO XING FACILITY IN 50M,2 DAYLIGHT,1 FINE,1 ROAD-DRY,0 NONE,0 NONE,530422,181557,-0.121676,51.517888,,,Unknown,"(51.517888, -0.121676)",http://opendatacommunities.org/id/london-borough-council/camden,8900,21/12/2020 02:48:44 PM
1190171519,CAMDEN,1 DRIVER/RIDER,1 MALE,25-59,43,1,3 SLIGHT,'-2 NOT APPLICABLE,'-2 NOT APPLICABLE,3 POWERED 2 WHEELER,"On Arlington Road, 30 metres west of the junction with Camden High Street .",2,26/03/2019 02:52:00 PM,Tuesday,14.52,3 BOR,6,0,6 SINGLE CWY,20,00 NO JUN IN 20M,,0,0,0 NO XING FACILITY IN 50M,2 DAYLIGHT,1 FINE,1 ROAD-DRY,0 NONE,0 NONE,528884,183723,-0.143038,51.537706,,,Unknown,"(51.537706, -0.143038)",http://opendatacommunities.org/id/london-borough-council/camden,8875,21/12/2020 02:48:43 PM
1170015043,CAMDEN,1 Driver/Rider,2 Female,25-59,54,1,3 Slight,-2 Unknown,-2 N/A,4 Car,GRAFTON ROAD J/W INKERMAN ROAD,2,16/01/2017 02:00:00 PM,Monday,14.00,3 Bor,C,0,6 Single Cwy,1 <= 20 MPH,3 T/Stag Jun,4 Give Way/Uncontrolled,Unclassified,0,0 No Xing Facility In 50m,1 Daylight,1 Fine,1 Road-Dry,0 None,0 None,528700,184830,-0.145285,51.547697,,,Unknown,"(51.547697, -0.145285)",http://opendatacommunities.org/id/london-borough-council/camden,6623,21/12/2020 02:48:39 PM
0116EK40671,CAMDEN,2 Passenger,2 Female,60+,88,1,3 Slight,-2 Unknown,-2 N/A,6 Bus Or Coach,"FINCHLEY ROAD, 55 METRES NW OF AVENUE ROAD.",1,31/08/2016 10:28:00 AM,Wednesday,10.28,1 TLRN,A,41,3 Dual Cwy,2 30 MPH,0 No Jun In 20m,-2 Not Applicable,-2 Not Applicable,0,0 No Xing Facility In 50m,1 Daylight,1 Fine,1 Road-Dry,0 None,0 None,526619,184380,-0.175442,51.544123,,,Unknown,"(51.544123, -0.175442)",http://opendatacommunities.org/id/london-borough-council/camden,6514,21/12/2020 02:48:39 PM
0115EK40311,CAMDEN,2 Passenger,2 Female,16-24,23,1,3 Slight,-2 Unknown,-2 N/A,4 Car,AGINCOURT ROAD 43M W OF J/W CRESSY ROAD,4,22/03/2015 03:00:00 AM,Sunday,3.00,3 Bor,C,0,6 Single Cwy,2 30 MPH,0 No Jun In 20m,-2 Not Applicable,-2 Not Applicable,0,0 No Xing Facility In 50m,2 Dark,1 Fine,1 Road-Dry,0 None,0 None,527540,185560,-0.16174,51.55452,,,Unknown,"(51.55452, -0.16174)",http://opendatacommunities.org/id/london-borough-council/camden,4833,21/12/2020 02:48:36 PM
1170030575,CAMDEN,1 Driver/Rider,1 Male,25-59,25,1,2 Serious,-2 Unknown,-2 N/A,3 Powered 2 Wheeler,FITZJOHN'S AVENUE J/W BELSIZE LANE,2,31/03/2017 02:00:00 PM,Friday,14.00,3 Bor,B,511,6 Single Cwy,2 30 MPH,3 T/Stag Jun,4 Give Way/Uncontrolled,Unclassified,0,0 No Xing Facility In 50m,1 Daylight,1 Fine,1 Road-Dry,0 None,0 None,526580,184590,-0.175929,51.546019,,,Unknown,"(51.546019, -0.175929)",http://opendatacommunities.org/id/london-borough-council/camden,6850,21/12/2020 02:48:39 PM
1190178764,CAMDEN,1 DRIVER/RIDER,1 MALE,25-59,32,1,3 SLIGHT,'-2 NOT APPLICABLE,'-2 NOT APPLICABLE,3 POWERED 2 WHEELER,"On Maida Vale, near the junction with KILBURN PARK ROAD.",3,03/05/2019 06:45:00 PM,Friday,18.45,3 BOR,A,5,6 SINGLE CWY,30,03 T/STAG JUN,4 GIVE WAY/UNCONTROLLED,B,414,0 NO XING FACILITY IN 50M,2 DAYLIGHT,2 RAINING,2 ROAD-WET,0 NONE,0 NONE,525680,183341,-0.189347,51.534995,,,Unknown,"(51.534995, -0.189347)",http://opendatacommunities.org/id/london-borough-council/camden,8978,21/12/2020 02:48:44 PM
0115EK40307,CAMDEN,1 Driver/Rider,1 Male,25-59,34,1,3 Slight,-2 Unknown,-2 N/A,3 Powered 2 Wheeler,GORDON STREET J/W EUSTON ROAD,2,22/04/2015 09:17:00 AM,Wednesday,9.17,1 TLRN,C,0,6 Single Cwy,2 30 MPH,3 T/Stag Jun,2 Auto Sig,A,501,5 Pedn Phase At Ats,1 Daylight,1 Fine,1 Road-Dry,0 None,0 None,529560,182470,-0.133757,51.526291,,,Unknown,"(51.526291, -0.133757)",http://opendatacommunities.org/id/london-borough-council/camden,4828,21/12/2020 02:48:36 PM
0116EK40004,CAMDEN,1 Driver/Rider,1 Male,25-59,25,1,3 Slight,-2 Unknown,-2 N/A,2 Pedal Cycle,CAMDEN STREET J/W ST MARTIN'S CLOSE,2,19/01/2016 08:56:00 AM,Tuesday,8.56,1 TLRN,A,400,6 Single Cwy,1 <= 20 MPH,8 Priv Drive,4 Give Way/Uncontrolled,Unclassified,0,0 No Xing Facility In 50m,1 Daylight,1 Fine,2 Road-Wet,0 None,0 None,529200,183840,-0.138441,51.538686,,,Unknown,"(51.538686, -0.138441)",http://opendatacommunities.org/id/london-borough-council/camden,5979,21/12/2020 02:48:38 PM
1180124084,CAMDEN,1 Driver/Rider,1 Male,25-59,54,1,3 Slight,-2 Unknown,-2 N/A,4 Car,ETON ROAD NW3 J/W PROVOST ROAD  NW3,2,30/07/2018 11:45:00 AM,Monday,11.45,3 Bor,Unclassified,0,6 Single Cwy,1 <= 20 MPH,9 Other Jun,4 Give Way/Uncontrolled,Unclassified,0,0 No Xing Facility In 50m,1 Daylight,1 Fine,1 Road-Dry,0 None,0 None,527770,184450,-0.158828,51.544493,,,Unknown,"(51.544493, -0.158828)",http://opendatacommunities.org/id/london-borough-council/camden,8209,21/12/2020 02:48:42 PM
0115EK40618,CAMDEN,1 Driver/Rider,1 Male,25-59,30,1,3 Slight,-2 Unknown,-2 N/A,2 Pedal Cycle,EUSTON ROAD 50M NE OF PANCRAS ROAD,2,22/07/2015 05:40:00 PM,Wednesday,17.40,1 TLRN,A,501,3 Dual Cwy,2 30 MPH,0 No Jun In 20m,-2 Not Applicable,-2 Not Applicable,0,0 No Xing Facility In 50m,1 Daylight,1 Fine,1 Road-Dry,0 None,0 None,530270,182940,-0.123354,51.530352,,,Unknown,"(51.530352, -0.123354)",http://opendatacommunities.org/id/london-borough-council/camden,5099,21/12/2020 02:48:36 PM
0116EK40070,CAMDEN,1 Driver/Rider,1 Male,25-59,57,1,3 Slight,-2 Unknown,-2 N/A,4 Car,HIGH HOLBORN J/W SOUTHAMPTON ROW.,2,13/02/2016 09:10:00 PM,Saturday,21.10,3 Bor,A,40,6 Single Cwy,1 <= 20 MPH,6 Crossroads,2 Auto Sig,A,4200,5 Pedn Phase At Ats,2 Dark,2 Raining,2 Road-Wet,0 None,0 None,530510,181530,-0.120418,51.517625,,,Unknown,"(51.517625, -0.120418)",http://opendatacommunities.org/id/london-borough-council/camden,6034,21/12/2020 02:48:38 PM
0115CW10412,CAMDEN,1 Driver/Rider,1 Male,25-59,28,1,3 Slight,-2 Unknown,-2 N/A,2 Pedal Cycle,OXFORD STREET/NEW OXFORD ST J/W CHARING X RD & TOTTENHAM CT RD,2,04/04/2015 08:55:00 AM,Saturday,8.55,3 Bor,A,40,6 Single Cwy,2 30 MPH,6 Crossroads,2 Auto Sig,A,400,5 Pedn Phase At Ats,1 Daylight,1 Fine,1 Road-Dry,0 None,0 None,529820,181370,-0.130416,51.516346,,,Unknown,"(51.516346, -0.130416)",http://opendatacommunities.org/id/london-borough-council/camden,4556,21/12/2020 02:48:35 PM
1170058200,CAMDEN,2 Passenger,2 Female,16-24,23,1,3 Slight,-2 Unknown,-2 N/A,4 Car,KILBURN HIGH ROAD 20M E OF J/W BRONDESBURY ROAD,2,11/09/2017 12:15:00 AM,Monday,0.15,3 Bor,A,5,6 Single Cwy,2 30 MPH,3 T/Stag Jun,2 Auto Sig,Unclassified,0,0 No Xing Facility In 50m,2 Dark,1 Fine,1 Road-Dry,0 None,0 None,525350,183690,-0.193978,51.538205,,,Unknown,"(51.538205, -0.193978)",http://opendatacommunities.org/id/london-borough-council/camden,7314,21/12/2020 02:48:40 PM
1170047096,CAMDEN,1 Driver/Rider,1 Male,25-59,46,1,3 Slight,-2 Unknown,-2 N/A,2 Pedal Cycle,MALET STREET J/W TORRINGTON SQUARE,2,11/06/2017 12:30:00 PM,Sunday,12.30,3 Bor,Unclassified,0,2 One-Way St,1 <= 20 MPH,3 T/Stag Jun,4 Give Way/Uncontrolled,Unclassified,0,0 No Xing Facility In 50m,1 Daylight,1 Fine,1 Road-Dry,9 Unknown (S/R),0 None,529830,181910,-0.130073,51.521197,,,Unknown,"(51.521197, -0.130073)",http://opendatacommunities.org/id/london-borough-council/camden,7124,21/12/2020 02:48:40 PM
0116EK40511,CAMDEN,3 Pedestrian,2 Female,25-59,27,1,2 Serious,05 Crossing Road (Not On Xing),3 From Drivers O/Side,1 Pedestrian,KENTISH TOWN ROAD J/W HOLMES ROAD,1,16/07/2016 01:02:00 AM,Saturday,1.02,3 Bor,A,400,6 Single Cwy,1 <= 20 MPH,3 T/Stag Jun,4 Give Way/Uncontrolled,Unclassified,0,0 No Xing Facility In 50m,2 Dark,8 Other,1 Road-Dry,0 None,0 None,528990,185010,-0.141039,51.549248,,,Unknown,"(51.549248, -0.141039)",http://opendatacommunities.org/id/london-borough-council/camden,6418,21/12/2020 02:48:38 PM
1190174161,CAMDEN,1 DRIVER/RIDER,1 MALE,25-59,35,1,3 SLIGHT,'-2 NOT APPLICABLE,'-2 NOT APPLICABLE,3 POWERED 2 WHEELER,"On Ellerdale Road, 25 metres north of the junction with Arkwright Road.",2,08/04/2019 08:10:00 PM,Monday,20.10,3 BOR,6,0,6 SINGLE CWY,20,00 NO JUN IN 20M,,0,0,9 UNKNOWN (S/R),2 DAYLIGHT,8 OTHER,1 ROAD-DRY,0 NONE,0 NONE,526381,185329,-0.178532,51.552705,,,Unknown,"(51.552705, -0.178532)",http://opendatacommunities.org/id/london-borough-council/camden,8915,21/12/2020 02:48:44 PM
1170020814,CAMDEN,1 Driver/Rider,2 Female,25-59,27,1,3 Slight,-2 Unknown,-2 N/A,2 Pedal Cycle,PLENDER STREET J/W BAYHAM STREET,2,24/02/2017 08:29:00 PM,Friday,20.29,3 Bor,C,0,2 One-Way St,1 <= 20 MPH,6 Crossroads,4 Give Way/Uncontrolled,Unclassified,0,1 Zebra,2 Dark,1 Fine,1 Road-Dry,0 None,0 None,529190,183560,-0.138688,51.536172,,,Unknown,"(51.536172, -0.138688)",http://opendatacommunities.org/id/london-borough-council/camden,6713,21/12/2020 02:48:39 PM
1180098461,CAMDEN,2 Passenger,1 Male,60+,60,1,3 Slight,-2 Unknown,-2 N/A,6 Bus Or Coach,HIGH HOLBORN J/W BROWNLOW STREET,1,26/03/2018 07:10:00 PM,Monday,19.10,3 Bor,A,40,3 Dual Cwy,1 <= 20 MPH,5 Slip Road,3 Stop Sign,Unclassified,0,0 No Xing Facility In 50m,2 Dark,1 Fine,1 Road-Dry,0 None,0 None,530906,181602,-0.114688,51.518181,,,Unknown,"(51.518181, -0.114688)",http://opendatacommunities.org/id/london-borough-council/camden,7843,21/12/2020 02:48:41 PM
1170061434,CAMDEN,1 Driver/Rider,1 Male,25-59,37,1,3 Slight,-2 Unknown,-2 N/A,3 Powered 2 Wheeler,HAVERSTOCK HILL J/W ADELAIDE ROAD,2,08/09/2017 07:03:00 PM,Friday,19.03,3 Bor,A,502,9 Unknown,2 30 MPH,6 Crossroads,2 Auto Sig,B,509,9 Unknown (S/R),1 Daylight,9 Unknown,9 Unknown (S/R),9 Unknown (S/R),9 Unknown (S/R),528180,184400,-0.152936,51.543951,,,Unknown,"(51.543951, -0.152936)",http://opendatacommunities.org/id/london-borough-council/camden,7353,21/12/2020 02:48:40 PM
1180100918,CAMDEN,1 Driver/Rider,1 Male,25-59,25,1,3 Slight,-2 Unknown,-2 N/A,3 Powered 2 Wheeler,CHALK FARM ROAD 20M N OF J/W HARTLAND ROAD,2,09/04/2018 08:55:00 PM,Monday,20.55,3 Bor,A,502,9 Unknown,1 <= 20 MPH,3 T/Stag Jun,9 Unknown (S/R),Unclassified,0,1 Zebra,2 Dark,2 Raining,2 Road-Wet,0 None,0 None,528561,184255,-0.147498,51.542561,,,Unknown,"(51.542561, -0.147498)",http://opendatacommunities.org/id/london-borough-council/camden,7874,21/12/2020 02:48:41 PM
1190180441,CAMDEN,1 DRIVER/RIDER,1 MALE,25-59,41,1,3 SLIGHT,'-2 NOT APPLICABLE,'-2 NOT APPLICABLE,4 CAR,"On Buckland Crescent, near the junction with Lancaster Grove.",2,18/04/2019 05:20:00 PM,Thursday,17.20,3 BOR,5,0,6 SINGLE CWY,20,03 T/STAG JUN,9 UNKNOWN (S/R),6,0,1 ZEBRA,2 DAYLIGHT,1 FINE,1 ROAD-DRY,0 NONE,0 NONE,526807,184637,-0.17264,51.54639,,,Unknown,"(51.54639, -0.17264)",http://opendatacommunities.org/id/london-borough-council/camden,8995,21/12/2020 02:48:44 PM
1170075360,CAMDEN,1 Driver/Rider,2 Female,25-59,25,1,3 Slight,-2 Unknown,-2 N/A,2 Pedal Cycle,A5202 25M N OF J/W KINGS CROSS THE NEAREST CLASSIFIED ROAD WAS THE,2,05/12/2017 07:20:00 AM,Tuesday,7.20,3 Bor,A,5202,3 Dual Cwy,2 30 MPH,0 No Jun In 20m,-2 Not Applicable,-2 Not Applicable,0,9 Unknown (S/R),1 Daylight,1 Fine,1 Road-Dry,0 None,0 None,530100,183150,-0.125726,51.532278,,,Unknown,"(51.532278, -0.125726)",http://opendatacommunities.org/id/london-borough-council/camden,7581,21/12/2020 02:48:41 PM
1170070220,CAMDEN,1 Driver/Rider,1 Male,25-59,51,1,3 Slight,-2 Unknown,-2 N/A,2 Pedal Cycle,EUSTON ROAD 25M E OF J/W ARGYLE STREET,2,22/10/2017 07:45:00 PM,Sunday,19.45,1 TLRN,A,501,9 Unknown,2 30 MPH,0 No Jun In 20m,-2 Not Applicable,-2 Not Applicable,0,9 Unknown (S/R),2 Dark,9 Unknown,9 Unknown (S/R),9 Unknown (S/R),9 Unknown (S/R),530190,182870,-0.124533,51.529741,,,Unknown,"(51.529741, -0.124533)",http://opendatacommunities.org/id/london-borough-council/camden,7512,21/12/2020 02:48:41 PM
0115EK40116,CAMDEN,3 Pedestrian,1 Male,25-59,35,1,3 Slight,05 Crossing Road (Not On Xing),1 From Drivers N/Side,1 Pedestrian,ST PANCRAS WAY 85M N OF J/W ROYAL COLLEGE STREET,1,13/02/2015 04:44:00 PM,Friday,16.44,3 Bor,A,5202,6 Single Cwy,2 30 MPH,0 No Jun In 20m,-2 Not Applicable,-2 Not Applicable,0,0 No Xing Facility In 50m,1 Daylight,1 Fine,1 Road-Dry,0 None,0 None,529600,183580,-0.132772,51.536257,,,Unknown,"(51.536257, -0.132772)",http://opendatacommunities.org/id/london-borough-council/camden,4672,21/12/2020 02:48:36 PM
1170012083,CAMDEN,1 Driver/Rider,1 Male,25-59,51,1,3 Slight,-2 Unknown,-2 N/A,2 Pedal Cycle,KINGSWAY J/W REMNANT STREET,2,17/01/2017 12:01:00 AM,Tuesday,0.01,3 Bor,A,4200,3 Dual Cwy,1 <= 20 MPH,6 Crossroads,2 Auto Sig,A,4200,4 Pelican Or Similar,2 Dark,1 Fine,1 Road-Dry,0 None,0 None,530550,181390,-0.119894,51.516358,,,Unknown,"(51.516358, -0.119894)",http://opendatacommunities.org/id/london-borough-council/camden,6587,21/12/2020 02:48:39 PM
1190195347,CAMDEN,3 PEDESTRIAN,2 FEMALE,16-24,16,4,3 SLIGHT,04 CROSSING ROAD WITHIN 50M XING,'-2 NOT APPLICABLE,1 PEDESTRIAN,"On Gower Street, near the junction with Kepple  St.",1,23/07/2019 10:55:00 AM,Tuesday,10.55,3 BOR,A,400,6 SINGLE CWY,20,06 CROSSROADS,2 AUTO SIG,A,400,4 PELICAN OR SIMILAR,2 DAYLIGHT,1 FINE,1 ROAD-DRY,4 ROADWORKS,0 NONE,529825,181825,-0.130177,51.520434,,,Unknown,"(51.520434, -0.130177)",http://opendatacommunities.org/id/london-borough-council/camden,9221,21/12/2020 02:48:44 PM
1190178061,CAMDEN,1 DRIVER/RIDER,1 MALE,25-59,45,1,3 SLIGHT,'-2 NOT APPLICABLE,'-2 NOT APPLICABLE,2 PEDAL CYCLE,"On Crowndale Road, 30 metres west of the junction with Camden Street.",2,30/04/2019 06:32:00 PM,Tuesday,18.32,3 BOR,B,512,6 SINGLE CWY,20,00 NO JUN IN 20M,,0,0,5 PEDN PHASE AT ATS,2 DAYLIGHT,1 FINE,1 ROAD-DRY,0 NONE,0 NONE,529388,183451,-0.135875,51.535147,,,Unknown,"(51.535147, -0.135875)",http://opendatacommunities.org/id/london-borough-council/camden,8960,21/12/2020 02:48:44 PM
1190168564,CAMDEN,1 DRIVER/RIDER,1 MALE,25-59,48,1,3 SLIGHT,'-2 NOT APPLICABLE,'-2 NOT APPLICABLE,3 POWERED 2 WHEELER,"On Camden Road, near the junction with St Pancras Way.",2,12/03/2019 09:05:00 AM,Tuesday,9.05,1 TLRN,A,503,6 SINGLE CWY,30,07 MULTI JUN,2 AUTO SIG,A,5202,4 PELICAN OR SIMILAR,2 DAYLIGHT,1 FINE,2 ROAD-WET,0 NONE,0 NONE,529252,184307,-0.13752,51.542871,,,Unknown,"(51.542871, -0.13752)",http://opendatacommunities.org/id/london-borough-council/camden,8836,21/12/2020 02:48:43 PM