Reference,London Borough Name,Casualty Class,Casualty Sex,Casualty Age Band,Casualty Age,Number Of Casualties,Casualty Severity,Pedestrian Location,Pedestrian Movement,Mode Of Travel,Attendant Location,Number Of Vehicles,Date,Day,Time,Highway,Road Class 1,Road Number 1,Road Type,Speed Limit,Junction Detail,Junction Control,Road Class 2,Road Number 2,Pedestrian Crossing,Light Condition Band,Weather,Road Surface,Special Conditions,Carriage Way Hazard,Easting,Northing,Longitude,Latitude,Ward Code,Ward Name,Spatial Accuracy,Location,Organisation URI,Socrata ID,Last Uploaded
0116EK40075,CAMDEN,3 Pedestrian,2 Female,25-59,33,1,3 Slight,05 Crossing Road (Not On Xing),1 From Drivers N/Side,1 Pedestrian,KENTISH TOWN ROAD J/W ANGLERS LANE,1,15/02/2016 12:40:00 PM,Monday,12.40,3 Bor,A,400,6 Single Cwy,2 30 MPH,3 T/Stag Jun,4 Give Way/Uncontrolled,Unclassified,0,0 No Xing Facility In 50m,1 Daylight,1 Fine,1 Road-Dry,0 None,0 None,528970,184850,-0.141386,51.547815,,,Unknown,"(51.547815, -0.141386)",http://opendatacommunities.org/id/london-borough-council/camden,6040,21/12/2020 02:48:38 PM
0115EK41066,CAMDEN,1 Driver/Rider,1 Male,25-59,25,1,3 Slight,-2 Unknown,-2 N/A,3 Powered 2 Wheeler,"FINCHLEY ROAD, 68 METRES SE OF ALVANLEY GARDENS.",2,30/11/2015 11:55:00 AM,Monday,11.55,1 TLRN,A,41,3 Dual Cwy,2 30 MPH,0 No Jun In 20m,-2 Not Applicable,-2 Not Applicable,0,0 No Xing Facility In 50m,1 Daylight,1 Fine,1 Road-Dry,4 Roadworks,0 None,525780,185300,-0.187206,51.552578,,,Unknown,"(51.552578, -0.187206)",http://opendatacommunities.org/id/london-borough-council/camden,5478,21/12/2020 02:48:37 PM
1170080367,CAMDEN,3 Pedestrian,1 Male,25-59,43,1,2 Serious,01 Crossing Road On Ped Xing,3 From Drivers O/Side,1 Pedestrian,NEW OXFORD STREET J/W MUSEUM ST,1,27/12/2017 02:55:00 PM,Wednesday,14.55,3 Bor,A,40,2 One-Way St,1 <= 20 MPH,3 T/Stag Jun,2 Auto Sig,C,0,5 Pedn Phase At Ats,1 Daylight,1 Fine,2 Road-Wet,0 None,0 None,530170,181470,-0.125338,51.517164,,,Unknown,"(51.517164, -0.125338)",http://opendatacommunities.org/id/london-borough-council/camden,7632,21/12/2020 02:48:41 PM
1180122749,CAMDEN,3 Pedestrian,2 Female,25-59,26,1,2 Serious,04 Crossing Road Within 50m Xing,2 From Drivers N/Side Msk,1 Pedestrian,KENTISH TOWN ROAD J/W HOLMES ROAD,1,23/07/2018 04:05:00 PM,Monday,16.05,3 Bor,A,400,6 Single Cwy,1 <= 20 MPH,3 T/Stag Jun,4 Give Way/Uncontrolled,Unclassified,0,4 Pelican Or Similar,1 Daylight,1 Fine,1 Road-Dry,0 None,0 None,528990,185020,-0.141035,51.549338,,,Unknown,"(51.549338, -0.141035)",http://opendatacommunities.org/id/london-borough-council/camden,8197,21/12/2020 02:48:42 PM
1170032208,CAMDEN,1 Driver/Rider,1 Male,25-59,30,1,3 Slight,-2 Unknown,-2 N/A,2 Pedal Cycle,GREENLAND ROAD J/W CAMDEN HIGH STREET,2,14/04/2017 04:58:00 PM,Friday,16.58,1 TLRN,A,400,2 One-Way St,1 <= 20 MPH,6 Crossroads,2 Auto Sig,A,4201,5 Pedn Phase At Ats,1 Daylight,1 Fine,1 Road-Dry,0 None,0 None,528920,183870,-0.142465,51.539019,,,Unknown,"(51.539019, -0.142465)",http://opendatacommunities.org/id/london-borough-council/camden,6882,21/12/2020 02:48:39 PM
1190187477,CAMDEN,1 DRIVER/RIDER,1 MALE,16-24,23,1,3 SLIGHT,'-2 NOT APPLICABLE,'-2 NOT APPLICABLE,2 PEDAL CYCLE,"On Prince Albert Road, near the junction with ALBERT TERRACE.",2,15/06/2019 09:45:00 PM,Saturday,21.45,3 BOR,A,5205,3 DUAL CWY,20,03 T/STAG JUN,2 AUTO SIG,5,0,0 NO XING FACILITY IN 50M,1 DARK,1 FINE,2 ROAD-WET,0 NONE,0 NONE,528081,183656,-0.154634,51.537287,,,Unknown,"(51.537287, -0.154634)",http://opendatacommunities.org/id/london-borough-council/camden,9100,21/12/2020 02:48:44 PM
1170050269,CAMDEN,3 Pedestrian,1 Male,16-24,21,1,3 Slight,01 Crossing Road On Ped Xing,9 Unknown Or Other,1 Pedestrian,JUDD STREET 25M S OF J/W EUSTON ROAD THE NEAREST CLASSIFIED ROAD W,1,18/07/2017 09:19:00 AM,Tuesday,9.19,3 Bor,B,504,6 Single Cwy,1 <= 20 MPH,0 No Jun In 20m,-2 Not Applicable,-2 Not Applicable,0,9 Unknown (S/R),1 Daylight,1 Fine,1 Road-Dry,9 Unknown (S/R),9 Unknown (S/R),530110,182755,-0.125728,51.528726,,,Unknown,"(51.528726, -0.125728)",http://opendatacommunities.org/id/london-borough-council/camden,7188,21/12/2020 02:48:40 PM
1190171673,CAMDEN,1 DRIVER/RIDER,1 MALE,25-59,42,2,3 SLIGHT,'-2 NOT APPLICABLE,'-2 NOT APPLICABLE,9 PRIVATE HIRE,"On finchley road, 5 metres north of the junction with Heath Drive.",2,28/03/2019 03:09:00 AM,Thursday,3.09,1 TLRN,A,41,3 DUAL CWY,30,03 T/STAG JUN,2 AUTO SIG,6,0,0 NO XING FACILITY IN 50M,1 DARK,1 FINE,1 ROAD-DRY,0 NONE,0 NONE,525487,185501,-0.191358,51.55445,,,Unknown,"(51.55445, -0.191358)",http://opendatacommunities.org/id/london-borough-council/camden,8885,21/12/2020 02:48:43 PM
1170033130,CAMDEN,2 Passenger,2 Female,60+,66,1,3 Slight,-2 Unknown,-2 N/A,6 Bus Or Coach,SHAFTESBURY AVENUE J/W EARLHAM STREET,1,21/04/2017 10:00:00 AM,Friday,10.00,3 Bor,A,401,3 Dual Cwy,1 <= 20 MPH,9 Other Jun,4 Give Way/Uncontrolled,Unclassified,0,0 No Xing Facility In 50m,1 Daylight,1 Fine,1 Road-Dry,0 None,0 None,529950,181070,-0.128654,51.51362,,,Unknown,"(51.51362, -0.128654)",http://opendatacommunities.org/id/london-borough-council/camden,6901,21/12/2020 02:48:39 PM
0115EK40036,CAMDEN,1 Driver/Rider,1 Male,25-59,26,1,3 Slight,-2 Unknown,-2 N/A,2 Pedal Cycle,YORK WAY J/W FREIGHT LANE,2,12/01/2015 06:45:00 PM,Monday,18.45,3 Bor,A,5200,6 Single Cwy,2 30 MPH,3 T/Stag Jun,4 Give Way/Uncontrolled,Unclassified,0,0 No Xing Facility In 50m,2 Dark,2 Raining,2 Road-Wet,0 None,0 None,530120,184090,-0.125091,51.540721,,,Unknown,"(51.540721, -0.125091)",http://opendatacommunities.org/id/london-borough-council/camden,4607,21/12/2020 02:48:35 PM
0115EK40527,CAMDEN,1 Driver/Rider,1 Male,25-59,41,1,3 Slight,-2 Unknown,-2 N/A,3 Powered 2 Wheeler,DUKE'S ROAD 32M SE OF EUSTON ROAD,2,01/07/2015 12:35:00 PM,Wednesday,12.35,3 Bor,Unclassified,0,6 Single Cwy,2 30 MPH,8 Priv Drive,4 Give Way/Uncontrolled,Unclassified,0,0 No Xing Facility In 50m,1 Daylight,1 Fine,1 Road-Dry,0 None,0 None,529850,182610,-0.129527,51.527483,,,Unknown,"(51.527483, -0.129527)",http://opendatacommunities.org/id/london-borough-council/camden,5016,21/12/2020 02:48:36 PM
1170010327,CAMDEN,3 Pedestrian,1 Male,25-59,48,1,3 Slight,05 Crossing Road (Not On Xing),2 From Drivers N/Side Msk,1 Pedestrian,HAMPSTEAD ROAD J/W WILLIAM ROAD,1,08/01/2017 06:15:00 PM,Sunday,18.15,1 TLRN,A,400,3 Dual Cwy,1 <= 20 MPH,3 T/Stag Jun,4 Give Way/Uncontrolled,Unclassified,0,0 No Xing Facility In 50m,2 Dark,1 Fine,2 Road-Wet,0 None,2 Other Object In Cwy,529220,182560,-0.138622,51.527178,,,Unknown,"(51.527178, -0.138622)",http://opendatacommunities.org/id/london-borough-council/camden,6561,21/12/2020 02:48:39 PM
1170059005,CAMDEN,1 Driver/Rider,1 Male,25-59,44,1,3 Slight,-2 Unknown,-2 N/A,3 Powered 2 Wheeler,HAWLEY ROAD 40M E CASTLEHAVEN RD,2,14/09/2017 08:40:00 AM,Thursday,8.40,3 Bor,C,0,2 One-Way St,1 <= 20 MPH,0 No Jun In 20m,-2 Not Applicable,-2 Not Applicable,0,0 No Xing Facility In 50m,1 Daylight,1 Fine,1 Road-Dry,4 Roadworks,2 Other Object In Cwy,528835,184300,-0.143533,51.542903,,,Unknown,"(51.542903, -0.143533)",http://opendatacommunities.org/id/london-borough-council/camden,7320,21/12/2020 02:48:40 PM
0116EK40061,CAMDEN,1 Driver/Rider,1 Male,25-59,52,1,3 Slight,-2 Unknown,-2 N/A,2 Pedal Cycle,ROYAL COLLEGE STREET J/W IVOR STREET,2,14/01/2016 06:15:00 PM,Thursday,18.15,3 Bor,A,5202,6 Single Cwy,2 30 MPH,3 T/Stag Jun,4 Give Way/Uncontrolled,Unclassified,0,0 No Xing Facility In 50m,2 Dark,1 Fine,1 Road-Dry,0 None,0 None,529130,184290,-0.139285,51.542746,,,Unknown,"(51.542746, -0.139285)",http://opendatacommunities.org/id/london-borough-council/camden,6029,21/12/2020 02:48:38 PM
1190159603,CAMDEN,1 DRIVER/RIDER,1 MALE,60+,82,2,3 SLIGHT,'-2 NOT APPLICABLE,'-2 NOT APPLICABLE,4 CAR,"On Well Road, near the junction with Cannon Place.",2,25/01/2019 05:21:00 PM,Friday,17.21,3 BOR,6,0,6 SINGLE CWY,20,03 T/STAG JUN,4 GIVE WAY/UNCONTROLLED,6,0,0 NO XING FACILITY IN 50M,1 DARK,1 FINE,2 ROAD-WET,0 NONE,0 NONE,526663,186100,-0.174189,51.559571,,,Unknown,"(51.559571, -0.174189)",http://opendatacommunities.org/id/london-borough-council/camden,8723,21/12/2020 02:48:43 PM
1190222978,CAMDEN,1 DRIVER/RIDER,1 MALE,25-59,45,1,3 SLIGHT,'-2 NOT APPLICABLE,9 UNKNOWN OR OTHER,3 POWERED 2 WHEELER,"On Flask Walk, near the junction with Lakis Close.",2,04/12/2019 02:40:00 PM,Wednesday,14.40,3 BOR,6,0,2 ONE-WAY ST,20,03 T/STAG JUN,9 UNKNOWN (S/R),6,0,0 NO XING FACILITY IN 50M,2 DAYLIGHT,1 FINE,1 ROAD-DRY,0 NONE,0 NONE,526537,185858,-0.176093,51.557424,,,Unknown,"(51.557424, -0.176093)",http://opendatacommunities.org/id/london-borough-council/camden,9587,21/12/2020 02:48:45 PM
1180081025,CAMDEN,2 Passenger,2 Female,25-59,27,1,3 Slight,-2 Unknown,-2 N/A,4 Car,THEOBALDS ROAD J/W RED LION STREET,2,01/01/2018 12:45:00 PM,Monday,12.45,3 Bor,A,401,6 Single Cwy,1 <= 20 MPH,6 Crossroads,2 Auto Sig,C,0,4 Pelican Or Similar,1 Daylight,1 Fine,1 Road-Dry,0 None,0 None,530690,181840,-0.117711,51.520369,,,Unknown,"(51.520369, -0.117711)",http://opendatacommunities.org/id/london-borough-council/camden,7645,21/12/2020 02:48:41 PM
1180120831,CAMDEN,1 Driver/Rider,1 Male,16-24,20,1,2 Serious,-2 Unknown,-2 N/A,2 Pedal Cycle,PRIMROSE HILL ROAD J/W KING HENRYS ROAD,2,13/07/2018 05:30:00 PM,Friday,17.30,3 Bor,C,0,6 Single Cwy,1 <= 20 MPH,3 T/Stag Jun,4 Give Way/Uncontrolled,Unclassified,0,0 No Xing Facility In 50m,1 Daylight,1 Fine,1 Road-Dry,0 None,0 None,527530,184200,-0.162377,51.5423,,,Unknown,"(51.5423, -0.162377)",http://opendatacommunities.org/id/london-borough-council/camden,8175,21/12/2020 02:48:42 PM
0115EK40059,CAMDEN,2 Passenger,2 Female,60+,88,1,3 Slight,-2 Unknown,-2 N/A,6 Bus Or Coach,BLOOMSBURY STREET J/W BEDFORD AVENUE,1,28/01/2015 05:41:00 PM,Wednesday,17.41,3 Bor,A,400,6 Single Cwy,2 30 MPH,3 T/Stag Jun,4 Give Way/Uncontrolled,Unclassified,0,0 No Xing Facility In 50m,2 Dark,1 Fine,1 Road-Dry,0 None,0 None,529950,181610,-0.128455,51.518473,,,Unknown,"(51.518473, -0.128455)",http://opendatacommunities.org/id/london-borough-council/camden,4626,21/12/2020 02:48:35 PM
1170066300,CAMDEN,3 Pedestrian,1 Male,25-59,26,1,3 Slight,04 Crossing Road Within 50m Xing,1 From Drivers N/Side,1 Pedestrian,OXFORD STREET J/W TOTTENHAM COURT ROAD,1,25/10/2017 05:14:00 AM,Wednesday,5.14,3 Bor,A,40,3 Dual Cwy,2 30 MPH,6 Crossroads,2 Auto Sig,A,40,5 Pedn Phase At Ats,2 Dark,1 Fine,1 Road-Dry,0 None,0 None,529812,181377,-0.130529,51.516411,,,Unknown,"(51.516411, -0.130529)",http://opendatacommunities.org/id/london-borough-council/camden,7454,21/12/2020 02:48:40 PM
0115EK40547,CAMDEN,1 Driver/Rider,1 Male,25-59,35,1,3 Slight,-2 Unknown,-2 N/A,3 Powered 2 Wheeler,ADELAIDE ROAD 36M W OF HAVERSTOCK HILL,2,06/07/2015 07:09:00 PM,Monday,19.09,3 Bor,B,509,6 Single Cwy,2 30 MPH,0 No Jun In 20m,-2 Not Applicable,-2 Not Applicable,0,0 No Xing Facility In 50m,1 Daylight,1 Fine,1 Road-Dry,0 None,0 None,528120,184390,-0.153805,51.543874,,,Unknown,"(51.543874, -0.153805)",http://opendatacommunities.org/id/london-borough-council/camden,5035,21/12/2020 02:48:36 PM
1170036093,CAMDEN,1 Driver/Rider,1 Male,25-59,43,1,3 Slight,-2 Unknown,-2 N/A,2 Pedal Cycle,SHAFTESBURY AVENUE J/W STACEY STREET,2,08/05/2017 04:30:00 PM,Monday,16.30,3 Bor,A,401,6 Single Cwy,1 <= 20 MPH,3 T/Stag Jun,4 Give Way/Uncontrolled,Unclassified,0,0 No Xing Facility In 50m,1 Daylight,1 Fine,1 Road-Dry,0 None,0 None,529980,181100,-0.128211,51.513883,,,Unknown,"(51.513883, -0.128211)",http://opendatacommunities.org/id/london-borough-council/camden,6944,21/12/2020 02:48:39 PM
1170010444,CAMDEN,3 Pedestrian,2 Female,25-59,25,1,3 Slight,01 Crossing Road On Ped Xing,9 Unknown Or Other,1 Pedestrian,EUSTON ROAD NW1 J/W PANCRAS ROAD NW1,1,09/01/2017 09:30:00 AM,Monday,9.30,1 TLRN,A,501,6 Single Cwy,1 <= 20 MPH,7 Multi Jun,2 Auto Sig,A,5202,5 Pedn Phase At Ats,1 Daylight,1 Fine,2 Road-Wet,0 None,0 None,530190,182920,-0.124514,51.530191,,,Unknown,"(51.530191, -0.124514)",http://opendatacommunities.org/id/london-borough-council/camden,6563,21/12/2020 02:48:39 PM
0116EK40430,CAMDEN,1 Driver/Rider,2 Female,16-24,22,1,3 Slight,-2 Unknown,-2 N/A,2 Pedal Cycle,FINCHLEY ROAD 100M N OF HILGROVE ROAD,2,20/06/2016 06:25:00 AM,Monday,6.25,1 TLRN,A,41,2 One-Way St,2 30 MPH,0 No Jun In 20m,-2 Not Applicable,-2 Not Applicable,0,0 No Xing Facility In 50m,1 Daylight,2 Raining,2 Road-Wet,0 None,0 None,526640,184200,-0.175204,51.5425,,,Unknown,"(51.5425, -0.175204)",http://opendatacommunities.org/id/london-borough-council/camden,6347,21/12/2020 02:48:38 PM
0116EK40618,CAMDEN,1 Driver/Rider,1 Male,60+,72,1,3 Slight,-2 Unknown,-2 N/A,3 Powered 2 Wheeler,CAMDEN STREET J/W CAMDEN GARDENS,2,26/08/2016 02:38:00 PM,Friday,14.38,3 Bor,A,400,2 One-Way St,2 30 MPH,3 T/Stag Jun,4 Give Way/Uncontrolled,Unclassified,0,0 No Xing Facility In 50m,1 Daylight,1 Fine,1 Road-Dry,0 None,0 None,529010,184170,-0.141058,51.541695,,,Unknown,"(51.541695, -0.141058)",http://opendatacommunities.org/id/london-borough-council/camden,6497,21/12/2020 02:48:39 PM
0115EK40775,CAMDEN,1 Driver/Rider,2 Female,25-59,41,1,3 Slight,-2 Unknown,-2 N/A,2 Pedal Cycle,OUTER CIRCLE 28M S OF CAMBRIDGE TERRACE,2,06/09/2015 10:05:00 AM,Sunday,10.05,3 Bor,Unclassified,0,6 Single Cwy,2 30 MPH,0 No Jun In 20m,-2 Not Applicable,-2 Not Applicable,0,0 No Xing Facility In 50m,1 Daylight,1 Fine,1 Road-Dry,0 None,0 None,528720,182550,-0.14583,51.527202,,,Unknown,"(51.527202, -0.14583)",http://opendatacommunities.org/id/london-borough-council/camden,5243,21/12/2020 02:48:37 PM
1160012714,CAMDEN,3 Pedestrian,2 Female,25-59,27,1,3 Slight,01 Crossing Road On Ped Xing,1 From Drivers N/Side,1 Pedestrian,"ON FLEET ROAD, NEAR THE JUNCTION WITH CRESSY ROAD .",1,01/09/2016 09:15:00 AM,Thursday,9.15,3 Bor,B,518,2 One-Way St,2 30 MPH,3 T/Stag Jun,4 Give Way/Uncontrolled,Unclassified,0,1 Zebra,1 Daylight,1 Fine,1 Road-Dry,0 None,0 None,527530,185450,-0.161924,51.553534,,,Unknown,"(51.553534, -0.161924)",http://opendatacommunities.org/id/london-borough-council/camden,5851,21/12/2020 02:48:38 PM
1170027557,CAMDEN,3 Pedestrian,2 Female,25-59,50,1,3 Slight,08 In Centre Of Carriageway,3 From Drivers O/Side,1 Pedestrian,GOWER STREET 150M S OF J/W EUSTON ROAD THE NEAREST CLASSIFIED ROAD,1,22/03/2017 01:40:00 PM,Wednesday,13.40,3 Bor,A,400,6 Single Cwy,1 <= 20 MPH,0 No Jun In 20m,-2 Not Applicable,-2 Not Applicable,0,0 No Xing Facility In 50m,1 Daylight,2 Raining,2 Road-Wet,0 None,0 None,529500,182240,-0.134706,51.524238,,,Unknown,"(51.524238, -0.134706)",http://opendatacommunities.org/id/london-borough-council/camden,6809,21/12/2020 02:48:39 PM
1180132421,CAMDEN,1 Driver/Rider,2 Female,25-59,51,1,3 Slight,-2 Unknown,-2 N/A,2 Pedal Cycle,CLEVELAND MEWS 25M N OF J/W HOWLAND STREET,2,11/09/2018 11:00:00 AM,Tuesday,11.00,3 Bor,Unclassified,0,2 One-Way St,2 30 MPH,0 No Jun In 20m,-2 Not Applicable,-2 Not Applicable,0,0 No Xing Facility In 50m,1 Daylight,1 Fine,1 Road-Dry,0 None,0 None,529240,181910,-0.138572,51.521332,,,Unknown,"(51.521332, -0.138572)",http://opendatacommunities.org/id/london-borough-council/camden,8322,21/12/2020 02:48:42 PM
1170017302,CAMDEN,1 Driver/Rider,1 Male,25-59,27,1,3 Slight,-2 Unknown,-2 N/A,3 Powered 2 Wheeler,SHAFTESBURY AVENUE J/W NEW OXFORD STREET,2,03/02/2017 06:00:00 PM,Friday,18.00,3 Bor,A,401,6 Single Cwy,1 <= 20 MPH,9 Other Jun,2 Auto Sig,A,40,0 No Xing Facility In 50m,2 Dark,2 Raining,2 Road-Wet,0 None,0 None,530120,181430,-0.126073,51.516816,,,Unknown,"(51.516816, -0.126073)",http://opendatacommunities.org/id/london-borough-council/camden,6660,21/12/2020 02:48:39 PM
1180101891,CAMDEN,2 Passenger,2 Female,25-59,58,1,3 Slight,-2 Unknown,-2 N/A,4 Car,HENDON WAY J/W FINCHLEY ROAD,4,15/04/2018 03:30:00 PM,Sunday,15.30,1 TLRN,A,41,3 Dual Cwy,3 40 MPH,3 T/Stag Jun,2 Auto Sig,A,598,5 Pedn Phase At Ats,1 Daylight,2 Raining,2 Road-Wet,0 None,0 None,525081,186057,-0.197014,51.559537,,,Unknown,"(51.559537, -0.197014)",http://opendatacommunities.org/id/london-borough-council/camden,7888,21/12/2020 02:48:41 PM
1170020691,CAMDEN,1 Driver/Rider,1 Male,16-24,18,1,3 Slight,-2 Unknown,-2 N/A,3 Powered 2 Wheeler,BROADHURST GARDENS NW6 21M N OF J/W WEST HAMPSTEAD MEWS  NW6,2,23/02/2017 08:35:00 PM,Thursday,20.35,3 Bor,C,0,2 One-Way St,2 30 MPH,0 No Jun In 20m,-2 Not Applicable,-2 Not Applicable,0,0 No Xing Facility In 50m,2 Dark,1 Fine,1 Road-Dry,0 None,0 None,525630,184610,-0.189615,51.546411,,,Unknown,"(51.546411, -0.189615)",http://opendatacommunities.org/id/london-borough-council/camden,6711,21/12/2020 02:48:39 PM
0115EK41097,CAMDEN,1 Driver/Rider,2 Female,25-59,50,1,3 Slight,-2 Unknown,-2 N/A,2 Pedal Cycle,SOUTHAMPTON ROW J/W THEOBALDS ROAD,2,09/12/2015 05:25:00 PM,Wednesday,17.25,3 Bor,A,4200,6 Single Cwy,2 30 MPH,6 Crossroads,2 Auto Sig,A,401,5 Pedn Phase At Ats,2 Dark,1 Fine,2 Road-Wet,0 None,0 None,530460,181670,-0.121087,51.518895,,,Unknown,"(51.518895, -0.121087)",http://opendatacommunities.org/id/london-borough-council/camden,5502,21/12/2020 02:48:37 PM
1180142124,CAMDEN,1 Driver/Rider,1 Male,25-59,55,1,3 Slight,-2 Unknown,-2 N/A,3 Powered 2 Wheeler,PARK SQUARE EAST J/W OUTER CIRCLE,2,30/10/2018 07:00:00 AM,Tuesday,7.00,3 Bor,Unclassified,0,6 Single Cwy,1 <= 20 MPH,3 T/Stag Jun,4 Give Way/Uncontrolled,Unclassified,0,0 No Xing Facility In 50m,1 Daylight,1 Fine,1 Road-Dry,0 None,0 None,528730,182330,-0.145766,51.525223,,,Unknown,"(51.525223, -0.145766)",http://opendatacommunities.org/id/london-borough-council/camden,8478,21/12/2020 02:48:43 PM
1180154059,CAMDEN,3 Pedestrian,2 Female,60+,69,1,3 Slight,07 On Refuge,9 Unknown Or Other,1 Pedestrian,FINCHLEY ROAD J/W ESTATE EXIT ONTO FINCHLEY ROAD,1,23/12/2018 09:55:00 PM,Sunday,21.55,1 TLRN,A,41,3 Dual Cwy,2 30 MPH,8 Priv Drive,4 Give Way/Uncontrolled,Unclassified,0,8 Central Refuge,2 Dark,2 Raining,2 Road-Wet,0 None,0 None,525410,185550,-0.192451,51.554907,,,Unknown,"(51.554907, -0.192451)",http://opendatacommunities.org/id/london-borough-council/camden,8639,21/12/2020 02:48:43 PM
0115EK40265,CAMDEN,1 Driver/Rider,1 Male,60+,69,1,3 Slight,-2 Unknown,-2 N/A,2 Pedal Cycle,PARKWAY J/W ALBERT STREET,2,09/04/2015 03:00:00 PM,Thursday,15.00,3 Bor,A,4201,6 Single Cwy,2 30 MPH,3 T/Stag Jun,4 Give Way/Uncontrolled,Unclassified,0,0 No Xing Facility In 50m,1 Daylight,1 Fine,1 Road-Dry,0 None,0 None,528750,183730,-0.144966,51.5378,,,Unknown,"(51.5378, -0.144966)",http://opendatacommunities.org/id/london-borough-council/camden,4794,21/12/2020 02:48:36 PM
1170044234,CAMDEN,1 Driver/Rider,1 Male,25-59,32,1,3 Slight,-2 Unknown,-2 N/A,3 Powered 2 Wheeler,FINCHLEY ROAD 75M S OF J/W CANFIELD GARDENS,2,21/06/2017 03:18:00 PM,Wednesday,15.18,1 TLRN,A,41,3 Dual Cwy,6 70 MPH,0 No Jun In 20m,-2 Not Applicable,-2 Not Applicable,0,0 No Xing Facility In 50m,1 Daylight,1 Fine,1 Road-Dry,0 None,0 None,526340,184640,-0.17937,51.546522,,,Unknown,"(51.546522, -0.17937)",http://opendatacommunities.org/id/london-borough-council/camden,7067,21/12/2020 02:48:40 PM
1170061313,CAMDEN,1 Driver/Rider,1 Male,25-59,48,1,3 Slight,-2 Unknown,-2 N/A,3 Powered 2 Wheeler,THEOBALDS ROAD J/W BOSWELL STREET,2,27/09/2017 09:00:00 PM,Wednesday,21.00,3 Bor,A,401,2 One-Way St,1 <= 20 MPH,3 T/Stag Jun,4 Give Way/Uncontrolled,A,40,4 Pelican Or Similar,2 Dark,2 Raining,2 Road-Wet,0 None,0 None,530530,181750,-0.120049,51.519598,,,Unknown,"(51.519598, -0.120049)",http://opendatacommunities.org/id/london-borough-council/camden,7352,21/12/2020 02:48:40 PM
1180139180,CAMDEN,1 Driver/Rider,1 Male,25-59,26,1,3 Slight,-2 Unknown,-2 N/A,3 Powered 2 Wheeler,NFL PRINCE OF WALES ROAD 30M E OF J/W RYLAND ROAD,1,15/10/2018 02:00:00 PM,Monday,14.00,3 Bor,C,0,6 Single Cwy,2 30 MPH,0 No Jun In 20m,-2 Not Applicable,-2 Not Applicable,0,4 Pelican Or Similar,1 Daylight,1 Fine,2 Road-Wet,6 Oil Or Diesel,0 None,528730,184710,-0.144896,51.546611,,,Unknown,"(51.546611, -0.144896)",http://opendatacommunities.org/id/london-borough-council/camden,8435,21/12/2020 02:48:43 PM
0116EK40541,CAMDEN,1 Driver/Rider,1 Male,16-24,22,1,2 Serious,-2 Unknown,-2 N/A,2 Pedal Cycle,CAMDEN ROAD J/W CAMDEN PARK ROAD,2,27/07/2016 07:00:00 AM,Wednesday,7.00,1 TLRN,A,503,6 Single Cwy,2 30 MPH,6 Crossroads,2 Auto Sig,A,5200,5 Pedn Phase At Ats,1 Daylight,9 Unknown,1 Road-Dry,0 None,0 None,529720,184870,-0.130568,51.547823,,,Unknown,"(51.547823, -0.130568)",http://opendatacommunities.org/id/london-borough-council/camden,6438,21/12/2020 02:48:38 PM
0115EK40422,CAMDEN,3 Pedestrian,2 Female,60+,67,1,3 Slight,05 Crossing Road (Not On Xing),3 From Drivers O/Side,1 Pedestrian,CANFIELD GARDENS J/W COMPAYNE GARDENS,1,29/05/2015 09:00:00 AM,Friday,9.00,3 Bor,Unclassified,0,6 Single Cwy,2 30 MPH,3 T/Stag Jun,4 Give Way/Uncontrolled,Unclassified,0,0 No Xing Facility In 50m,1 Daylight,1 Fine,1 Road-Dry,0 None,0 None,526180,184570,-0.181701,51.545929,,,Unknown,"(51.545929, -0.181701)",http://opendatacommunities.org/id/london-borough-council/camden,4915,21/12/2020 02:48:36 PM
1160006549,CAMDEN,1 Driver/Rider,1 Male,25-59,40,1,3 Slight,-2 Unknown,-2 N/A,4 Car,PRIMROSE HILL ROAD 21M S OF J/W SOUTH FELLOWS ROAD,2,27/11/2016 01:15:00 PM,Sunday,13.15,3 Bor,C,0,6 Single Cwy,2 30 MPH,0 No Jun In 20m,-2 Not Applicable,-2 Not Applicable,0,5 Pedn Phase At Ats,1 Daylight,1 Fine,1 Road-Dry,0 None,0 None,527500,184410,-0.162733,51.544194,,,Unknown,"(51.544194, -0.162733)",http://opendatacommunities.org/id/london-borough-council/camden,5768,21/12/2020 02:48:37 PM
1180141073,CAMDEN,1 Driver/Rider,1 Male,25-59,46,1,3 Slight,-2 Unknown,-2 N/A,4 Car,PLATT'S LANE J/W FINCHLEY ROAD,2,24/10/2018 03:53:00 PM,Wednesday,15.53,1 TLRN,C,0,3 Dual Cwy,3 40 MPH,6 Crossroads,2 Auto Sig,A,41,0 No Xing Facility In 50m,1 Daylight,1 Fine,1 Road-Dry,0 None,0 None,525170,185870,-0.195797,51.557837,,,Unknown,"(51.557837, -0.195797)",http://opendatacommunities.org/id/london-borough-council/camden,8465,21/12/2020 02:48:43 PM