Reference,London Borough Name,Casualty Class,Casualty Sex,Casualty Age Band,Casualty Age,Number Of Casualties,Casualty Severity,Pedestrian Location,Pedestrian Movement,Mode Of Travel,Attendant Location,Number Of Vehicles,Date,Day,Time,Highway,Road Class 1,Road Number 1,Road Type,Speed Limit,Junction Detail,Junction Control,Road Class 2,Road Number 2,Pedestrian Crossing,Light Condition Band,Weather,Road Surface,Special Conditions,Carriage Way Hazard,Easting,Northing,Longitude,Latitude,Ward Code,Ward Name,Spatial Accuracy,Location,Organisation URI,Socrata ID,Last Uploaded
1190158856,CAMDEN,1 DRIVER/RIDER,1 MALE,60+,66,2,3 SLIGHT,'-2 NOT APPLICABLE,'-2 NOT APPLICABLE,7 GOODS VEHICLE,"On Bloomsbury Street, near the junction with streatham street.",2,22/01/2019 10:05:00 AM,Tuesday,10.05,3 BOR,A,400,2 ONE-WAY ST,20,06 CROSSROADS,4 GIVE WAY/UNCONTROLLED,6,0,5 PEDN PHASE AT ATS,2 DAYLIGHT,1 FINE,1 ROAD-DRY,0 NONE,0 NONE,530036,181481,-0.127264,51.517294,,,Unknown,"(51.517294, -0.127264)",http://opendatacommunities.org/id/london-borough-council/camden,8713,21/12/2020 02:48:43 PM
1170068075,CAMDEN,3 Pedestrian,1 Male,25-59,50,1,3 Slight,04 Crossing Road Within 50m Xing,3 From Drivers O/Side,1 Pedestrian,KILBURN HIGH ROAD NW6 J/W PRIORY PARK ROAD NW6,1,03/11/2017 06:00:00 PM,Friday,18.00,3 Bor,A,5,6 Single Cwy,2 30 MPH,3 T/Stag Jun,4 Give Way/Uncontrolled,Unclassified,0,4 Pelican Or Similar,2 Dark,1 Fine,1 Road-Dry,0 None,0 None,525178,183945,-0.196366,51.540535,,,Unknown,"(51.540535, -0.196366)",http://opendatacommunities.org/id/london-borough-council/camden,7480,21/12/2020 02:48:40 PM
1180087892,CAMDEN,2 Passenger,1 Male,25-59,54,1,3 Slight,-2 Unknown,-2 N/A,6 Bus Or Coach,RUSSELL SQUARE J/W WOBURN ROAD,1,31/01/2018 06:31:00 PM,Wednesday,18.31,3 Bor,A,4200,6 Single Cwy,2 30 MPH,6 Crossroads,2 Auto Sig,A,4200,5 Pedn Phase At Ats,2 Dark,2 Raining,2 Road-Wet,0 None,0 None,530140,182060,-0.125552,51.522473,,,Unknown,"(51.522473, -0.125552)",http://opendatacommunities.org/id/london-borough-council/camden,7722,21/12/2020 02:48:41 PM
1190217817,CAMDEN,1 DRIVER/RIDER,1 MALE,25-59,53,1,3 SLIGHT,'-2 NOT APPLICABLE,'-2 NOT APPLICABLE,3 POWERED 2 WHEELER,"On Pentonville Road, near the junction with YORK WAY.",2,12/11/2019 11:25:00 AM,Tuesday,11.25,1 TLRN,A,501,2 ONE-WAY ST,20,03 T/STAG JUN,2 AUTO SIG,A,5200,4 PELICAN OR SIMILAR,2 DAYLIGHT,2 RAINING,2 ROAD-WET,0 NONE,2 OTHER OBJECT IN CWY,530351,182992,-0.122168,51.5308,,,Unknown,"(51.5308, -0.122168)",http://opendatacommunities.org/id/london-borough-council/camden,9511,21/12/2020 02:48:44 PM
0115CW11317,CAMDEN,3 Pedestrian,1 Male,25-59,53,1,3 Slight,05 Crossing Road (Not On Xing),3 From Drivers O/Side,1 Pedestrian,HANWAY STREET 20M SOUTH WEST J/W TOTTENHAM COURT ROAD,1,03/09/2015 08:23:00 AM,Thursday,8.23,3 Bor,A,400,6 Single Cwy,2 30 MPH,3 T/Stag Jun,4 Give Way/Uncontrolled,A,400,0 No Xing Facility In 50m,1 Daylight,1 Fine,1 Road-Dry,0 None,0 None,529770,181440,-0.131111,51.516987,,,Unknown,"(51.516987, -0.131111)",http://opendatacommunities.org/id/london-borough-council/camden,4572,21/12/2020 02:48:35 PM
1180146664,CAMDEN,1 Driver/Rider,1 Male,60+,67,1,3 Slight,-2 Unknown,-2 N/A,4 Car,FINCHLEY ROAD J/W BLACKBURN ROAD,2,19/11/2018 08:20:00 PM,Monday,20.20,1 TLRN,A,41,3 Dual Cwy,2 30 MPH,7 Multi Jun,2 Auto Sig,Unclassified,0,5 Pedn Phase At Ats,2 Dark,8 Other,2 Road-Wet,0 None,0 None,526225,184841,-0.180956,51.548354,,,Unknown,"(51.548354, -0.180956)",http://opendatacommunities.org/id/london-borough-council/camden,8534,21/12/2020 02:48:43 PM
0116EK40003,CAMDEN,1 Driver/Rider,1 Male,25-59,40,1,3 Slight,-2 Unknown,-2 N/A,2 Pedal Cycle,WOBURN PLACE J/W CORAM STREET,2,11/01/2016 06:55:00 AM,Monday,6.55,3 Bor,A,4200,6 Single Cwy,2 30 MPH,3 T/Stag Jun,4 Give Way/Uncontrolled,Unclassified,0,0 No Xing Facility In 50m,2 Dark,1 Fine,1 Road-Dry,0 None,0 None,530040,182200,-0.126941,51.523755,,,Unknown,"(51.523755, -0.126941)",http://opendatacommunities.org/id/london-borough-council/camden,5978,21/12/2020 02:48:38 PM
0115EK41082,CAMDEN,1 Driver/Rider,1 Male,25-59,32,1,3 Slight,-2 Unknown,-2 N/A,4 Car,ADELAIDE ROAD J/W WINCHESTER ROAD.,3,06/12/2015 01:05:00 PM,Sunday,13.05,3 Bor,B,509,6 Single Cwy,1 <= 20 MPH,6 Crossroads,2 Auto Sig,Unclassified,0,5 Pedn Phase At Ats,1 Daylight,1 Fine,1 Road-Dry,0 None,0 None,526890,184150,-0.171619,51.541995,,,Unknown,"(51.541995, -0.171619)",http://opendatacommunities.org/id/london-borough-council/camden,5490,21/12/2020 02:48:37 PM
0115EK40494,CAMDEN,3 Pedestrian,1 Male,16-24,21,1,3 Slight,09 In Road - Not Crossing,9 Unknown Or Other,1 Pedestrian,CAMDEN HIGH STREET J/W JAMESTOWN ROAD,1,21/06/2015 04:00:00 PM,Sunday,16.00,3 Bor,A,502,2 One-Way St,2 30 MPH,3 T/Stag Jun,2 Auto Sig,C,0,5 Pedn Phase At Ats,1 Daylight,1 Fine,1 Road-Dry,0 None,0 None,528790,184060,-0.144269,51.540756,,,Unknown,"(51.540756, -0.144269)",http://opendatacommunities.org/id/london-borough-council/camden,4985,21/12/2020 02:48:36 PM
0116EK40410,CAMDEN,2 Passenger,2 Female,60+,73,1,3 Slight,-2 Unknown,-2 N/A,6 Bus Or Coach,KILBURN HIGH ROAD 24M SE OF BRONDESBURY VILLAS,1,13/06/2016 04:38:00 PM,Monday,16.38,3 Bor,A,5,6 Single Cwy,2 30 MPH,0 No Jun In 20m,-2 Not Applicable,-2 Not Applicable,0,0 No Xing Facility In 50m,1 Daylight,1 Fine,1 Road-Dry,0 None,0 None,525410,183620,-0.193138,51.537562,,,Unknown,"(51.537562, -0.193138)",http://opendatacommunities.org/id/london-borough-council/camden,6328,21/12/2020 02:48:38 PM
1180089370,CAMDEN,1 Driver/Rider,1 Male,16-24,24,1,3 Slight,-2 Unknown,-2 N/A,5 Taxi,OXFORD STREET J/W CHARING CROSS ROAD,2,10/02/2018 07:29:00 PM,Saturday,19.29,3 Bor,A,40,6 Single Cwy,1 <= 20 MPH,7 Multi Jun,2 Auto Sig,A,400,5 Pedn Phase At Ats,2 Dark,2 Raining,2 Road-Wet,0 None,0 None,529809,181376,-0.130572,51.516402,,,Unknown,"(51.516402, -0.130572)",http://opendatacommunities.org/id/london-borough-council/camden,7736,21/12/2020 02:48:41 PM
1190188180,CAMDEN,1 DRIVER/RIDER,1 MALE,16-24,17,1,3 SLIGHT,'-2 NOT APPLICABLE,'-2 NOT APPLICABLE,3 POWERED 2 WHEELER,"On Delancey Street, near the junction with Arlington road.",2,01/06/2019 09:30:00 PM,Saturday,21.30,3 BOR,A,503,2 ONE-WAY ST,20,06 CROSSROADS,9 UNKNOWN (S/R),6,0,5 PEDN PHASE AT ATS,1 DARK,1 FINE,1 ROAD-DRY,0 NONE,0 NONE,528928,183620,-0.142441,51.536771,,,Unknown,"(51.536771, -0.142441)",http://opendatacommunities.org/id/london-borough-council/camden,9113,21/12/2020 02:48:44 PM
0116EK40557,CAMDEN,1 Driver/Rider,1 Male,16-24,22,1,3 Slight,-2 Unknown,-2 N/A,3 Powered 2 Wheeler,CHALK FARM ROAD 35M SE OF J/W FERDINAND STREET,2,01/08/2016 03:15:00 PM,Monday,15.15,3 Bor,A,502,6 Single Cwy,2 30 MPH,0 No Jun In 20m,-2 Not Applicable,-2 Not Applicable,0,5 Pedn Phase At Ats,1 Daylight,9 Unknown,1 Road-Dry,0 None,0 None,528480,184280,-0.148656,51.542804,,,Unknown,"(51.542804, -0.148656)",http://opendatacommunities.org/id/london-borough-council/camden,6450,21/12/2020 02:48:38 PM
0115EK40648,CAMDEN,1 Driver/Rider,1 Male,25-59,43,1,3 Slight,-2 Unknown,-2 N/A,3 Powered 2 Wheeler,ROYAL COLLEGE STREET J/W PRATT STREET,2,30/07/2015 03:18:00 PM,Thursday,15.18,3 Bor,A,5202,6 Single Cwy,2 30 MPH,6 Crossroads,4 Give Way/Uncontrolled,C,0,1 Zebra,1 Daylight,1 Fine,1 Road-Dry,0 None,0 None,529360,183890,-0.136117,51.539098,,,Unknown,"(51.539098, -0.136117)",http://opendatacommunities.org/id/london-borough-council/camden,5123,21/12/2020 02:48:36 PM
1170013310,CAMDEN,3 Pedestrian,1 Male,Unknown,0,1,3 Slight,01 Crossing Road On Ped Xing,1 From Drivers N/Side,1 Pedestrian,PRINCESS ROAD J/W REGENTS PARK ROAD,1,09/01/2017 07:20:00 PM,Monday,19.20,3 Bor,C,0,6 Single Cwy,2 30 MPH,3 T/Stag Jun,9 Unknown (S/R),C,0,1 Zebra,2 Dark,1 Fine,1 Road-Dry,0 None,0 None,528210,183760,-0.152737,51.538192,,,Unknown,"(51.538192, -0.152737)",http://opendatacommunities.org/id/london-borough-council/camden,6603,21/12/2020 02:48:39 PM
0116EO40407,CAMDEN,1 Driver/Rider,1 Male,16-24,21,1,3 Slight,-2 Unknown,-2 N/A,3 Powered 2 Wheeler,COPENHAGEN STREET 21M EAST OF J/W YORK WAY,2,12/06/2016 07:20:00 PM,Sunday,19.20,3 Bor,B,154,6 Single Cwy,2 30 MPH,5 Slip Road,4 Give Way/Uncontrolled,A,5200,0 No Xing Facility In 50m,1 Daylight,1 Fine,1 Road-Dry,0 None,0 None,530330,183670,-0.12222,51.536898,,,Unknown,"(51.536898, -0.12222)",http://opendatacommunities.org/id/london-borough-council/camden,6534,21/12/2020 02:48:39 PM
1170048737,CAMDEN,1 Driver/Rider,1 Male,25-59,27,1,3 Slight,-2 Unknown,-2 N/A,3 Powered 2 Wheeler,ACACIA ROAD J/W AVENUE ROAD,2,17/07/2017 06:50:00 AM,Monday,6.50,3 Bor,C,0,6 Single Cwy,2 30 MPH,3 T/Stag Jun,4 Give Way/Uncontrolled,B,525,0 No Xing Facility In 50m,1 Daylight,1 Fine,1 Road-Dry,0 None,0 None,527140,183700,-0.168179,51.537895,,,Unknown,"(51.537895, -0.168179)",http://opendatacommunities.org/id/london-borough-council/camden,7158,21/12/2020 02:48:40 PM
0115EK41155,CAMDEN,1 Driver/Rider,1 Male,25-59,41,1,3 Slight,-2 Unknown,-2 N/A,5 Taxi,NFL - RUSSELL SQUARE J/W BERNARD STREET.,2,25/12/2015 07:10:00 AM,Friday,7.10,3 Bor,A,4200,6 Single Cwy,2 30 MPH,6 Crossroads,2 Auto Sig,B,504,5 Pedn Phase At Ats,2 Dark,1 Fine,1 Road-Dry,0 None,0 None,530120,182080,-0.125833,51.522658,,,Unknown,"(51.522658, -0.125833)",http://opendatacommunities.org/id/london-borough-council/camden,5556,21/12/2020 02:48:37 PM
1170029567,CAMDEN,2 Passenger,1 Male,25-59,43,1,2 Serious,-2 Unknown,-2 N/A,4 Car,YORK WAY J/W PENTONVILLE ROAD,2,01/04/2017 05:10:00 AM,Saturday,5.10,1 TLRN,A,501,3 Dual Cwy,2 30 MPH,6 Crossroads,2 Auto Sig,A,5200,4 Pelican Or Similar,2 Dark,1 Fine,1 Road-Dry,0 None,0 None,530320,182980,-0.122619,51.5307,,,Unknown,"(51.5307, -0.122619)",http://opendatacommunities.org/id/london-borough-council/camden,6838,21/12/2020 02:48:39 PM
1190227010,CAMDEN,3 PEDESTRIAN,1 MALE,25-59,55,1,3 SLIGHT,01 CROSSING ROAD ON PED XING,'-2 NOT APPLICABLE,1 PEDESTRIAN,"On Rackstraw House, 20 metres east of the junction with Primrose Hill Road Adelaine Road",1,23/12/2019 07:05:00 AM,Monday,7.05,3 BOR,B,509,6 SINGLE CWY,30,06 CROSSROADS,9 UNKNOWN (S/R),5,0,5 PEDN PHASE AT ATS,2 DAYLIGHT,1 FINE,1 ROAD-DRY,0 NONE,0 NONE,527513,184355,-0.162566,51.543697,,,Unknown,"(51.543697, -0.162566)",http://opendatacommunities.org/id/london-borough-council/camden,9649,21/12/2020 02:48:45 PM
1190172960,CAMDEN,1 DRIVER/RIDER,1 MALE,25-59,26,1,3 SLIGHT,'-2 NOT APPLICABLE,'-2 NOT APPLICABLE,2 PEDAL CYCLE,"On Camden Road, near the junction with Sandell Road.",2,02/04/2019 09:10:00 AM,Tuesday,9.10,1 TLRN,A,503,6 SINGLE CWY,30,03 T/STAG JUN,9 UNKNOWN (S/R),6,0,9 UNKNOWN (S/R),2 DAYLIGHT,1 FINE,2 ROAD-WET,0 NONE,0 NONE,529517,184623,-0.133585,51.54565,,,Unknown,"(51.54565, -0.133585)",http://opendatacommunities.org/id/london-borough-council/camden,8901,21/12/2020 02:48:44 PM
1190159937,CAMDEN,1 DRIVER/RIDER,1 MALE,25-59,37,1,3 SLIGHT,'-2 NOT APPLICABLE,'-2 NOT APPLICABLE,2 PEDAL CYCLE,"On Pond Street, near the junction with South End road.",2,28/01/2019 06:18:00 AM,Monday,6.18,3 BOR,B,518,6 SINGLE CWY,30,06 CROSSROADS,3 STOP SIGN,5,0,1 ZEBRA,1 DARK,1 FINE,1 ROAD-DRY,0 NONE,0 NONE,527306,185515,-0.16513,51.554169,,,Unknown,"(51.554169, -0.16513)",http://opendatacommunities.org/id/london-borough-council/camden,8732,21/12/2020 02:48:43 PM
0115EK41140,CAMDEN,1 Driver/Rider,1 Male,25-59,42,1,3 Slight,-2 Unknown,-2 N/A,3 Powered 2 Wheeler,CHALK FARM ROAD 30M SE OF BELMONT STREET,2,18/12/2015 09:59:00 AM,Friday,9.59,3 Bor,A,502,6 Single Cwy,1 <= 20 MPH,0 No Jun In 20m,-2 Not Applicable,-2 Not Applicable,0,0 No Xing Facility In 50m,1 Daylight,1 Fine,1 Road-Dry,0 None,0 None,528310,184330,-0.151088,51.543292,,,Unknown,"(51.543292, -0.151088)",http://opendatacommunities.org/id/london-borough-council/camden,5544,21/12/2020 02:48:37 PM
0116EK40189,CAMDEN,3 Pedestrian,2 Female,25-59,26,1,3 Slight,05 Crossing Road (Not On Xing),2 From Drivers N/Side Msk,1 Pedestrian,"NFL - PANCRAS ROAD, 100 METRES NW OF EUSTON ROAD.",1,29/03/2016 05:05:00 PM,Tuesday,17.05,3 Bor,A,5202,6 Single Cwy,2 30 MPH,0 No Jun In 20m,-2 Not Applicable,-2 Not Applicable,0,0 No Xing Facility In 50m,1 Daylight,2 Raining,2 Road-Wet,0 None,0 None,530160,182980,-0.124924,51.530737,,,Unknown,"(51.530737, -0.124924)",http://opendatacommunities.org/id/london-borough-council/camden,6134,21/12/2020 02:48:38 PM
0115EK40395,CAMDEN,3 Pedestrian,1 Male,25-59,44,1,3 Slight,05 Crossing Road (Not On Xing),1 From Drivers N/Side,1 Pedestrian,RAGLAN STREET J/W HOLMES ROAD,1,20/05/2015 03:10:00 PM,Wednesday,15.10,3 Bor,Unclassified,0,6 Single Cwy,2 30 MPH,3 T/Stag Jun,4 Give Way/Uncontrolled,Unclassified,0,0 No Xing Facility In 50m,1 Daylight,1 Fine,1 Road-Dry,0 None,0 None,528910,185020,-0.142188,51.549356,,,Unknown,"(51.549356, -0.142188)",http://opendatacommunities.org/id/london-borough-council/camden,4895,21/12/2020 02:48:36 PM
1180128520,CAMDEN,3 Pedestrian,1 Male,16-24,24,1,2 Serious,06 On Footpath - Verge,9 Unknown Or Other,1 Pedestrian,PLENDER STREET 15M W OF J/W CAMDEN ST NW1,1,22/08/2018 09:52:00 PM,Wednesday,21.52,1 TLRN,Unclassified,0,6 Single Cwy,2 30 MPH,6 Crossroads,4 Give Way/Uncontrolled,A,400,0 No Xing Facility In 50m,2 Dark,1 Fine,1 Road-Dry,0 None,0 None,529311,183663,-0.136906,51.53707,,,Unknown,"(51.53707, -0.136906)",http://opendatacommunities.org/id/london-borough-council/camden,8265,21/12/2020 02:48:42 PM
1170054411,CAMDEN,1 Driver/Rider,1 Male,25-59,45,1,3 Slight,-2 Unknown,-2 N/A,3 Powered 2 Wheeler,GRAYS INN ROAD 30M W OF J/W EUSTON ROAD THE NEAREST CLASSIFIED ROA,2,18/08/2017 08:30:00 AM,Friday,8.30,1 TLRN,A,501,2 One-Way St,1 <= 20 MPH,0 No Jun In 20m,-2 Not Applicable,-2 Not Applicable,0,0 No Xing Facility In 50m,1 Daylight,1 Fine,1 Road-Dry,0 None,0 None,530390,182940,-0.121625,51.530324,,,Unknown,"(51.530324, -0.121625)",http://opendatacommunities.org/id/london-borough-council/camden,7254,21/12/2020 02:48:40 PM
1170080934,CAMDEN,2 Passenger,2 Female,Unknown,0,1,3 Slight,-2 Unknown,-2 N/A,4 Car,CAMDEN ROAD 50M W OF J/W CANAL BOULEVARD,2,31/12/2017 01:00:00 PM,Sunday,13.00,1 TLRN,A,503,6 Single Cwy,2 30 MPH,0 No Jun In 20m,-2 Not Applicable,-2 Not Applicable,0,8 Central Refuge,1 Daylight,1 Fine,2 Road-Wet,0 None,0 None,529650,184770,-0.131614,51.54694,,,Unknown,"(51.54694, -0.131614)",http://opendatacommunities.org/id/london-borough-council/camden,7637,21/12/2020 02:48:41 PM
1190182610,CAMDEN,1 DRIVER/RIDER,1 MALE,25-59,37,1,2 SERIOUS,'-2 NOT APPLICABLE,'-2 NOT APPLICABLE,2 PEDAL CYCLE,"On Castlehaven Road, 33 metres south of the junction with Hawley road.",1,22/05/2019 09:10:00 PM,Wednesday,21.10,3 BOR,5,0,2 ONE-WAY ST,20,00 NO JUN IN 20M,,0,0,0 NO XING FACILITY IN 50M,1 DARK,1 FINE,1 ROAD-DRY,0 NONE,0 NONE,528757,184266,-0.144669,51.542615,,,Unknown,"(51.542615, -0.144669)",http://opendatacommunities.org/id/london-borough-council/camden,9032,21/12/2020 02:48:44 PM
0115EK40710,CAMDEN,1 Driver/Rider,1 Male,25-59,33,1,3 Slight,-2 Unknown,-2 N/A,3 Powered 2 Wheeler,PRINCE OF WALES ROAD J/W GRAFTON ROAD,2,13/08/2015 04:00:00 PM,Thursday,16.00,3 Bor,C,0,6 Single Cwy,2 30 MPH,3 T/Stag Jun,4 Give Way/Uncontrolled,C,0,4 Pelican Or Similar,1 Daylight,2 Raining,2 Road-Wet,0 None,0 None,528760,184710,-0.144464,51.546605,,,Unknown,"(51.546605, -0.144464)",http://opendatacommunities.org/id/london-borough-council/camden,5182,21/12/2020 02:48:37 PM
1160003514,CAMDEN,1 Driver/Rider,1 Male,25-59,30,1,3 Slight,-2 Unknown,-2 N/A,5 Taxi,OAKLEY SQUARE NW1 J/W CROWNDALE ROAD NW1,2,26/11/2016 02:40:00 AM,Saturday,2.40,1 TLRN,A,400,6 Single Cwy,2 30 MPH,9 Other Jun,2 Auto Sig,B,512,0 No Xing Facility In 50m,2 Dark,1 Fine,1 Road-Dry,0 None,0 None,529420,183460,-0.13541,51.53522,,,Unknown,"(51.53522, -0.13541)",http://opendatacommunities.org/id/london-borough-council/camden,5701,21/12/2020 02:48:37 PM
1160012757,CAMDEN,1 Driver/Rider,1 Male,25-59,37,1,3 Slight,-2 Unknown,-2 N/A,3 Powered 2 Wheeler,"ON CAMDEN ROAD , NEAR THE JUNCTION WITH BAYHAM STREET .",2,13/09/2016 06:30:00 PM,Tuesday,18.30,1 TLRN,A,503,6 Single Cwy,2 30 MPH,3 T/Stag Jun,2 Auto Sig,A,503,0 No Xing Facility In 50m,1 Daylight,1 Fine,1 Road-Dry,0 None,0 None,528960,183940,-0.141863,51.539639,,,Unknown,"(51.539639, -0.141863)",http://opendatacommunities.org/id/london-borough-council/camden,5857,21/12/2020 02:48:38 PM
1190204104,CAMDEN,1 DRIVER/RIDER,1 MALE,25-59,46,4,3 SLIGHT,'-2 NOT APPLICABLE,'-2 NOT APPLICABLE,4 CAR,"On Vernon Place , near the junction with Southampton place.",3,08/09/2019 08:00:00 PM,Sunday,20.00,3 BOR,A,40,2 ONE-WAY ST,20,03 T/STAG JUN,4 GIVE WAY/UNCONTROLLED,5,0,4 PELICAN OR SIMILAR,1 DARK,1 FINE,1 ROAD-DRY,0 NONE,0 NONE,530372,181613,-0.122375,51.518403,,,Unknown,"(51.518403, -0.122375)",http://opendatacommunities.org/id/london-borough-council/camden,9344,21/12/2020 02:48:44 PM
1180105883,CAMDEN,3 Pedestrian,1 Male,25-59,46,1,3 Slight,04 Crossing Road Within 50m Xing,3 From Drivers O/Side,1 Pedestrian,CAMDEN HIGH STREET 50M S OF J/W PARKWAY,1,04/05/2018 02:55:00 PM,Friday,14.55,1 TLRN,A,502,6 Single Cwy,1 <= 20 MPH,0 No Jun In 20m,-2 Not Applicable,-2 Not Applicable,0,5 Pedn Phase At Ats,1 Daylight,1 Fine,1 Road-Dry,0 None,0 None,528930,183810,-0.142343,51.538478,,,Unknown,"(51.538478, -0.142343)",http://opendatacommunities.org/id/london-borough-council/camden,7960,21/12/2020 02:48:42 PM
1180116219,CAMDEN,3 Pedestrian,2 Female,25-59,39,1,3 Slight,01 Crossing Road On Ped Xing,3 From Drivers O/Side,1 Pedestrian,MELTON STREET 96M N OF J/W EUSTON ROAD,1,22/06/2018 01:45:00 PM,Friday,13.45,3 Bor,C,0,6 Single Cwy,2 30 MPH,0 No Jun In 20m,-2 Not Applicable,-2 Not Applicable,0,1 Zebra,1 Daylight,1 Fine,1 Road-Dry,0 None,0 None,529520,182530,-0.134311,51.52684,,,Unknown,"(51.52684, -0.134311)",http://opendatacommunities.org/id/london-borough-council/camden,8106,21/12/2020 02:48:42 PM
1190191789,CAMDEN,2 PASSENGER,2 FEMALE,25-59,45,2,3 SLIGHT,'-2 NOT APPLICABLE,'-2 NOT APPLICABLE,4 CAR,"On Bramshill Gardens, near the junction with DARTMOUTH PARK AVENUE, NW5.",1,05/07/2019 11:16:00 PM,Friday,23.16,3 BOR,6,0,6 SINGLE CWY,20,03 T/STAG JUN,4 GIVE WAY/UNCONTROLLED,6,0,0 NO XING FACILITY IN 50M,1 DARK,1 FINE,1 ROAD-DRY,0 NONE,0 NONE,528879,186381,-0.142137,51.561594,,,Unknown,"(51.561594, -0.142137)",http://opendatacommunities.org/id/london-borough-council/camden,9168,21/12/2020 02:48:44 PM
0116EK40330,CAMDEN,1 Driver/Rider,2 Female,25-59,31,1,3 Slight,-2 Unknown,-2 N/A,2 Pedal Cycle,CALTHORPE STREET J/W PHOENIX PLACE,2,09/05/2016 10:20:00 AM,Monday,10.20,3 Bor,B,502,6 Single Cwy,1 <= 20 MPH,6 Crossroads,4 Give Way/Uncontrolled,C,0,0 No Xing Facility In 50m,1 Daylight,1 Fine,1 Road-Dry,0 None,0 None,530910,182410,-0.11433,51.525441,,,Unknown,"(51.525441, -0.11433)",http://opendatacommunities.org/id/london-borough-council/camden,6263,21/12/2020 02:48:38 PM
1170026813,CAMDEN,3 Pedestrian,2 Female,25-59,25,1,3 Slight,06 On Footpath - Verge,9 Unknown Or Other,1 Pedestrian,HOLMES ROAD 25M E OF J/W KENTISH TOWN ROAD THE NEAREST CLASSIFIED,1,17/03/2017 08:37:00 AM,Friday,8.37,3 Bor,Unclassified,0,9 Unknown,2 30 MPH,0 No Jun In 20m,-2 Not Applicable,-2 Not Applicable,0,9 Unknown (S/R),1 Daylight,1 Fine,1 Road-Dry,0 None,0 None,528940,185010,-0.141759,51.54926,,,Unknown,"(51.54926, -0.141759)",http://opendatacommunities.org/id/london-borough-council/camden,6801,21/12/2020 02:48:39 PM
0115EK40850,CAMDEN,1 Driver/Rider,1 Male,25-59,38,1,3 Slight,-2 Unknown,-2 N/A,3 Powered 2 Wheeler,UPPER WOBURN PLACE J/W ENDSLEIGH PLACE,2,28/09/2015 07:20:00 AM,Monday,7.20,3 Bor,A,4200,6 Single Cwy,2 30 MPH,3 T/Stag Jun,4 Give Way/Uncontrolled,Unclassified,0,0 No Xing Facility In 50m,1 Daylight,1 Fine,1 Road-Dry,0 None,0 None,529880,182420,-0.129165,51.525768,,,Unknown,"(51.525768, -0.129165)",http://opendatacommunities.org/id/london-borough-council/camden,5299,21/12/2020 02:48:37 PM
0116EK40682,CAMDEN,1 Driver/Rider,1 Male,25-59,42,1,2 Serious,-2 Unknown,-2 N/A,3 Powered 2 Wheeler,CHALK FARM ROAD J/W CASTLEHAVEN ROAD.,2,27/08/2016 10:00:00 AM,Saturday,10.00,3 Bor,A,502,2 One-Way St,1 <= 20 MPH,8 Priv Drive,4 Give Way/Uncontrolled,A,502,4 Pelican Or Similar,1 Daylight,1 Fine,1 Road-Dry,0 None,0 None,528670,184160,-0.145962,51.541682,,,Unknown,"(51.541682, -0.145962)",http://opendatacommunities.org/id/london-borough-council/camden,6515,21/12/2020 02:48:39 PM
1170064483,CAMDEN,2 Passenger,2 Female,16-24,16,1,3 Slight,-2 Unknown,-2 N/A,6 Bus Or Coach,FINCHLEY ROAD J/W HILGROVE ROAD,2,14/10/2017 10:58:00 AM,Saturday,10.58,1 TLRN,A,41,2 One-Way St,2 30 MPH,6 Crossroads,2 Auto Sig,B,509,5 Pedn Phase At Ats,1 Daylight,1 Fine,1 Road-Dry,0 None,0 None,526630,184100,-0.175384,51.541604,,,Unknown,"(51.541604, -0.175384)",http://opendatacommunities.org/id/london-borough-council/camden,7416,21/12/2020 02:48:40 PM
0116EK40060,CAMDEN,1 Driver/Rider,2 Female,25-59,31,1,3 Slight,-2 Unknown,-2 N/A,2 Pedal Cycle,EUSTON ROAD J/W CHURCHWAY.,2,08/02/2016 08:05:00 AM,Monday,8.05,1 TLRN,A,501,3 Dual Cwy,2 30 MPH,6 Crossroads,2 Auto Sig,Unclassified,0,5 Pedn Phase At Ats,1 Daylight,1 Fine,1 Road-Dry,0 None,0 None,529820,182640,-0.129948,51.527759,,,Unknown,"(51.527759, -0.129948)",http://opendatacommunities.org/id/london-borough-council/camden,6028,21/12/2020 02:48:38 PM
1180125954,CAMDEN,3 Pedestrian,2 Female,60+,75,1,3 Slight,06 On Footpath - Verge,9 Unknown Or Other,1 Pedestrian,CAMDEN ROAD J/W ST PANCRAS WAY,2,08/08/2018 07:30:00 PM,Wednesday,19.30,1 TLRN,A,503,3 Dual Cwy,1 <= 20 MPH,6 Crossroads,2 Auto Sig,A,5202,5 Pedn Phase At Ats,1 Daylight,1 Fine,1 Road-Dry,0 None,0 None,529250,184290,-0.137555,51.542718,,,Unknown,"(51.542718, -0.137555)",http://opendatacommunities.org/id/london-borough-council/camden,8233,21/12/2020 02:48:42 PM
0116EO40448,CAMDEN,2 Passenger,2 Female,25-59,35,1,3 Slight,-2 Unknown,-2 N/A,6 Bus Or Coach,PENTONVILLE RD J/W KING'S CROSS RD,1,06/05/2016 07:00:00 PM,Friday,19.00,1 TLRN,A,501,6 Single Cwy,1 <= 20 MPH,9 Other Jun,2 Auto Sig,A,501,0 No Xing Facility In 50m,1 Daylight,1 Fine,1 Road-Dry,0 None,6 Ped In Cwy (Not Inj),530530,183010,-0.119582,51.530921,,,Unknown,"(51.530921, -0.119582)",http://opendatacommunities.org/id/london-borough-council/camden,6537,21/12/2020 02:48:39 PM