Reference,London Borough Name,Casualty Class,Casualty Sex,Casualty Age Band,Casualty Age,Number Of Casualties,Casualty Severity,Pedestrian Location,Pedestrian Movement,Mode Of Travel,Attendant Location,Number Of Vehicles,Date,Day,Time,Highway,Road Class 1,Road Number 1,Road Type,Speed Limit,Junction Detail,Junction Control,Road Class 2,Road Number 2,Pedestrian Crossing,Light Condition Band,Weather,Road Surface,Special Conditions,Carriage Way Hazard,Easting,Northing,Longitude,Latitude,Ward Code,Ward Name,Spatial Accuracy,Location,Organisation URI,Socrata ID,Last Uploaded
1170044823,CAMDEN,1 Driver/Rider,1 Male,25-59,53,1,3 Slight,-2 Unknown,-2 N/A,4 Car,DELANCEY STREET J/W ARLINGTON ROAD,2,25/06/2017 03:45:00 PM,Sunday,15.45,3 Bor,A,503,6 Single Cwy,1 <= 20 MPH,6 Crossroads,4 Give Way/Uncontrolled,Unclassified,0,0 No Xing Facility In 50m,1 Daylight,1 Fine,1 Road-Dry,0 None,0 None,528920,183610,-0.14256,51.536683,,,Unknown,"(51.536683, -0.14256)",http://opendatacommunities.org/id/london-borough-council/camden,7075,21/12/2020 02:48:40 PM
1190179280,CAMDEN,3 PEDESTRIAN,1 MALE,25-59,31,1,3 SLIGHT,10 UNKNOWN OR OTHER,9 UNKNOWN OR OTHER,1 PEDESTRIAN,"On Euston Road, near the junction with Pancras Road.",1,07/05/2019 08:28:00 AM,Tuesday,8.28,1 TLRN,A,501,6 SINGLE CWY,20,99 UNKNOWN (S/R),2 AUTO SIG,A,5202,5 PEDN PHASE AT ATS,2 DAYLIGHT,1 FINE,1 ROAD-DRY,0 NONE,0 NONE,530209,182895,-0.12425,51.529961,,,Unknown,"(51.529961, -0.12425)",http://opendatacommunities.org/id/london-borough-council/camden,8985,21/12/2020 02:48:44 PM
1180149082,CAMDEN,1 Driver/Rider,1 Male,25-59,28,1,3 Slight,-2 Unknown,-2 N/A,2 Pedal Cycle,PLATT'S LANE J/W FINCHLEY ROAD,3,30/11/2018 05:33:00 PM,Friday,17.33,1 TLRN,C,0,3 Dual Cwy,2 30 MPH,6 Crossroads,2 Auto Sig,A,41,5 Pedn Phase At Ats,2 Dark,1 Fine,1 Road-Dry,0 None,0 None,525170,185880,-0.195794,51.557926,,,Unknown,"(51.557926, -0.195794)",http://opendatacommunities.org/id/london-borough-council/camden,8573,21/12/2020 02:48:43 PM
0116EK40023,CAMDEN,1 Driver/Rider,1 Male,25-59,34,1,3 Slight,-2 Unknown,-2 N/A,2 Pedal Cycle,TOTTENHAM COURT ROAD J/W MAPLE STREET,2,26/01/2016 01:10:00 PM,Tuesday,13.10,3 Bor,A,400,2 One-Way St,2 30 MPH,6 Crossroads,2 Auto Sig,A,400,5 Pedn Phase At Ats,1 Daylight,2 Raining,2 Road-Wet,0 None,0 None,529360,182110,-0.13677,51.523102,,,Unknown,"(51.523102, -0.13677)",http://opendatacommunities.org/id/london-borough-council/camden,5999,21/12/2020 02:48:38 PM
1170037477,CAMDEN,1 Driver/Rider,1 Male,16-24,23,1,3 Slight,-2 Unknown,-2 N/A,3 Powered 2 Wheeler,LEIGHTON ROAD J/W BARTHOLOMEW ROAD,2,15/05/2017 05:30:00 PM,Monday,17.30,3 Bor,C,0,6 Single Cwy,1 <= 20 MPH,3 T/Stag Jun,4 Give Way/Uncontrolled,Unclassified,0,1 Zebra,1 Daylight,1 Fine,1 Road-Dry,0 None,0 None,529390,185190,-0.135207,51.550774,,,Unknown,"(51.550774, -0.135207)",http://opendatacommunities.org/id/london-borough-council/camden,6963,21/12/2020 02:48:39 PM
0115EK40781,CAMDEN,3 Pedestrian,1 Male,25-59,59,1,3 Slight,01 Crossing Road On Ped Xing,3 From Drivers O/Side,1 Pedestrian,HIGH HOLBORN J/W ENDELL STREET,1,03/09/2015 11:15:00 PM,Thursday,23.15,3 Bor,A,401,6 Single Cwy,2 30 MPH,7 Multi Jun,2 Auto Sig,B,401,5 Pedn Phase At Ats,2 Dark,1 Fine,1 Road-Dry,0 None,0 None,530110,181310,-0.126261,51.51574,,,Unknown,"(51.51574, -0.126261)",http://opendatacommunities.org/id/london-borough-council/camden,5247,21/12/2020 02:48:37 PM
1170044047,CAMDEN,1 Driver/Rider,1 Male,25-59,35,1,3 Slight,-2 Unknown,-2 N/A,2 Pedal Cycle,GRAYS INN ROAD J/W THEOBALDS ROAD,2,13/06/2017 06:30:00 PM,Tuesday,18.30,3 Bor,A,5200,6 Single Cwy,2 30 MPH,3 T/Stag Jun,2 Auto Sig,A,401,5 Pedn Phase At Ats,1 Daylight,1 Fine,1 Road-Dry,0 None,0 None,530980,181980,-0.113481,51.52156,,,Unknown,"(51.52156, -0.113481)",http://opendatacommunities.org/id/london-borough-council/camden,7063,21/12/2020 02:48:39 PM
1170035203,CAMDEN,1 Driver/Rider,1 Male,Unknown,0,1,3 Slight,-2 Unknown,-2 N/A,2 Pedal Cycle,TORRINGTON PLACE 21M W OF J/W HUNTLEY STREET,2,29/04/2017 03:45:00 PM,Saturday,15.45,3 Bor,C,0,2 One-Way St,2 30 MPH,0 No Jun In 20m,-2 Not Applicable,-2 Not Applicable,0,0 No Xing Facility In 50m,1 Daylight,1 Fine,1 Road-Dry,0 None,0 None,529540,181960,-0.134232,51.521712,,,Unknown,"(51.521712, -0.134232)",http://opendatacommunities.org/id/london-borough-council/camden,6934,21/12/2020 02:48:39 PM
0115EK40678,CAMDEN,2 Passenger,1 Male,25-59,38,1,3 Slight,-2 Unknown,-2 N/A,6 Bus Or Coach,EUSTON ROAD J/W MABLEDON PLACE,1,06/08/2015 09:15:00 AM,Thursday,9.15,1 TLRN,A,501,6 Single Cwy,2 30 MPH,3 T/Stag Jun,2 Auto Sig,C,0,5 Pedn Phase At Ats,1 Daylight,1 Fine,1 Road-Dry,0 None,0 None,529950,182710,-0.12805,51.528359,,,Unknown,"(51.528359, -0.12805)",http://opendatacommunities.org/id/london-borough-council/camden,5151,21/12/2020 02:48:36 PM
1190226093,CAMDEN,1 DRIVER/RIDER,1 MALE,25-59,27,2,3 SLIGHT,'-2 NOT APPLICABLE,'-2 NOT APPLICABLE,3 POWERED 2 WHEELER,"On Oakley Square, near the junction with Eversholt Street.",1,19/12/2019 06:00:00 PM,Thursday,18.00,1 TLRN,A,400,6 SINGLE CWY,20,06 CROSSROADS,2 AUTO SIG,A,4200,5 PEDN PHASE AT ATS,1 DARK,2 RAINING,2 ROAD-WET,0 NONE,0 NONE,529319,183232,-0.136949,51.533194,,,Unknown,"(51.533194, -0.136949)",http://opendatacommunities.org/id/london-borough-council/camden,9634,21/12/2020 02:48:45 PM
0115EK40729,CAMDEN,1 Driver/Rider,1 Male,25-59,41,1,3 Slight,-2 Unknown,-2 N/A,2 Pedal Cycle,THEOBALD'S ROAD J/W EMERALD STREET,2,01/08/2015 01:42:00 PM,Saturday,13.42,3 Bor,A,401,6 Single Cwy,2 30 MPH,3 T/Stag Jun,4 Give Way/Uncontrolled,Unclassified,0,4 Pelican Or Similar,1 Daylight,1 Fine,1 Road-Dry,0 None,0 None,530730,181860,-0.117127,51.52054,,,Unknown,"(51.52054, -0.117127)",http://opendatacommunities.org/id/london-borough-council/camden,5196,21/12/2020 02:48:37 PM
1170019535,CAMDEN,1 Driver/Rider,2 Female,60+,71,1,3 Slight,-2 Unknown,-2 N/A,4 Car,GOODS WAY J/W PANCRAS ROAD,2,07/02/2017 12:15:00 PM,Tuesday,12.15,3 Bor,C,0,6 Single Cwy,2 30 MPH,3 T/Stag Jun,9 Unknown (S/R),Unclassified,0,9 Unknown (S/R),1 Daylight,1 Fine,1 Road-Dry,0 None,0 None,530020,183350,-0.126805,51.534094,,,Unknown,"(51.534094, -0.126805)",http://opendatacommunities.org/id/london-borough-council/camden,6691,21/12/2020 02:48:39 PM
1170048905,CAMDEN,1 Driver/Rider,1 Male,25-59,35,1,3 Slight,-2 Unknown,-2 N/A,2 Pedal Cycle,MALDEN ROAD J/W HAVERSTOCK ROAD,2,05/07/2017 08:10:00 AM,Wednesday,8.10,3 Bor,B,517,6 Single Cwy,1 <= 20 MPH,3 T/Stag Jun,4 Give Way/Uncontrolled,Unclassified,0,1 Zebra,1 Daylight,1 Fine,9 Unknown (S/R),0 None,0 None,528000,185140,-0.155262,51.550642,,,Unknown,"(51.550642, -0.155262)",http://opendatacommunities.org/id/london-borough-council/camden,7160,21/12/2020 02:48:40 PM
1170013826,CAMDEN,1 Driver/Rider,1 Male,25-59,45,1,3 Slight,-2 Unknown,-2 N/A,2 Pedal Cycle,ROYAL COLLEGE STREET J/W BAYNES STREET,2,23/01/2017 11:50:00 AM,Monday,11.50,3 Bor,A,5202,2 One-Way St,2 30 MPH,3 T/Stag Jun,9 Unknown (S/R),Unclassified,0,9 Unknown (S/R),1 Daylight,1 Fine,9 Unknown (S/R),9 Unknown (S/R),9 Unknown (S/R),529240,184090,-0.137773,51.540923,,,Unknown,"(51.540923, -0.137773)",http://opendatacommunities.org/id/london-borough-council/camden,6610,21/12/2020 02:48:39 PM
1160012497,CAMDEN,3 Pedestrian,2 Female,16-24,22,1,3 Slight,05 Crossing Road (Not On Xing),3 From Drivers O/Side,1 Pedestrian,"ON RAILWAY STREET, NEAR THE JUNCTION WITH YORK WAY .",1,29/09/2016 01:30:00 PM,Thursday,13.30,3 Bor,A,5200,2 One-Way St,2 30 MPH,3 T/Stag Jun,4 Give Way/Uncontrolled,Unclassified,0,0 No Xing Facility In 50m,1 Daylight,1 Fine,1 Road-Dry,0 None,0 None,530330,183220,-0.122386,51.532854,,,Unknown,"(51.532854, -0.122386)",http://opendatacommunities.org/id/london-borough-council/camden,5840,21/12/2020 02:48:38 PM
0116EK40610,CAMDEN,1 Driver/Rider,1 Male,25-59,37,1,3 Slight,-2 Unknown,-2 N/A,2 Pedal Cycle,"KENTISH TOWN ROAD, 50 METRES SOUTH OF FARRIER STREET.",2,24/08/2016 05:40:00 PM,Wednesday,17.40,3 Bor,A,400,6 Single Cwy,2 30 MPH,0 No Jun In 20m,-2 Not Applicable,-2 Not Applicable,0,0 No Xing Facility In 50m,1 Daylight,1 Fine,1 Road-Dry,0 None,0 None,528950,184340,-0.141861,51.543236,,,Unknown,"(51.543236, -0.141861)",http://opendatacommunities.org/id/london-borough-council/camden,6488,21/12/2020 02:48:39 PM
0115EK40385,CAMDEN,1 Driver/Rider,1 Male,16-24,18,1,3 Slight,-2 Unknown,-2 N/A,3 Powered 2 Wheeler,BAYHAM STREET J/W PLENDER STREET,2,16/05/2015 12:01:00 AM,Saturday,0.01,3 Bor,C,0,6 Single Cwy,2 30 MPH,6 Crossroads,2 Auto Sig,Unclassified,0,5 Pedn Phase At Ats,2 Dark,2 Raining,2 Road-Wet,0 None,0 None,529190,183560,-0.138688,51.536172,,,Unknown,"(51.536172, -0.138688)",http://opendatacommunities.org/id/london-borough-council/camden,4886,21/12/2020 02:48:36 PM
1180110944,CAMDEN,1 Driver/Rider,2 Female,25-59,49,1,3 Slight,-2 Unknown,-2 N/A,4 Car,BAYHAM STREET NW1 J/W PLENDER STREET NW1,2,29/05/2018 06:40:00 AM,Tuesday,6.40,3 Bor,C,0,2 One-Way St,1 <= 20 MPH,6 Crossroads,4 Give Way/Uncontrolled,Unclassified,0,1 Zebra,1 Daylight,1 Fine,1 Road-Dry,0 None,0 None,529190,183560,-0.138688,51.536172,,,Unknown,"(51.536172, -0.138688)",http://opendatacommunities.org/id/london-borough-council/camden,8032,21/12/2020 02:48:42 PM
1170071179,CAMDEN,3 Pedestrian,2 Female,60+,63,1,3 Slight,04 Crossing Road Within 50m Xing,3 From Drivers O/Side,1 Pedestrian,KILBURN HIGH ROAD 3M W OF J/W GLENGALL ROAD,1,19/11/2017 11:58:00 AM,Sunday,11.58,3 Bor,A,5,6 Single Cwy,1 <= 20 MPH,3 T/Stag Jun,4 Give Way/Uncontrolled,Unclassified,0,5 Pedn Phase At Ats,1 Daylight,1 Fine,1 Road-Dry,0 None,0 None,525207,183906,-0.195962,51.540178,,,Unknown,"(51.540178, -0.195962)",http://opendatacommunities.org/id/london-borough-council/camden,7522,21/12/2020 02:48:41 PM
0116EK40494,CAMDEN,3 Pedestrian,1 Male,0-15,11,1,3 Slight,05 Crossing Road (Not On Xing),3 From Drivers O/Side,1 Pedestrian,KILBURN HIGH ROAD 62M NW OF J/W KILBURN PRIORY,1,11/07/2016 03:54:00 PM,Monday,15.54,3 Bor,A,5,6 Single Cwy,2 30 MPH,0 No Jun In 20m,-2 Not Applicable,-2 Not Applicable,0,0 No Xing Facility In 50m,1 Daylight,1 Fine,1 Road-Dry,0 None,0 None,525590,183410,-0.190619,51.535635,,,Unknown,"(51.535635, -0.190619)",http://opendatacommunities.org/id/london-borough-council/camden,6405,21/12/2020 02:48:38 PM
1190189364,CAMDEN,1 DRIVER/RIDER,1 MALE,16-24,18,1,3 SLIGHT,'-2 NOT APPLICABLE,'-2 NOT APPLICABLE,3 POWERED 2 WHEELER,"On Euston Road , 5 metres east of the junction with North Gower Street .",2,24/06/2019 03:05:00 PM,Monday,15.05,1 TLRN,A,501,3 DUAL CWY,30,05 SLIP ROAD,4 GIVE WAY/UNCONTROLLED,B,522,4 PELICAN OR SIMILAR,2 DAYLIGHT,1 FINE,1 ROAD-DRY,0 NONE,0 NONE,529423,182394,-0.135759,51.52564,,,Unknown,"(51.52564, -0.135759)",http://opendatacommunities.org/id/london-borough-council/camden,9127,21/12/2020 02:48:44 PM
1180148365,CAMDEN,3 Pedestrian,1 Male,16-24,23,1,2 Serious,09 In Road - Not Crossing,6 In Rd Not Crossing Msk,1 Pedestrian,PRIMROSE HILL ROAD 25M E OF J/W AINGER ROAD,1,27/11/2018 04:21:00 PM,Tuesday,16.21,3 Bor,C,0,6 Single Cwy,1 <= 20 MPH,0 No Jun In 20m,-2 Not Applicable,-2 Not Applicable,0,1 Zebra,2 Dark,2 Raining,2 Road-Wet,0 None,0 None,527760,183980,-0.159142,51.540271,,,Unknown,"(51.540271, -0.159142)",http://opendatacommunities.org/id/london-borough-council/camden,8565,21/12/2020 02:48:43 PM
1160024377,CAMDEN,1 Driver/Rider,1 Male,25-59,56,1,3 Slight,-2 Unknown,-2 N/A,3 Powered 2 Wheeler,BERNARD STREET J/W HERBRAND STREET,2,12/10/2016 06:00:00 PM,Wednesday,18.00,3 Bor,B,504,2 One-Way St,2 30 MPH,6 Crossroads,4 Give Way/Uncontrolled,Unclassified,0,1 Zebra,2 Dark,1 Fine,1 Road-Dry,0 None,0 None,530180,182130,-0.12495,51.523093,,,Unknown,"(51.523093, -0.12495)",http://opendatacommunities.org/id/london-borough-council/camden,5893,21/12/2020 02:48:38 PM
1170012337,CAMDEN,3 Pedestrian,1 Male,0-15,11,1,3 Slight,05 Crossing Road (Not On Xing),4 From Drivers O/Side Msk,1 Pedestrian,FINCHLEY ROAD J/W ARKWRIGHT ROAD,1,16/01/2017 08:12:00 AM,Monday,8.12,1 TLRN,A,41,3 Dual Cwy,2 30 MPH,3 T/Stag Jun,2 Auto Sig,C,0,0 No Xing Facility In 50m,1 Daylight,2 Raining,2 Road-Wet,0 None,0 None,526020,185100,-0.183818,51.550727,,,Unknown,"(51.550727, -0.183818)",http://opendatacommunities.org/id/london-borough-council/camden,6592,21/12/2020 02:48:39 PM
1190213418,CAMDEN,1 DRIVER/RIDER,1 MALE,25-59,39,1,3 SLIGHT,'-2 NOT APPLICABLE,3 FROM DRIVERS O/SIDE,3 POWERED 2 WHEELER,"On Finchley Road, 50 metres south of the junction with FROGNAL LANE.",2,22/10/2019 08:10:00 PM,Tuesday,20.10,1 TLRN,A,41,3 DUAL CWY,30,00 NO JUN IN 20M,,0,0,4 PELICAN OR SIMILAR,1 DARK,1 FINE,1 ROAD-DRY,0 NONE,0 NONE,525771,185299,-0.187336,51.552571,,,Unknown,"(51.552571, -0.187336)",http://opendatacommunities.org/id/london-borough-council/camden,9460,21/12/2020 02:48:44 PM
1190223238,CAMDEN,1 DRIVER/RIDER,2 FEMALE,25-59,27,1,3 SLIGHT,'-2 NOT APPLICABLE,9 UNKNOWN OR OTHER,2 PEDAL CYCLE,"On Montague Street, 50 metres east of the junction with Montague Place.",2,03/12/2019 07:10:00 AM,Tuesday,7.10,3 BOR,5,0,6 SINGLE CWY,20,00 NO JUN IN 20M,,0,0,1 ZEBRA,2 DAYLIGHT,1 FINE,1 ROAD-DRY,4 ROADWORKS,0 NONE,530135,181789,-0.125724,51.520039,,,Unknown,"(51.520039, -0.125724)",http://opendatacommunities.org/id/london-borough-council/camden,9594,21/12/2020 02:48:45 PM
1190223441,CAMDEN,3 PEDESTRIAN,2 FEMALE,16-24,19,1,3 SLIGHT,10 UNKNOWN OR OTHER,'-2 NOT APPLICABLE,1 PEDESTRIAN,"On Heath Street, 50 metres south of the junction with The Mount.",1,07/12/2019 03:00:00 PM,Saturday,15.00,3 BOR,A,502,9 UNKNOWN,20,00 NO JUN IN 20M,,0,0,9 UNKNOWN (S/R),2 DAYLIGHT,1 FINE,1 ROAD-DRY,0 NONE,0 NONE,526388,185811,-0.178258,51.557035,,,Unknown,"(51.557035, -0.178258)",http://opendatacommunities.org/id/london-borough-council/camden,9599,21/12/2020 02:48:45 PM
1180092165,CAMDEN,1 Driver/Rider,1 Male,25-59,35,1,3 Slight,-2 Unknown,-2 N/A,2 Pedal Cycle,ROYAL COLLEGE STREET 74M S OF J/W BAYES STREET,2,23/02/2018 01:40:00 PM,Friday,13.40,3 Bor,A,5202,2 One-Way St,1 <= 20 MPH,0 No Jun In 20m,-2 Not Applicable,-2 Not Applicable,0,1 Zebra,1 Daylight,2 Raining,1 Road-Dry,0 None,0 None,529280,184010,-0.137226,51.540195,,,Unknown,"(51.540195, -0.137226)",http://opendatacommunities.org/id/london-borough-council/camden,7769,21/12/2020 02:48:41 PM
1180124252,CAMDEN,1 Driver/Rider,1 Male,0-15,14,1,3 Slight,-2 Unknown,-2 N/A,2 Pedal Cycle,EVERSHOLT STREET J/W BARNBY STREET,2,31/07/2018 11:40:00 AM,Tuesday,11.40,3 Bor,A,4200,6 Single Cwy,1 <= 20 MPH,3 T/Stag Jun,4 Give Way/Uncontrolled,Unclassified,0,0 No Xing Facility In 50m,1 Daylight,1 Fine,1 Road-Dry,0 None,0 None,529450,183010,-0.135143,51.531169,,,Unknown,"(51.531169, -0.135143)",http://opendatacommunities.org/id/london-borough-council/camden,8210,21/12/2020 02:48:42 PM
1180135674,CAMDEN,2 Passenger,2 Female,16-24,24,1,3 Slight,-2 Unknown,-2 N/A,4 Car,FINCHLEY ROAD J/W LANGLAND GARDENS NW3,2,28/09/2018 07:19:00 PM,Friday,19.19,1 TLRN,A,41,3 Dual Cwy,2 30 MPH,9 Other Jun,4 Give Way/Uncontrolled,Unclassified,0,8 Central Refuge,2 Dark,4 Fine/High Winds,1 Road-Dry,0 None,0 None,525900,185230,-0.185501,51.551923,,,Unknown,"(51.551923, -0.185501)",http://opendatacommunities.org/id/london-borough-council/camden,8362,21/12/2020 02:48:42 PM
0115EK40411,CAMDEN,1 Driver/Rider,2 Female,25-59,33,1,3 Slight,-2 Unknown,-2 N/A,2 Pedal Cycle,TOTTENHAM COURT ROAD J/W PERCY STREET,2,21/05/2015 06:30:00 PM,Thursday,18.30,3 Bor,A,400,6 Single Cwy,2 30 MPH,3 T/Stag Jun,2 Auto Sig,A,400,5 Pedn Phase At Ats,1 Daylight,1 Fine,1 Road-Dry,0 None,0 None,529670,181630,-0.132481,51.518717,,,Unknown,"(51.518717, -0.132481)",http://opendatacommunities.org/id/london-borough-council/camden,4906,21/12/2020 02:48:36 PM
1170039349,CAMDEN,3 Pedestrian,1 Male,25-59,44,1,3 Slight,08 In Centre Of Carriageway,5 In Rd Not Crossing,1 Pedestrian,HIGHGATE WEST HILL 20M N OF J/W THE GROVE,1,24/05/2017 07:45:00 AM,Wednesday,7.45,3 Bor,C,0,6 Single Cwy,1 <= 20 MPH,3 T/Stag Jun,4 Give Way/Uncontrolled,Unclassified,0,0 No Xing Facility In 50m,1 Daylight,1 Fine,1 Road-Dry,0 None,0 None,528240,187300,-0.151015,51.569999,,,Unknown,"(51.569999, -0.151015)",http://opendatacommunities.org/id/london-borough-council/camden,6996,21/12/2020 02:48:39 PM
1160030010,CAMDEN,1 Driver/Rider,1 Male,25-59,34,1,3 Slight,-2 Unknown,-2 N/A,3 Powered 2 Wheeler,KILBURN HIGH ROAD J/W CAMBRIDGE AVENUE,2,14/10/2016 05:08:00 AM,Friday,5.08,3 Bor,A,5,6 Single Cwy,2 30 MPH,3 T/Stag Jun,4 Give Way/Uncontrolled,C,0,0 No Xing Facility In 50m,2 Dark,1 Fine,1 Road-Dry,0 None,0 None,525480,183540,-0.192158,51.536828,,,Unknown,"(51.536828, -0.192158)",http://opendatacommunities.org/id/london-borough-council/camden,5958,21/12/2020 02:48:38 PM
1170073124,CAMDEN,1 Driver/Rider,1 Male,25-59,26,1,3 Slight,-2 Unknown,-2 N/A,2 Pedal Cycle,NEW OXFORD STREET J/W BLOOMSBURY STREET,2,27/11/2017 08:15:00 AM,Monday,8.15,3 Bor,A,40,6 Single Cwy,2 30 MPH,6 Crossroads,2 Auto Sig,A,400,5 Pedn Phase At Ats,1 Daylight,2 Raining,2 Road-Wet,0 None,0 None,530050,181440,-0.127077,51.516922,,,Unknown,"(51.516922, -0.127077)",http://opendatacommunities.org/id/london-borough-council/camden,7552,21/12/2020 02:48:41 PM
1170050193,CAMDEN,1 Driver/Rider,2 Female,25-59,33,1,3 Slight,-2 Unknown,-2 N/A,2 Pedal Cycle,PARK VILLAGE EAST 25M S OF J/W GRANBY TERRACE,2,07/07/2017 01:00:00 PM,Friday,13.00,3 Bor,Unclassified,0,6 Single Cwy,2 30 MPH,0 No Jun In 20m,-2 Not Applicable,-2 Not Applicable,0,0 No Xing Facility In 50m,1 Daylight,1 Fine,1 Road-Dry,0 None,0 None,528890,183160,-0.143157,51.532645,,,Unknown,"(51.532645, -0.143157)",http://opendatacommunities.org/id/london-borough-council/camden,7182,21/12/2020 02:48:40 PM
1180146856,CAMDEN,3 Pedestrian,2 Female,60+,62,1,3 Slight,01 Crossing Road On Ped Xing,3 From Drivers O/Side,1 Pedestrian,GRAYS INN ROAD J/W ACTON STREET,1,19/11/2018 11:03:00 AM,Monday,11.03,1 TLRN,A,5200,6 Single Cwy,1 <= 20 MPH,3 T/Stag Jun,9 Unknown (S/R),C,0,1 Zebra,1 Daylight,1 Fine,1 Road-Dry,0 None,0 None,530570,182700,-0.119121,51.528126,,,Unknown,"(51.528126, -0.119121)",http://opendatacommunities.org/id/london-borough-council/camden,8538,21/12/2020 02:48:43 PM
0115EK40862,CAMDEN,1 Driver/Rider,2 Female,25-59,39,1,3 Slight,-2 Unknown,-2 N/A,4 Car,"CHALK FARM ROAD, 45 METRES SE OF BELMONT STREET.",3,30/09/2015 02:20:00 PM,Wednesday,14.20,3 Bor,A,502,6 Single Cwy,2 30 MPH,0 No Jun In 20m,-2 Not Applicable,-2 Not Applicable,0,0 No Xing Facility In 50m,1 Daylight,1 Fine,1 Road-Dry,0 None,0 None,528320,184330,-0.150944,51.54329,,,Unknown,"(51.54329, -0.150944)",http://opendatacommunities.org/id/london-borough-council/camden,5310,21/12/2020 02:48:37 PM
1170042930,CAMDEN,1 Driver/Rider,1 Male,16-24,19,1,3 Slight,-2 Unknown,-2 N/A,3 Powered 2 Wheeler,WEST END LANE J/W IVERSON ROAD,2,14/06/2017 07:10:00 PM,Wednesday,19.10,3 Bor,B,510,6 Single Cwy,2 30 MPH,3 T/Stag Jun,2 Auto Sig,B,510,4 Pelican Or Similar,1 Daylight,1 Fine,1 Road-Dry,0 None,0 None,525528,184774,-0.191026,51.547907,,,Unknown,"(51.547907, -0.191026)",http://opendatacommunities.org/id/london-borough-council/camden,7041,21/12/2020 02:48:39 PM
1170037063,CAMDEN,1 Driver/Rider,1 Male,60+,60,1,3 Slight,-2 Unknown,-2 N/A,2 Pedal Cycle,CAMDEN ROAD 95M S OF J/W CANTELOWES ROAD,2,12/05/2017 12:45:00 PM,Friday,12.45,1 TLRN,A,503,6 Single Cwy,1 <= 20 MPH,0 No Jun In 20m,-2 Not Applicable,-2 Not Applicable,0,0 No Xing Facility In 50m,1 Daylight,1 Fine,2 Road-Wet,0 None,0 None,529564,184678,-0.132887,51.546133,,,Unknown,"(51.546133, -0.132887)",http://opendatacommunities.org/id/london-borough-council/camden,6955,21/12/2020 02:48:39 PM
1190206183,CAMDEN,1 DRIVER/RIDER,1 MALE,25-59,44,1,3 SLIGHT,'-2 NOT APPLICABLE,'-2 NOT APPLICABLE,3 POWERED 2 WHEELER,"On Hawley Road, near the junction with Kentish  Town Road.",2,11/09/2019 05:50:00 PM,Wednesday,17.50,3 BOR,5,0,9 UNKNOWN,20,03 T/STAG JUN,2 AUTO SIG,A,400,1 ZEBRA,2 DAYLIGHT,1 FINE,1 ROAD-DRY,0 NONE,0 NONE,528925,184285,-0.142241,51.542748,,,Unknown,"(51.542748, -0.142241)",http://opendatacommunities.org/id/london-borough-council/camden,9369,21/12/2020 02:48:44 PM
1160012908,CAMDEN,1 Driver/Rider,2 Female,25-59,30,1,3 Slight,-2 Unknown,-2 N/A,2 Pedal Cycle,"ON COMPAYNE GARDENS, NEAR THE JUNCTION WITH PIRORY ROAD .",2,12/09/2016 09:43:00 PM,Monday,21.43,3 Bor,Unclassified,0,6 Single Cwy,2 30 MPH,6 Crossroads,4 Give Way/Uncontrolled,Unclassified,0,0 No Xing Facility In 50m,2 Dark,1 Fine,1 Road-Dry,0 None,0 None,525680,184460,-0.188947,51.545051,,,Unknown,"(51.545051, -0.188947)",http://opendatacommunities.org/id/london-borough-council/camden,5863,21/12/2020 02:48:38 PM
0115EK40166,CAMDEN,2 Passenger,1 Male,0-15,8,1,3 Slight,-2 Unknown,-2 N/A,4 Car,LIDINGTON PLACE J/W EVERSHOLT STREET,2,22/02/2015 01:33:00 PM,Sunday,13.33,1 TLRN,A,400,2 One-Way St,2 30 MPH,3 T/Stag Jun,2 Auto Sig,A,4200,5 Pedn Phase At Ats,1 Daylight,5 Raining/High Winds,2 Road-Wet,0 None,0 None,529290,183200,-0.137379,51.532913,,,Unknown,"(51.532913, -0.137379)",http://opendatacommunities.org/id/london-borough-council/camden,4708,21/12/2020 02:48:36 PM
1190166539,CAMDEN,1 DRIVER/RIDER,1 MALE,25-59,40,1,3 SLIGHT,'-2 NOT APPLICABLE,'-2 NOT APPLICABLE,5 TAXI,"On Adelaide road, near the junction with Eton road.",2,02/03/2019 11:25:00 PM,Saturday,23.25,3 BOR,B,509,6 SINGLE CWY,20,03 T/STAG JUN,4 GIVE WAY/UNCONTROLLED,6,0,0 NO XING FACILITY IN 50M,1 DARK,8 OTHER,2 ROAD-WET,0 NONE,0 NONE,527723,184373,-0.159533,51.543811,,,Unknown,"(51.543811, -0.159533)",http://opendatacommunities.org/id/london-borough-council/camden,8814,21/12/2020 02:48:43 PM