Reference,London Borough Name,Casualty Class,Casualty Sex,Casualty Age Band,Casualty Age,Number Of Casualties,Casualty Severity,Pedestrian Location,Pedestrian Movement,Mode Of Travel,Attendant Location,Number Of Vehicles,Date,Day,Time,Highway,Road Class 1,Road Number 1,Road Type,Speed Limit,Junction Detail,Junction Control,Road Class 2,Road Number 2,Pedestrian Crossing,Light Condition Band,Weather,Road Surface,Special Conditions,Carriage Way Hazard,Easting,Northing,Longitude,Latitude,Ward Code,Ward Name,Spatial Accuracy,Location,Organisation URI,Socrata ID,Last Uploaded
1170055729,CAMDEN,1 Driver/Rider,1 Male,25-59,33,1,3 Slight,-2 Unknown,-2 N/A,4 Car,FINCHLEY ROAD 25M E OF J/W FORTUNE GREEN ROAD,2,25/07/2017 10:35:00 AM,Tuesday,10.35,1 TLRN,A,41,3 Dual Cwy,2 30 MPH,0 No Jun In 20m,-2 Not Applicable,-2 Not Applicable,0,9 Unknown (S/R),1 Daylight,1 Fine,1 Road-Dry,9 Unknown (S/R),9 Unknown (S/R),525390,185580,-0.192728,51.555181,,,Unknown,"(51.555181, -0.192728)",http://opendatacommunities.org/id/london-borough-council/camden,7271,21/12/2020 02:48:40 PM
1170032803,CAMDEN,3 Pedestrian,1 Male,25-59,46,1,3 Slight,04 Crossing Road Within 50m Xing,1 From Drivers N/Side,1 Pedestrian,OXFORD STREET 20M W OF J/W CHARING CROSS ROAD,1,19/04/2017 09:00:00 PM,Wednesday,21.00,3 Bor,A,40,6 Single Cwy,2 30 MPH,6 Crossroads,2 Auto Sig,A,40,4 Pelican Or Similar,2 Dark,1 Fine,1 Road-Dry,0 None,0 None,529820,181375,-0.130414,51.516391,,,Unknown,"(51.516391, -0.130414)",http://opendatacommunities.org/id/london-borough-council/camden,6894,21/12/2020 02:48:39 PM
1190193282,CAMDEN,1 DRIVER/RIDER,1 MALE,25-59,39,3,3 SLIGHT,'-2 NOT APPLICABLE,'-2 NOT APPLICABLE,4 CAR,"On Camden Road, 30 metres north of the junction with Canal Blvd.",2,13/07/2019 06:40:00 AM,Saturday,6.40,1 TLRN,A,503,3 DUAL CWY,30,00 NO JUN IN 20M,,0,0,0 NO XING FACILITY IN 50M,2 DAYLIGHT,1 FINE,1 ROAD-DRY,0 NONE,0 NONE,529443,184530,-0.134686,51.544831,,,Unknown,"(51.544831, -0.134686)",http://opendatacommunities.org/id/london-borough-council/camden,9179,21/12/2020 02:48:44 PM
0115EK40609,CAMDEN,3 Pedestrian,2 Female,25-59,29,1,3 Slight,04 Crossing Road Within 50m Xing,1 From Drivers N/Side,1 Pedestrian,KINGSWAY J/W REMNANT STREET,1,20/07/2015 01:30:00 AM,Monday,1.30,3 Bor,A,4200,3 Dual Cwy,2 30 MPH,6 Crossroads,2 Auto Sig,A,4200,5 Pedn Phase At Ats,2 Dark,1 Fine,1 Road-Dry,0 None,0 None,530560,181400,-0.119746,51.516445,,,Unknown,"(51.516445, -0.119746)",http://opendatacommunities.org/id/london-borough-council/camden,5092,21/12/2020 02:48:36 PM
1190175096,CAMDEN,3 PEDESTRIAN,1 MALE,16-24,24,1,2 SERIOUS,01 CROSSING ROAD ON PED XING,1 FROM DRIVERS N/SIDE,1 PEDESTRIAN,"On Tottenham Court Road Station, Oxford St, Soho, London W1D , near the junction with Oxford St, Soho, London W1D.",1,13/04/2019 11:15:00 PM,Saturday,23.15,3 BOR,A,400,6 SINGLE CWY,30,06 CROSSROADS,2 AUTO SIG,A,40,5 PEDN PHASE AT ATS,1 DARK,1 FINE,1 ROAD-DRY,0 NONE,0 NONE,529804,181355,-0.130652,51.516215,,,Unknown,"(51.516215, -0.130652)",http://opendatacommunities.org/id/london-borough-council/camden,8925,21/12/2020 02:48:44 PM
1170026883,CAMDEN,1 Driver/Rider,1 Male,16-24,17,1,3 Slight,-2 Unknown,-2 N/A,3 Powered 2 Wheeler,HAVERSTOCK HILL J/W STEELE'S ROAD,2,21/03/2017 09:45:00 AM,Tuesday,9.45,3 Bor,A,502,6 Single Cwy,1 <= 20 MPH,3 T/Stag Jun,4 Give Way/Uncontrolled,Unclassified,0,0 No Xing Facility In 50m,1 Daylight,1 Fine,1 Road-Dry,0 None,0 None,527810,184690,-0.158164,51.546641,,,Unknown,"(51.546641, -0.158164)",http://opendatacommunities.org/id/london-borough-council/camden,6803,21/12/2020 02:48:39 PM
0115EK41013,CAMDEN,3 Pedestrian,1 Male,25-59,32,1,3 Slight,04 Crossing Road Within 50m Xing,4 From Drivers O/Side Msk,1 Pedestrian,"CAMDEN ROAD, 50 METRES SW OF CAMDEN STREET.",1,16/11/2015 08:20:00 PM,Monday,20.20,1 TLRN,A,503,6 Single Cwy,2 30 MPH,0 No Jun In 20m,-2 Not Applicable,-2 Not Applicable,0,5 Pedn Phase At Ats,2 Dark,1 Fine,1 Road-Dry,0 None,0 None,529050,184010,-0.14054,51.540248,,,Unknown,"(51.540248, -0.14054)",http://opendatacommunities.org/id/london-borough-council/camden,5436,21/12/2020 02:48:37 PM
1180139832,CAMDEN,3 Pedestrian,2 Female,25-59,54,1,3 Slight,09 In Road - Not Crossing,8 In Rd Back To Traffic,1 Pedestrian,UPS DRIVEWAY J/W REGIS ROAD,1,18/10/2018 07:50:00 AM,Thursday,7.50,3 Bor,Unclassified,0,6 Single Cwy,1 <= 20 MPH,3 T/Stag Jun,4 Give Way/Uncontrolled,Unclassified,0,0 No Xing Facility In 50m,1 Daylight,1 Fine,1 Road-Dry,0 None,0 None,528770,185110,-0.144173,51.550197,,,Unknown,"(51.550197, -0.144173)",http://opendatacommunities.org/id/london-borough-council/camden,8443,21/12/2020 02:48:43 PM
1190216037,CAMDEN,1 DRIVER/RIDER,1 MALE,25-59,33,1,3 SLIGHT,'-2 NOT APPLICABLE,1 FROM DRIVERS N/SIDE,3 POWERED 2 WHEELER,"On Camden Road, 30 metres east of the junction with Torriano Avenue.",2,01/11/2019 06:20:00 PM,Friday,18.20,1 TLRN,A,503,9 UNKNOWN,30,00 NO JUN IN 20M,,0,0,0 NO XING FACILITY IN 50M,2 DAYLIGHT,1 FINE,1 ROAD-DRY,0 NONE,0 NONE,529675,184811,-0.131238,51.547303,,,Unknown,"(51.547303, -0.131238)",http://opendatacommunities.org/id/london-borough-council/camden,9494,21/12/2020 02:48:44 PM
0116EK40025,CAMDEN,1 Driver/Rider,1 Male,25-59,35,1,3 Slight,-2 Unknown,-2 N/A,2 Pedal Cycle,THEOBALD'S ROAD J/W BEDFORD ROW,2,16/01/2016 12:45:00 PM,Saturday,12.45,3 Bor,A,401,6 Single Cwy,2 30 MPH,6 Crossroads,4 Give Way/Uncontrolled,Unclassified,0,1 Zebra,1 Daylight,1 Fine,1 Road-Dry,0 None,0 None,530770,181880,-0.116543,51.52071,,,Unknown,"(51.52071, -0.116543)",http://opendatacommunities.org/id/london-borough-council/camden,6002,21/12/2020 02:48:38 PM
1170024553,CAMDEN,1 Driver/Rider,1 Male,16-24,20,1,3 Slight,-2 Unknown,-2 N/A,2 Pedal Cycle,CLERKENWELL ROAD J/W LAYSTALL STREET,2,11/03/2017 08:15:00 PM,Saturday,20.15,3 Bor,A,5201,6 Single Cwy,2 30 MPH,3 T/Stag Jun,4 Give Way/Uncontrolled,Unclassified,0,1 Zebra,2 Dark,1 Fine,1 Road-Dry,0 None,0 None,531130,182020,-0.111306,51.521885,,,Unknown,"(51.521885, -0.111306)",http://opendatacommunities.org/id/london-borough-council/camden,6767,21/12/2020 02:48:39 PM
1170045759,CAMDEN,1 Driver/Rider,1 Male,25-59,42,1,3 Slight,-2 Unknown,-2 N/A,2 Pedal Cycle,ABBEY ROAD J/W BELSIZE ROAD,2,29/06/2017 09:45:00 PM,Thursday,21.45,3 Bor,B,507,6 Single Cwy,1 <= 20 MPH,6 Crossroads,2 Auto Sig,B,509,4 Pelican Or Similar,2 Dark,1 Fine,1 Road-Dry,0 None,0 None,525810,183880,-0.187281,51.53981,,,Unknown,"(51.53981, -0.187281)",http://opendatacommunities.org/id/london-borough-council/camden,7097,21/12/2020 02:48:40 PM
1170025514,CAMDEN,1 Driver/Rider,1 Male,25-59,54,1,3 Slight,-2 Unknown,-2 N/A,4 Car,EUSTON ROAD 30M W OF J/W EVERSHOLT STREET,2,15/03/2017 11:43:00 AM,Wednesday,11.43,1 TLRN,A,501,3 Dual Cwy,2 30 MPH,0 No Jun In 20m,-2 Not Applicable,-2 Not Applicable,0,5 Pedn Phase At Ats,1 Daylight,1 Fine,1 Road-Dry,0 None,0 None,529650,182520,-0.132442,51.52672,,,Unknown,"(51.52672, -0.132442)",http://opendatacommunities.org/id/london-borough-council/camden,6782,21/12/2020 02:48:39 PM
0115EK40940,CAMDEN,3 Pedestrian,2 Female,16-24,20,1,3 Slight,01 Crossing Road On Ped Xing,1 From Drivers N/Side,1 Pedestrian,TORRINGTON PLACE J/W MALET STREET.,1,24/10/2015 02:10:00 AM,Saturday,2.10,3 Bor,C,0,2 One-Way St,1 <= 20 MPH,6 Crossroads,4 Give Way/Uncontrolled,Unclassified,0,1 Zebra,2 Dark,1 Fine,1 Road-Dry,0 None,0 None,529720,182090,-0.131592,51.522839,,,Unknown,"(51.522839, -0.131592)",http://opendatacommunities.org/id/london-borough-council/camden,5371,21/12/2020 02:48:37 PM
1190224808,CAMDEN,1 DRIVER/RIDER,1 MALE,25-59,35,1,3 SLIGHT,'-2 NOT APPLICABLE,'-2 NOT APPLICABLE,3 POWERED 2 WHEELER,"On Jamestown Road, 30 metres west of the junction with Arlington Road NW1.",2,13/12/2019 04:06:00 PM,Friday,16.06,3 BOR,5,0,6 SINGLE CWY,30,00 NO JUN IN 20M,,0,0,0 NO XING FACILITY IN 50M,2 DAYLIGHT,1 FINE,1 ROAD-DRY,0 NONE,0 NONE,528657,183989,-0.146212,51.540149,,,Unknown,"(51.540149, -0.146212)",http://opendatacommunities.org/id/london-borough-council/camden,9618,21/12/2020 02:48:45 PM
0116EK40497,CAMDEN,1 Driver/Rider,2 Female,25-59,25,1,3 Slight,-2 Unknown,-2 N/A,2 Pedal Cycle,NFL- NEW OXFORD STREET 43M E OF J/W EARNSHAW STREET,2,13/07/2016 07:40:00 PM,Wednesday,19.40,3 Bor,A,40,2 One-Way St,2 30 MPH,0 No Jun In 20m,-2 Not Applicable,-2 Not Applicable,0,5 Pedn Phase At Ats,1 Daylight,1 Fine,1 Road-Dry,0 None,0 None,529960,181410,-0.128385,51.516673,,,Unknown,"(51.516673, -0.128385)",http://opendatacommunities.org/id/london-borough-council/camden,6408,21/12/2020 02:48:38 PM
0115EK40215,CAMDEN,3 Pedestrian,2 Female,16-24,16,1,3 Slight,04 Crossing Road Within 50m Xing,1 From Drivers N/Side,1 Pedestrian,EUSTON ROAD J/W EVERSHOLT STREET,1,19/03/2015 04:15:00 PM,Thursday,16.15,1 TLRN,A,501,3 Dual Cwy,3 40 MPH,6 Crossroads,2 Auto Sig,A,4200,5 Pedn Phase At Ats,1 Daylight,1 Fine,1 Road-Dry,0 None,0 None,529750,182580,-0.130979,51.527236,,,Unknown,"(51.527236, -0.130979)",http://opendatacommunities.org/id/london-borough-council/camden,4747,21/12/2020 02:48:36 PM
0116EK40556,CAMDEN,2 Passenger,2 Female,60+,69,1,3 Slight,-2 Unknown,-2 N/A,6 Bus Or Coach,"NFL - THEOBALD'S ROAD, 30 METRES SW OF RED LION STREET.",1,02/08/2016 05:02:00 PM,Tuesday,17.02,3 Bor,A,401,2 One-Way St,2 30 MPH,0 No Jun In 20m,-2 Not Applicable,-2 Not Applicable,0,5 Pedn Phase At Ats,1 Daylight,1 Fine,1 Road-Dry,0 None,0 None,530654,181822,-0.118236,51.520216,,,Unknown,"(51.520216, -0.118236)",http://opendatacommunities.org/id/london-borough-council/camden,6449,21/12/2020 02:48:38 PM
1180154526,CAMDEN,1 Driver/Rider,1 Male,25-59,26,1,3 Slight,-2 Unknown,-2 N/A,3 Powered 2 Wheeler,CAMDEN ROAD 30M N OF J/W TORRIANO AVENUE THE NEAREST CLASSIFIED RO,2,27/12/2018 09:18:00 AM,Thursday,9.18,1 TLRN,A,503,6 Single Cwy,1 <= 20 MPH,0 No Jun In 20m,-2 Not Applicable,-2 Not Applicable,0,0 No Xing Facility In 50m,1 Daylight,1 Fine,1 Road-Dry,0 None,0 None,529760,184930,-0.129969,51.548353,,,Unknown,"(51.548353, -0.129969)",http://opendatacommunities.org/id/london-borough-council/camden,8644,21/12/2020 02:48:43 PM
1170048456,CAMDEN,2 Passenger,1 Male,0-15,0,1,3 Slight,-2 Unknown,-2 N/A,6 Bus Or Coach,EUSTON ROAD J/W PANCRAS ROAD,2,14/07/2017 09:04:00 PM,Friday,21.04,1 TLRN,A,501,3 Dual Cwy,2 30 MPH,9 Other Jun,2 Auto Sig,A,5202,4 Pelican Or Similar,2 Dark,1 Fine,1 Road-Dry,0 None,0 None,530180,182880,-0.124673,51.529833,,,Unknown,"(51.529833, -0.124673)",http://opendatacommunities.org/id/london-borough-council/camden,7152,21/12/2020 02:48:40 PM
0115EK41076,CAMDEN,1 Driver/Rider,1 Male,16-24,17,1,3 Slight,-2 Unknown,-2 N/A,3 Powered 2 Wheeler,HAVERSTOCK HILL J/W DOWNSIDE CRESCENT.,2,03/12/2015 10:21:00 PM,Thursday,22.21,3 Bor,A,502,6 Single Cwy,2 30 MPH,3 T/Stag Jun,4 Give Way/Uncontrolled,Unclassified,0,0 No Xing Facility In 50m,2 Dark,2 Raining,2 Road-Wet,0 None,0 None,527410,185030,-0.163806,51.549787,,,Unknown,"(51.549787, -0.163806)",http://opendatacommunities.org/id/london-borough-council/camden,5486,21/12/2020 02:48:37 PM
1170055778,CAMDEN,3 Pedestrian,2 Female,25-59,42,1,3 Slight,05 Crossing Road (Not On Xing),1 From Drivers N/Side,1 Pedestrian,HEMSTAL ROAD J/W WEST END LANE,1,21/07/2017 11:45:00 PM,Friday,23.45,3 Bor,Unclassified,0,2 One-Way St,1 <= 20 MPH,3 T/Stag Jun,4 Give Way/Uncontrolled,B,510,0 No Xing Facility In 50m,2 Dark,2 Raining,2 Road-Wet,0 None,0 None,525460,184411,-0.192136,51.54466,,,Unknown,"(51.54466, -0.192136)",http://opendatacommunities.org/id/london-borough-council/camden,7272,21/12/2020 02:48:40 PM
1170063632,CAMDEN,1 Driver/Rider,1 Male,25-59,32,1,3 Slight,-2 Unknown,-2 N/A,4 Car,CROWNDALE ROAD J/W OAKLEY SQUARE,2,10/10/2017 12:50:00 PM,Tuesday,12.50,1 TLRN,B,512,6 Single Cwy,2 30 MPH,3 T/Stag Jun,2 Auto Sig,A,400,5 Pedn Phase At Ats,1 Daylight,1 Fine,1 Road-Dry,0 None,0 None,529405,183456,-0.135628,51.535188,,,Unknown,"(51.535188, -0.135628)",http://opendatacommunities.org/id/london-borough-council/camden,7398,21/12/2020 02:48:40 PM
1170048660,CAMDEN,1 Driver/Rider,1 Male,25-59,45,1,3 Slight,-2 Unknown,-2 N/A,3 Powered 2 Wheeler,CASTLEHAVEN ROAD J/W CHALK FARM ROAD,1,17/07/2017 12:40:00 AM,Monday,0.40,3 Bor,A,502,2 One-Way St,1 <= 20 MPH,3 T/Stag Jun,2 Auto Sig,C,0,4 Pelican Or Similar,2 Dark,1 Fine,1 Road-Dry,0 None,0 None,528690,184180,-0.145666,51.541858,,,Unknown,"(51.541858, -0.145666)",http://opendatacommunities.org/id/london-borough-council/camden,7157,21/12/2020 02:48:40 PM
0115EK40769,CAMDEN,2 Passenger,1 Male,0-15,4,1,3 Slight,-2 Unknown,-2 N/A,4 Car,CAMDEN ROAD J/W MURRAY STREET.,1,01/09/2015 07:16:00 PM,Tuesday,19.16,1 TLRN,A,503,6 Single Cwy,2 30 MPH,3 T/Stag Jun,4 Give Way/Uncontrolled,Unclassified,0,4 Pelican Or Similar,2 Dark,1 Fine,1 Road-Dry,0 None,0 None,529450,184540,-0.134581,51.544919,,,Unknown,"(51.544919, -0.134581)",http://opendatacommunities.org/id/london-borough-council/camden,5238,21/12/2020 02:48:37 PM
1160001938,CAMDEN,1 Driver/Rider,1 Male,25-59,36,1,3 Slight,-2 Unknown,-2 N/A,3 Powered 2 Wheeler,FINCHLEY ROAD J/W WEECH ROAD,2,16/11/2016 06:58:00 PM,Wednesday,18.58,1 TLRN,A,41,3 Dual Cwy,2 30 MPH,3 T/Stag Jun,4 Give Way/Uncontrolled,Unclassified,0,0 No Xing Facility In 50m,2 Dark,2 Raining,2 Road-Wet,0 None,0 None,525265,185692,-0.194491,51.556216,,,Unknown,"(51.556216, -0.194491)",http://opendatacommunities.org/id/london-borough-council/camden,5675,21/12/2020 02:48:37 PM
1180085601,CAMDEN,1 Driver/Rider,2 Female,25-59,30,1,3 Slight,-2 Unknown,-2 N/A,2 Pedal Cycle,NFL SEAFORD STREET J/W SIDMOUTH STREET,2,24/01/2018 04:52:00 PM,Wednesday,16.52,3 Bor,C,0,6 Single Cwy,2 30 MPH,0 No Jun In 20m,-2 Not Applicable,-2 Not Applicable,0,9 Unknown (S/R),2 Dark,2 Raining,2 Road-Wet,9 Unknown (S/R),0 None,530500,182570,-0.120177,51.526974,,,Unknown,"(51.526974, -0.120177)",http://opendatacommunities.org/id/london-borough-council/camden,7691,21/12/2020 02:48:41 PM
0116EK40216,CAMDEN,1 Driver/Rider,1 Male,25-59,29,1,3 Slight,-2 Unknown,-2 N/A,3 Powered 2 Wheeler,AVENUE ROAD 85M SE OF ADELAIDE ROAD,2,13/04/2016 09:00:00 PM,Wednesday,21.00,3 Bor,B,525,6 Single Cwy,2 30 MPH,0 No Jun In 20m,-2 Not Applicable,-2 Not Applicable,0,0 No Xing Facility In 50m,2 Dark,1 Fine,1 Road-Dry,0 None,0 None,526810,184050,-0.172808,51.541114,,,Unknown,"(51.541114, -0.172808)",http://opendatacommunities.org/id/london-borough-council/camden,6160,21/12/2020 02:48:38 PM
1160002246,CAMDEN,1 Driver/Rider,1 Male,25-59,25,1,3 Slight,-2 Unknown,-2 N/A,3 Powered 2 Wheeler,GOODGE STREET J/W GOODGE PLACE,2,18/11/2016 03:22:00 PM,Friday,15.22,3 Bor,B,506,6 Single Cwy,1 <= 20 MPH,3 T/Stag Jun,4 Give Way/Uncontrolled,Unclassified,0,4 Pelican Or Similar,1 Daylight,1 Fine,1 Road-Dry,0 None,0 None,529410,181670,-0.136212,51.519136,,,Unknown,"(51.519136, -0.136212)",http://opendatacommunities.org/id/london-borough-council/camden,5681,21/12/2020 02:48:37 PM
0115EK40200,CAMDEN,1 Driver/Rider,1 Male,25-59,40,1,3 Slight,-2 Unknown,-2 N/A,3 Powered 2 Wheeler,GILDEN CRESCENT 52M NE OF J/W MAIDEN ROAD,2,22/02/2015 08:15:00 AM,Sunday,8.15,3 Bor,Unclassified,0,6 Single Cwy,2 30 MPH,0 No Jun In 20m,-2 Not Applicable,-2 Not Applicable,0,0 No Xing Facility In 50m,1 Daylight,1 Fine,1 Road-Dry,0 None,0 None,528180,185050,-0.1527,51.549792,,,Unknown,"(51.549792, -0.1527)",http://opendatacommunities.org/id/london-borough-council/camden,4738,21/12/2020 02:48:36 PM
1180138517,CAMDEN,1 Driver/Rider,1 Male,25-59,34,1,3 Slight,-2 Unknown,-2 N/A,3 Powered 2 Wheeler,"HAVERSTOCK HILL 92M N OF J/W ADELAIDE ROAD,NW3 THE NEAREST CLASSIF",2,12/10/2018 06:45:00 AM,Friday,6.45,3 Bor,A,502,6 Single Cwy,1 <= 20 MPH,0 No Jun In 20m,-2 Not Applicable,-2 Not Applicable,0,5 Pedn Phase At Ats,2 Dark,1 Fine,1 Road-Dry,0 None,0 None,528130,184430,-0.153646,51.544232,,,Unknown,"(51.544232, -0.153646)",http://opendatacommunities.org/id/london-borough-council/camden,8416,21/12/2020 02:48:43 PM
1190191789,CAMDEN,1 DRIVER/RIDER,1 MALE,25-59,47,2,3 SLIGHT,'-2 NOT APPLICABLE,'-2 NOT APPLICABLE,4 CAR,"On Bramshill Gardens, near the junction with DARTMOUTH PARK AVENUE, NW5.",1,05/07/2019 11:16:00 PM,Friday,23.16,3 BOR,6,0,6 SINGLE CWY,20,03 T/STAG JUN,4 GIVE WAY/UNCONTROLLED,6,0,0 NO XING FACILITY IN 50M,1 DARK,1 FINE,1 ROAD-DRY,0 NONE,0 NONE,528879,186381,-0.142137,51.561594,,,Unknown,"(51.561594, -0.142137)",http://opendatacommunities.org/id/london-borough-council/camden,9167,21/12/2020 02:48:44 PM
1170034380,CAMDEN,1 Driver/Rider,1 Male,25-59,27,1,2 Serious,-2 Unknown,-2 N/A,2 Pedal Cycle,PENTONVILLE ROAD J/W KINGS CROSS ROAD,2,28/04/2017 03:50:00 AM,Friday,3.50,1 TLRN,A,501,3 Dual Cwy,2 30 MPH,3 T/Stag Jun,2 Auto Sig,A,501,5 Pedn Phase At Ats,2 Dark,1 Fine,1 Road-Dry,0 None,0 None,530500,183010,-0.120014,51.530928,,,Unknown,"(51.530928, -0.120014)",http://opendatacommunities.org/id/london-borough-council/camden,6921,21/12/2020 02:48:39 PM
0116EK40400,CAMDEN,2 Passenger,2 Female,25-59,30,1,3 Slight,-2 Unknown,-2 N/A,6 Bus Or Coach,BLOOMSBURY WAY J/W BLOOMSBURY SQUARE,1,08/06/2016 10:40:00 PM,Wednesday,22.40,3 Bor,A,401,2 One-Way St,2 30 MPH,3 T/Stag Jun,4 Give Way/Uncontrolled,Unclassified,0,0 No Xing Facility In 50m,2 Dark,1 Fine,1 Road-Dry,0 None,0 None,530400,181630,-0.121966,51.518549,,,Unknown,"(51.518549, -0.121966)",http://opendatacommunities.org/id/london-borough-council/camden,6318,21/12/2020 02:48:38 PM
0116CW10979,CAMDEN,2 Passenger,2 Female,0-15,15,1,3 Slight,-2 Unknown,-2 N/A,4 Car,FINCHLEY ROAD J/E BOUNDARY ROAD,2,16/07/2016 09:25:00 PM,Saturday,21.25,1 TLRN,A,41,6 Single Cwy,2 30 MPH,6 Crossroads,2 Auto Sig,C,0,5 Pedn Phase At Ats,2 Dark,1 Fine,1 Road-Dry,0 None,0 None,526600,183880,-0.175896,51.539634,,,Unknown,"(51.539634, -0.175896)",http://opendatacommunities.org/id/london-borough-council/camden,5973,21/12/2020 02:48:38 PM
1170070898,CAMDEN,3 Pedestrian,1 Male,25-59,39,1,3 Slight,05 Crossing Road (Not On Xing),3 From Drivers O/Side,1 Pedestrian,FINCHLEY ROAD J/W FORTUNE GREEN ROAD,1,17/11/2017 05:23:00 PM,Friday,17.23,1 TLRN,A,41,3 Dual Cwy,2 30 MPH,7 Multi Jun,2 Auto Sig,B,510,5 Pedn Phase At Ats,2 Dark,1 Fine,1 Road-Dry,0 None,0 None,525170,185840,-0.195808,51.557567,,,Unknown,"(51.557567, -0.195808)",http://opendatacommunities.org/id/london-borough-council/camden,7520,21/12/2020 02:48:41 PM
1180137190,CAMDEN,1 Driver/Rider,2 Female,25-59,39,1,3 Slight,-2 Unknown,-2 N/A,4 Car,FORTUNE GREEN ROAD 30M S OF J/W PARSIFAL ROAD,2,04/10/2018 02:36:00 PM,Thursday,14.36,3 Bor,B,510,6 Single Cwy,2 30 MPH,0 No Jun In 20m,-2 Not Applicable,-2 Not Applicable,0,9 Unknown (S/R),1 Daylight,1 Fine,1 Road-Dry,0 None,0 None,525300,185340,-0.194111,51.553045,,,Unknown,"(51.553045, -0.194111)",http://opendatacommunities.org/id/london-borough-council/camden,8390,21/12/2020 02:48:42 PM
0115EK40747,CAMDEN,1 Driver/Rider,1 Male,25-59,46,1,3 Slight,-2 Unknown,-2 N/A,3 Powered 2 Wheeler,FINCHLEY ROAD J/W WEST END LANE,2,26/08/2015 10:28:00 AM,Wednesday,10.28,1 TLRN,A,41,6 Single Cwy,2 30 MPH,6 Crossroads,2 Auto Sig,C,0,5 Pedn Phase At Ats,1 Daylight,2 Raining,2 Road-Wet,0 None,0 None,525670,185320,-0.188785,51.552783,,,Unknown,"(51.552783, -0.188785)",http://opendatacommunities.org/id/london-borough-council/camden,5213,21/12/2020 02:48:37 PM
1190204590,CAMDEN,1 DRIVER/RIDER,1 MALE,25-59,42,1,3 SLIGHT,'-2 NOT APPLICABLE,'-2 NOT APPLICABLE,5 TAXI,"On Euston Road, 50 metres east of the junction with Churchway.",2,10/09/2019 09:29:00 AM,Tuesday,9.29,1 TLRN,A,501,2 ONE-WAY ST,20,00 NO JUN IN 20M,,0,0,9 UNKNOWN (S/R),2 DAYLIGHT,1 FINE,1 ROAD-DRY,0 NONE,0 NONE,529902,182680,-0.128752,51.5281,,,Unknown,"(51.5281, -0.128752)",http://opendatacommunities.org/id/london-borough-council/camden,9354,21/12/2020 02:48:44 PM
1190207872,CAMDEN,1 DRIVER/RIDER,1 MALE,25-59,50,1,3 SLIGHT,'-2 NOT APPLICABLE,'-2 NOT APPLICABLE,2 PEDAL CYCLE,"On Woburn Place, near the junction with Euston Road.",2,26/09/2019 08:45:00 AM,Thursday,8.45,1 TLRN,A,4200,6 SINGLE CWY,30,06 CROSSROADS,2 AUTO SIG,A,501,1 ZEBRA,2 DAYLIGHT,1 FINE,1 ROAD-DRY,0 NONE,0 NONE,529774,182573,-0.130636,51.527168,,,Unknown,"(51.527168, -0.130636)",http://opendatacommunities.org/id/london-borough-council/camden,9390,21/12/2020 02:48:44 PM
1190185093,CAMDEN,1 DRIVER/RIDER,2 FEMALE,25-59,50,1,3 SLIGHT,'-2 NOT APPLICABLE,'-2 NOT APPLICABLE,4 CAR,"On Mansfield Road, 50 metres east of the junction with Savernake Road.",2,23/05/2019 02:15:00 PM,Thursday,14.15,3 BOR,B,518,6 SINGLE CWY,20,00 NO JUN IN 20M,,0,0,0 NO XING FACILITY IN 50M,2 DAYLIGHT,1 FINE,1 ROAD-DRY,0 NONE,0 NONE,528190,185592,-0.152358,51.554661,,,Unknown,"(51.554661, -0.152358)",http://opendatacommunities.org/id/london-borough-council/camden,9061,21/12/2020 02:48:44 PM
1180128530,CAMDEN,1 Driver/Rider,1 Male,25-59,34,1,3 Slight,-2 Unknown,-2 N/A,4 Car,CAMDEN ROAD J/W SANDALL ROAD,3,22/08/2018 11:15:00 PM,Wednesday,23.15,1 TLRN,A,503,6 Single Cwy,2 30 MPH,3 T/Stag Jun,4 Give Way/Uncontrolled,Unclassified,0,4 Pelican Or Similar,2 Dark,1 Fine,1 Road-Dry,0 None,0 None,529520,184620,-0.133543,51.545622,,,Unknown,"(51.545622, -0.133543)",http://opendatacommunities.org/id/london-borough-council/camden,8267,21/12/2020 02:48:42 PM
1160012383,CAMDEN,1 Driver/Rider,1 Male,25-59,28,1,2 Serious,-2 Unknown,-2 N/A,3 Powered 2 Wheeler,"ON ARKWRIGHT ROAD, NEAR THE JUNCTION WITH FROGNAL LANE .",2,28/09/2016 03:50:00 PM,Wednesday,15.50,3 Bor,C,0,6 Single Cwy,1 <= 20 MPH,6 Crossroads,4 Give Way/Uncontrolled,Unclassified,0,1 Zebra,1 Daylight,1 Fine,1 Road-Dry,0 None,0 None,526230,185230,-0.180744,51.551849,,,Unknown,"(51.551849, -0.180744)",http://opendatacommunities.org/id/london-borough-council/camden,5825,21/12/2020 02:48:37 PM
0116EK40440,CAMDEN,1 Driver/Rider,1 Male,25-59,37,1,3 Slight,-2 Unknown,-2 N/A,2 Pedal Cycle,PARKWAY J/W ARLINGTON ROAD.,2,22/06/2016 05:55:00 PM,Wednesday,17.55,3 Bor,A,4201,2 One-Way St,1 <= 20 MPH,6 Crossroads,2 Auto Sig,Unclassified,0,5 Pedn Phase At Ats,1 Daylight,1 Fine,1 Road-Dry,0 None,0 None,528800,183790,-0.144224,51.538328,,,Unknown,"(51.538328, -0.144224)",http://opendatacommunities.org/id/london-borough-council/camden,6354,21/12/2020 02:48:38 PM