Reference,London Borough Name,Casualty Class,Casualty Sex,Casualty Age Band,Casualty Age,Number Of Casualties,Casualty Severity,Pedestrian Location,Pedestrian Movement,Mode Of Travel,Attendant Location,Number Of Vehicles,Date,Day,Time,Highway,Road Class 1,Road Number 1,Road Type,Speed Limit,Junction Detail,Junction Control,Road Class 2,Road Number 2,Pedestrian Crossing,Light Condition Band,Weather,Road Surface,Special Conditions,Carriage Way Hazard,Easting,Northing,Longitude,Latitude,Ward Code,Ward Name,Spatial Accuracy,Location,Organisation URI,Socrata ID,Last Uploaded
1190222870,CAMDEN,1 DRIVER/RIDER,2 FEMALE,25-59,59,2,3 SLIGHT,'-2 NOT APPLICABLE,'-2 NOT APPLICABLE,9 PRIVATE HIRE,"On Finchley Road, 200 metres south of the junction with Finchley Road.. The nearest classified road was the A41. The nearest classified road was the A41",2,05/12/2019 03:35:00 AM,Thursday,3.35,1 TLRN,A,41,3 DUAL CWY,40,00 NO JUN IN 20M,,0,0,0 NO XING FACILITY IN 50M,1 DARK,7 FOG/MIST,4 ROAD-FROST/ICE,0 NONE,0 NONE,525957,185186,-0.184695,51.551514,,,Unknown,"(51.551514, -0.184695)",http://opendatacommunities.org/id/london-borough-council/camden,9585,21/12/2020 02:48:45 PM
1180126899,CAMDEN,1 Driver/Rider,1 Male,25-59,42,1,3 Slight,-2 Unknown,-2 N/A,3 Powered 2 Wheeler,AVENUE ROAD J/W NORFORL ROAD,2,18/06/2018 07:30:00 AM,Monday,7.30,3 Bor,B,525,9 Unknown,2 30 MPH,3 T/Stag Jun,9 Unknown (S/R),B,525,9 Unknown (S/R),1 Daylight,9 Unknown,9 Unknown (S/R),9 Unknown (S/R),9 Unknown (S/R),527020,183770,-0.169883,51.538551,,,Unknown,"(51.538551, -0.169883)",http://opendatacommunities.org/id/london-borough-council/camden,8244,21/12/2020 02:48:42 PM
0116EK40385,CAMDEN,3 Pedestrian,2 Female,16-24,23,1,3 Slight,04 Crossing Road Within 50m Xing,1 From Drivers N/Side,1 Pedestrian,RUSSELL SQUARE J/W MONTAGUE STREET,1,02/06/2016 07:00:00 PM,Thursday,19.00,3 Bor,A,4200,6 Single Cwy,2 30 MPH,3 T/Stag Jun,2 Auto Sig,C,0,5 Pedn Phase At Ats,1 Daylight,1 Fine,1 Road-Dry,0 None,0 None,530080,181850,-0.126494,51.5206,,,Unknown,"(51.5206, -0.126494)",http://opendatacommunities.org/id/london-borough-council/camden,6307,21/12/2020 02:48:38 PM
1190157884,CAMDEN,1 DRIVER/RIDER,1 MALE,25-59,48,1,3 SLIGHT,'-2 NOT APPLICABLE,'-2 NOT APPLICABLE,5 TAXI,"On Eversholt Street, 25 metres north of the junction with Eversholt Street.",1,16/01/2019 11:45:00 AM,Wednesday,11.45,3 BOR,A,4200,6 SINGLE CWY,20,00 NO JUN IN 20M,,0,0,9 UNKNOWN (S/R),2 DAYLIGHT,1 FINE,1 ROAD-DRY,0 NONE,0 NONE,529351,183134,-0.136524,51.532306,,,Unknown,"(51.532306, -0.136524)",http://opendatacommunities.org/id/london-borough-council/camden,8695,21/12/2020 02:48:43 PM
1160007115,CAMDEN,1 Driver/Rider,1 Male,16-24,22,1,3 Slight,-2 Unknown,-2 N/A,2 Pedal Cycle,CAMDEN STREET J/W CAMDEN GARDENS,2,15/12/2016 11:03:00 AM,Thursday,11.03,3 Bor,A,400,2 One-Way St,2 30 MPH,3 T/Stag Jun,4 Give Way/Uncontrolled,Unclassified,0,4 Pelican Or Similar,1 Daylight,1 Fine,1 Road-Dry,0 None,0 None,529030,184150,-0.140777,51.54151,,,Unknown,"(51.54151, -0.140777)",http://opendatacommunities.org/id/london-borough-council/camden,5777,21/12/2020 02:48:37 PM
1180139155,CAMDEN,1 Driver/Rider,1 Male,25-59,27,1,3 Slight,-2 Unknown,-2 N/A,2 Pedal Cycle,KINGSWAY J/W SOUTHAMPTON ROW WC1,2,15/10/2018 12:00:00 PM,Monday,12.00,3 Bor,A,4200,3 Dual Cwy,1 <= 20 MPH,6 Crossroads,2 Auto Sig,A,4200,5 Pedn Phase At Ats,1 Daylight,1 Fine,1 Road-Dry,0 None,0 None,530500,181530,-0.120562,51.517627,,,Unknown,"(51.517627, -0.120562)",http://opendatacommunities.org/id/london-borough-council/camden,8432,21/12/2020 02:48:43 PM
1170013876,CAMDEN,1 Driver/Rider,2 Female,25-59,43,1,3 Slight,-2 Unknown,-2 N/A,4 Car,KENTISH TOWN ROAD 25M E OF J/W BARTHOLOMEW ROAD,2,09/01/2017 03:07:00 PM,Monday,15.07,3 Bor,A,400,6 Single Cwy,2 30 MPH,0 No Jun In 20m,-2 Not Applicable,-2 Not Applicable,0,9 Unknown (S/R),1 Daylight,2 Raining,2 Road-Wet,9 Unknown (S/R),9 Unknown (S/R),528950,184590,-0.141769,51.545483,,,Unknown,"(51.545483, -0.141769)",http://opendatacommunities.org/id/london-borough-council/camden,6611,21/12/2020 02:48:39 PM
1160005960,CAMDEN,1 Driver/Rider,1 Male,25-59,32,1,3 Slight,-2 Unknown,-2 N/A,3 Powered 2 Wheeler,FINCHLEY ROAD 100M S OF J/W ADELAIDE ROAD,2,28/11/2016 04:30:00 PM,Monday,16.30,1 TLRN,A,41,6 Single Cwy,2 30 MPH,0 No Jun In 20m,-2 Not Applicable,-2 Not Applicable,0,0 No Xing Facility In 50m,1 Daylight,1 Fine,1 Road-Dry,9 Unknown (S/R),0 None,526600,183900,-0.175889,51.539813,,,Unknown,"(51.539813, -0.175889)",http://opendatacommunities.org/id/london-borough-council/camden,5751,21/12/2020 02:48:37 PM
0115EK40758,CAMDEN,3 Pedestrian,2 Female,16-24,20,1,3 Slight,01 Crossing Road On Ped Xing,3 From Drivers O/Side,1 Pedestrian,YORK WAY J/W TILEYARD ROAD,1,31/08/2015 12:37:00 AM,Monday,0.37,3 Bor,A,5200,6 Single Cwy,2 30 MPH,3 T/Stag Jun,4 Give Way/Uncontrolled,Unclassified,0,1 Zebra,2 Dark,2 Raining,2 Road-Wet,0 None,0 None,530060,184290,-0.125881,51.542532,,,Unknown,"(51.542532, -0.125881)",http://opendatacommunities.org/id/london-borough-council/camden,5222,21/12/2020 02:48:37 PM
1190166998,CAMDEN,1 DRIVER/RIDER,1 MALE,25-59,42,1,3 SLIGHT,'-2 NOT APPLICABLE,'-2 NOT APPLICABLE,2 PEDAL CYCLE,"On Royal College Street, 55 metres south of the junction with Baynes Street.",2,05/03/2019 07:35:00 AM,Tuesday,7.35,3 BOR,A,5202,2 ONE-WAY ST,20,00 NO JUN IN 20M,,0,0,0 NO XING FACILITY IN 50M,2 DAYLIGHT,1 FINE,1 ROAD-DRY,0 NONE,0 NONE,529291,184044,-0.137055,51.540498,,,Unknown,"(51.540498, -0.137055)",http://opendatacommunities.org/id/london-borough-council/camden,8820,21/12/2020 02:48:43 PM
0115EK41188,CAMDEN,1 Driver/Rider,1 Male,25-59,27,1,3 Slight,-2 Unknown,-2 N/A,3 Powered 2 Wheeler,EUSTON ROAD 116M NE OF THE OFF SLIP FOR HAMPSTEAD ROAD,2,02/12/2015 11:25:00 AM,Wednesday,11.25,1 TLRN,A,501,3 Dual Cwy,2 30 MPH,0 No Jun In 20m,-2 Not Applicable,-2 Not Applicable,0,0 No Xing Facility In 50m,1 Daylight,1 Fine,1 Road-Dry,0 None,0 None,529180,182300,-0.139294,51.52485,,,Unknown,"(51.52485, -0.139294)",http://opendatacommunities.org/id/london-borough-council/camden,5575,21/12/2020 02:48:37 PM
1170067186,CAMDEN,1 Driver/Rider,1 Male,25-59,46,1,3 Slight,-2 Unknown,-2 N/A,4 Car,BROADHURST GARDENS 21M N OF J/W GOLDHURST TERRACE,1,18/10/2017 09:55:00 PM,Wednesday,21.55,3 Bor,Unclassified,0,2 One-Way St,1 <= 20 MPH,0 No Jun In 20m,-2 Not Applicable,-2 Not Applicable,0,9 Unknown (S/R),2 Dark,8 Other,2 Road-Wet,0 None,0 None,526300,184580,-0.179968,51.545992,,,Unknown,"(51.545992, -0.179968)",http://opendatacommunities.org/id/london-borough-council/camden,7465,21/12/2020 02:48:40 PM
1190224753,CAMDEN,1 DRIVER/RIDER,2 FEMALE,25-59,32,1,3 SLIGHT,'-2 NOT APPLICABLE,'-2 NOT APPLICABLE,3 POWERED 2 WHEELER,"On Goodge Street, 15 metres east of the junction with Charlotte Street.",1,13/12/2019 01:10:00 PM,Friday,13.10,3 BOR,B,506,3 DUAL CWY,20,06 CROSSROADS,2 AUTO SIG,6,0,4 PELICAN OR SIMILAR,2 DAYLIGHT,8 OTHER,1 ROAD-DRY,0 NONE,0 NONE,529418,181680,-0.136093,51.519224,,,Unknown,"(51.519224, -0.136093)",http://opendatacommunities.org/id/london-borough-council/camden,9614,21/12/2020 02:48:45 PM
0116EK40596,CAMDEN,1 Driver/Rider,1 Male,25-59,33,1,3 Slight,-2 Unknown,-2 N/A,2 Pedal Cycle,KENTISH TOWN ROAD J/W BUCK STREET,2,17/08/2016 02:45:00 PM,Wednesday,14.45,3 Bor,A,400,2 One-Way St,2 30 MPH,3 T/Stag Jun,4 Give Way/Uncontrolled,Unclassified,0,0 No Xing Facility In 50m,1 Daylight,1 Fine,1 Road-Dry,0 None,0 None,528930,184020,-0.142266,51.540365,,,Unknown,"(51.540365, -0.142266)",http://opendatacommunities.org/id/london-borough-council/camden,6478,21/12/2020 02:48:39 PM
1180149272,CAMDEN,2 Passenger,1 Male,16-24,21,1,3 Slight,-2 Unknown,-2 N/A,4 Car,HIGHGATE HILL WEST J/W THE GROVE,2,01/12/2018 03:10:00 PM,Saturday,15.10,3 Bor,C,0,6 Single Cwy,1 <= 20 MPH,7 Multi Jun,4 Give Way/Uncontrolled,Unclassified,0,0 No Xing Facility In 50m,1 Daylight,2 Raining,2 Road-Wet,0 None,0 None,528210,187200,-0.151484,51.569107,,,Unknown,"(51.569107, -0.151484)",http://opendatacommunities.org/id/london-borough-council/camden,8576,21/12/2020 02:48:43 PM
1180108525,CAMDEN,3 Pedestrian,1 Male,60+,82,1,3 Slight,05 Crossing Road (Not On Xing),3 From Drivers O/Side,1 Pedestrian,KILBURN HIGH ROAD J/W KINGGATE PLACE,1,17/05/2018 10:50:00 AM,Thursday,10.50,3 Bor,A,5,6 Single Cwy,2 30 MPH,3 T/Stag Jun,4 Give Way/Uncontrolled,Unclassified,0,0 No Xing Facility In 50m,1 Daylight,1 Fine,1 Road-Dry,0 None,0 None,525100,184030,-0.19746,51.541316,,,Unknown,"(51.541316, -0.19746)",http://opendatacommunities.org/id/london-borough-council/camden,8000,21/12/2020 02:48:42 PM
1170018109,CAMDEN,3 Pedestrian,1 Male,60+,87,1,2 Serious,05 Crossing Road (Not On Xing),1 From Drivers N/Side,1 Pedestrian,HIGHGATE ROAD 20M N OF J/W FORTRESS WALK,1,13/02/2017 12:39:00 PM,Monday,12.39,3 Bor,B,518,6 Single Cwy,1 <= 20 MPH,3 T/Stag Jun,4 Give Way/Uncontrolled,Unclassified,0,0 No Xing Facility In 50m,1 Daylight,1 Fine,1 Road-Dry,0 None,0 None,528910,185380,-0.142056,51.552592,,,Unknown,"(51.552592, -0.142056)",http://opendatacommunities.org/id/london-borough-council/camden,6666,21/12/2020 02:48:39 PM
1180129325,CAMDEN,3 Pedestrian,2 Female,25-59,40,1,2 Serious,01 Crossing Road On Ped Xing,1 From Drivers N/Side,1 Pedestrian,KILBURN HIGH ROAD J/W BRONDESBURY ROAD,1,28/08/2018 09:20:00 AM,Tuesday,9.20,3 Bor,A,5,6 Single Cwy,2 30 MPH,3 T/Stag Jun,2 Auto Sig,B,451,5 Pedn Phase At Ats,1 Daylight,1 Fine,1 Road-Dry,0 None,0 None,525340,183720,-0.194111,51.538477,,,Unknown,"(51.538477, -0.194111)",http://opendatacommunities.org/id/london-borough-council/camden,8283,21/12/2020 02:48:42 PM
1190173461,CAMDEN,1 DRIVER/RIDER,1 MALE,25-59,36,1,3 SLIGHT,'-2 NOT APPLICABLE,'-2 NOT APPLICABLE,3 POWERED 2 WHEELER,"On Oak Village, near the junction with Gordon House Road.",2,05/04/2019 08:15:00 AM,Friday,8.15,3 BOR,5,0,3 DUAL CWY,20,03 T/STAG JUN,2 AUTO SIG,B,518,0 NO XING FACILITY IN 50M,2 DAYLIGHT,1 FINE,1 ROAD-DRY,0 NONE,0 NONE,528229,185586,-0.151798,51.554598,,,Unknown,"(51.554598, -0.151798)",http://opendatacommunities.org/id/london-borough-council/camden,8909,21/12/2020 02:48:44 PM
1170047230,CAMDEN,1 Driver/Rider,1 Male,25-59,32,1,3 Slight,-2 Unknown,-2 N/A,2 Pedal Cycle,HIGH HOLBORN J/W SOUTHAMPTON ROW,2,07/07/2017 05:39:00 PM,Friday,17.39,3 Bor,A,40,2 One-Way St,2 30 MPH,6 Crossroads,2 Auto Sig,A,4200,5 Pedn Phase At Ats,1 Daylight,1 Fine,1 Road-Dry,0 None,0 None,530510,181530,-0.120418,51.517625,,,Unknown,"(51.517625, -0.120418)",http://opendatacommunities.org/id/london-borough-council/camden,7127,21/12/2020 02:48:40 PM
1160001183,CAMDEN,1 Driver/Rider,1 Male,25-59,37,1,3 Slight,-2 Unknown,-2 N/A,5 Taxi,FINCHLEY ROAD NW3 J/W BLACKBURN ROAD NW3,2,11/11/2016 11:50:00 AM,Friday,11.50,1 TLRN,A,41,3 Dual Cwy,1 <= 20 MPH,3 T/Stag Jun,2 Auto Sig,Unclassified,0,5 Pedn Phase At Ats,1 Daylight,1 Fine,1 Road-Dry,0 None,0 None,526210,184880,-0.181158,51.548708,,,Unknown,"(51.548708, -0.181158)",http://opendatacommunities.org/id/london-borough-council/camden,5662,21/12/2020 02:48:37 PM
0115EK40217,CAMDEN,1 Driver/Rider,2 Female,60+,67,1,3 Slight,-2 Unknown,-2 N/A,4 Car,WEST END LANE J/W QUEX ROAD,2,19/03/2015 11:35:00 AM,Thursday,11.35,3 Bor,B,507,6 Single Cwy,2 30 MPH,3 T/Stag Jun,4 Give Way/Uncontrolled,B,510,1 Zebra,1 Daylight,1 Fine,1 Road-Dry,0 None,0 None,525460,184020,-0.192275,51.541146,,,Unknown,"(51.541146, -0.192275)",http://opendatacommunities.org/id/london-borough-council/camden,4749,21/12/2020 02:48:36 PM
1190178408,CAMDEN,1 DRIVER/RIDER,1 MALE,25-59,32,1,3 SLIGHT,'-2 NOT APPLICABLE,'-2 NOT APPLICABLE,3 POWERED 2 WHEELER,"On Kentish Town Road, near the junction with Kelly Street NW1.",2,02/05/2019 02:35:00 PM,Thursday,14.35,3 BOR,A,400,6 SINGLE CWY,20,03 T/STAG JUN,4 GIVE WAY/UNCONTROLLED,6,0,0 NO XING FACILITY IN 50M,2 DAYLIGHT,1 FINE,1 ROAD-DRY,0 NONE,0 NONE,528952,184618,-0.14173,51.545734,,,Unknown,"(51.545734, -0.14173)",http://opendatacommunities.org/id/london-borough-council/camden,8967,21/12/2020 02:48:44 PM
0116EK40173,CAMDEN,1 Driver/Rider,1 Male,25-59,34,1,3 Slight,-2 Unknown,-2 N/A,2 Pedal Cycle,OUTER CIRCLE J/W CHESTER GATE.,2,21/03/2016 09:05:00 AM,Monday,9.05,3 Bor,Unclassified,0,6 Single Cwy,2 30 MPH,3 T/Stag Jun,4 Give Way/Uncontrolled,Unclassified,0,0 No Xing Facility In 50m,1 Daylight,1 Fine,1 Road-Dry,0 None,0 None,528720,182620,-0.145804,51.527831,,,Unknown,"(51.527831, -0.145804)",http://opendatacommunities.org/id/london-borough-council/camden,6123,21/12/2020 02:48:38 PM
0115EK40973,CAMDEN,1 Driver/Rider,2 Female,25-59,40,1,3 Slight,-2 Unknown,-2 N/A,2 Pedal Cycle,"GLOUCESTER CRESCENT, 38 METRES SOUTH OF INVERNESS STREET.",2,02/11/2015 03:00:00 PM,Monday,15.00,3 Bor,Unclassified,0,6 Single Cwy,2 30 MPH,0 No Jun In 20m,-2 Not Applicable,-2 Not Applicable,0,0 No Xing Facility In 50m,1 Daylight,1 Fine,1 Road-Dry,0 None,0 None,528690,183810,-0.145802,51.538532,,,Unknown,"(51.538532, -0.145802)",http://opendatacommunities.org/id/london-borough-council/camden,5400,21/12/2020 02:48:37 PM
1190181689,CAMDEN,1 DRIVER/RIDER,1 MALE,25-59,32,1,3 SLIGHT,'-2 NOT APPLICABLE,'-2 NOT APPLICABLE,2 PEDAL CYCLE,"On Outer Circle, 50 metres north of the junction with Gloucester Gate.",2,18/05/2019 05:20:00 PM,Saturday,17.20,3 BOR,6,0,6 SINGLE CWY,20,00 NO JUN IN 20M,,0,0,0 NO XING FACILITY IN 50M,2 DAYLIGHT,2 RAINING,2 ROAD-WET,0 NONE,0 NONE,528497,183512,-0.148692,51.535898,,,Unknown,"(51.535898, -0.148692)",http://opendatacommunities.org/id/london-borough-council/camden,9018,21/12/2020 02:48:44 PM
0115EK41111,CAMDEN,1 Driver/Rider,1 Male,25-59,31,1,3 Slight,-2 Unknown,-2 N/A,3 Powered 2 Wheeler,FORDWYCH ROAD J/W MANSTONE ROAD,2,11/12/2015 05:35:00 PM,Friday,17.35,3 Bor,Unclassified,0,6 Single Cwy,2 30 MPH,3 T/Stag Jun,4 Give Way/Uncontrolled,Unclassified,0,0 No Xing Facility In 50m,2 Dark,1 Fine,2 Road-Wet,0 None,0 None,524290,185330,-0.208675,51.553178,,,Unknown,"(51.553178, -0.208675)",http://opendatacommunities.org/id/london-borough-council/camden,5519,21/12/2020 02:48:37 PM
1190202593,CAMDEN,1 DRIVER/RIDER,1 MALE,25-59,34,2,3 SLIGHT,'-2 NOT APPLICABLE,'-2 NOT APPLICABLE,4 CAR,"On Southampton Row, 25 metres east of the junction with 40.. The nearest classified road was the A40. The nearest classified road was the A40",2,31/08/2019 02:00:00 AM,Saturday,2.00,3 BOR,A,40,6 SINGLE CWY,20,00 NO JUN IN 20M,,0,0,5 PEDN PHASE AT ATS,1 DARK,1 FINE,1 ROAD-DRY,0 NONE,0 NONE,530482,181701,-0.120758,51.519168,,,Unknown,"(51.519168, -0.120758)",http://opendatacommunities.org/id/london-borough-council/camden,9317,21/12/2020 02:48:44 PM
1180132233,CAMDEN,1 Driver/Rider,1 Male,16-24,19,1,2 Serious,-2 Unknown,-2 N/A,3 Powered 2 Wheeler,BUCK STREET J/W KENTISH TOWN ROAD NW1,1,12/09/2018 10:25:00 PM,Wednesday,22.25,3 Bor,Unclassified,0,6 Single Cwy,1 <= 20 MPH,3 T/Stag Jun,4 Give Way/Uncontrolled,A,400,0 No Xing Facility In 50m,2 Dark,1 Fine,1 Road-Dry,0 None,0 None,528910,184010,-0.142558,51.54028,,,Unknown,"(51.54028, -0.142558)",http://opendatacommunities.org/id/london-borough-council/camden,8320,21/12/2020 02:48:42 PM
1160005628,CAMDEN,1 Driver/Rider,1 Male,25-59,59,1,3 Slight,-2 Unknown,-2 N/A,3 Powered 2 Wheeler,FLEET ROAD 35M S OF J/W POND STREET,1,07/12/2016 04:45:00 PM,Wednesday,16.45,3 Bor,B,518,2 One-Way St,2 30 MPH,0 No Jun In 20m,-2 Not Applicable,-2 Not Applicable,0,0 No Xing Facility In 50m,2 Dark,1 Fine,2 Road-Wet,0 None,0 None,527364,185485,-0.164305,51.553886,,,Unknown,"(51.553886, -0.164305)",http://opendatacommunities.org/id/london-borough-council/camden,5744,21/12/2020 02:48:37 PM
1190164302,CAMDEN,1 DRIVER/RIDER,1 MALE,25-59,41,1,3 SLIGHT,'-2 NOT APPLICABLE,'-2 NOT APPLICABLE,3 POWERED 2 WHEELER,"On Camden Road, near the junction with Murray Street.",2,19/02/2019 09:50:00 AM,Tuesday,9.50,1 TLRN,A,503,6 SINGLE CWY,30,03 T/STAG JUN,4 GIVE WAY/UNCONTROLLED,6,0,0 NO XING FACILITY IN 50M,2 DAYLIGHT,1 FINE,1 ROAD-DRY,0 NONE,0 NONE,529440,184525,-0.134731,51.544787,,,Unknown,"(51.544787, -0.134731)",http://opendatacommunities.org/id/london-borough-council/camden,8790,21/12/2020 02:48:43 PM
1180115560,CAMDEN,1 Driver/Rider,1 Male,25-59,27,1,3 Slight,-2 Unknown,-2 N/A,2 Pedal Cycle,PENTONVILLE ROAD J/W NORTHDOWN STREET N1,2,14/06/2018 07:30:00 PM,Thursday,19.30,1 TLRN,A,501,6 Single Cwy,2 30 MPH,3 T/Stag Jun,4 Give Way/Uncontrolled,A,501,5 Pedn Phase At Ats,1 Daylight,1 Fine,1 Road-Dry,0 None,0 None,530540,183010,-0.119438,51.530919,,,Unknown,"(51.530919, -0.119438)",http://opendatacommunities.org/id/london-borough-council/camden,8092,21/12/2020 02:48:42 PM
0115EK40072,CAMDEN,1 Driver/Rider,1 Male,16-24,21,1,3 Slight,-2 Unknown,-2 N/A,3 Powered 2 Wheeler,UPPER WOBURN PLACE J/W ENDSLEIGH GARDENS,2,01/02/2015 07:35:00 PM,Sunday,19.35,3 Bor,A,4200,6 Single Cwy,2 30 MPH,3 T/Stag Jun,4 Give Way/Uncontrolled,Unclassified,0,0 No Xing Facility In 50m,2 Dark,1 Fine,1 Road-Dry,0 None,0 None,529790,182540,-0.130418,51.526868,,,Unknown,"(51.526868, -0.130418)",http://opendatacommunities.org/id/london-borough-council/camden,4638,21/12/2020 02:48:35 PM
0115EK40500,CAMDEN,3 Pedestrian,2 Female,16-24,23,1,3 Slight,01 Crossing Road On Ped Xing,1 From Drivers N/Side,1 Pedestrian,FINCHLEY ROAD J/W GOLDHURST TERRACE,1,20/06/2015 04:20:00 PM,Saturday,16.20,1 TLRN,A,41,3 Dual Cwy,3 40 MPH,3 T/Stag Jun,2 Auto Sig,Unclassified,0,5 Pedn Phase At Ats,1 Daylight,1 Fine,1 Road-Dry,0 None,0 None,526370,184600,-0.178952,51.546156,,,Unknown,"(51.546156, -0.178952)",http://opendatacommunities.org/id/london-borough-council/camden,4990,21/12/2020 02:48:36 PM
0116EK40010,CAMDEN,2 Passenger,1 Male,25-59,33,1,3 Slight,-2 Unknown,-2 N/A,3 Powered 2 Wheeler,TOTTENHAM COURT ROAD J/W HANWAY STREET,2,21/01/2016 03:22:00 PM,Thursday,15.22,3 Bor,A,400,6 Single Cwy,2 30 MPH,6 Crossroads,4 Give Way/Uncontrolled,A,400,4 Pelican Or Similar,1 Daylight,1 Fine,1 Road-Dry,0 None,0 None,529790,181450,-0.130819,51.517072,,,Unknown,"(51.517072, -0.130819)",http://opendatacommunities.org/id/london-borough-council/camden,5986,21/12/2020 02:48:38 PM
1170061895,CAMDEN,3 Pedestrian,1 Male,25-59,37,1,3 Slight,04 Crossing Road Within 50m Xing,1 From Drivers N/Side,1 Pedestrian,PENTONVILLE ROAD 25M E OF J/W KINGS CROSS ROAD THE NEAREST CLASSIF,1,30/09/2017 11:35:00 PM,Saturday,23.35,1 TLRN,A,501,3 Dual Cwy,1 <= 20 MPH,0 No Jun In 20m,-2 Not Applicable,-2 Not Applicable,0,5 Pedn Phase At Ats,2 Dark,1 Fine,2 Road-Wet,0 None,0 None,530490,183000,-0.120162,51.53084,,,Unknown,"(51.53084, -0.120162)",http://opendatacommunities.org/id/london-borough-council/camden,7368,21/12/2020 02:48:40 PM
1190156510,CAMDEN,1 DRIVER/RIDER,1 MALE,25-59,26,1,3 SLIGHT,'-2 NOT APPLICABLE,'-2 NOT APPLICABLE,2 PEDAL CYCLE,"On Gloucester Avenue, near the junction with Princess Road.",2,09/01/2019 08:37:00 AM,Wednesday,8.37,3 BOR,6,0,6 SINGLE CWY,20,03 T/STAG JUN,9 UNKNOWN (S/R),6,0,0 NO XING FACILITY IN 50M,2 DAYLIGHT,1 FINE,1 ROAD-DRY,0 NONE,0 NONE,528357,183970,-0.150542,51.540046,,,Unknown,"(51.540046, -0.150542)",http://opendatacommunities.org/id/london-borough-council/camden,8677,21/12/2020 02:48:43 PM
0115EK40859,CAMDEN,1 Driver/Rider,1 Male,25-59,46,1,3 Slight,-2 Unknown,-2 N/A,2 Pedal Cycle,REGENT'S PARK ROAD J/W ST MARK'S CRESCENT,2,07/08/2015 11:15:00 AM,Friday,11.15,3 Bor,C,0,6 Single Cwy,2 30 MPH,3 T/Stag Jun,4 Give Way/Uncontrolled,Unclassified,0,0 No Xing Facility In 50m,1 Daylight,1 Fine,1 Road-Dry,0 None,0 None,528320,183740,-0.151159,51.537987,,,Unknown,"(51.537987, -0.151159)",http://opendatacommunities.org/id/london-borough-council/camden,5307,21/12/2020 02:48:37 PM
1170064308,CAMDEN,1 Driver/Rider,1 Male,25-59,50,1,3 Slight,-2 Unknown,-2 N/A,2 Pedal Cycle,PRINCESS ROAD 21M N OF J/W ST MARKS SQUARE,2,10/10/2017 08:42:00 AM,Tuesday,8.42,3 Bor,Unclassified,0,2 One-Way St,2 30 MPH,0 No Jun In 20m,-2 Not Applicable,-2 Not Applicable,0,9 Unknown (S/R),1 Daylight,9 Unknown,9 Unknown (S/R),0 None,9 Unknown (S/R),528220,183800,-0.152578,51.538549,,,Unknown,"(51.538549, -0.152578)",http://opendatacommunities.org/id/london-borough-council/camden,7407,21/12/2020 02:48:40 PM
0115EK40967,CAMDEN,1 Driver/Rider,1 Male,25-59,38,1,3 Slight,-2 Unknown,-2 N/A,3 Powered 2 Wheeler,QUEX ROAD J/W KINGSGATE ROAD.,2,01/11/2015 03:50:00 PM,Sunday,15.50,3 Bor,B,510,6 Single Cwy,2 30 MPH,3 T/Stag Jun,4 Give Way/Uncontrolled,Unclassified,0,5 Pedn Phase At Ats,1 Daylight,1 Fine,1 Road-Dry,0 None,0 None,525280,183880,-0.194919,51.539928,,,Unknown,"(51.539928, -0.194919)",http://opendatacommunities.org/id/london-borough-council/camden,5393,21/12/2020 02:48:37 PM
0116EK40429,CAMDEN,1 Driver/Rider,1 Male,25-59,51,1,3 Slight,-2 Unknown,-2 N/A,3 Powered 2 Wheeler,CAMDEN ROAD J/W CAMDEN STREET,2,06/06/2016 05:20:00 PM,Monday,17.20,1 TLRN,A,503,6 Single Cwy,2 30 MPH,6 Crossroads,2 Auto Sig,A,400,5 Pedn Phase At Ats,1 Daylight,1 Fine,1 Road-Dry,0 None,0 None,529080,184030,-0.140101,51.540421,,,Unknown,"(51.540421, -0.140101)",http://opendatacommunities.org/id/london-borough-council/camden,6346,21/12/2020 02:48:38 PM
1170075501,CAMDEN,1 Driver/Rider,1 Male,25-59,30,1,3 Slight,-2 Unknown,-2 N/A,2 Pedal Cycle,CLERKENWELL ROAD 40M E OF J/W HATTON GARDEN,3,04/12/2017 06:45:00 AM,Monday,6.45,3 Bor,A,5201,6 Single Cwy,2 30 MPH,0 No Jun In 20m,-2 Not Applicable,-2 Not Applicable,0,0 No Xing Facility In 50m,1 Daylight,1 Fine,1 Road-Dry,3 Road Sign Def,0 None,531310,182040,-0.108705,51.522023,,,Unknown,"(51.522023, -0.108705)",http://opendatacommunities.org/id/london-borough-council/camden,7583,21/12/2020 02:48:41 PM
0116EK40472,CAMDEN,1 Driver/Rider,1 Male,60+,71,1,3 Slight,-2 Unknown,-2 N/A,4 Car,EAST HEATH ROAD J/W HEATH STREET.,2,19/06/2016 01:15:00 PM,Sunday,13.15,3 Bor,C,0,6 Single Cwy,2 30 MPH,3 T/Stag Jun,2 Auto Sig,A,502,5 Pedn Phase At Ats,1 Daylight,1 Fine,1 Road-Dry,0 None,0 None,526320,186240,-0.179084,51.560906,,,Unknown,"(51.560906, -0.179084)",http://opendatacommunities.org/id/london-borough-council/camden,6381,21/12/2020 02:48:38 PM