Reference,London Borough Name,Casualty Class,Casualty Sex,Casualty Age Band,Casualty Age,Number Of Casualties,Casualty Severity,Pedestrian Location,Pedestrian Movement,Mode Of Travel,Attendant Location,Number Of Vehicles,Date,Day,Time,Highway,Road Class 1,Road Number 1,Road Type,Speed Limit,Junction Detail,Junction Control,Road Class 2,Road Number 2,Pedestrian Crossing,Light Condition Band,Weather,Road Surface,Special Conditions,Carriage Way Hazard,Easting,Northing,Longitude,Latitude,Ward Code,Ward Name,Spatial Accuracy,Location,Organisation URI,Socrata ID,Last Uploaded
1160024454,CAMDEN,1 Driver/Rider,1 Male,60+,63,1,3 Slight,-2 Unknown,-2 N/A,2 Pedal Cycle,EUSTON ROAD J/W DUKE'S ROAD,2,12/10/2016 08:30:00 AM,Wednesday,8.30,1 TLRN,A,501,6 Single Cwy,2 30 MPH,6 Crossroads,2 Auto Sig,Unclassified,0,5 Pedn Phase At Ats,1 Daylight,1 Fine,1 Road-Dry,0 None,0 None,529840,182630,-0.129664,51.527665,,,Unknown,"(51.527665, -0.129664)",http://opendatacommunities.org/id/london-borough-council/camden,5906,21/12/2020 02:48:38 PM
1190163352,CAMDEN,1 DRIVER/RIDER,1 MALE,25-59,29,1,3 SLIGHT,'-2 NOT APPLICABLE,'-2 NOT APPLICABLE,3 POWERED 2 WHEELER,"On Avenue Road, 10 metres north of the junction with Avenue Close.",2,14/02/2019 07:00:00 PM,Thursday,19.00,3 BOR,B,525,6 SINGLE CWY,30,08 PRIV DRIVE,4 GIVE WAY/UNCONTROLLED,6,0,0 NO XING FACILITY IN 50M,2 DAYLIGHT,1 FINE,1 ROAD-DRY,0 NONE,0 NONE,526857,183991,-0.172152,51.540573,,,Unknown,"(51.540573, -0.172152)",http://opendatacommunities.org/id/london-borough-council/camden,8782,21/12/2020 02:48:43 PM
1180141033,CAMDEN,2 Passenger,1 Male,60+,88,1,3 Slight,-2 Unknown,-2 N/A,6 Bus Or Coach,KENTISH TOWN ROAD J/W PRINCE OF WALES ROAD,1,24/10/2018 01:15:00 PM,Wednesday,13.15,3 Bor,A,400,6 Single Cwy,1 <= 20 MPH,3 T/Stag Jun,2 Auto Sig,C,0,5 Pedn Phase At Ats,1 Daylight,1 Fine,1 Road-Dry,0 None,0 None,528950,184680,-0.141736,51.546292,,,Unknown,"(51.546292, -0.141736)",http://opendatacommunities.org/id/london-borough-council/camden,8464,21/12/2020 02:48:43 PM
1190163002,CAMDEN,1 DRIVER/RIDER,1 MALE,25-59,49,1,3 SLIGHT,'-2 NOT APPLICABLE,'-2 NOT APPLICABLE,5 TAXI,"On Earnshaw Street, near the junction with new oxford street.",2,13/02/2019 10:00:00 AM,Tuesday,10.00,3 BOR,A,40,2 ONE-WAY ST,20,03 T/STAG JUN,2 AUTO SIG,A,40,0 NO XING FACILITY IN 50M,2 DAYLIGHT,1 FINE,1 ROAD-DRY,0 NONE,0 NONE,529925,181393,-0.128895,51.516529,,,Unknown,"(51.516529, -0.128895)",http://opendatacommunities.org/id/london-borough-council/camden,8777,21/12/2020 02:48:43 PM
1170041053,CAMDEN,1 Driver/Rider,2 Female,16-24,21,1,3 Slight,-2 Unknown,-2 N/A,2 Pedal Cycle,THE OUTER CIRCLE 100M N OF J/W CHESTER ROAD THE NEAREST CLASSIFIED,2,03/06/2017 07:00:00 PM,Saturday,19.00,3 Bor,Unclassified,0,6 Single Cwy,2 30 MPH,0 No Jun In 20m,-2 Not Applicable,-2 Not Applicable,0,0 No Xing Facility In 50m,1 Daylight,1 Fine,1 Road-Dry,0 None,0 None,528710,182705,-0.145917,51.528597,,,Unknown,"(51.528597, -0.145917)",http://opendatacommunities.org/id/london-borough-council/camden,7013,21/12/2020 02:48:39 PM
1190182965,CAMDEN,2 PASSENGER,2 FEMALE,25-59,54,3,3 SLIGHT,'-2 NOT APPLICABLE,'-2 NOT APPLICABLE,6 BUS OR COACH,"On Kilburn High Road, near the junction with Brondesbury Road.",1,24/05/2019 10:05:00 AM,Friday,10.05,3 BOR,A,5,6 SINGLE CWY,20,03 T/STAG JUN,1 AUTH PERSON,B,451,5 PEDN PHASE AT ATS,2 DAYLIGHT,1 FINE,1 ROAD-DRY,0 NONE,0 NONE,525355,183694,-0.193905,51.53824,,,Unknown,"(51.53824, -0.193905)",http://opendatacommunities.org/id/london-borough-council/camden,9039,21/12/2020 02:48:44 PM
1170028393,CAMDEN,1 Driver/Rider,1 Male,25-59,44,1,3 Slight,-2 Unknown,-2 N/A,2 Pedal Cycle,CLERKENWELL ROAD 50M S OF J/W GRAY'S INN ROAD,2,27/03/2017 11:40:00 PM,Monday,23.40,3 Bor,A,401,6 Single Cwy,1 <= 20 MPH,0 No Jun In 20m,-2 Not Applicable,-2 Not Applicable,0,5 Pedn Phase At Ats,2 Dark,1 Fine,1 Road-Dry,0 None,0 None,531018,181977,-0.112935,51.521525,,,Unknown,"(51.521525, -0.112935)",http://opendatacommunities.org/id/london-borough-council/camden,6824,21/12/2020 02:48:39 PM
1160023991,CAMDEN,3 Pedestrian,2 Female,16-24,17,1,3 Slight,05 Crossing Road (Not On Xing),1 From Drivers N/Side,1 Pedestrian,ROSSLYN HILL J/W ROWLAND HILL STREET,1,05/10/2016 02:55:00 PM,Wednesday,14.55,3 Bor,A,502,6 Single Cwy,1 <= 20 MPH,3 T/Stag Jun,4 Give Way/Uncontrolled,Unclassified,0,8 Central Refuge,1 Daylight,1 Fine,1 Road-Dry,0 None,0 None,527130,185310,-0.167741,51.552366,,,Unknown,"(51.552366, -0.167741)",http://opendatacommunities.org/id/london-borough-council/camden,5877,21/12/2020 02:48:38 PM
1170042114,CAMDEN,3 Pedestrian,2 Female,0-15,15,1,3 Slight,05 Crossing Road (Not On Xing),1 From Drivers N/Side,1 Pedestrian,BELSIZE ROAD 30M E OF J/W KILBURN HIGH ROAD THE NEAREST CLASSIFIED,1,08/06/2017 08:48:00 AM,Thursday,8.48,3 Bor,B,509,6 Single Cwy,1 <= 20 MPH,0 No Jun In 20m,-2 Not Applicable,-2 Not Applicable,0,0 No Xing Facility In 50m,1 Daylight,2 Raining,2 Road-Wet,0 None,0 None,525471,183620,-0.192259,51.537549,,,Unknown,"(51.537549, -0.192259)",http://opendatacommunities.org/id/london-borough-council/camden,7029,21/12/2020 02:48:39 PM
0116EK40518,CAMDEN,3 Pedestrian,1 Male,0-15,11,1,3 Slight,05 Crossing Road (Not On Xing),1 From Drivers N/Side,1 Pedestrian,NFL- GRAFTON ROAD 25M S OF J/W CRESSFIELD CLOSE,1,20/07/2016 01:56:00 PM,Wednesday,13.56,3 Bor,C,0,6 Single Cwy,2 30 MPH,0 No Jun In 20m,-2 Not Applicable,-2 Not Applicable,0,0 No Xing Facility In 50m,1 Daylight,1 Fine,1 Road-Dry,0 None,0 None,528320,185290,-0.150594,51.551917,,,Unknown,"(51.551917, -0.150594)",http://opendatacommunities.org/id/london-borough-council/camden,6423,21/12/2020 02:48:38 PM
1190212147,CAMDEN,2 PASSENGER,1 MALE,U,,1,3 SLIGHT,'-2 NOT APPLICABLE,'-2 NOT APPLICABLE,4 CAR,"On Sumatra Road, near the junction with Sandwell Crescent.",1,16/10/2019 12:25:00 PM,Wednesday,12.25,3 BOR,6,0,6 SINGLE CWY,20,03 T/STAG JUN,9 UNKNOWN (S/R),6,0,0 NO XING FACILITY IN 50M,2 DAYLIGHT,1 FINE,9 UNKNOWN (S/R),0 NONE,0 NONE,525429,184882,-0.192415,51.5489,,,Unknown,"(51.5489, -0.192415)",http://opendatacommunities.org/id/london-borough-council/camden,9447,21/12/2020 02:48:44 PM
1180155118,CAMDEN,2 Passenger,2 Female,Unknown,0,1,3 Slight,-2 Unknown,-2 N/A,4 Car,YORK WAY J/W AGAR GROVE,2,30/12/2018 01:40:00 PM,Sunday,13.40,3 Bor,A,5200,9 Unknown,1 <= 20 MPH,3 T/Stag Jun,2 Auto Sig,C,0,9 Unknown (S/R),1 Daylight,1 Fine,1 Road-Dry,0 None,0 None,530050,184370,-0.125996,51.543254,,,Unknown,"(51.543254, -0.125996)",http://opendatacommunities.org/id/london-borough-council/camden,8652,21/12/2020 02:48:43 PM
0115EK40008,CAMDEN,1 Driver/Rider,1 Male,25-59,33,1,3 Slight,-2 Unknown,-2 N/A,3 Powered 2 Wheeler,CAMDEN ROAD 30M SW OF J/W CAMDEN PARK ROAD,1,13/01/2015 08:15:00 PM,Tuesday,20.15,1 TLRN,A,503,6 Single Cwy,2 30 MPH,0 No Jun In 20m,-2 Not Applicable,-2 Not Applicable,0,0 No Xing Facility In 50m,2 Dark,8 Other,2 Road-Wet,0 None,0 None,529706,184845,-0.130779,51.547601,,,Unknown,"(51.547601, -0.130779)",http://opendatacommunities.org/id/london-borough-council/camden,4590,21/12/2020 02:48:35 PM
0116EK40659,CAMDEN,1 Driver/Rider,2 Female,25-59,32,1,3 Slight,-2 Unknown,-2 N/A,4 Car,EAST HEATH ROAD J/W DOWNSHIRE HILL.,2,30/08/2016 04:50:00 PM,Tuesday,16.50,3 Bor,C,0,6 Single Cwy,2 30 MPH,3 T/Stag Jun,4 Give Way/Uncontrolled,Unclassified,0,1 Zebra,1 Daylight,1 Fine,1 Road-Dry,0 None,0 None,527100,185880,-0.167968,51.557495,,,Unknown,"(51.557495, -0.167968)",http://opendatacommunities.org/id/london-borough-council/camden,6511,21/12/2020 02:48:39 PM
0115EK40624,CAMDEN,2 Passenger,1 Male,25-59,33,1,3 Slight,-2 Unknown,-2 N/A,5 Taxi,"EUSTON ROAD, 38 METRES NE OF MIDLAND ROAD.",2,26/07/2015 12:26:00 AM,Sunday,0.26,1 TLRN,A,501,3 Dual Cwy,2 30 MPH,8 Priv Drive,4 Give Way/Uncontrolled,Unclassified,0,5 Pedn Phase At Ats,2 Dark,1 Fine,1 Road-Dry,0 None,0 None,530100,182820,-0.125848,51.529313,,,Unknown,"(51.529313, -0.125848)",http://opendatacommunities.org/id/london-borough-council/camden,5105,21/12/2020 02:48:36 PM
1190227768,CAMDEN,3 PEDESTRIAN,1 MALE,60+,93,1,3 SLIGHT,05 CROSSING ROAD (NOT ON XING),9 UNKNOWN OR OTHER,1 PEDESTRIAN,"On Little Green Street, 20 metres east of the junction with Highgate road .",1,30/12/2019 12:48:00 PM,Monday,12.48,3 BOR,B,518,6 SINGLE CWY,20,03 T/STAG JUN,4 GIVE WAY/UNCONTROLLED,6,0,0 NO XING FACILITY IN 50M,2 DAYLIGHT,1 FINE,1 ROAD-DRY,5 SURFACE DEFECT,0 NONE,528690,185730,-0.1451,51.555787,,,Unknown,"(51.555787, -0.1451)",http://opendatacommunities.org/id/london-borough-council/camden,9656,21/12/2020 02:48:45 PM
1170026027,CAMDEN,1 Driver/Rider,1 Male,25-59,28,1,3 Slight,-2 Unknown,-2 N/A,4 Car,NETHERWOOD STREET 100M E OF J/W KILBURN HIGH ROAD THE NEAREST CLAS,3,16/03/2017 09:15:00 PM,Thursday,21.15,3 Bor,Unclassified,0,6 Single Cwy,2 30 MPH,0 No Jun In 20m,-2 Not Applicable,-2 Not Applicable,0,0 No Xing Facility In 50m,2 Dark,1 Fine,1 Road-Dry,0 None,0 None,524982,184515,-0.198988,51.545701,,,Unknown,"(51.545701, -0.198988)",http://opendatacommunities.org/id/london-borough-council/camden,6791,21/12/2020 02:48:39 PM
1190172035,CAMDEN,1 DRIVER/RIDER,1 MALE,25-59,56,1,3 SLIGHT,'-2 NOT APPLICABLE,'-2 NOT APPLICABLE,3 POWERED 2 WHEELER,Location uncertain  West End Lane.,2,29/03/2019 04:30:00 PM,Friday,16.30,1 TLRN,A,41,3 DUAL CWY,30,07 MULTI JUN,2 AUTO SIG,5,0,4 PELICAN OR SIMILAR,2 DAYLIGHT,1 FINE,1 ROAD-DRY,0 NONE,0 NONE,525667,185321,-0.188827,51.552792,,,Unknown,"(51.552792, -0.188827)",http://opendatacommunities.org/id/london-borough-council/camden,8889,21/12/2020 02:48:43 PM
1170046052,CAMDEN,3 Pedestrian,1 Male,16-24,22,1,2 Serious,04 Crossing Road Within 50m Xing,1 From Drivers N/Side,1 Pedestrian,PRINCE OF WALES ROAD 40M W OF J/W MALDEN ROAD,1,02/07/2017 01:48:00 AM,Sunday,1.48,3 Bor,C,0,3 Dual Cwy,1 <= 20 MPH,0 No Jun In 20m,-2 Not Applicable,-2 Not Applicable,0,5 Pedn Phase At Ats,2 Dark,1 Fine,1 Road-Dry,0 None,0 None,528280,184620,-0.151415,51.545905,,,Unknown,"(51.545905, -0.151415)",http://opendatacommunities.org/id/london-borough-council/camden,7106,21/12/2020 02:48:40 PM
0115EK40269,CAMDEN,1 Driver/Rider,1 Male,25-59,46,1,3 Slight,-2 Unknown,-2 N/A,2 Pedal Cycle,NFL- MIDLAND ROAD 78M N OF J/W EUSTON ROAD,2,10/04/2015 08:35:00 AM,Friday,8.35,3 Bor,C,0,6 Single Cwy,2 30 MPH,0 No Jun In 20m,-2 Not Applicable,-2 Not Applicable,0,0 No Xing Facility In 50m,1 Daylight,1 Fine,1 Road-Dry,0 None,0 None,530050,182870,-0.12655,51.529773,,,Unknown,"(51.529773, -0.12655)",http://opendatacommunities.org/id/london-borough-council/camden,4796,21/12/2020 02:48:36 PM
1170077750,CAMDEN,1 Driver/Rider,2 Female,25-59,31,1,3 Slight,-2 Unknown,-2 N/A,3 Powered 2 Wheeler,GOWER STREET 87M N OF J/W GOWER STREET THE NEAREST CLASSIFIED ROAD,2,06/12/2017 08:25:00 PM,Wednesday,20.25,3 Bor,A,400,2 One-Way St,1 <= 20 MPH,0 No Jun In 20m,-2 Not Applicable,-2 Not Applicable,0,0 No Xing Facility In 50m,1 Daylight,1 Fine,1 Road-Dry,0 None,0 None,529570,182160,-0.133727,51.523503,,,Unknown,"(51.523503, -0.133727)",http://opendatacommunities.org/id/london-borough-council/camden,7609,21/12/2020 02:48:41 PM
1190207108,CAMDEN,1 DRIVER/RIDER,2 FEMALE,25-59,31,1,3 SLIGHT,'-2 NOT APPLICABLE,1 FROM DRIVERS N/SIDE,2 PEDAL CYCLE,"On Hawley Road, near the junction with castlehaven rd.",2,23/09/2019 10:42:00 AM,Monday,10.42,3 BOR,A,502,2 ONE-WAY ST,20,03 T/STAG JUN,4 GIVE WAY/UNCONTROLLED,5,0,0 NO XING FACILITY IN 50M,2 DAYLIGHT,1 FINE,1 ROAD-DRY,0 NONE,0 NONE,528824,184303,-0.14369,51.542932,,,Unknown,"(51.542932, -0.14369)",http://opendatacommunities.org/id/london-borough-council/camden,9379,21/12/2020 02:48:44 PM
1190160175,CAMDEN,1 DRIVER/RIDER,1 MALE,25-59,46,1,3 SLIGHT,'-2 NOT APPLICABLE,'-2 NOT APPLICABLE,3 POWERED 2 WHEELER,"On Southampton Row, near the junction with Theobalds road.",2,28/01/2019 06:50:00 PM,Monday,18.50,3 BOR,A,4200,6 SINGLE CWY,30,09 OTHER JUN,2 AUTO SIG,A,401,5 PEDN PHASE AT ATS,1 DARK,8 OTHER,1 ROAD-DRY,0 NONE,0 NONE,530461,181688,-0.121066,51.519056,,,Unknown,"(51.519056, -0.121066)",http://opendatacommunities.org/id/london-borough-council/camden,8735,21/12/2020 02:48:43 PM
1190202450,CAMDEN,2 PASSENGER,'-1 UNKNOWN,U,,1,3 SLIGHT,'-2 NOT APPLICABLE,'-2 NOT APPLICABLE,5 TAXI,"On Quickswood, near the junction with Primrose Hill.",1,31/08/2019 02:48:00 AM,Saturday,2.48,3 BOR,B,509,6 SINGLE CWY,30,03 T/STAG JUN,2 AUTO SIG,6,0,5 PEDN PHASE AT ATS,2 DAYLIGHT,1 FINE,1 ROAD-DRY,0 NONE,0 NONE,527380,184315,-0.164497,51.543368,,,Unknown,"(51.543368, -0.164497)",http://opendatacommunities.org/id/london-borough-council/camden,9316,21/12/2020 02:48:44 PM
1180116697,CAMDEN,1 Driver/Rider,1 Male,25-59,47,1,3 Slight,-2 Unknown,-2 N/A,3 Powered 2 Wheeler,TOTTENHAM COURT ROAD J/W STORE STREET,2,25/06/2018 06:15:00 PM,Monday,18.15,3 Bor,A,400,2 One-Way St,1 <= 20 MPH,3 T/Stag Jun,4 Give Way/Uncontrolled,C,0,5 Pedn Phase At Ats,1 Daylight,1 Fine,1 Road-Dry,0 None,0 None,529630,181690,-0.133035,51.519265,,,Unknown,"(51.519265, -0.133035)",http://opendatacommunities.org/id/london-borough-council/camden,8119,21/12/2020 02:48:42 PM
0116EK40568,CAMDEN,3 Pedestrian,1 Male,25-59,39,1,3 Slight,05 Crossing Road (Not On Xing),1 From Drivers N/Side,1 Pedestrian,HAVERSTOCK HILL J/W STEELE'S ROAD,1,07/08/2016 12:15:00 AM,Sunday,0.15,3 Bor,A,502,6 Single Cwy,2 30 MPH,3 T/Stag Jun,4 Give Way/Uncontrolled,Unclassified,0,8 Central Refuge,2 Dark,1 Fine,1 Road-Dry,0 None,0 None,527800,184700,-0.158304,51.546733,,,Unknown,"(51.546733, -0.158304)",http://opendatacommunities.org/id/london-borough-council/camden,6460,21/12/2020 02:48:39 PM
0116EK40012,CAMDEN,2 Passenger,2 Female,25-59,44,1,3 Slight,-2 Unknown,-2 N/A,4 Car,FINCHLEY ROAD J/W LITHOS ROAD,2,23/01/2016 05:50:00 PM,Saturday,17.50,1 TLRN,A,41,6 Single Cwy,2 30 MPH,3 T/Stag Jun,4 Give Way/Uncontrolled,Unclassified,0,0 No Xing Facility In 50m,2 Dark,4 Fine/High Winds,1 Road-Dry,4 Roadworks,0 None,526130,185000,-0.182268,51.549804,,,Unknown,"(51.549804, -0.182268)",http://opendatacommunities.org/id/london-borough-council/camden,5988,21/12/2020 02:48:38 PM
1170063326,CAMDEN,1 Driver/Rider,2 Female,25-59,34,1,3 Slight,-2 Unknown,-2 N/A,2 Pedal Cycle,CARDINGTON STREET 21M E OF J/W HAMPSTEAD ROAD THE NEAREST CLASSIFI,2,29/08/2017 07:05:00 PM,Tuesday,19.05,3 Bor,C,0,6 Single Cwy,1 <= 20 MPH,0 No Jun In 20m,-2 Not Applicable,-2 Not Applicable,0,4 Pelican Or Similar,1 Daylight,1 Fine,1 Road-Dry,0 None,0 None,529300,182800,-0.137382,51.529316,,,Unknown,"(51.529316, -0.137382)",http://opendatacommunities.org/id/london-borough-council/camden,7391,21/12/2020 02:48:40 PM
0115EK40428,CAMDEN,1 Driver/Rider,2 Female,25-59,35,1,3 Slight,-2 Unknown,-2 N/A,3 Powered 2 Wheeler,AVENUE ROAD 86M SE OF J/W ACACIA ROAD,2,29/05/2015 06:52:00 PM,Friday,18.52,3 Bor,B,525,6 Single Cwy,2 30 MPH,0 No Jun In 20m,-2 Not Applicable,-2 Not Applicable,0,0 No Xing Facility In 50m,1 Daylight,1 Fine,1 Road-Dry,0 None,0 None,527200,183640,-0.167336,51.537342,,,Unknown,"(51.537342, -0.167336)",http://opendatacommunities.org/id/london-borough-council/camden,4919,21/12/2020 02:48:36 PM
1170046896,CAMDEN,1 Driver/Rider,1 Male,25-59,33,1,3 Slight,-2 Unknown,-2 N/A,2 Pedal Cycle,EUSTON ROAD 21M S OF J/W KINGS B'VD,2,30/06/2017 11:35:00 PM,Friday,23.35,3 Bor,A,5202,6 Single Cwy,1 <= 20 MPH,0 No Jun In 20m,-2 Not Applicable,-2 Not Applicable,0,0 No Xing Facility In 50m,2 Dark,9 Unknown,9 Unknown (S/R),0 None,0 None,530120,183080,-0.125464,51.531645,,,Unknown,"(51.531645, -0.125464)",http://opendatacommunities.org/id/london-borough-council/camden,7120,21/12/2020 02:48:40 PM
1170068663,CAMDEN,1 Driver/Rider,1 Male,25-59,25,1,3 Slight,-2 Unknown,-2 N/A,3 Powered 2 Wheeler,WEST HEATH ROAD J/W LOWER TERRACE,2,07/11/2017 06:20:00 PM,Tuesday,18.20,3 Bor,C,0,6 Single Cwy,1 <= 20 MPH,7 Multi Jun,4 Give Way/Uncontrolled,C,0,0 No Xing Facility In 50m,2 Dark,2 Raining,2 Road-Wet,0 None,0 None,526240,186280,-0.180223,51.561283,,,Unknown,"(51.561283, -0.180223)",http://opendatacommunities.org/id/london-borough-council/camden,7490,21/12/2020 02:48:41 PM
0116EK40510,CAMDEN,1 Driver/Rider,1 Male,25-59,37,1,3 Slight,-2 Unknown,-2 N/A,7 Goods Vehicle,CAMDEN HIGH STREET J/W GREENLAND STREET,2,17/07/2016 07:43:00 AM,Sunday,7.43,1 TLRN,A,502,6 Single Cwy,2 30 MPH,3 T/Stag Jun,4 Give Way/Uncontrolled,Unclassified,0,1 Zebra,1 Daylight,1 Fine,1 Road-Dry,0 None,0 None,528950,183770,-0.142069,51.538114,,,Unknown,"(51.538114, -0.142069)",http://opendatacommunities.org/id/london-borough-council/camden,6417,21/12/2020 02:48:38 PM
0115EK40038,CAMDEN,2 Passenger,1 Male,25-59,51,1,3 Slight,-2 Unknown,-2 N/A,6 Bus Or Coach,EUSTON ROAD J/W NORTH GOWER STREET,1,22/01/2015 04:27:00 AM,Thursday,4.27,1 TLRN,A,501,6 Single Cwy,2 30 MPH,3 T/Stag Jun,2 Auto Sig,B,522,5 Pedn Phase At Ats,2 Dark,1 Fine,2 Road-Wet,0 None,0 None,529400,182400,-0.136088,51.525699,,,Unknown,"(51.525699, -0.136088)",http://opendatacommunities.org/id/london-borough-council/camden,4609,21/12/2020 02:48:35 PM
0116EK40373,CAMDEN,1 Driver/Rider,2 Female,25-59,35,1,3 Slight,-2 Unknown,-2 N/A,2 Pedal Cycle,SHAFTESBURY AVENUE J/W STACEY STREET,2,26/05/2016 06:20:00 PM,Thursday,18.20,3 Bor,A,401,6 Single Cwy,1 <= 20 MPH,0 No Jun In 20m,-2 Not Applicable,-2 Not Applicable,0,0 No Xing Facility In 50m,1 Daylight,1 Fine,1 Road-Dry,0 None,0 None,529960,181080,-0.128507,51.513708,,,Unknown,"(51.513708, -0.128507)",http://opendatacommunities.org/id/london-borough-council/camden,6294,21/12/2020 02:48:38 PM
1170023710,CAMDEN,3 Pedestrian,1 Male,25-59,28,1,3 Slight,10 Unknown,9 Unknown Or Other,1 Pedestrian,HIGHGATE ROAD 20M S OF J/W GREENWOOD PLACE,1,08/03/2017 09:30:00 AM,Wednesday,9.30,3 Bor,B,518,3 Dual Cwy,2 30 MPH,3 T/Stag Jun,4 Give Way/Uncontrolled,Unclassified,0,4 Pelican Or Similar,1 Daylight,2 Raining,2 Road-Wet,0 None,0 None,528870,185420,-0.142618,51.55296,,,Unknown,"(51.55296, -0.142618)",http://opendatacommunities.org/id/london-borough-council/camden,6753,21/12/2020 02:48:39 PM
0116EK40290,CAMDEN,1 Driver/Rider,1 Male,25-59,26,1,3 Slight,-2 Unknown,-2 N/A,2 Pedal Cycle,NEW OXFORD STREET 22M W OF DYOTT STREET,1,28/04/2016 10:20:00 AM,Thursday,10.20,3 Bor,A,40,6 Single Cwy,2 30 MPH,0 No Jun In 20m,-2 Not Applicable,-2 Not Applicable,0,0 No Xing Facility In 50m,1 Daylight,1 Fine,1 Road-Dry,0 None,0 None,529990,181420,-0.127949,51.516756,,,Unknown,"(51.516756, -0.127949)",http://opendatacommunities.org/id/london-borough-council/camden,6226,21/12/2020 02:48:38 PM
0116EK40451,CAMDEN,3 Pedestrian,2 Female,25-59,33,1,3 Slight,05 Crossing Road (Not On Xing),1 From Drivers N/Side,1 Pedestrian,"HAMPSTEAD HIGH STREET, 40 METRES SE OF BIRD IN HAND YARD.",1,23/06/2016 01:50:00 PM,Thursday,13.50,3 Bor,A,502,6 Single Cwy,2 30 MPH,0 No Jun In 20m,-2 Not Applicable,-2 Not Applicable,0,0 No Xing Facility In 50m,1 Daylight,1 Fine,1 Road-Dry,0 None,0 None,526460,185690,-0.177263,51.555931,,,Unknown,"(51.555931, -0.177263)",http://opendatacommunities.org/id/london-borough-council/camden,6363,21/12/2020 02:48:38 PM
1190190611,CAMDEN,2 PASSENGER,2 FEMALE,0-15,2,1,3 SLIGHT,'-2 NOT APPLICABLE,'-2 NOT APPLICABLE,6 BUS OR COACH,"On Tottenham Court Road, near the junction with BAYLEY STREET.",2,30/06/2019 03:25:00 PM,Sunday,15.25,3 BOR,A,400,3 DUAL CWY,20,03 T/STAG JUN,4 GIVE WAY/UNCONTROLLED,B,506,0 NO XING FACILITY IN 50M,2 DAYLIGHT,1 FINE,1 ROAD-DRY,0 NONE,0 NONE,529690,181623,-0.132196,51.518649,,,Unknown,"(51.518649, -0.132196)",http://opendatacommunities.org/id/london-borough-council/camden,9145,21/12/2020 02:48:44 PM
1170018997,CAMDEN,2 Passenger,2 Female,Unknown,0,1,3 Slight,-2 Unknown,-2 N/A,4 Car,THEOBALDS ROAD J/W EMERALDS STREET,2,13/02/2017 04:15:00 PM,Monday,16.15,3 Bor,A,401,6 Single Cwy,2 30 MPH,3 T/Stag Jun,2 Auto Sig,Unclassified,0,0 No Xing Facility In 50m,1 Daylight,9 Unknown,1 Road-Dry,0 None,0 None,530735,181865,-0.117053,51.520584,,,Unknown,"(51.520584, -0.117053)",http://opendatacommunities.org/id/london-borough-council/camden,6678,21/12/2020 02:48:39 PM
1160002217,CAMDEN,1 Driver/Rider,1 Male,25-59,53,1,3 Slight,-2 Unknown,-2 N/A,4 Car,ROSSLYN HILL 20M N OF J/W HAMPSTEAD HILL JUNCTION,2,18/11/2016 08:30:00 AM,Friday,8.30,3 Bor,A,502,6 Single Cwy,1 <= 20 MPH,9 Other Jun,4 Give Way/Uncontrolled,Unclassified,0,0 No Xing Facility In 50m,1 Daylight,1 Fine,1 Road-Dry,0 None,0 None,526910,185480,-0.170851,51.553943,,,Unknown,"(51.553943, -0.170851)",http://opendatacommunities.org/id/london-borough-council/camden,5680,21/12/2020 02:48:37 PM
1170012863,CAMDEN,1 Driver/Rider,1 Male,25-59,25,1,3 Slight,-2 Unknown,-2 N/A,3 Powered 2 Wheeler,CORAM STREET J/W HERBRAND STREET,2,19/01/2017 08:35:00 PM,Thursday,20.35,3 Bor,Unclassified,0,6 Single Cwy,1 <= 20 MPH,7 Multi Jun,4 Give Way/Uncontrolled,Unclassified,0,0 No Xing Facility In 50m,2 Dark,1 Fine,1 Road-Dry,0 None,0 None,530110,182240,-0.125918,51.524098,,,Unknown,"(51.524098, -0.125918)",http://opendatacommunities.org/id/london-borough-council/camden,6599,21/12/2020 02:48:39 PM
0116EK40614,CAMDEN,1 Driver/Rider,1 Male,25-59,27,1,3 Slight,-2 Unknown,-2 N/A,3 Powered 2 Wheeler,KENTISH TOWN ROAD J/W YORK MEWS,2,16/08/2016 08:32:00 PM,Tuesday,20.32,3 Bor,A,400,6 Single Cwy,1 <= 20 MPH,3 T/Stag Jun,4 Give Way/Uncontrolled,Unclassified,0,4 Pelican Or Similar,1 Daylight,1 Fine,1 Road-Dry,0 None,0 None,529000,185070,-0.140873,51.549785,,,Unknown,"(51.549785, -0.140873)",http://opendatacommunities.org/id/london-borough-council/camden,6491,21/12/2020 02:48:39 PM
1170071719,CAMDEN,1 Driver/Rider,1 Male,16-24,23,1,3 Slight,-2 Unknown,-2 N/A,4 Car,HAVERSTOCK HILL J/W UPPER PARK ROAD,2,21/11/2017 09:13:00 PM,Tuesday,21.13,3 Bor,A,502,6 Single Cwy,1 <= 20 MPH,3 T/Stag Jun,4 Give Way/Uncontrolled,Unclassified,0,0 No Xing Facility In 50m,2 Dark,1 Fine,1 Road-Dry,0 None,0 None,527510,184950,-0.162394,51.549045,,,Unknown,"(51.549045, -0.162394)",http://opendatacommunities.org/id/london-borough-council/camden,7528,21/12/2020 02:48:41 PM