Reference,London Borough Name,Casualty Class,Casualty Sex,Casualty Age Band,Casualty Age,Number Of Casualties,Casualty Severity,Pedestrian Location,Pedestrian Movement,Mode Of Travel,Attendant Location,Number Of Vehicles,Date,Day,Time,Highway,Road Class 1,Road Number 1,Road Type,Speed Limit,Junction Detail,Junction Control,Road Class 2,Road Number 2,Pedestrian Crossing,Light Condition Band,Weather,Road Surface,Special Conditions,Carriage Way Hazard,Easting,Northing,Longitude,Latitude,Ward Code,Ward Name,Spatial Accuracy,Location,Organisation URI,Socrata ID,Last Uploaded
1190158189,CAMDEN,1 DRIVER/RIDER,1 MALE,60+,60,1,3 SLIGHT,'-2 NOT APPLICABLE,'-2 NOT APPLICABLE,3 POWERED 2 WHEELER,"On Britannia Street, near the junction with WICKLOW STREET WC1.",2,18/01/2019 01:00:00 PM,Friday,13.00,3 BOR,6,0,6 SINGLE CWY,30,09 OTHER JUN,4 GIVE WAY/UNCONTROLLED,6,0,0 NO XING FACILITY IN 50M,2 DAYLIGHT,1 FINE,1 ROAD-DRY,0 NONE,0 NONE,530553,182864,-0.119305,51.529604,,,Unknown,"(51.529604, -0.119305)",http://opendatacommunities.org/id/london-borough-council/camden,8702,21/12/2020 02:48:43 PM
1170042114,CAMDEN,3 Pedestrian,2 Female,0-15,15,1,3 Slight,05 Crossing Road (Not On Xing),1 From Drivers N/Side,1 Pedestrian,BELSIZE ROAD 30M E OF J/W KILBURN HIGH ROAD THE NEAREST CLASSIFIED,1,08/06/2017 08:48:00 AM,Thursday,8.48,3 Bor,B,509,6 Single Cwy,1 <= 20 MPH,0 No Jun In 20m,-2 Not Applicable,-2 Not Applicable,0,0 No Xing Facility In 50m,1 Daylight,2 Raining,2 Road-Wet,0 None,0 None,525471,183620,-0.192259,51.537549,,,Unknown,"(51.537549, -0.192259)",http://opendatacommunities.org/id/london-borough-council/camden,7027,21/12/2020 02:48:39 PM
0115EK41100,CAMDEN,2 Passenger,1 Male,25-59,59,1,3 Slight,-2 Unknown,-2 N/A,4 Car,CAMDEN STREET J/W GREENLAND ROAD,2,09/12/2015 11:20:00 PM,Wednesday,23.20,1 TLRN,A,400,6 Single Cwy,2 30 MPH,3 T/Stag Jun,4 Give Way/Uncontrolled,Unclassified,0,0 No Xing Facility In 50m,2 Dark,1 Fine,1 Road-Dry,0 None,0 None,529130,183970,-0.139402,51.53987,,,Unknown,"(51.53987, -0.139402)",http://opendatacommunities.org/id/london-borough-council/camden,5506,21/12/2020 02:48:37 PM
1190196950,CAMDEN,1 DRIVER/RIDER,1 MALE,25-59,35,1,3 SLIGHT,'-2 NOT APPLICABLE,'-2 NOT APPLICABLE,3 POWERED 2 WHEELER,"On Tottenham Court Road, near the junction with Store street.",2,31/07/2019 10:19:00 AM,Wednesday,10.19,3 BOR,A,400,3 DUAL CWY,20,09 OTHER JUN,4 GIVE WAY/UNCONTROLLED,A,400,1 ZEBRA,1 DARK,1 FINE,1 ROAD-DRY,0 NONE,1 VEHICLE LOAD IN CWY,529640,181692,-0.13289,51.519281,,,Unknown,"(51.519281, -0.13289)",http://opendatacommunities.org/id/london-borough-council/camden,9243,21/12/2020 02:48:44 PM
1180080971,CAMDEN,2 Passenger,2 Female,25-59,50,1,3 Slight,-2 Unknown,-2 N/A,4 Car,EUSTON ROAD 80M E OF J/W FITZROY STREET,2,01/01/2018 01:30:00 AM,Monday,1.30,1 TLRN,A,501,3 Dual Cwy,2 30 MPH,0 No Jun In 20m,-2 Not Applicable,-2 Not Applicable,0,0 No Xing Facility In 50m,2 Dark,1 Fine,1 Road-Dry,0 None,0 None,529150,182270,-0.139737,51.524588,,,Unknown,"(51.524588, -0.139737)",http://opendatacommunities.org/id/london-borough-council/camden,7642,21/12/2020 02:48:41 PM
1180088263,CAMDEN,3 Pedestrian,1 Male,0-15,13,1,3 Slight,09 In Road - Not Crossing,7 In Rd Facing Traffic,1 Pedestrian,SAINT GILES HIGH STREET 50M S OF J/W NEW OXFORD STREET,1,04/02/2018 04:45:00 PM,Sunday,16.45,3 Bor,A,40,3 Dual Cwy,1 <= 20 MPH,0 No Jun In 20m,-2 Not Applicable,-2 Not Applicable,0,5 Pedn Phase At Ats,1 Daylight,1 Fine,1 Road-Dry,0 None,0 None,529930,181290,-0.128861,51.515602,,,Unknown,"(51.515602, -0.128861)",http://opendatacommunities.org/id/london-borough-council/camden,7725,21/12/2020 02:48:41 PM
0115EK40872,CAMDEN,1 Driver/Rider,1 Male,25-59,30,1,3 Slight,-2 Unknown,-2 N/A,3 Powered 2 Wheeler,VERNON PLACE J/W SOUTHAMPTON ROW,2,08/09/2015 07:45:00 AM,Tuesday,7.45,3 Bor,A,401,6 Single Cwy,2 30 MPH,6 Crossroads,2 Auto Sig,A,4200,5 Pedn Phase At Ats,1 Daylight,1 Fine,1 Road-Dry,0 None,0 None,530440,181660,-0.121379,51.51881,,,Unknown,"(51.51881, -0.121379)",http://opendatacommunities.org/id/london-borough-council/camden,5319,21/12/2020 02:48:37 PM
1190162562,CAMDEN,3 PEDESTRIAN,1 MALE,25-59,30,1,3 SLIGHT,05 CROSSING ROAD (NOT ON XING),2 FROM DRIVERS N/SIDE MSK,1 PEDESTRIAN,"On Arlington Road, 25 metres north of the junction with Carlow Street.",1,08/02/2019 05:30:00 PM,Friday,17.30,3 BOR,6,0,6 SINGLE CWY,30,00 NO JUN IN 20M,,0,0,0 NO XING FACILITY IN 50M,1 DARK,5 RAINING/HIGH WINDS,2 ROAD-WET,0 NONE,0 NONE,529036,183443,-0.14095,51.535155,,,Unknown,"(51.535155, -0.14095)",http://opendatacommunities.org/id/london-borough-council/camden,8773,21/12/2020 02:48:43 PM
0115EK40765,CAMDEN,1 Driver/Rider,1 Male,25-59,52,1,3 Slight,-2 Unknown,-2 N/A,5 Taxi,JUDD STREET J/W CROMER STREET.,2,01/09/2015 06:35:00 PM,Tuesday,18.35,3 Bor,B,504,6 Single Cwy,2 30 MPH,3 T/Stag Jun,4 Give Way/Uncontrolled,Unclassified,0,1 Zebra,1 Daylight,1 Fine,1 Road-Dry,0 None,0 None,530190,182580,-0.12464,51.527135,,,Unknown,"(51.527135, -0.12464)",http://opendatacommunities.org/id/london-borough-council/camden,5234,21/12/2020 02:48:37 PM
1190217335,CAMDEN,1 DRIVER/RIDER,1 MALE,25-59,54,1,3 SLIGHT,'-2 NOT APPLICABLE,'-2 NOT APPLICABLE,2 PEDAL CYCLE,"On Haverstock Hill, near the junction with Englands Lane.",2,10/11/2019 10:30:00 AM,Sunday,10.30,3 BOR,A,502,6 SINGLE CWY,20,03 T/STAG JUN,2 AUTO SIG,A,502,5 PEDN PHASE AT ATS,2 DAYLIGHT,1 FINE,2 ROAD-WET,0 NONE,0 NONE,527684,184781,-0.159947,51.547487,,,Unknown,"(51.547487, -0.159947)",http://opendatacommunities.org/id/london-borough-council/camden,9506,21/12/2020 02:48:44 PM
1180119883,CAMDEN,1 Driver/Rider,2 Female,25-59,30,1,3 Slight,-2 Unknown,-2 N/A,2 Pedal Cycle,KENTISH TOWN ROAD 25M N OF J/W WATER LANE,2,09/07/2018 08:30:00 AM,Monday,8.30,3 Bor,A,400,6 Single Cwy,1 <= 20 MPH,0 No Jun In 20m,-2 Not Applicable,-2 Not Applicable,0,9 Unknown (S/R),1 Daylight,1 Fine,1 Road-Dry,0 None,0 None,528940,184140,-0.142078,51.541441,,,Unknown,"(51.541441, -0.142078)",http://opendatacommunities.org/id/london-borough-council/camden,8159,21/12/2020 02:48:42 PM
0116EK40260,CAMDEN,2 Passenger,2 Female,16-24,18,1,3 Slight,-2 Unknown,-2 N/A,4 Car,FINCHLEY ROAD J/W COLLEGE CRESCENT,2,05/01/2016 12:45:00 AM,Tuesday,0.45,1 TLRN,A,41,6 Single Cwy,2 30 MPH,6 Crossroads,2 Auto Sig,B,511,5 Pedn Phase At Ats,2 Dark,2 Raining,2 Road-Wet,0 None,0 None,526640,184310,-0.175165,51.543489,,,Unknown,"(51.543489, -0.175165)",http://opendatacommunities.org/id/london-borough-council/camden,6200,21/12/2020 02:48:38 PM
0115EK40136,CAMDEN,1 Driver/Rider,2 Female,60+,70,1,3 Slight,-2 Unknown,-2 N/A,4 Car,HIGHGATE ROAD J/W ST ALBAN'S ROAD,3,06/01/2015 05:11:00 PM,Tuesday,17.11,3 Bor,C,0,6 Single Cwy,2 30 MPH,3 T/Stag Jun,4 Give Way/Uncontrolled,Unclassified,0,0 No Xing Facility In 50m,2 Dark,1 Fine,2 Road-Wet,0 None,0 None,528310,186260,-0.150385,51.560637,,,Unknown,"(51.560637, -0.150385)",http://opendatacommunities.org/id/london-borough-council/camden,4687,21/12/2020 02:48:36 PM
1160012670,CAMDEN,1 Driver/Rider,1 Male,25-59,30,1,3 Slight,-2 Unknown,-2 N/A,2 Pedal Cycle,"ON HAMPSTEAD ROAD, NEAR THE JUNCTION WITH CARDINGTON STREET .",2,04/09/2016 10:44:00 PM,Sunday,22.44,1 TLRN,A,400,6 Single Cwy,2 30 MPH,3 T/Stag Jun,2 Auto Sig,C,0,4 Pelican Or Similar,2 Dark,1 Fine,1 Road-Dry,0 None,0 None,529210,182770,-0.138689,51.529067,,,Unknown,"(51.529067, -0.138689)",http://opendatacommunities.org/id/london-borough-council/camden,5848,21/12/2020 02:48:38 PM
1190171561,CAMDEN,3 PEDESTRIAN,2 FEMALE,25-59,58,2,3 SLIGHT,05 CROSSING ROAD (NOT ON XING),1 FROM DRIVERS N/SIDE,1 PEDESTRIAN,"On Maiden Lane, near the junction with YORK WAY, N7.",1,27/03/2019 01:20:00 PM,Wednesday,13.20,3 BOR,A,5200,6 SINGLE CWY,20,03 T/STAG JUN,4 GIVE WAY/UNCONTROLLED,6,0,1 ZEBRA,2 DAYLIGHT,1 FINE,1 ROAD-DRY,0 NONE,0 NONE,530072,184286,-0.12571,51.542494,,,Unknown,"(51.542494, -0.12571)",http://opendatacommunities.org/id/london-borough-council/camden,8878,21/12/2020 02:48:43 PM
1180114312,CAMDEN,3 Pedestrian,1 Male,16-24,19,1,3 Slight,10 Unknown,9 Unknown Or Other,1 Pedestrian,SAINT PANCRAS WAY 25M N OF J/W COLLEGE GROVE NORTH,1,14/06/2018 07:12:00 AM,Thursday,7.12,3 Bor,A,5202,9 Unknown,2 30 MPH,0 No Jun In 20m,-2 Not Applicable,-2 Not Applicable,0,1 Zebra,1 Daylight,1 Fine,1 Road-Dry,0 None,9 Unknown (S/R),529540,183820,-0.133549,51.538428,,,Unknown,"(51.538428, -0.133549)",http://opendatacommunities.org/id/london-borough-council/camden,8072,21/12/2020 02:48:42 PM
1170072652,CAMDEN,3 Pedestrian,1 Male,25-59,42,1,2 Serious,01 Crossing Road On Ped Xing,3 From Drivers O/Side,1 Pedestrian,KILBURN HIGH ROAD 50M S OF J/W BELSIZE ROAD,1,25/11/2017 04:22:00 AM,Saturday,4.22,3 Bor,A,5,6 Single Cwy,1 <= 20 MPH,0 No Jun In 20m,-2 Not Applicable,-2 Not Applicable,0,5 Pedn Phase At Ats,2 Dark,1 Fine,1 Road-Dry,0 None,0 None,525460,183570,-0.192435,51.537102,,,Unknown,"(51.537102, -0.192435)",http://opendatacommunities.org/id/london-borough-council/camden,7544,21/12/2020 02:48:41 PM
0116EK40549,CAMDEN,1 Driver/Rider,1 Male,25-59,44,1,3 Slight,-2 Unknown,-2 N/A,4 Car,CREDITON HILL J/W FAWLEY ROAD,2,23/07/2016 01:10:00 PM,Saturday,13.10,3 Bor,Unclassified,0,6 Single Cwy,2 30 MPH,3 T/Stag Jun,4 Give Way/Uncontrolled,Unclassified,0,0 No Xing Facility In 50m,1 Daylight,1 Fine,1 Road-Dry,0 None,0 None,525670,185050,-0.188881,51.550356,,,Unknown,"(51.550356, -0.188881)",http://opendatacommunities.org/id/london-borough-council/camden,6443,21/12/2020 02:48:38 PM
0115EK40930,CAMDEN,1 Driver/Rider,1 Male,25-59,43,1,3 Slight,-2 Unknown,-2 N/A,3 Powered 2 Wheeler,NEAL STREET J/W EARLHAM STREET.,2,19/10/2015 06:36:00 PM,Monday,18.36,3 Bor,Unclassified,0,6 Single Cwy,2 30 MPH,3 T/Stag Jun,4 Give Way/Uncontrolled,Unclassified,0,1 Zebra,2 Dark,1 Fine,1 Road-Dry,0 None,0 None,530190,181110,-0.125183,51.513924,,,Unknown,"(51.513924, -0.125183)",http://opendatacommunities.org/id/london-borough-council/camden,5360,21/12/2020 02:48:37 PM
1180081523,CAMDEN,1 Driver/Rider,1 Male,25-59,55,1,3 Slight,-2 Unknown,-2 N/A,2 Pedal Cycle,DRUMMOND STREET J/W GEORGE MEWS,2,04/01/2018 09:25:00 AM,Thursday,9.25,3 Bor,C,0,6 Single Cwy,1 <= 20 MPH,3 T/Stag Jun,4 Give Way/Uncontrolled,Unclassified,0,0 No Xing Facility In 50m,1 Daylight,2 Raining,2 Road-Wet,0 None,0 None,529260,182500,-0.138068,51.526629,,,Unknown,"(51.526629, -0.138068)",http://opendatacommunities.org/id/london-borough-council/camden,7649,21/12/2020 02:48:41 PM
1170024300,CAMDEN,1 Driver/Rider,1 Male,60+,66,1,3 Slight,-2 Unknown,-2 N/A,5 Taxi,MILL LANE J/W FORDWYCH ROAD,2,10/03/2017 03:00:00 PM,Friday,15.00,3 Bor,C,0,6 Single Cwy,1 <= 20 MPH,6 Crossroads,4 Give Way/Uncontrolled,Unclassified,0,0 No Xing Facility In 50m,1 Daylight,1 Fine,1 Road-Dry,0 None,0 None,524490,185060,-0.205887,51.550707,,,Unknown,"(51.550707, -0.205887)",http://opendatacommunities.org/id/london-borough-council/camden,6763,21/12/2020 02:48:39 PM
1190161817,CAMDEN,1 DRIVER/RIDER,1 MALE,25-59,28,2,3 SLIGHT,'-2 NOT APPLICABLE,'-2 NOT APPLICABLE,4 CAR,"On Finchley Road, 50 metres south of the junction with College Crescent.",1,05/02/2019 06:20:00 PM,Tuesday,18.20,1 TLRN,A,41,1 ROUNDABOUT,30,00 NO JUN IN 20M,,0,0,5 PEDN PHASE AT ATS,1 DARK,2 RAINING,2 ROAD-WET,4 ROADWORKS,0 NONE,526653,184287,-0.174986,51.543279,,,Unknown,"(51.543279, -0.174986)",http://opendatacommunities.org/id/london-borough-council/camden,8762,21/12/2020 02:48:43 PM
1170013703,CAMDEN,1 Driver/Rider,1 Male,25-59,27,1,3 Slight,-2 Unknown,-2 N/A,2 Pedal Cycle,FARRINGDON ROAD J/W CHARTERHOUSE STREET,1,09/01/2017 05:40:00 PM,Monday,17.40,1 TLRN,A,201,6 Single Cwy,2 30 MPH,6 Crossroads,2 Auto Sig,B,400,5 Pedn Phase At Ats,2 Dark,2 Raining,2 Road-Wet,0 None,0 None,531550,181660,-0.10539,51.518552,,,Unknown,"(51.518552, -0.10539)",http://opendatacommunities.org/id/london-borough-council/camden,6609,21/12/2020 02:48:39 PM
1170026089,CAMDEN,3 Pedestrian,1 Male,16-24,23,1,2 Serious,01 Crossing Road On Ped Xing,2 From Drivers N/Side Msk,1 Pedestrian,CAMDEN ROAD 65M N OF J/W BAYHAM STREET THE NEAREST CLASSIFIED ROAD,1,17/03/2017 03:50:00 PM,Friday,15.50,1 TLRN,A,503,6 Single Cwy,1 <= 20 MPH,0 No Jun In 20m,-2 Not Applicable,-2 Not Applicable,0,5 Pedn Phase At Ats,1 Daylight,1 Fine,1 Road-Dry,0 None,0 None,529020,183980,-0.140984,51.539985,,,Unknown,"(51.539985, -0.140984)",http://opendatacommunities.org/id/london-borough-council/camden,6793,21/12/2020 02:48:39 PM
0115EK40675,CAMDEN,1 Driver/Rider,1 Male,25-59,50,1,3 Slight,-2 Unknown,-2 N/A,3 Powered 2 Wheeler,CAMDEN STREET J/W CAMDEN ROAD,2,05/08/2015 10:00:00 AM,Wednesday,10.00,1 TLRN,A,400,6 Single Cwy,2 30 MPH,6 Crossroads,2 Auto Sig,A,503,5 Pedn Phase At Ats,1 Daylight,1 Fine,1 Road-Dry,0 None,0 None,529100,184020,-0.139816,51.540326,,,Unknown,"(51.540326, -0.139816)",http://opendatacommunities.org/id/london-borough-council/camden,5148,21/12/2020 02:48:36 PM
1190165717,CAMDEN,1 DRIVER/RIDER,2 FEMALE,16-24,21,1,3 SLIGHT,'-2 NOT APPLICABLE,'-2 NOT APPLICABLE,2 PEDAL CYCLE,"On Drury Lane, 30 metres north of the junction with parker street.",3,26/02/2019 12:20:00 PM,Tuesday,12.20,3 BOR,5,0,2 ONE-WAY ST,20,00 NO JUN IN 20M,,0,0,1 ZEBRA,2 DAYLIGHT,1 FINE,1 ROAD-DRY,0 NONE,0 NONE,530347,181247,-0.122871,51.515119,,,Unknown,"(51.515119, -0.122871)",http://opendatacommunities.org/id/london-borough-council/camden,8805,21/12/2020 02:48:43 PM
1170045745,CAMDEN,3 Pedestrian,1 Male,25-59,44,1,3 Slight,01 Crossing Road On Ped Xing,9 Unknown Or Other,1 Pedestrian,JUDD STREET 5M S OF J/W BIDBOROUGH STREET,1,22/06/2017 01:45:00 PM,Thursday,13.45,3 Bor,B,504,6 Single Cwy,2 30 MPH,3 T/Stag Jun,9 Unknown (S/R),C,0,9 Unknown (S/R),1 Daylight,9 Unknown,9 Unknown (S/R),9 Unknown (S/R),9 Unknown (S/R),530120,182720,-0.125597,51.528409,,,Unknown,"(51.528409, -0.125597)",http://opendatacommunities.org/id/london-borough-council/camden,7096,21/12/2020 02:48:40 PM
1180151037,CAMDEN,2 Passenger,1 Male,16-24,24,1,3 Slight,-2 Unknown,-2 N/A,4 Car,SAINT PAUL'S CRESCENT 25M S OF J/W AGAR GROVE,4,10/12/2018 03:30:00 AM,Monday,3.30,3 Bor,Unclassified,0,6 Single Cwy,2 30 MPH,0 No Jun In 20m,-2 Not Applicable,-2 Not Applicable,0,0 No Xing Facility In 50m,2 Dark,1 Fine,1 Road-Dry,0 None,0 None,529820,184320,-0.129329,51.542857,,,Unknown,"(51.542857, -0.129329)",http://opendatacommunities.org/id/london-borough-council/camden,8598,21/12/2020 02:48:43 PM
0115EK40303,CAMDEN,1 Driver/Rider,1 Male,25-59,53,1,3 Slight,-2 Unknown,-2 N/A,3 Powered 2 Wheeler,FINCHLEY ROAD J/W BURRARD ROAD,2,21/04/2015 04:45:00 PM,Tuesday,16.45,1 TLRN,A,41,6 Single Cwy,2 30 MPH,3 T/Stag Jun,4 Give Way/Uncontrolled,Unclassified,0,4 Pelican Or Similar,1 Daylight,1 Fine,1 Road-Dry,0 None,0 None,525290,185680,-0.194135,51.556102,,,Unknown,"(51.556102, -0.194135)",http://opendatacommunities.org/id/london-borough-council/camden,4822,21/12/2020 02:48:36 PM
0115EK40168,CAMDEN,3 Pedestrian,1 Male,25-59,30,1,3 Slight,05 Crossing Road (Not On Xing),9 Unknown Or Other,1 Pedestrian,NFL- YORK WAY 32M S OF J/W CALE ROYAL,1,03/02/2015 06:28:00 PM,Tuesday,18.28,3 Bor,A,5200,6 Single Cwy,1 <= 20 MPH,0 No Jun In 20m,-2 Not Applicable,-2 Not Applicable,0,0 No Xing Facility In 50m,2 Dark,8 Other,2 Road-Wet,0 None,0 None,530110,184150,-0.125213,51.541263,,,Unknown,"(51.541263, -0.125213)",http://opendatacommunities.org/id/london-borough-council/camden,4709,21/12/2020 02:48:36 PM
1180137794,CAMDEN,1 Driver/Rider,1 Male,25-59,38,1,3 Slight,-2 Unknown,-2 N/A,2 Pedal Cycle,TAVISTOCK SQUARE J/W BEDFORD WAY,2,09/10/2018 10:00:00 AM,Tuesday,10.00,3 Bor,C,0,6 Single Cwy,1 <= 20 MPH,6 Crossroads,4 Give Way/Uncontrolled,C,0,4 Pelican Or Similar,1 Daylight,1 Fine,1 Road-Dry,0 None,0 None,529900,182250,-0.12894,51.524236,,,Unknown,"(51.524236, -0.12894)",http://opendatacommunities.org/id/london-borough-council/camden,8404,21/12/2020 02:48:42 PM
1190195283,CAMDEN,2 PASSENGER,1 MALE,16-24,22,6,3 SLIGHT,'-2 NOT APPLICABLE,'-2 NOT APPLICABLE,4 CAR,"On Finchley Road, 300 metres south of the junction with Alvanley Gardens.. The nearest classified road was the B1",2,22/07/2019 11:36:00 PM,Monday,23.36,1 TLRN,A,41,3 DUAL CWY,40,00 NO JUN IN 20M,,0,0,8 CENTRAL REFUGE,1 DARK,1 FINE,1 ROAD-DRY,0 NONE,0 NONE,525814,185288,-0.18672,51.552463,,,Unknown,"(51.552463, -0.18672)",http://opendatacommunities.org/id/london-borough-council/camden,9214,21/12/2020 02:48:44 PM
1190182321,CAMDEN,3 PEDESTRIAN,1 MALE,25-59,58,1,3 SLIGHT,01 CROSSING ROAD ON PED XING,3 FROM DRIVERS O/SIDE,1 PEDESTRIAN,"On Gordon Square, 50 metres north of the junction with Endsleigh Place.",1,21/05/2019 10:10:00 AM,Tuesday,10.10,3 BOR,6,0,2 ONE-WAY ST,30,00 NO JUN IN 20M,,0,0,9 UNKNOWN (S/R),2 DAYLIGHT,1 FINE,1 ROAD-DRY,0 NONE,0 NONE,529796,182273,-0.130429,51.524467,,,Unknown,"(51.524467, -0.130429)",http://opendatacommunities.org/id/london-borough-council/camden,9028,21/12/2020 02:48:44 PM
1180133637,CAMDEN,1 Driver/Rider,1 Male,16-24,19,1,3 Slight,-2 Unknown,-2 N/A,4 Car,GRAYS INN ROAD J/W BIRKENHEAD STREET,2,19/09/2018 10:09:00 PM,Wednesday,22.09,1 TLRN,A,501,3 Dual Cwy,1 <= 20 MPH,3 T/Stag Jun,2 Auto Sig,A,501,4 Pelican Or Similar,2 Dark,1 Fine,1 Road-Dry,0 None,0 None,530340,182960,-0.122338,51.530515,,,Unknown,"(51.530515, -0.122338)",http://opendatacommunities.org/id/london-borough-council/camden,8336,21/12/2020 02:48:42 PM
1170034519,CAMDEN,2 Passenger,1 Male,0-15,9,1,3 Slight,-2 Unknown,-2 N/A,6 Bus Or Coach,FINCHLEY ROAD 50M N OF J/W FITZJOHN'S AVENUE THE NEAREST CLASSIFIE,1,28/04/2017 03:57:00 PM,Friday,15.57,1 TLRN,A,41,3 Dual Cwy,2 30 MPH,0 No Jun In 20m,-2 Not Applicable,-2 Not Applicable,0,0 No Xing Facility In 50m,1 Daylight,1 Fine,1 Road-Dry,0 None,0 None,526640,184270,-0.175179,51.54313,,,Unknown,"(51.54313, -0.175179)",http://opendatacommunities.org/id/london-borough-council/camden,6924,21/12/2020 02:48:39 PM
1190181750,CAMDEN,2 PASSENGER,2 FEMALE,25-59,29,1,2 SERIOUS,'-2 NOT APPLICABLE,'-2 NOT APPLICABLE,2 PEDAL CYCLE,Location uncertain Euston Road jw St Pancras Rd,1,18/05/2019 11:55:00 PM,Saturday,23.55,1 TLRN,A,5202,6 SINGLE CWY,20,09 OTHER JUN,2 AUTO SIG,A,501,1 ZEBRA,1 DARK,1 FINE,1 ROAD-DRY,0 NONE,0 NONE,530220,182900,-0.124089,51.530004,,,Unknown,"(51.530004, -0.124089)",http://opendatacommunities.org/id/london-borough-council/camden,9020,21/12/2020 02:48:44 PM
0116EK40350,CAMDEN,3 Pedestrian,2 Female,25-59,44,1,3 Slight,04 Crossing Road Within 50m Xing,1 From Drivers N/Side,1 Pedestrian,"GRAY'S INN ROAD, 40 METRES NW OF ARGYLE STREET.",1,19/05/2016 09:00:00 AM,Thursday,9.00,1 TLRN,A,501,2 One-Way St,2 30 MPH,0 No Jun In 20m,-2 Not Applicable,-2 Not Applicable,0,5 Pedn Phase At Ats,1 Daylight,1 Fine,1 Road-Dry,0 None,0 None,530510,182800,-0.119948,51.529038,,,Unknown,"(51.529038, -0.119948)",http://opendatacommunities.org/id/london-borough-council/camden,6278,21/12/2020 02:48:38 PM
0115EK40923,CAMDEN,3 Pedestrian,1 Male,25-59,27,1,3 Slight,01 Crossing Road On Ped Xing,1 From Drivers N/Side,1 Pedestrian,KENTISH TOWN ROAD J/W CAMDEN ROAD.,1,17/10/2015 10:35:00 PM,Saturday,22.35,1 TLRN,A,400,2 One-Way St,1 <= 20 MPH,6 Crossroads,2 Auto Sig,A,503,5 Pedn Phase At Ats,2 Dark,1 Fine,1 Road-Dry,0 None,0 None,528920,183910,-0.14245,51.539379,,,Unknown,"(51.539379, -0.14245)",http://opendatacommunities.org/id/london-borough-council/camden,5356,21/12/2020 02:48:37 PM
1170073828,CAMDEN,3 Pedestrian,2 Female,25-59,34,1,3 Slight,09 In Road - Not Crossing,9 Unknown Or Other,1 Pedestrian,CAMDEN ROAD 55M NE OF J/W BAYHAM STREET,1,29/11/2017 04:08:00 PM,Wednesday,16.08,1 TLRN,A,503,6 Single Cwy,1 <= 20 MPH,0 No Jun In 20m,-2 Not Applicable,-2 Not Applicable,0,5 Pedn Phase At Ats,2 Dark,1 Fine,1 Road-Dry,0 None,0 None,529000,183980,-0.141272,51.539989,,,Unknown,"(51.539989, -0.141272)",http://opendatacommunities.org/id/london-borough-council/camden,7565,21/12/2020 02:48:41 PM
1180120848,CAMDEN,1 Driver/Rider,1 Male,25-59,36,1,3 Slight,-2 Unknown,-2 N/A,3 Powered 2 Wheeler,KENTISH TOWN ROAD J/W HAWLEY ROAD,1,13/07/2018 08:16:00 PM,Friday,20.16,3 Bor,A,400,6 Single Cwy,1 <= 20 MPH,6 Crossroads,2 Auto Sig,C,0,4 Pelican Or Similar,2 Dark,2 Raining,2 Road-Wet,0 None,1 Vehicle Load In Cwy,528950,184270,-0.141886,51.542607,,,Unknown,"(51.542607, -0.141886)",http://opendatacommunities.org/id/london-borough-council/camden,8176,21/12/2020 02:48:42 PM
1190219027,CAMDEN,2 PASSENGER,1 MALE,16-24,18,2,3 SLIGHT,'-2 NOT APPLICABLE,'-2 NOT APPLICABLE,4 CAR,"On Finchley Road, near the junction with Hendon Way.",3,17/11/2019 05:25:00 PM,Sunday,17.25,1 TLRN,A,41,3 DUAL CWY,30,07 MULTI JUN,2 AUTO SIG,A,41,5 PEDN PHASE AT ATS,1 DARK,1 FINE,1 ROAD-DRY,0 NONE,0 NONE,525085,186033,-0.196965,51.55932,,,Unknown,"(51.55932, -0.196965)",http://opendatacommunities.org/id/london-borough-council/camden,9526,21/12/2020 02:48:44 PM
0115EK40717,CAMDEN,1 Driver/Rider,1 Male,25-59,29,1,3 Slight,-2 Unknown,-2 N/A,2 Pedal Cycle,N.F.L EUSTON ROAD 25M SW OF GORDON STREET,2,17/08/2015 01:00:00 PM,Monday,13.00,1 TLRN,A,501,3 Dual Cwy,2 30 MPH,0 No Jun In 20m,-2 Not Applicable,-2 Not Applicable,0,0 No Xing Facility In 50m,1 Daylight,1 Fine,1 Road-Dry,0 None,0 None,529550,182450,-0.133908,51.526114,,,Unknown,"(51.526114, -0.133908)",http://opendatacommunities.org/id/london-borough-council/camden,5188,21/12/2020 02:48:37 PM
1170015155,CAMDEN,1 Driver/Rider,1 Male,25-59,51,1,3 Slight,-2 Unknown,-2 N/A,3 Powered 2 Wheeler,OAKLEY SQUARE NW1 J/W LIDLINGTON PLACE NW1,2,30/01/2017 10:28:00 AM,Monday,10.28,1 TLRN,A,400,6 Single Cwy,1 <= 20 MPH,7 Multi Jun,2 Auto Sig,A,400,5 Pedn Phase At Ats,1 Daylight,1 Fine,2 Road-Wet,0 None,0 None,529300,183230,-0.137224,51.533181,,,Unknown,"(51.533181, -0.137224)",http://opendatacommunities.org/id/london-borough-council/camden,6626,21/12/2020 02:48:39 PM
0115EK40669,CAMDEN,3 Pedestrian,2 Female,60+,72,1,2 Serious,01 Crossing Road On Ped Xing,1 From Drivers N/Side,1 Pedestrian,EUSTON ROAD J/W TOTTENHAM COURT ROAD.,1,21/07/2015 06:30:00 AM,Tuesday,6.30,1 TLRN,A,501,3 Dual Cwy,2 30 MPH,7 Multi Jun,2 Auto Sig,A,400,5 Pedn Phase At Ats,1 Daylight,1 Fine,1 Road-Dry,0 None,0 None,529240,182290,-0.138433,51.524747,,,Unknown,"(51.524747, -0.138433)",http://opendatacommunities.org/id/london-borough-council/camden,5143,21/12/2020 02:48:36 PM