Reference,London Borough Name,Casualty Class,Casualty Sex,Casualty Age Band,Casualty Age,Number Of Casualties,Casualty Severity,Pedestrian Location,Pedestrian Movement,Mode Of Travel,Attendant Location,Number Of Vehicles,Date,Day,Time,Highway,Road Class 1,Road Number 1,Road Type,Speed Limit,Junction Detail,Junction Control,Road Class 2,Road Number 2,Pedestrian Crossing,Light Condition Band,Weather,Road Surface,Special Conditions,Carriage Way Hazard,Easting,Northing,Longitude,Latitude,Ward Code,Ward Name,Spatial Accuracy,Location,Organisation URI,Socrata ID,Last Uploaded
1170049575,CAMDEN,3 Pedestrian,1 Male,0-15,6,1,3 Slight,05 Crossing Road (Not On Xing),3 From Drivers O/Side,1 Pedestrian,QUEENS CRESCENT 20M E OF J/W MALDEN ROAD,1,20/07/2017 07:40:00 PM,Thursday,19.40,3 Bor,B,517,3 Dual Cwy,1 <= 20 MPH,3 T/Stag Jun,4 Give Way/Uncontrolled,Unclassified,0,1 Zebra,1 Daylight,1 Fine,1 Road-Dry,0 None,0 None,528170,184990,-0.152866,51.549255,,,Unknown,"(51.549255, -0.152866)",http://opendatacommunities.org/id/london-borough-council/camden,7167,21/12/2020 02:48:40 PM
0116EK40624,CAMDEN,1 Driver/Rider,1 Male,25-59,31,1,3 Slight,-2 Unknown,-2 N/A,2 Pedal Cycle,MARCHMONT STREET J/W TAVISTOCK PLACE,2,26/08/2016 02:50:00 PM,Friday,14.50,3 Bor,C,0,6 Single Cwy,1 <= 20 MPH,6 Crossroads,2 Auto Sig,Unclassified,0,5 Pedn Phase At Ats,1 Daylight,1 Fine,1 Road-Dry,0 None,0 None,530130,182410,-0.125567,51.525621,,,Unknown,"(51.525621, -0.125567)",http://opendatacommunities.org/id/london-borough-council/camden,6502,21/12/2020 02:48:39 PM
1170012088,CAMDEN,3 Pedestrian,2 Female,25-59,32,1,3 Slight,05 Crossing Road (Not On Xing),1 From Drivers N/Side,1 Pedestrian,HERBRAND STREET J/W BERNARD STREET,1,16/01/2017 11:10:00 PM,Monday,23.10,3 Bor,Unclassified,0,6 Single Cwy,2 30 MPH,6 Crossroads,4 Give Way/Uncontrolled,B,504,0 No Xing Facility In 50m,2 Dark,1 Fine,1 Road-Dry,0 None,0 None,530170,182130,-0.125094,51.523096,,,Unknown,"(51.523096, -0.125094)",http://opendatacommunities.org/id/london-borough-council/camden,6589,21/12/2020 02:48:39 PM
0116EK40388,CAMDEN,3 Pedestrian,1 Male,25-59,34,1,3 Slight,01 Crossing Road On Ped Xing,3 From Drivers O/Side,1 Pedestrian,CAMDEN HIGH STREET J/W PARKWAY,1,03/06/2016 11:57:00 PM,Friday,23.57,1 TLRN,A,502,2 One-Way St,2 30 MPH,6 Crossroads,2 Auto Sig,A,4201,5 Pedn Phase At Ats,2 Dark,1 Fine,1 Road-Dry,0 None,0 None,528900,183870,-0.142753,51.539024,,,Unknown,"(51.539024, -0.142753)",http://opendatacommunities.org/id/london-borough-council/camden,6308,21/12/2020 02:48:38 PM
1190211646,CAMDEN,1 DRIVER/RIDER,1 MALE,25-59,52,2,3 SLIGHT,'-2 NOT APPLICABLE,'-2 NOT APPLICABLE,4 CAR,"On York Way, near the junction with Freight Lane.",2,14/10/2019 04:45:00 PM,Monday,16.45,3 BOR,A,5200,6 SINGLE CWY,20,03 T/STAG JUN,2 AUTO SIG,6,0,0 NO XING FACILITY IN 50M,2 DAYLIGHT,2 RAINING,2 ROAD-WET,0 NONE,0 NONE,530134,184051,-0.124903,51.540368,,,Unknown,"(51.540368, -0.124903)",http://opendatacommunities.org/id/london-borough-council/camden,9432,21/12/2020 02:48:44 PM
1170079806,CAMDEN,2 Passenger,2 Female,25-59,55,1,3 Slight,-2 Unknown,-2 N/A,6 Bus Or Coach,NEW OXFORD STREET 50M E OF J/W ERNSHAW STREET,1,22/12/2017 05:40:00 PM,Friday,17.40,3 Bor,A,40,6 Single Cwy,1 <= 20 MPH,0 No Jun In 20m,-2 Not Applicable,-2 Not Applicable,0,0 No Xing Facility In 50m,2 Dark,1 Fine,1 Road-Dry,0 None,0 None,529970,181410,-0.128241,51.516671,,,Unknown,"(51.516671, -0.128241)",http://opendatacommunities.org/id/london-borough-council/camden,7627,21/12/2020 02:48:41 PM
1180140145,CAMDEN,1 Driver/Rider,1 Male,25-59,33,1,3 Slight,-2 Unknown,-2 N/A,3 Powered 2 Wheeler,WHITFIELD STREET 21M N OF J/W TOTTENHAM STREET,2,19/10/2018 08:20:00 PM,Friday,20.20,3 Bor,Unclassified,0,2 One-Way St,1 <= 20 MPH,0 No Jun In 20m,-2 Not Applicable,-2 Not Applicable,0,0 No Xing Facility In 50m,2 Dark,1 Fine,1 Road-Dry,0 None,0 None,529451,181850,-0.135555,51.520744,,,Unknown,"(51.520744, -0.135555)",http://opendatacommunities.org/id/london-borough-council/camden,8446,21/12/2020 02:48:43 PM
0115EK40679,CAMDEN,1 Driver/Rider,1 Male,25-59,42,1,3 Slight,-2 Unknown,-2 N/A,2 Pedal Cycle,CLERKENWELL ROAD J/W WHITE BEAR YARD.,2,24/07/2015 07:00:00 AM,Friday,7.00,3 Bor,A,5201,6 Single Cwy,2 30 MPH,3 T/Stag Jun,4 Give Way/Uncontrolled,Unclassified,0,1 Zebra,1 Daylight,1 Fine,2 Road-Wet,0 None,0 None,531210,182040,-0.110146,51.522046,,,Unknown,"(51.522046, -0.110146)",http://opendatacommunities.org/id/london-borough-council/camden,5153,21/12/2020 02:48:36 PM
1160008083,CAMDEN,1 Driver/Rider,1 Male,16-24,18,1,3 Slight,-2 Unknown,-2 N/A,4 Car,GOODGE STREET J/W CHARLOTTE STREET,1,21/12/2016 03:05:00 AM,Wednesday,3.05,3 Bor,B,506,2 One-Way St,1 <= 20 MPH,6 Crossroads,2 Auto Sig,Unclassified,0,5 Pedn Phase At Ats,2 Dark,8 Other,2 Road-Wet,0 None,0 None,529440,181690,-0.135772,51.519309,,,Unknown,"(51.519309, -0.135772)",http://opendatacommunities.org/id/london-borough-council/camden,5791,21/12/2020 02:48:37 PM
0115EK40522,CAMDEN,1 Driver/Rider,1 Male,25-59,40,1,2 Serious,-2 Unknown,-2 N/A,2 Pedal Cycle,NFL- LOUDOUN ROAD 38M S OF J/W BELSIZE ROAD,2,12/06/2015 04:30:00 PM,Friday,16.30,3 Bor,Unclassified,0,6 Single Cwy,2 30 MPH,0 No Jun In 20m,-2 Not Applicable,-2 Not Applicable,0,1 Zebra,1 Daylight,9 Unknown,1 Road-Dry,0 None,0 None,526350,184070,-0.17943,51.541397,,,Unknown,"(51.541397, -0.17943)",http://opendatacommunities.org/id/london-borough-council/camden,5012,21/12/2020 02:48:36 PM
0116EK40492,CAMDEN,1 Driver/Rider,1 Male,25-59,38,1,3 Slight,-2 Unknown,-2 N/A,2 Pedal Cycle,BEDFORD ROW J/W PRINCETON STREET,2,01/07/2016 05:15:00 PM,Friday,17.15,3 Bor,Unclassified,0,6 Single Cwy,2 30 MPH,3 T/Stag Jun,4 Give Way/Uncontrolled,Unclassified,0,0 No Xing Facility In 50m,1 Daylight,1 Fine,1 Road-Dry,0 None,0 None,530790,181810,-0.116281,51.520077,,,Unknown,"(51.520077, -0.116281)",http://opendatacommunities.org/id/london-borough-council/camden,6403,21/12/2020 02:48:38 PM
1180089725,CAMDEN,1 Driver/Rider,1 Male,25-59,34,1,2 Serious,-2 Unknown,-2 N/A,2 Pedal Cycle,EUSTON ROAD J/W OSSULSTON STREET,2,12/02/2018 05:45:00 PM,Monday,17.45,1 TLRN,A,501,3 Dual Cwy,1 <= 20 MPH,3 T/Stag Jun,2 Auto Sig,C,0,0 No Xing Facility In 50m,2 Dark,1 Fine,1 Road-Dry,0 None,0 None,529990,182750,-0.127459,51.528709,,,Unknown,"(51.528709, -0.127459)",http://opendatacommunities.org/id/london-borough-council/camden,7743,21/12/2020 02:48:41 PM
1190195731,CAMDEN,3 PEDESTRIAN,2 FEMALE,25-59,25,1,3 SLIGHT,04 CROSSING ROAD WITHIN 50M XING,'-2 NOT APPLICABLE,1 PEDESTRIAN,"On Tottenham Court Road, near the junction with BAYLEY STREET.",1,24/07/2019 06:30:00 PM,Wednesday,18.30,3 BOR,A,400,3 DUAL CWY,20,03 T/STAG JUN,2 AUTO SIG,B,506,5 PEDN PHASE AT ATS,2 DAYLIGHT,1 FINE,1 ROAD-DRY,0 NONE,0 NONE,529692,181605,-0.132173,51.518487,,,Unknown,"(51.518487, -0.132173)",http://opendatacommunities.org/id/london-borough-council/camden,9226,21/12/2020 02:48:44 PM
1190209304,CAMDEN,3 PEDESTRIAN,2 FEMALE,16-24,22,1,3 SLIGHT,05 CROSSING ROAD (NOT ON XING),'-2 NOT APPLICABLE,1 PEDESTRIAN,Location uncertain A5202,1,03/10/2019 02:00:00 PM,Thursday,14.00,3 BOR,A,5202,3 DUAL CWY,20,09 OTHER JUN,2 AUTO SIG,6,0,5 PEDN PHASE AT ATS,2 DAYLIGHT,1 FINE,1 ROAD-DRY,0 NONE,0 NONE,530132,183063,-0.125297,51.531489,,,Unknown,"(51.531489, -0.125297)",http://opendatacommunities.org/id/london-borough-council/camden,9402,21/12/2020 02:48:44 PM
1190156854,CAMDEN,2 PASSENGER,2 FEMALE,16-24,20,2,3 SLIGHT,'-2 NOT APPLICABLE,'-2 NOT APPLICABLE,9 PRIVATE HIRE,"On CAMDEN ROAD, LONDON NW1, near the junction with ROYAL COLLEGE STREET, LONDON NW1.",1,10/01/2019 02:11:00 AM,Thursday,2.11,1 TLRN,A,503,6 SINGLE CWY,30,06 CROSSROADS,2 AUTO SIG,A,5202,5 PEDN PHASE AT ATS,1 DARK,1 FINE,2 ROAD-WET,0 NONE,0 NONE,529195,184182,-0.138388,51.54176,,,Unknown,"(51.54176, -0.138388)",http://opendatacommunities.org/id/london-borough-council/camden,8681,21/12/2020 02:48:43 PM
0115EK40127,CAMDEN,3 Pedestrian,2 Female,16-24,21,1,3 Slight,10 Unknown,9 Unknown Or Other,1 Pedestrian,MECKLENBIRGH STREET J/W HEATHCOTE STREET,1,18/02/2015 03:27:00 PM,Wednesday,15.27,3 Bor,Unclassified,0,6 Single Cwy,2 30 MPH,3 T/Stag Jun,4 Give Way/Uncontrolled,Unclassified,0,0 No Xing Facility In 50m,1 Daylight,1 Fine,1 Road-Dry,0 None,0 None,530620,182490,-0.118478,51.526227,,,Unknown,"(51.526227, -0.118478)",http://opendatacommunities.org/id/london-borough-council/camden,4679,21/12/2020 02:48:36 PM
1190180902,CAMDEN,1 DRIVER/RIDER,1 MALE,25-59,40,1,3 SLIGHT,'-2 NOT APPLICABLE,'-2 NOT APPLICABLE,3 POWERED 2 WHEELER,"On Midland Road, near the junction with Midland Road.",2,29/04/2019 08:30:00 PM,Monday,20.30,3 BOR,5,0,2 ONE-WAY ST,30,00 NO JUN IN 20M,,0,0,0 NO XING FACILITY IN 50M,2 DAYLIGHT,8 OTHER,1 ROAD-DRY,9 UNKNOWN (S/R),9 UNKNOWN (S/R),529979,183085,-0.127494,51.531722,,,Unknown,"(51.531722, -0.127494)",http://opendatacommunities.org/id/london-borough-council/camden,9004,21/12/2020 02:48:44 PM
0116EK40409,CAMDEN,1 Driver/Rider,1 Male,25-59,30,1,3 Slight,-2 Unknown,-2 N/A,3 Powered 2 Wheeler,EUSTON ROAD 36M NE OF JUDD STREET,2,14/06/2016 08:35:00 AM,Tuesday,8.35,1 TLRN,A,501,3 Dual Cwy,2 30 MPH,8 Priv Drive,4 Give Way/Uncontrolled,Unclassified,0,0 No Xing Facility In 50m,1 Daylight,2 Raining,2 Road-Wet,0 None,0 None,530100,182820,-0.125848,51.529313,,,Unknown,"(51.529313, -0.125848)",http://opendatacommunities.org/id/london-borough-council/camden,6327,21/12/2020 02:48:38 PM
0116EK40615,CAMDEN,1 Driver/Rider,1 Male,25-59,38,1,3 Slight,-2 Unknown,-2 N/A,3 Powered 2 Wheeler,ABBEY ROAD J/W BOUNDARY ROAD,2,24/08/2016 08:18:00 PM,Wednesday,20.18,3 Bor,B,507,6 Single Cwy,2 30 MPH,6 Crossroads,4 Give Way/Uncontrolled,B,507,0 No Xing Facility In 50m,2 Dark,2 Raining,2 Road-Wet,0 None,0 None,525990,183670,-0.184762,51.537883,,,Unknown,"(51.537883, -0.184762)",http://opendatacommunities.org/id/london-borough-council/camden,6492,21/12/2020 02:48:39 PM
1180127429,CAMDEN,1 Driver/Rider,1 Male,25-59,27,1,3 Slight,-2 Unknown,-2 N/A,2 Pedal Cycle,PLATT'S LANE NW3 J/W WEST HEATH ROAD NW3,2,16/08/2018 02:40:00 PM,Thursday,14.40,3 Bor,C,0,3 Dual Cwy,2 30 MPH,3 T/Stag Jun,4 Give Way/Uncontrolled,C,0,0 No Xing Facility In 50m,2 Dark,2 Raining,2 Road-Wet,0 None,0 None,525550,186410,-0.190126,51.562605,,,Unknown,"(51.562605, -0.190126)",http://opendatacommunities.org/id/london-borough-council/camden,8257,21/12/2020 02:48:42 PM
0115EO40743,CAMDEN,2 Passenger,2 Female,25-59,27,1,3 Slight,-2 Unknown,-2 N/A,4 Car,YORK WAY J/W WHARFDALE ROAD,2,05/09/2015 08:11:00 PM,Saturday,20.11,3 Bor,A,5200,6 Single Cwy,1 <= 20 MPH,3 T/Stag Jun,4 Give Way/Uncontrolled,C,0,0 No Xing Facility In 50m,2 Dark,1 Fine,1 Road-Dry,0 None,0 None,530320,183310,-0.122497,51.533665,,,Unknown,"(51.533665, -0.122497)",http://opendatacommunities.org/id/london-borough-council/camden,5600,21/12/2020 02:48:37 PM
1170078222,CAMDEN,1 Driver/Rider,1 Male,16-24,18,1,3 Slight,-2 Unknown,-2 N/A,3 Powered 2 Wheeler,CHALK FARM ROAD 1M S OF J/W BELMONT STREET,1,15/12/2017 01:10:00 AM,Friday,1.10,3 Bor,A,502,6 Single Cwy,1 <= 20 MPH,3 T/Stag Jun,4 Give Way/Uncontrolled,Unclassified,0,0 No Xing Facility In 50m,2 Dark,8 Other,1 Road-Dry,0 None,6 Ped In Cwy (Not Inj),528290,184340,-0.151373,51.543386,,,Unknown,"(51.543386, -0.151373)",http://opendatacommunities.org/id/london-borough-council/camden,7615,21/12/2020 02:48:41 PM
1190176169,CAMDEN,1 DRIVER/RIDER,1 MALE,25-59,29,1,3 SLIGHT,'-2 NOT APPLICABLE,'-2 NOT APPLICABLE,4 CAR,"On Grays Inn Road, near the junction with Argyle Street.",2,20/04/2019 02:05:00 PM,Saturday,14.05,1 TLRN,A,5200,2 ONE-WAY ST,30,06 CROSSROADS,9 UNKNOWN (S/R),5,0,5 PEDN PHASE AT ATS,2 DAYLIGHT,1 FINE,1 ROAD-DRY,0 NONE,0 NONE,530538,182766,-0.119557,51.528726,,,Unknown,"(51.528726, -0.119557)",http://opendatacommunities.org/id/london-borough-council/camden,8937,21/12/2020 02:48:44 PM
1180130682,CAMDEN,3 Pedestrian,2 Female,25-59,55,1,3 Slight,01 Crossing Road On Ped Xing,1 From Drivers N/Side,1 Pedestrian,TOTTENHAM COURT ROAD J/W CHARING CROSS ROAD,1,11/08/2018 03:00:00 PM,Saturday,15.00,3 Bor,A,40,6 Single Cwy,2 30 MPH,6 Crossroads,2 Auto Sig,A,40,5 Pedn Phase At Ats,1 Daylight,1 Fine,1 Road-Dry,0 None,0 None,529800,181380,-0.130701,51.51644,,,Unknown,"(51.51644, -0.130701)",http://opendatacommunities.org/id/london-borough-council/camden,8304,21/12/2020 02:48:42 PM
0116EK40473,CAMDEN,1 Driver/Rider,2 Female,25-59,38,1,3 Slight,-2 Unknown,-2 N/A,4 Car,SPENCER RISE J/W YORK RISE,2,25/06/2016 01:30:00 PM,Saturday,13.30,3 Bor,Unclassified,0,6 Single Cwy,1 <= 20 MPH,3 T/Stag Jun,4 Give Way/Uncontrolled,Unclassified,0,0 No Xing Facility In 50m,1 Daylight,1 Fine,1 Road-Dry,0 None,0 None,528840,185970,-0.142849,51.55791,,,Unknown,"(51.55791, -0.142849)",http://opendatacommunities.org/id/london-borough-council/camden,6382,21/12/2020 02:48:38 PM
0115EK40917,CAMDEN,2 Passenger,2 Female,25-59,37,1,3 Slight,-2 Unknown,-2 N/A,5 Taxi,"OAKLEY SQUARE, 20 METRES NE OF EVERSHOLT STREET.",2,18/10/2015 03:38:00 PM,Sunday,15.38,1 TLRN,A,400,6 Single Cwy,2 30 MPH,3 T/Stag Jun,2 Auto Sig,A,4200,5 Pedn Phase At Ats,1 Daylight,1 Fine,1 Road-Dry,0 None,0 None,529300,183250,-0.137216,51.53336,,,Unknown,"(51.53336, -0.137216)",http://opendatacommunities.org/id/london-borough-council/camden,5352,21/12/2020 02:48:37 PM
1180105204,CAMDEN,1 Driver/Rider,1 Male,25-59,28,1,2 Serious,-2 Unknown,-2 N/A,2 Pedal Cycle,WOBURN PLACE 30M N OF J/W BERNARD STREET,2,01/05/2018 07:00:00 PM,Tuesday,19.00,3 Bor,A,4200,3 Dual Cwy,2 30 MPH,0 No Jun In 20m,-2 Not Applicable,-2 Not Applicable,0,0 No Xing Facility In 50m,1 Daylight,1 Fine,1 Road-Dry,0 None,0 None,530090,182130,-0.126247,51.523114,,,Unknown,"(51.523114, -0.126247)",http://opendatacommunities.org/id/london-borough-council/camden,7946,21/12/2020 02:48:41 PM
0115EK40943,CAMDEN,1 Driver/Rider,2 Female,60+,91,1,3 Slight,-2 Unknown,-2 N/A,4 Car,HEATH STREET J/W SPANIARDS ROAD.,3,25/10/2015 03:30:00 PM,Sunday,15.30,3 Bor,A,502,6 Single Cwy,2 30 MPH,1 Roundabout,4 Give Way/Uncontrolled,B,519,1 Zebra,1 Daylight,1 Fine,1 Road-Dry,0 None,0 None,526270,186420,-0.179741,51.562534,,,Unknown,"(51.562534, -0.179741)",http://opendatacommunities.org/id/london-borough-council/camden,5373,21/12/2020 02:48:37 PM
1180127336,CAMDEN,3 Pedestrian,2 Female,25-59,31,1,3 Slight,04 Crossing Road Within 50m Xing,3 From Drivers O/Side,1 Pedestrian,YORK WAY J/W GOODS WAY,1,16/08/2018 09:04:00 AM,Thursday,9.04,3 Bor,A,5200,6 Single Cwy,2 30 MPH,3 T/Stag Jun,2 Auto Sig,A,5200,8 Central Refuge,1 Daylight,2 Raining,2 Road-Wet,0 None,0 None,530320,183450,-0.122445,51.534924,,,Unknown,"(51.534924, -0.122445)",http://opendatacommunities.org/id/london-borough-council/camden,8254,21/12/2020 02:48:42 PM
1170058370,CAMDEN,1 Driver/Rider,1 Male,25-59,39,1,3 Slight,-2 Unknown,-2 N/A,4 Car,FINCHLEY ROAD 50M N OF J/W BLACKBURN ROAD,3,10/09/2017 09:30:00 PM,Sunday,21.30,1 TLRN,A,41,3 Dual Cwy,2 30 MPH,0 No Jun In 20m,-2 Not Applicable,-2 Not Applicable,0,0 No Xing Facility In 50m,1 Daylight,1 Fine,1 Road-Dry,0 None,0 None,526180,184930,-0.181572,51.549164,,,Unknown,"(51.549164, -0.181572)",http://opendatacommunities.org/id/london-borough-council/camden,7317,21/12/2020 02:48:40 PM
0115EK40346,CAMDEN,1 Driver/Rider,1 Male,25-59,42,1,3 Slight,-2 Unknown,-2 N/A,3 Powered 2 Wheeler,EUSTON ROAD J/W PANCRAS ROAD,2,05/05/2015 10:04:00 AM,Tuesday,10.04,1 TLRN,A,501,3 Dual Cwy,3 40 MPH,6 Crossroads,2 Auto Sig,A,5202,5 Pedn Phase At Ats,1 Daylight,1 Fine,1 Road-Dry,0 None,0 None,530210,182890,-0.124237,51.529916,,,Unknown,"(51.529916, -0.124237)",http://opendatacommunities.org/id/london-borough-council/camden,4854,21/12/2020 02:48:36 PM
1180118012,CAMDEN,1 Driver/Rider,1 Male,16-24,19,1,2 Serious,-2 Unknown,-2 N/A,3 Powered 2 Wheeler,ADELAIDE ROAD J/W PRIMROSE HILL ROAD,2,01/07/2018 07:00:00 PM,Sunday,19.00,3 Bor,B,509,6 Single Cwy,1 <= 20 MPH,3 T/Stag Jun,2 Auto Sig,C,0,5 Pedn Phase At Ats,1 Daylight,1 Fine,1 Road-Dry,0 None,0 None,527500,184330,-0.162762,51.543475,,,Unknown,"(51.543475, -0.162762)",http://opendatacommunities.org/id/london-borough-council/camden,8135,21/12/2020 02:48:42 PM
1190180332,CAMDEN,1 DRIVER/RIDER,1 MALE,16-24,24,2,3 SLIGHT,'-2 NOT APPLICABLE,'-2 NOT APPLICABLE,4 CAR,Location uncertain York Way,2,12/05/2019 01:05:00 AM,Sunday,1.05,3 BOR,A,5200,6 SINGLE CWY,30,03 T/STAG JUN,2 AUTO SIG,6,0,5 PEDN PHASE AT ATS,1 DARK,1 FINE,1 ROAD-DRY,0 NONE,0 NONE,530255,183855,-0.123232,51.538578,,,Unknown,"(51.538578, -0.123232)",http://opendatacommunities.org/id/london-borough-council/camden,8993,21/12/2020 02:48:44 PM
1170023038,CAMDEN,2 Passenger,2 Female,25-59,43,1,3 Slight,-2 Unknown,-2 N/A,4 Car,FINCHLEY ROAD J/W FORTUNE GREEN ROAD,2,05/03/2017 09:00:00 PM,Sunday,21.00,1 TLRN,A,41,3 Dual Cwy,3 40 MPH,7 Multi Jun,2 Auto Sig,B,510,4 Pelican Or Similar,2 Dark,5 Raining/High Winds,2 Road-Wet,1 Traf Sig Out,0 None,525172,185852,-0.195775,51.557674,,,Unknown,"(51.557674, -0.195775)",http://opendatacommunities.org/id/london-borough-council/camden,6743,21/12/2020 02:48:39 PM
0115EK40491,CAMDEN,2 Passenger,2 Female,25-59,44,1,3 Slight,-2 Unknown,-2 N/A,6 Bus Or Coach,EUSTON ROAD J/W DUKE'S ROAD,2,15/06/2015 10:01:00 AM,Monday,10.01,1 TLRN,A,501,3 Dual Cwy,3 40 MPH,6 Crossroads,2 Auto Sig,Unclassified,0,5 Pedn Phase At Ats,1 Daylight,1 Fine,1 Road-Dry,0 None,0 None,529840,182640,-0.12966,51.527755,,,Unknown,"(51.527755, -0.12966)",http://opendatacommunities.org/id/london-borough-council/camden,4978,21/12/2020 02:48:36 PM
1180129767,CAMDEN,1 Driver/Rider,1 Male,25-59,25,1,3 Slight,-2 Unknown,-2 N/A,3 Powered 2 Wheeler,WEST END LANE J/W BROADHURST GARDENS,2,30/08/2018 07:30:00 PM,Thursday,19.30,3 Bor,B,510,6 Single Cwy,1 <= 20 MPH,3 T/Stag Jun,2 Auto Sig,C,0,5 Pedn Phase At Ats,1 Daylight,1 Fine,1 Road-Dry,4 Roadworks,0 None,525520,184600,-0.191204,51.546345,,,Unknown,"(51.546345, -0.191204)",http://opendatacommunities.org/id/london-borough-council/camden,8291,21/12/2020 02:48:42 PM
1160001120,CAMDEN,1 Driver/Rider,1 Male,25-59,55,1,3 Slight,-2 Unknown,-2 N/A,2 Pedal Cycle,KENTISH TOWN ROAD J/W CAVERSHAM ROAD,2,04/11/2016 09:10:00 AM,Friday,9.10,3 Bor,A,400,9 Unknown,2 30 MPH,3 T/Stag Jun,9 Unknown (S/R),Unclassified,0,0 No Xing Facility In 50m,1 Daylight,9 Unknown,9 Unknown (S/R),9 Unknown (S/R),9 Unknown (S/R),529000,184950,-0.140917,51.548707,,,Unknown,"(51.548707, -0.140917)",http://opendatacommunities.org/id/london-borough-council/camden,5660,21/12/2020 02:48:37 PM
1180099546,CAMDEN,3 Pedestrian,1 Male,25-59,56,1,2 Serious,10 Unknown,9 Unknown Or Other,1 Pedestrian,MORNINGTON CRESCENT J/W ARLINGTON ROAD,1,28/03/2018 04:01:00 PM,Wednesday,16.01,3 Bor,Unclassified,0,6 Single Cwy,2 30 MPH,3 T/Stag Jun,4 Give Way/Uncontrolled,Unclassified,0,0 No Xing Facility In 50m,1 Daylight,1 Fine,9 Unknown (S/R),0 None,0 None,529090,183340,-0.140209,51.534217,,,Unknown,"(51.534217, -0.140209)",http://opendatacommunities.org/id/london-borough-council/camden,7861,21/12/2020 02:48:41 PM
0116EK40197,CAMDEN,2 Passenger,2 Female,0-15,6,1,3 Slight,-2 Unknown,-2 N/A,4 Car,CAMDEN HIGH STREET J/W JAMESTOWN ROAD,2,01/04/2016 11:20:00 PM,Friday,23.20,3 Bor,A,502,6 Single Cwy,1 <= 20 MPH,6 Crossroads,2 Auto Sig,C,0,5 Pedn Phase At Ats,2 Dark,1 Fine,1 Road-Dry,0 None,0 None,528780,184060,-0.144413,51.540759,,,Unknown,"(51.540759, -0.144413)",http://opendatacommunities.org/id/london-borough-council/camden,6144,21/12/2020 02:48:38 PM
1170077502,CAMDEN,1 Driver/Rider,1 Male,25-59,25,1,3 Slight,-2 Unknown,-2 N/A,2 Pedal Cycle,KENTISH TOWN ROAD 25M S OF J/W FARRIER STREET,2,13/12/2017 06:53:00 AM,Wednesday,6.53,3 Bor,A,400,6 Single Cwy,1 <= 20 MPH,0 No Jun In 20m,-2 Not Applicable,-2 Not Applicable,0,8 Central Refuge,1 Daylight,1 Fine,2 Road-Wet,0 None,0 None,528950,184310,-0.141872,51.542967,,,Unknown,"(51.542967, -0.141872)",http://opendatacommunities.org/id/london-borough-council/camden,7607,21/12/2020 02:48:41 PM
0115EK40498,CAMDEN,1 Driver/Rider,1 Male,25-59,46,1,3 Slight,-2 Unknown,-2 N/A,4 Car,HEATH STREET J/W EAST HEATH ROAD,3,21/06/2015 11:50:00 AM,Sunday,11.50,3 Bor,A,502,6 Single Cwy,2 30 MPH,3 T/Stag Jun,2 Auto Sig,C,0,5 Pedn Phase At Ats,1 Daylight,1 Fine,1 Road-Dry,0 None,0 None,526310,186240,-0.179228,51.560908,,,Unknown,"(51.560908, -0.179228)",http://opendatacommunities.org/id/london-borough-council/camden,4989,21/12/2020 02:48:36 PM
0116EK40484,CAMDEN,2 Passenger,2 Female,60+,82,1,3 Slight,-2 Unknown,-2 N/A,4 Car,FLEET ROAD 24 M SE OF J/W LAWN ROAD,2,08/07/2016 03:50:00 PM,Friday,15.50,3 Bor,B,518,2 One-Way St,2 30 MPH,0 No Jun In 20m,-2 Not Applicable,-2 Not Applicable,0,0 No Xing Facility In 50m,1 Daylight,1 Fine,1 Road-Dry,0 None,0 None,527600,185420,-0.160926,51.553249,,,Unknown,"(51.553249, -0.160926)",http://opendatacommunities.org/id/london-borough-council/camden,6393,21/12/2020 02:48:38 PM
0115EK40873,CAMDEN,1 Driver/Rider,1 Male,25-59,54,1,3 Slight,-2 Unknown,-2 N/A,5 Taxi,EUSTON ROAD J/W UPPER WOBURN PLACE,2,05/10/2015 06:05:00 PM,Monday,18.05,1 TLRN,A,501,3 Dual Cwy,2 30 MPH,6 Crossroads,2 Auto Sig,A,4200,5 Pedn Phase At Ats,2 Dark,2 Raining,2 Road-Wet,0 None,0 None,529770,182590,-0.130687,51.527321,,,Unknown,"(51.527321, -0.130687)",http://opendatacommunities.org/id/london-borough-council/camden,5320,21/12/2020 02:48:37 PM
1160002878,CAMDEN,1 Driver/Rider,1 Male,16-24,17,1,3 Slight,-2 Unknown,-2 N/A,3 Powered 2 Wheeler,"PRINCE OF WALES ROAD J/W RYLAND ROAD,",2,22/11/2016 09:00:00 AM,Tuesday,9.00,3 Bor,C,0,3 Dual Cwy,2 30 MPH,9 Other Jun,4 Give Way/Uncontrolled,Unclassified,0,0 No Xing Facility In 50m,1 Daylight,1 Fine,1 Road-Dry,4 Roadworks,0 None,528690,184700,-0.145476,51.546531,,,Unknown,"(51.546531, -0.145476)",http://opendatacommunities.org/id/london-borough-council/camden,5689,21/12/2020 02:48:37 PM