Reference,London Borough Name,Casualty Class,Casualty Sex,Casualty Age Band,Casualty Age,Number Of Casualties,Casualty Severity,Pedestrian Location,Pedestrian Movement,Mode Of Travel,Attendant Location,Number Of Vehicles,Date,Day,Time,Highway,Road Class 1,Road Number 1,Road Type,Speed Limit,Junction Detail,Junction Control,Road Class 2,Road Number 2,Pedestrian Crossing,Light Condition Band,Weather,Road Surface,Special Conditions,Carriage Way Hazard,Easting,Northing,Longitude,Latitude,Ward Code,Ward Name,Spatial Accuracy,Location,Organisation URI,Socrata ID,Last Uploaded
1180112146,CAMDEN,3 Pedestrian,2 Female,25-59,26,1,3 Slight,01 Crossing Road On Ped Xing,1 From Drivers N/Side,1 Pedestrian,FINCHLEY ROAD J/W PLATT'S LANE,1,04/06/2018 06:53:00 PM,Monday,18.53,1 TLRN,A,41,6 Single Cwy,2 30 MPH,6 Crossroads,2 Auto Sig,C,0,4 Pelican Or Similar,1 Daylight,1 Fine,1 Road-Dry,0 None,0 None,525161,185877,-0.195924,51.557902,,,Unknown,"(51.557902, -0.195924)",http://opendatacommunities.org/id/london-borough-council/camden,8049,21/12/2020 02:48:42 PM
1180115743,CAMDEN,3 Pedestrian,2 Female,0-15,15,1,3 Slight,01 Crossing Road On Ped Xing,9 Unknown Or Other,1 Pedestrian,WEST END LANE 44M N OF J/W BLACKBURN ROAD,1,21/06/2018 08:30:00 AM,Thursday,8.30,3 Bor,B,510,6 Single Cwy,1 <= 20 MPH,0 No Jun In 20m,-2 Not Applicable,-2 Not Applicable,0,4 Pelican Or Similar,1 Daylight,1 Fine,1 Road-Dry,9 Unknown (S/R),9 Unknown (S/R),525520,184710,-0.191164,51.547334,,,Unknown,"(51.547334, -0.191164)",http://opendatacommunities.org/id/london-borough-council/camden,8094,21/12/2020 02:48:42 PM
1180103253,CAMDEN,1 Driver/Rider,2 Female,25-59,45,1,3 Slight,-2 Unknown,-2 N/A,2 Pedal Cycle,HAMPSTEAD ROAD NW1 J/W ROBERT STREET NW1,2,22/04/2018 01:00:00 PM,Sunday,13.00,1 TLRN,A,400,6 Single Cwy,1 <= 20 MPH,3 T/Stag Jun,4 Give Way/Uncontrolled,Unclassified,0,4 Pelican Or Similar,1 Daylight,1 Fine,1 Road-Dry,0 None,0 None,529209,182712,-0.138725,51.528546,,,Unknown,"(51.528546, -0.138725)",http://opendatacommunities.org/id/london-borough-council/camden,7919,21/12/2020 02:48:41 PM
1170038614,CAMDEN,1 Driver/Rider,1 Male,25-59,39,1,3 Slight,-2 Unknown,-2 N/A,2 Pedal Cycle,AVENUE ROAD J/W ST EDMUNDS TERRACE,2,20/05/2017 11:40:00 AM,Saturday,11.40,3 Bor,B,525,6 Single Cwy,1 <= 20 MPH,6 Crossroads,4 Give Way/Uncontrolled,B,525,1 Zebra,1 Daylight,1 Fine,1 Road-Dry,0 None,0 None,527375,183468,-0.164876,51.535757,,,Unknown,"(51.535757, -0.164876)",http://opendatacommunities.org/id/london-borough-council/camden,6987,21/12/2020 02:48:39 PM
1170062453,CAMDEN,1 Driver/Rider,1 Male,25-59,31,1,3 Slight,-2 Unknown,-2 N/A,2 Pedal Cycle,ARKWRIGHT ROAD J/W FROGNAL,2,08/09/2017 05:30:00 PM,Friday,17.30,3 Bor,C,0,6 Single Cwy,2 30 MPH,9 Other Jun,2 Auto Sig,Unclassified,0,5 Pedn Phase At Ats,1 Daylight,1 Fine,1 Road-Dry,0 None,0 None,526240,185240,-0.180596,51.551936,,,Unknown,"(51.551936, -0.180596)",http://opendatacommunities.org/id/london-borough-council/camden,7375,21/12/2020 02:48:40 PM
0116EK40205,CAMDEN,3 Pedestrian,2 Female,25-59,29,1,3 Slight,04 Crossing Road Within 50m Xing,3 From Drivers O/Side,1 Pedestrian,KILBURN HIGH ROAD J/W BIRCHINGTON ROAD,1,06/04/2016 01:30:00 PM,Wednesday,13.30,3 Bor,A,5,6 Single Cwy,2 30 MPH,0 No Jun In 20m,-2 Not Applicable,-2 Not Applicable,0,4 Pelican Or Similar,1 Daylight,1 Fine,1 Road-Dry,0 None,0 None,525290,183790,-0.194807,51.539117,,,Unknown,"(51.539117, -0.194807)",http://opendatacommunities.org/id/london-borough-council/camden,6152,21/12/2020 02:48:38 PM
1190169364,CAMDEN,1 DRIVER/RIDER,1 MALE,25-59,39,1,3 SLIGHT,'-2 NOT APPLICABLE,'-2 NOT APPLICABLE,5 TAXI,"On Tottenham Court Road, 40 metres south of the junction with Bayley Street.",2,15/03/2019 11:12:00 PM,Friday,23.12,3 BOR,A,400,2 ONE-WAY ST,20,00 NO JUN IN 20M,,0,0,0 NO XING FACILITY IN 50M,1 DARK,2 RAINING,2 ROAD-WET,4 ROADWORKS,0 NONE,529714,181575,-0.131868,51.518213,,,Unknown,"(51.518213, -0.131868)",http://opendatacommunities.org/id/london-borough-council/camden,8847,21/12/2020 02:48:43 PM
1160001305,CAMDEN,1 Driver/Rider,1 Male,25-59,34,1,3 Slight,-2 Unknown,-2 N/A,3 Powered 2 Wheeler,GOWER STREET 10M S OF J/W CHENIES,2,12/11/2016 12:46:00 PM,Saturday,12.46,3 Bor,A,400,2 One-Way St,1 <= 20 MPH,3 T/Stag Jun,2 Auto Sig,A,400,5 Pedn Phase At Ats,1 Daylight,2 Raining,2 Road-Wet,0 None,0 None,529730,181930,-0.131506,51.521399,,,Unknown,"(51.521399, -0.131506)",http://opendatacommunities.org/id/london-borough-council/camden,5665,21/12/2020 02:48:37 PM
0116EK40484,CAMDEN,1 Driver/Rider,2 Female,60+,60,1,3 Slight,-2 Unknown,-2 N/A,4 Car,FLEET ROAD 24 M SE OF J/W LAWN ROAD,2,08/07/2016 03:50:00 PM,Friday,15.50,3 Bor,B,518,2 One-Way St,2 30 MPH,0 No Jun In 20m,-2 Not Applicable,-2 Not Applicable,0,0 No Xing Facility In 50m,1 Daylight,1 Fine,1 Road-Dry,0 None,0 None,527600,185420,-0.160926,51.553249,,,Unknown,"(51.553249, -0.160926)",http://opendatacommunities.org/id/london-borough-council/camden,6394,21/12/2020 02:48:38 PM
1170042334,CAMDEN,2 Passenger,2 Female,0-15,0,1,3 Slight,-2 Unknown,-2 N/A,4 Car,GORDON HOUSE ROAD 47M NE OF J/W OAK VILLAGE,3,11/06/2017 06:42:00 PM,Sunday,18.42,3 Bor,B,518,3 Dual Cwy,1 <= 20 MPH,0 No Jun In 20m,-2 Not Applicable,-2 Not Applicable,0,0 No Xing Facility In 50m,1 Daylight,1 Fine,1 Road-Dry,0 None,0 None,528330,185660,-0.150315,51.55524,,,Unknown,"(51.55524, -0.150315)",http://opendatacommunities.org/id/london-borough-council/camden,7032,21/12/2020 02:48:39 PM
1160023168,CAMDEN,1 Driver/Rider,1 Male,25-59,49,1,3 Slight,-2 Unknown,-2 N/A,4 Car,KILBURN HIGH ROAD J/W KINBURN PRIORY,1,11/10/2016 01:00:00 AM,Tuesday,1.00,3 Bor,A,5,6 Single Cwy,2 30 MPH,3 T/Stag Jun,4 Give Way/Uncontrolled,C,0,1 Zebra,2 Dark,1 Fine,1 Road-Dry,0 None,0 None,525650,183360,-0.189772,51.535172,,,Unknown,"(51.535172, -0.189772)",http://opendatacommunities.org/id/london-borough-council/camden,5872,21/12/2020 02:48:38 PM
0115CW10579,CAMDEN,2 Passenger,2 Female,25-59,31,1,3 Slight,-2 Unknown,-2 N/A,6 Bus Or Coach,KINGSWAY J/W SARDINIA STREET.,2,02/02/2015 01:00:00 PM,Monday,13.00,3 Bor,A,4200,6 Single Cwy,2 30 MPH,3 T/Stag Jun,4 Give Way/Uncontrolled,A,4200,0 No Xing Facility In 50m,1 Daylight,1 Fine,1 Road-Dry,0 None,0 None,530640,181230,-0.118657,51.514899,,,Unknown,"(51.514899, -0.118657)",http://opendatacommunities.org/id/london-borough-council/camden,4558,21/12/2020 02:48:35 PM
1170021548,CAMDEN,1 Driver/Rider,2 Female,25-59,25,1,2 Serious,-2 Unknown,-2 N/A,2 Pedal Cycle,GORDON SQUARE J/W TAVISTOCK SQUARE,2,15/02/2017 05:20:00 PM,Wednesday,17.20,3 Bor,C,0,6 Single Cwy,2 30 MPH,3 T/Stag Jun,2 Auto Sig,C,0,4 Pelican Or Similar,2 Dark,2 Raining,2 Road-Wet,0 None,0 None,529900,182250,-0.12894,51.524236,,,Unknown,"(51.524236, -0.12894)",http://opendatacommunities.org/id/london-borough-council/camden,6727,21/12/2020 02:48:39 PM
1180132628,CAMDEN,1 Driver/Rider,1 Male,25-59,59,1,3 Slight,-2 Unknown,-2 N/A,3 Powered 2 Wheeler,FINCHLEY ROAD NW3 J/W COLLEGE CRESCENT/FITZJOHNS AVENUE NW3,1,14/09/2018 06:25:00 PM,Friday,18.25,1 TLRN,A,41,3 Dual Cwy,3 40 MPH,3 T/Stag Jun,2 Auto Sig,B,511,5 Pedn Phase At Ats,1 Daylight,1 Fine,1 Road-Dry,0 None,0 None,526643,184305,-0.175123,51.543443,,,Unknown,"(51.543443, -0.175123)",http://opendatacommunities.org/id/london-borough-council/camden,8325,21/12/2020 02:48:42 PM
1170061618,CAMDEN,2 Passenger,2 Female,25-59,41,1,3 Slight,-2 Unknown,-2 N/A,4 Car,REGENT SQUARE J/W REGENT SQUARE (EAST SIDE),2,28/09/2017 11:55:00 PM,Thursday,23.55,3 Bor,C,0,6 Single Cwy,2 30 MPH,3 T/Stag Jun,4 Give Way/Uncontrolled,Unclassified,0,0 No Xing Facility In 50m,2 Dark,2 Raining,2 Road-Wet,0 None,0 None,530450,182540,-0.120909,51.526716,,,Unknown,"(51.526716, -0.120909)",http://opendatacommunities.org/id/london-borough-council/camden,7359,21/12/2020 02:48:40 PM
0115EK40693,CAMDEN,1 Driver/Rider,1 Male,16-24,21,1,3 Slight,-2 Unknown,-2 N/A,3 Powered 2 Wheeler,PENTONVILLE ROAD 35M E OF YORK WAY,2,10/08/2015 03:09:00 PM,Monday,15.09,1 TLRN,A,501,6 Single Cwy,2 30 MPH,0 No Jun In 20m,-2 Not Applicable,-2 Not Applicable,0,0 No Xing Facility In 50m,1 Daylight,1 Fine,2 Road-Wet,0 None,0 None,530370,182990,-0.121895,51.530778,,,Unknown,"(51.530778, -0.121895)",http://opendatacommunities.org/id/london-borough-council/camden,5168,21/12/2020 02:48:36 PM
1170052240,CAMDEN,3 Pedestrian,2 Female,25-59,34,1,2 Serious,01 Crossing Road On Ped Xing,1 From Drivers N/Side,1 Pedestrian,TOTTENHAM COURT ROAD 15M N OF J/W TOTTENHAM STREET,1,05/08/2017 11:05:00 AM,Saturday,11.05,3 Bor,A,400,3 Dual Cwy,2 30 MPH,3 T/Stag Jun,4 Give Way/Uncontrolled,Unclassified,0,8 Central Refuge,1 Daylight,8 Other,1 Road-Dry,0 None,0 None,529510,181870,-0.134698,51.520911,,,Unknown,"(51.520911, -0.134698)",http://opendatacommunities.org/id/london-borough-council/camden,7223,21/12/2020 02:48:40 PM
1190185354,CAMDEN,1 DRIVER/RIDER,1 MALE,25-59,33,1,3 SLIGHT,'-2 NOT APPLICABLE,'-2 NOT APPLICABLE,3 POWERED 2 WHEELER,Location uncertain Avenue Road,2,05/06/2019 09:40:00 AM,Wednesday,9.40,3 BOR,B,525,6 SINGLE CWY,30,03 T/STAG JUN,9 UNKNOWN (S/R),6,0,5 PEDN PHASE AT ATS,2 DAYLIGHT,1 FINE,1 ROAD-DRY,0 NONE,1 VEHICLE LOAD IN CWY,527166,183689,-0.167808,51.53779,,,Unknown,"(51.53779, -0.167808)",http://opendatacommunities.org/id/london-borough-council/camden,9066,21/12/2020 02:48:44 PM
1170065188,CAMDEN,1 Driver/Rider,1 Male,25-59,30,1,3 Slight,-2 Unknown,-2 N/A,4 Car,BLOOMSBURY WAY J/W SOUTHAMPTON ROW,2,23/07/2017 07:00:00 PM,Sunday,19.00,3 Bor,C,0,6 Single Cwy,2 30 MPH,3 T/Stag Jun,2 Auto Sig,C,0,5 Pedn Phase At Ats,1 Daylight,1 Fine,1 Road-Dry,0 None,0 None,530390,181620,-0.122114,51.518462,,,Unknown,"(51.518462, -0.122114)",http://opendatacommunities.org/id/london-borough-council/camden,7431,21/12/2020 02:48:40 PM
1190208782,CAMDEN,1 DRIVER/RIDER,1 MALE,16-24,22,1,3 SLIGHT,'-2 NOT APPLICABLE,'-2 NOT APPLICABLE,3 POWERED 2 WHEELER,Location uncertain Keeley Street / Kingsway,2,19/08/2019 08:10:00 AM,Monday,8.10,3 BOR,A,4200,6 SINGLE CWY,30,00 NO JUN IN 20M,,0,0,0 NO XING FACILITY IN 50M,2 DAYLIGHT,1 FINE,1 ROAD-DRY,0 NONE,0 NONE,530622,181289,-0.118894,51.515433,,,Unknown,"(51.515433, -0.118894)",http://opendatacommunities.org/id/london-borough-council/camden,9396,21/12/2020 02:48:44 PM
0115EK40108,CAMDEN,3 Pedestrian,1 Male,16-24,18,1,3 Slight,04 Crossing Road Within 50m Xing,9 Unknown Or Other,1 Pedestrian,EUSTON ROAD J/W CHURCHWAY,1,12/02/2015 06:35:00 AM,Thursday,6.35,1 TLRN,A,501,3 Dual Cwy,3 40 MPH,6 Crossroads,2 Auto Sig,Unclassified,0,5 Pedn Phase At Ats,2 Dark,1 Fine,1 Road-Dry,0 None,0 None,529860,182640,-0.129372,51.52775,,,Unknown,"(51.52775, -0.129372)",http://opendatacommunities.org/id/london-borough-council/camden,4665,21/12/2020 02:48:35 PM
0116EK40622,CAMDEN,1 Driver/Rider,2 Female,25-59,31,1,3 Slight,-2 Unknown,-2 N/A,2 Pedal Cycle,"HIGH HOLBORN, 50 METRES EAST OF SOUTHAMPTON ROW.",2,30/08/2016 06:20:00 PM,Tuesday,18.20,3 Bor,A,40,2 One-Way St,2 30 MPH,0 No Jun In 20m,-2 Not Applicable,-2 Not Applicable,0,5 Pedn Phase At Ats,1 Daylight,1 Fine,1 Road-Dry,0 None,0 None,530550,181530,-0.119842,51.517616,,,Unknown,"(51.517616, -0.119842)",http://opendatacommunities.org/id/london-borough-council/camden,6501,21/12/2020 02:48:39 PM
1180143845,CAMDEN,1 Driver/Rider,1 Male,25-59,41,1,3 Slight,-2 Unknown,-2 N/A,2 Pedal Cycle,BELGROVE STREET 10M W OF J/W CHAD STREET,2,06/11/2018 11:17:00 PM,Tuesday,23.17,3 Bor,Unclassified,0,9 Unknown,1 <= 20 MPH,6 Crossroads,9 Unknown (S/R),Unclassified,0,9 Unknown (S/R),2 Dark,1 Fine,1 Road-Dry,0 None,0 None,530300,182820,-0.122966,51.529267,,,Unknown,"(51.529267, -0.122966)",http://opendatacommunities.org/id/london-borough-council/camden,8501,21/12/2020 02:48:43 PM
1170026817,CAMDEN,1 Driver/Rider,1 Male,25-59,51,1,3 Slight,-2 Unknown,-2 N/A,3 Powered 2 Wheeler,WEST HEATH ROAD J/W WHITSTONE WALK,2,21/03/2017 07:38:00 AM,Tuesday,7.38,3 Bor,C,0,6 Single Cwy,1 <= 20 MPH,6 Crossroads,4 Give Way/Uncontrolled,C,0,0 No Xing Facility In 50m,1 Daylight,1 Fine,1 Road-Dry,0 None,0 None,526230,186280,-0.180368,51.561285,,,Unknown,"(51.561285, -0.180368)",http://opendatacommunities.org/id/london-borough-council/camden,6802,21/12/2020 02:48:39 PM
0115EK40602,CAMDEN,1 Driver/Rider,1 Male,25-59,31,1,3 Slight,-2 Unknown,-2 N/A,3 Powered 2 Wheeler,N.F.L MIDLAND ROAD 22M S OF BRILL PLACE,2,17/07/2015 11:48:00 PM,Friday,23.48,3 Bor,C,0,6 Single Cwy,2 30 MPH,0 No Jun In 20m,-2 Not Applicable,-2 Not Applicable,0,0 No Xing Facility In 50m,2 Dark,1 Fine,1 Road-Dry,0 None,0 None,529990,183122,-0.127321,51.532052,,,Unknown,"(51.532052, -0.127321)",http://opendatacommunities.org/id/london-borough-council/camden,5085,21/12/2020 02:48:36 PM
1190163488,CAMDEN,2 PASSENGER,2 FEMALE,25-59,40,3,3 SLIGHT,'-2 NOT APPLICABLE,'-2 NOT APPLICABLE,9 PRIVATE HIRE,"On SPANARD ROAD, near the junction with NORTH END WAY NW3.",2,14/02/2019 07:15:00 PM,Thursday,19.15,3 BOR,B,519,1 ROUNDABOUT,20,01 ROUNDABOUT,4 GIVE WAY/UNCONTROLLED,A,502,1 ZEBRA,1 DARK,1 FINE,1 ROAD-DRY,0 NONE,0 NONE,526284,186436,-0.179533,51.562675,,,Unknown,"(51.562675, -0.179533)",http://opendatacommunities.org/id/london-borough-council/camden,8784,21/12/2020 02:48:43 PM
0115EK40784,CAMDEN,1 Driver/Rider,1 Male,25-59,26,1,3 Slight,-2 Unknown,-2 N/A,4 Car,HAVERSTOCK HILL J/W PRINCE OF WALES ROAD.,2,09/09/2015 06:44:00 PM,Wednesday,18.44,3 Bor,A,502,6 Single Cwy,2 30 MPH,3 T/Stag Jun,2 Auto Sig,C,0,5 Pedn Phase At Ats,2 Dark,1 Fine,1 Road-Dry,0 None,0 None,527960,184590,-0.156038,51.545708,,,Unknown,"(51.545708, -0.156038)",http://opendatacommunities.org/id/london-borough-council/camden,5250,21/12/2020 02:48:37 PM
1180141131,CAMDEN,1 Driver/Rider,1 Male,25-59,52,1,2 Serious,-2 Unknown,-2 N/A,2 Pedal Cycle,SOUTHAMPTON ROW J/W RUSSEL SQUARE,1,24/10/2018 06:25:00 PM,Wednesday,18.25,3 Bor,A,4200,3 Dual Cwy,1 <= 20 MPH,6 Crossroads,2 Auto Sig,A,4200,5 Pedn Phase At Ats,2 Dark,1 Fine,1 Road-Dry,0 None,0 None,530250,181940,-0.124012,51.52137,,,Unknown,"(51.52137, -0.124012)",http://opendatacommunities.org/id/london-borough-council/camden,8468,21/12/2020 02:48:43 PM
1180098771,CAMDEN,1 Driver/Rider,1 Male,25-59,52,1,3 Slight,-2 Unknown,-2 N/A,3 Powered 2 Wheeler,MALDEN ROAD J/W PRINCE OF WALES ROAD,2,19/03/2018 08:15:00 PM,Monday,20.15,3 Bor,B,517,7 Slip Rd,2 30 MPH,6 Crossroads,9 Unknown (S/R),C,0,9 Unknown (S/R),2 Dark,1 Fine,9 Unknown (S/R),9 Unknown (S/R),9 Unknown (S/R),528320,184620,-0.150838,51.545896,,,Unknown,"(51.545896, -0.150838)",http://opendatacommunities.org/id/london-borough-council/camden,7847,21/12/2020 02:48:41 PM
0115EK40757,CAMDEN,1 Driver/Rider,1 Male,25-59,34,1,3 Slight,-2 Unknown,-2 N/A,3 Powered 2 Wheeler,KENTISH TOWN ROAD J/W GAISFORD STREET,2,28/08/2015 04:35:00 PM,Friday,16.35,3 Bor,A,400,6 Single Cwy,2 30 MPH,3 T/Stag Jun,4 Give Way/Uncontrolled,Unclassified,0,0 No Xing Facility In 50m,1 Daylight,1 Fine,1 Road-Dry,0 None,0 None,528970,184870,-0.141378,51.547995,,,Unknown,"(51.547995, -0.141378)",http://opendatacommunities.org/id/london-borough-council/camden,5220,21/12/2020 02:48:37 PM
0115EK40173,CAMDEN,1 Driver/Rider,1 Male,25-59,46,1,3 Slight,-2 Unknown,-2 N/A,6 Bus Or Coach,BAYHAM STREET J/W PLENDER STREET,2,20/02/2015 01:40:00 PM,Friday,13.40,3 Bor,C,0,6 Single Cwy,2 30 MPH,6 Crossroads,2 Auto Sig,Unclassified,0,5 Pedn Phase At Ats,1 Daylight,1 Fine,1 Road-Dry,0 None,0 None,529190,183560,-0.138688,51.536172,,,Unknown,"(51.536172, -0.138688)",http://opendatacommunities.org/id/london-borough-council/camden,4713,21/12/2020 02:48:36 PM
1160012641,CAMDEN,1 Driver/Rider,1 Male,16-24,21,1,3 Slight,-2 Unknown,-2 N/A,3 Powered 2 Wheeler,"ON THEOBALDS ROAD , NEAR THE JUNCTION WITH RED LION STREET .",2,05/09/2016 09:40:00 PM,Monday,21.40,3 Bor,A,401,6 Single Cwy,2 30 MPH,6 Crossroads,2 Auto Sig,C,0,5 Pedn Phase At Ats,2 Dark,1 Fine,1 Road-Dry,0 None,0 None,530690,181840,-0.117711,51.520369,,,Unknown,"(51.520369, -0.117711)",http://opendatacommunities.org/id/london-borough-council/camden,5842,21/12/2020 02:48:38 PM
0115EK40408,CAMDEN,1 Driver/Rider,2 Female,25-59,25,1,3 Slight,-2 Unknown,-2 N/A,2 Pedal Cycle,FITZJOHN'S AVENUE 143M S OF J/W NUTLEY TERRACE,2,23/05/2015 02:00:00 PM,Saturday,14.00,3 Bor,B,511,6 Single Cwy,2 30 MPH,0 No Jun In 20m,-2 Not Applicable,-2 Not Applicable,0,0 No Xing Facility In 50m,1 Daylight,1 Fine,1 Road-Dry,0 None,0 None,526580,184830,-0.175842,51.548176,,,Unknown,"(51.548176, -0.175842)",http://opendatacommunities.org/id/london-borough-council/camden,4904,21/12/2020 02:48:36 PM
1180125166,CAMDEN,1 Driver/Rider,1 Male,16-24,22,1,3 Slight,-2 Unknown,-2 N/A,3 Powered 2 Wheeler,BOUNDARY ROAD J/W ABBEY ROAD,2,04/08/2018 05:35:00 PM,Saturday,17.35,3 Bor,B,507,6 Single Cwy,1 <= 20 MPH,6 Crossroads,4 Give Way/Uncontrolled,B,507,1 Zebra,1 Daylight,1 Fine,3 Road-Snow,0 None,0 None,525990,183670,-0.184762,51.537883,,,Unknown,"(51.537883, -0.184762)",http://opendatacommunities.org/id/london-borough-council/camden,8223,21/12/2020 02:48:42 PM
0116TD00029,CAMDEN,1 Driver/Rider,1 Male,25-59,30,1,1 Fatal,-2 Unknown,-2 N/A,3 Powered 2 Wheeler,"KENTISH TOWN ROAD, J/W FARRIER STREET",2,05/03/2016 08:17:00 PM,Saturday,20.17,3 Bor,A,400,6 Single Cwy,2 30 MPH,3 T/Stag Jun,4 Give Way/Uncontrolled,Unclassified,0,8 Central Refuge,2 Dark,9 Unknown,1 Road-Dry,0 None,0 None,528960,184390,-0.141698,51.543683,,,Unknown,"(51.543683, -0.141698)",http://opendatacommunities.org/id/london-borough-council/camden,6556,21/12/2020 02:48:39 PM
0116EK40602,CAMDEN,1 Driver/Rider,2 Female,25-59,48,1,3 Slight,-2 Unknown,-2 N/A,4 Car,LYNDHURST GARDENS J/W WEDDERBURN ROAD.,2,17/08/2016 12:50:00 PM,Wednesday,12.50,3 Bor,Unclassified,0,6 Single Cwy,2 30 MPH,6 Crossroads,4 Give Way/Uncontrolled,Unclassified,0,0 No Xing Facility In 50m,1 Daylight,1 Fine,1 Road-Dry,0 None,0 None,526880,185200,-0.171385,51.551434,,,Unknown,"(51.551434, -0.171385)",http://opendatacommunities.org/id/london-borough-council/camden,6484,21/12/2020 02:48:39 PM
0115EK41116,CAMDEN,3 Pedestrian,1 Male,60+,80,1,3 Slight,05 Crossing Road (Not On Xing),1 From Drivers N/Side,1 Pedestrian,DYNHAM ROAD J/W WEST END LANE.,1,12/12/2015 11:48:00 PM,Saturday,23.48,3 Bor,Unclassified,0,6 Single Cwy,2 30 MPH,3 T/Stag Jun,4 Give Way/Uncontrolled,B,510,0 No Xing Facility In 50m,2 Dark,1 Fine,1 Road-Dry,0 None,0 None,525410,184320,-0.192889,51.543853,,,Unknown,"(51.543853, -0.192889)",http://opendatacommunities.org/id/london-borough-council/camden,5527,21/12/2020 02:48:37 PM
1190178698,CAMDEN,1 DRIVER/RIDER,1 MALE,25-59,31,1,3 SLIGHT,'-2 NOT APPLICABLE,'-2 NOT APPLICABLE,2 PEDAL CYCLE,"On FINCHLEY ROAD, near the junction with FAIRFAX ROAD.",2,02/05/2019 05:38:00 PM,Thursday,17.38,1 TLRN,A,41,6 SINGLE CWY,30,03 T/STAG JUN,4 GIVE WAY/UNCONTROLLED,5,0,5 PEDN PHASE AT ATS,2 DAYLIGHT,8 OTHER,1 ROAD-DRY,0 NONE,0 NONE,526477,184538,-0.177432,51.545575,,,Unknown,"(51.545575, -0.177432)",http://opendatacommunities.org/id/london-borough-council/camden,8977,21/12/2020 02:48:44 PM
0115EK41092,CAMDEN,1 Driver/Rider,1 Male,25-59,40,1,3 Slight,-2 Unknown,-2 N/A,3 Powered 2 Wheeler,CAMDEN ROAD J/W ROCHESTER SQUARE,2,08/12/2015 02:20:00 PM,Tuesday,14.20,1 TLRN,A,503,6 Single Cwy,2 30 MPH,3 T/Stag Jun,4 Give Way/Uncontrolled,Unclassified,0,0 No Xing Facility In 50m,1 Daylight,1 Fine,1 Road-Dry,0 None,0 None,529320,184390,-0.13651,51.543601,,,Unknown,"(51.543601, -0.13651)",http://opendatacommunities.org/id/london-borough-council/camden,5497,21/12/2020 02:48:37 PM
1190204104,CAMDEN,2 PASSENGER,2 FEMALE,60+,70,4,3 SLIGHT,'-2 NOT APPLICABLE,'-2 NOT APPLICABLE,4 CAR,"On Vernon Place , near the junction with Southampton place.",3,08/09/2019 08:00:00 PM,Sunday,20.00,3 BOR,A,40,2 ONE-WAY ST,20,03 T/STAG JUN,4 GIVE WAY/UNCONTROLLED,5,0,4 PELICAN OR SIMILAR,1 DARK,1 FINE,1 ROAD-DRY,0 NONE,0 NONE,530372,181613,-0.122375,51.518403,,,Unknown,"(51.518403, -0.122375)",http://opendatacommunities.org/id/london-borough-council/camden,9346,21/12/2020 02:48:44 PM
1190187464,CAMDEN,1 DRIVER/RIDER,1 MALE,25-59,26,1,3 SLIGHT,'-2 NOT APPLICABLE,'-2 NOT APPLICABLE,3 POWERED 2 WHEELER,"On Willow Road, near the junction with WILLOW ROAD .",2,15/06/2019 07:05:00 PM,Saturday,19.05,3 BOR,6,0,2 ONE-WAY ST,30,06 CROSSROADS,4 GIVE WAY/UNCONTROLLED,6,0,0 NO XING FACILITY IN 50M,2 DAYLIGHT,2 RAINING,2 ROAD-WET,0 NONE,0 NONE,526640,185885,-0.174598,51.557644,,,Unknown,"(51.557644, -0.174598)",http://opendatacommunities.org/id/london-borough-council/camden,9099,21/12/2020 02:48:44 PM
0115EO49012,CAMDEN,3 Pedestrian,1 Male,16-24,17,1,3 Slight,01 Crossing Road On Ped Xing,2 From Drivers N/Side Msk,1 Pedestrian,YORK WAY J/W RUFFORD STREET,1,16/12/2015 09:40:00 AM,Wednesday,9.40,3 Bor,A,5200,6 Single Cwy,1 <= 20 MPH,3 T/Stag Jun,4 Give Way/Uncontrolled,Unclassified,0,1 Zebra,1 Daylight,1 Fine,1 Road-Dry,0 None,0 None,530250,183860,-0.123302,51.538624,,,Unknown,"(51.538624, -0.123302)",http://opendatacommunities.org/id/london-borough-council/camden,5610,21/12/2020 02:48:37 PM
1190184050,CAMDEN,1 DRIVER/RIDER,1 MALE,25-59,39,1,3 SLIGHT,'-2 NOT APPLICABLE,'-2 NOT APPLICABLE,3 POWERED 2 WHEELER,"On Finchley Road, near the junction with Blackburn Road.",2,29/05/2019 07:20:00 PM,Wednesday,19.20,1 TLRN,A,41,3 DUAL CWY,30,06 CROSSROADS,2 AUTO SIG,6,0,5 PEDN PHASE AT ATS,2 DAYLIGHT,1 FINE,1 ROAD-DRY,0 NONE,0 NONE,526228,184839,-0.180913,51.548335,,,Unknown,"(51.548335, -0.180913)",http://opendatacommunities.org/id/london-borough-council/camden,9051,21/12/2020 02:48:44 PM
1180099248,CAMDEN,3 Pedestrian,1 Male,25-59,27,1,2 Serious,05 Crossing Road (Not On Xing),3 From Drivers O/Side,1 Pedestrian,HAMPSTEAD ROAD J/W VARNDELL STREET,1,30/03/2018 06:59:00 PM,Friday,18.59,1 TLRN,A,400,6 Single Cwy,2 30 MPH,3 T/Stag Jun,4 Give Way/Uncontrolled,Unclassified,0,0 No Xing Facility In 50m,1 Daylight,1 Fine,2 Road-Wet,0 None,0 None,529210,182800,-0.138678,51.529337,,,Unknown,"(51.529337, -0.138678)",http://opendatacommunities.org/id/london-borough-council/camden,7858,21/12/2020 02:48:41 PM