Reference,London Borough Name,Casualty Class,Casualty Sex,Casualty Age Band,Casualty Age,Number Of Casualties,Casualty Severity,Pedestrian Location,Pedestrian Movement,Mode Of Travel,Attendant Location,Number Of Vehicles,Date,Day,Time,Highway,Road Class 1,Road Number 1,Road Type,Speed Limit,Junction Detail,Junction Control,Road Class 2,Road Number 2,Pedestrian Crossing,Light Condition Band,Weather,Road Surface,Special Conditions,Carriage Way Hazard,Easting,Northing,Longitude,Latitude,Ward Code,Ward Name,Spatial Accuracy,Location,Organisation URI,Socrata ID,Last Uploaded
1180137403,CAMDEN,1 Driver/Rider,1 Male,25-59,38,1,3 Slight,-2 Unknown,-2 N/A,5 Taxi,FITZJOHN'S AVENUE J/W NUTTLEY TERRACE,2,07/10/2018 10:40:00 AM,Sunday,10.40,3 Bor,B,511,3 Dual Cwy,1 <= 20 MPH,6 Crossroads,4 Give Way/Uncontrolled,Unclassified,0,1 Zebra,1 Daylight,1 Fine,1 Road-Dry,0 None,0 None,526570,184960,-0.17594,51.549346,,,Unknown,"(51.549346, -0.17594)",http://opendatacommunities.org/id/london-borough-council/camden,8393,21/12/2020 02:48:42 PM
1170031137,CAMDEN,3 Pedestrian,2 Female,25-59,41,1,3 Slight,09 In Road - Not Crossing,5 In Rd Not Crossing,1 Pedestrian,CUMBERLAND TERRACE J/W OUTER CIRCLE,2,09/04/2017 01:30:00 PM,Sunday,13.30,3 Bor,Unclassified,0,2 One-Way St,1 <= 20 MPH,3 T/Stag Jun,4 Give Way/Uncontrolled,Unclassified,0,0 No Xing Facility In 50m,1 Daylight,1 Fine,1 Road-Dry,0 None,0 None,528610,183210,-0.147174,51.533158,,,Unknown,"(51.533158, -0.147174)",http://opendatacommunities.org/id/london-borough-council/camden,6866,21/12/2020 02:48:39 PM
1190204104,CAMDEN,2 PASSENGER,2 FEMALE,0-15,11,4,3 SLIGHT,'-2 NOT APPLICABLE,'-2 NOT APPLICABLE,4 CAR,"On Vernon Place , near the junction with Southampton place.",3,08/09/2019 08:00:00 PM,Sunday,20.00,3 BOR,A,40,2 ONE-WAY ST,20,03 T/STAG JUN,4 GIVE WAY/UNCONTROLLED,5,0,4 PELICAN OR SIMILAR,1 DARK,1 FINE,1 ROAD-DRY,0 NONE,0 NONE,530372,181613,-0.122375,51.518403,,,Unknown,"(51.518403, -0.122375)",http://opendatacommunities.org/id/london-borough-council/camden,9347,21/12/2020 02:48:44 PM
0115EK41028,CAMDEN,1 Driver/Rider,2 Female,25-59,27,1,3 Slight,-2 Unknown,-2 N/A,2 Pedal Cycle,"NFL - KENTISH TOWN ROAD, 30 METRES NORTH OF PRINCE OF WALES ROAD.",2,19/11/2015 09:53:00 PM,Thursday,21.53,3 Bor,A,400,3 Dual Cwy,2 30 MPH,0 No Jun In 20m,-2 Not Applicable,-2 Not Applicable,0,5 Pedn Phase At Ats,2 Dark,1 Fine,1 Road-Dry,0 None,0 None,528950,184730,-0.141718,51.546741,,,Unknown,"(51.546741, -0.141718)",http://opendatacommunities.org/id/london-borough-council/camden,5448,21/12/2020 02:48:37 PM
1170070936,CAMDEN,3 Pedestrian,1 Male,16-24,22,1,2 Serious,01 Crossing Road On Ped Xing,1 From Drivers N/Side,1 Pedestrian,KINGSWAY J/W KEELEY STREET,1,17/11/2017 11:00:00 PM,Friday,23.00,3 Bor,A,4200,3 Dual Cwy,1 <= 20 MPH,3 T/Stag Jun,2 Auto Sig,Unclassified,0,4 Pelican Or Similar,2 Dark,1 Fine,1 Road-Dry,0 None,0 None,530610,181270,-0.119074,51.515265,,,Unknown,"(51.515265, -0.119074)",http://opendatacommunities.org/id/london-borough-council/camden,7521,21/12/2020 02:48:41 PM
1190202222,CAMDEN,1 DRIVER/RIDER,2 FEMALE,25-59,46,1,3 SLIGHT,'-2 NOT APPLICABLE,'-2 NOT APPLICABLE,3 POWERED 2 WHEELER,"On Crowndale Road, near the junction with Oakley Square.",2,29/08/2019 08:50:00 PM,Thursday,20.50,1 TLRN,B,512,2 ONE-WAY ST,20,06 CROSSROADS,2 AUTO SIG,A,400,4 PELICAN OR SIMILAR,1 DARK,1 FINE,1 ROAD-DRY,0 NONE,0 NONE,529415,183456,-0.135484,51.535185,,,Unknown,"(51.535185, -0.135484)",http://opendatacommunities.org/id/london-borough-council/camden,9311,21/12/2020 02:48:44 PM
1180084429,CAMDEN,3 Pedestrian,2 Female,25-59,31,1,3 Slight,04 Crossing Road Within 50m Xing,4 From Drivers O/Side Msk,1 Pedestrian,NFL HILLGROVE ROAD JW LOUDON ROAD,1,18/01/2018 03:40:00 PM,Thursday,15.40,3 Bor,B,509,6 Single Cwy,1 <= 20 MPH,1 Roundabout,4 Give Way/Uncontrolled,C,0,1 Zebra,1 Daylight,1 Fine,1 Road-Dry,0 None,0 None,526353,184108,-0.179374,51.541738,,,Unknown,"(51.541738, -0.179374)",http://opendatacommunities.org/id/london-borough-council/camden,7680,21/12/2020 02:48:41 PM
1170037949,CAMDEN,1 Driver/Rider,1 Male,25-59,29,1,3 Slight,-2 Unknown,-2 N/A,3 Powered 2 Wheeler,CAMDEN STREET 90M S OF J/W PLENDER STREET,2,16/05/2017 11:30:00 AM,Tuesday,11.30,1 TLRN,A,400,6 Single Cwy,1 <= 20 MPH,0 No Jun In 20m,-2 Not Applicable,-2 Not Applicable,0,4 Pelican Or Similar,1 Daylight,1 Fine,1 Road-Dry,9 Unknown (S/R),9 Unknown (S/R),529190,183870,-0.138574,51.538958,,,Unknown,"(51.538958, -0.138574)",http://opendatacommunities.org/id/london-borough-council/camden,6970,21/12/2020 02:48:39 PM
0115EK40718,CAMDEN,1 Driver/Rider,1 Male,25-59,39,1,3 Slight,-2 Unknown,-2 N/A,3 Powered 2 Wheeler,MALDEN ROAD J/W PRINCE OF WALES ROAD,2,17/08/2015 09:50:00 AM,Monday,9.50,3 Bor,B,517,6 Single Cwy,2 30 MPH,6 Crossroads,2 Auto Sig,C,0,5 Pedn Phase At Ats,1 Daylight,1 Fine,1 Road-Dry,0 None,0 None,528320,184620,-0.150838,51.545896,,,Unknown,"(51.545896, -0.150838)",http://opendatacommunities.org/id/london-borough-council/camden,5189,21/12/2020 02:48:37 PM
1190221968,CAMDEN,2 PASSENGER,2 FEMALE,25-59,39,1,3 SLIGHT,'-2 NOT APPLICABLE,'-2 NOT APPLICABLE,6 BUS OR COACH,"On New Oxford Street, 100 metres east of the junction with Bloomsbury Street WC1.. The nearest classified road was the A400. The nearest classified road was the A400",1,01/12/2019 10:10:00 AM,Sunday,10.10,3 BOR,A,40,6 SINGLE CWY,20,00 NO JUN IN 20M,,0,0,0 NO XING FACILITY IN 50M,2 DAYLIGHT,1 FINE,1 ROAD-DRY,0 NONE,0 NONE,529968,181417,-0.128267,51.516734,,,Unknown,"(51.516734, -0.128267)",http://opendatacommunities.org/id/london-borough-council/camden,9565,21/12/2020 02:48:45 PM
1190204354,CAMDEN,1 DRIVER/RIDER,2 FEMALE,25-59,38,1,3 SLIGHT,'-2 NOT APPLICABLE,'-2 NOT APPLICABLE,4 CAR,"On Weedington Road, near the junction with Vicar's Road.",2,07/09/2019 07:45:00 PM,Saturday,19.45,3 BOR,6,0,9 UNKNOWN,20,99 UNKNOWN (S/R),9 UNKNOWN (S/R),6,0,0 NO XING FACILITY IN 50M,2 DAYLIGHT,1 FINE,1 ROAD-DRY,0 NONE,0 NONE,528295,185126,-0.151014,51.550449,,,Unknown,"(51.550449, -0.151014)",http://opendatacommunities.org/id/london-borough-council/camden,9353,21/12/2020 02:48:44 PM
1160008455,CAMDEN,1 Driver/Rider,1 Male,25-59,36,1,3 Slight,-2 Unknown,-2 N/A,3 Powered 2 Wheeler,CAVERSHAM ROAD 20M E OF J/W HAMMOND STREET,1,22/12/2016 09:00:00 PM,Thursday,21.00,3 Bor,Unclassified,0,6 Single Cwy,1 <= 20 MPH,6 Crossroads,4 Give Way/Uncontrolled,Unclassified,0,0 No Xing Facility In 50m,2 Dark,1 Fine,1 Road-Dry,0 None,0 None,529200,184940,-0.138037,51.548571,,,Unknown,"(51.548571, -0.138037)",http://opendatacommunities.org/id/london-borough-council/camden,5799,21/12/2020 02:48:37 PM
1170069340,CAMDEN,3 Pedestrian,1 Male,25-59,27,1,3 Slight,01 Crossing Road On Ped Xing,9 Unknown Or Other,1 Pedestrian,HAMPSTEAD ROAD 25M S OF J/W MORNINGTON CRESCENT,1,03/11/2017 06:15:00 PM,Friday,18.15,1 TLRN,A,400,6 Single Cwy,2 30 MPH,0 No Jun In 20m,-2 Not Applicable,-2 Not Applicable,0,4 Pelican Or Similar,2 Dark,1 Fine,1 Road-Dry,9 Unknown (S/R),9 Unknown (S/R),529160,183330,-0.139204,51.534111,,,Unknown,"(51.534111, -0.139204)",http://opendatacommunities.org/id/london-borough-council/camden,7501,21/12/2020 02:48:41 PM
0115EK41060,CAMDEN,1 Driver/Rider,1 Male,25-59,28,1,3 Slight,-2 Unknown,-2 N/A,3 Powered 2 Wheeler,TOTTENHAM COURT ROAD J/W WARREN STREET.,2,29/11/2015 03:35:00 AM,Sunday,3.35,3 Bor,A,400,2 One-Way St,2 30 MPH,3 T/Stag Jun,4 Give Way/Uncontrolled,Unclassified,0,5 Pedn Phase At Ats,2 Dark,1 Fine,1 Road-Dry,0 None,0 None,529280,182260,-0.137868,51.524468,,,Unknown,"(51.524468, -0.137868)",http://opendatacommunities.org/id/london-borough-council/camden,5474,21/12/2020 02:48:37 PM
1170074978,CAMDEN,1 Driver/Rider,1 Male,25-59,25,1,3 Slight,-2 Unknown,-2 N/A,4 Car,HAVERSTOCK HILL 22M N OF J/W STEELE'S ROAD,3,03/12/2017 06:00:00 AM,Sunday,6.00,3 Bor,A,502,6 Single Cwy,1 <= 20 MPH,0 No Jun In 20m,-2 Not Applicable,-2 Not Applicable,0,0 No Xing Facility In 50m,1 Daylight,2 Raining,2 Road-Wet,0 None,0 None,527800,184670,-0.158315,51.546463,,,Unknown,"(51.546463, -0.158315)",http://opendatacommunities.org/id/london-borough-council/camden,7578,21/12/2020 02:48:41 PM
1180092668,CAMDEN,1 Driver/Rider,2 Female,25-59,40,1,3 Slight,-2 Unknown,-2 N/A,4 Car,MINSTER ROAD J/W MINSTER ROAD,2,26/02/2018 01:10:00 PM,Monday,13.10,3 Bor,Unclassified,0,6 Single Cwy,1 <= 20 MPH,6 Crossroads,3 Stop Sign,Unclassified,0,8 Central Refuge,1 Daylight,1 Fine,1 Road-Dry,0 None,0 None,524600,185320,-0.20421,51.55302,,,Unknown,"(51.55302, -0.20421)",http://opendatacommunities.org/id/london-borough-council/camden,7777,21/12/2020 02:48:41 PM
1170046540,CAMDEN,1 Driver/Rider,1 Male,25-59,25,1,3 Slight,-2 Unknown,-2 N/A,3 Powered 2 Wheeler,CHALK FARM ROAD J/W HARMOON ROAD,2,04/07/2017 05:11:00 PM,Tuesday,17.11,3 Bor,A,502,6 Single Cwy,1 <= 20 MPH,3 T/Stag Jun,4 Give Way/Uncontrolled,Unclassified,0,1 Zebra,1 Daylight,1 Fine,1 Road-Dry,0 None,0 None,528520,184260,-0.148087,51.542615,,,Unknown,"(51.542615, -0.148087)",http://opendatacommunities.org/id/london-borough-council/camden,7116,21/12/2020 02:48:40 PM
1160025062,CAMDEN,1 Driver/Rider,1 Male,16-24,19,1,3 Slight,-2 Unknown,-2 N/A,3 Powered 2 Wheeler,WEST END LANE J/W LYMINGTON ROAD,2,30/10/2016 07:40:00 PM,Sunday,19.40,3 Bor,B,510,6 Single Cwy,2 30 MPH,3 T/Stag Jun,4 Give Way/Uncontrolled,Unclassified,0,0 No Xing Facility In 50m,2 Dark,1 Fine,1 Road-Dry,0 None,0 None,525490,184930,-0.191518,51.549318,,,Unknown,"(51.549318, -0.191518)",http://opendatacommunities.org/id/london-borough-council/camden,5945,21/12/2020 02:48:38 PM
1180135674,CAMDEN,1 Driver/Rider,1 Male,25-59,39,1,3 Slight,-2 Unknown,-2 N/A,4 Car,FINCHLEY ROAD J/W LANGLAND GARDENS NW3,2,28/09/2018 07:19:00 PM,Friday,19.19,1 TLRN,A,41,3 Dual Cwy,2 30 MPH,9 Other Jun,4 Give Way/Uncontrolled,Unclassified,0,8 Central Refuge,2 Dark,4 Fine/High Winds,1 Road-Dry,0 None,0 None,525900,185230,-0.185501,51.551923,,,Unknown,"(51.551923, -0.185501)",http://opendatacommunities.org/id/london-borough-council/camden,8364,21/12/2020 02:48:42 PM
1180141722,CAMDEN,2 Passenger,2 Female,60+,71,1,3 Slight,-2 Unknown,-2 N/A,6 Bus Or Coach,ABBEY ROAD 30M S OF J/W BELSIZE ROAD,1,27/10/2018 09:06:00 PM,Saturday,21.06,3 Bor,B,507,3 Dual Cwy,1 <= 20 MPH,0 No Jun In 20m,-2 Not Applicable,-2 Not Applicable,0,1 Zebra,1 Daylight,1 Fine,1 Road-Dry,0 None,0 None,525828,183853,-0.187031,51.539563,,,Unknown,"(51.539563, -0.187031)",http://opendatacommunities.org/id/london-borough-council/camden,8476,21/12/2020 02:48:43 PM
1160012770,CAMDEN,1 Driver/Rider,1 Male,25-59,55,1,3 Slight,-2 Unknown,-2 N/A,4 Car,"ON TAVISTOCK SQUARE, NEAR THE JUNCTION WITH TAVISTOCK PLACE .",2,20/09/2016 05:20:00 AM,Tuesday,5.20,3 Bor,A,4200,6 Single Cwy,2 30 MPH,6 Crossroads,2 Auto Sig,C,0,5 Pedn Phase At Ats,2 Dark,1 Fine,1 Road-Dry,0 None,0 None,529960,182320,-0.128049,51.524851,,,Unknown,"(51.524851, -0.128049)",http://opendatacommunities.org/id/london-borough-council/camden,5859,21/12/2020 02:48:38 PM
1170018384,CAMDEN,2 Passenger,2 Female,25-59,27,1,3 Slight,-2 Unknown,-2 N/A,4 Car,EUSTON ROAD J/W CHURCHWAY,2,14/02/2017 09:00:00 PM,Tuesday,21.00,1 TLRN,A,501,6 Single Cwy,2 30 MPH,6 Crossroads,2 Auto Sig,Unclassified,0,0 No Xing Facility In 50m,2 Dark,1 Fine,1 Road-Dry,0 None,0 None,529850,182640,-0.129516,51.527752,,,Unknown,"(51.527752, -0.129516)",http://opendatacommunities.org/id/london-borough-council/camden,6674,21/12/2020 02:48:39 PM
1180081025,CAMDEN,2 Passenger,1 Male,25-59,40,1,3 Slight,-2 Unknown,-2 N/A,4 Car,THEOBALDS ROAD J/W RED LION STREET,2,01/01/2018 12:45:00 PM,Monday,12.45,3 Bor,A,401,6 Single Cwy,1 <= 20 MPH,6 Crossroads,2 Auto Sig,C,0,4 Pelican Or Similar,1 Daylight,1 Fine,1 Road-Dry,0 None,0 None,530690,181840,-0.117711,51.520369,,,Unknown,"(51.520369, -0.117711)",http://opendatacommunities.org/id/london-borough-council/camden,7644,21/12/2020 02:48:41 PM
1170038556,CAMDEN,1 Driver/Rider,1 Male,25-59,31,1,3 Slight,-2 Unknown,-2 N/A,2 Pedal Cycle,CAMDEN ROAD 25M N OF J/W CAMDEN PARK ROAD,1,19/05/2017 06:32:00 PM,Friday,18.32,1 TLRN,A,503,6 Single Cwy,2 30 MPH,0 No Jun In 20m,-2 Not Applicable,-2 Not Applicable,0,5 Pedn Phase At Ats,1 Daylight,8 Other,2 Road-Wet,0 None,0 None,529720,184860,-0.130572,51.547733,,,Unknown,"(51.547733, -0.130572)",http://opendatacommunities.org/id/london-borough-council/camden,6984,21/12/2020 02:48:39 PM
1190201467,CAMDEN,2 PASSENGER,2 FEMALE,0-15,15,3,3 SLIGHT,'-2 NOT APPLICABLE,'-2 NOT APPLICABLE,4 CAR,"On Camden Street, near the junction with Kentish Town Road.",2,25/08/2019 04:34:00 PM,Sunday,16.34,3 BOR,A,400,3 DUAL CWY,20,06 CROSSROADS,2 AUTO SIG,A,400,5 PEDN PHASE AT ATS,2 DAYLIGHT,1 FINE,1 ROAD-DRY,0 NONE,0 NONE,528953,184278,-0.14184,51.542678,,,Unknown,"(51.542678, -0.14184)",http://opendatacommunities.org/id/london-borough-council/camden,9302,21/12/2020 02:48:44 PM
1170058090,CAMDEN,1 Driver/Rider,1 Male,25-59,45,1,3 Slight,-2 Unknown,-2 N/A,4 Car,CAMDEN ROAD J/W N/A,2,09/09/2017 12:40:00 PM,Saturday,12.40,1 TLRN,A,503,6 Single Cwy,1 <= 20 MPH,8 Priv Drive,4 Give Way/Uncontrolled,Unclassified,0,0 No Xing Facility In 50m,1 Daylight,1 Fine,1 Road-Dry,0 None,0 None,529490,184590,-0.133986,51.545359,,,Unknown,"(51.545359, -0.133986)",http://opendatacommunities.org/id/london-borough-council/camden,7310,21/12/2020 02:48:40 PM
1170031185,CAMDEN,2 Passenger,1 Male,Unknown,0,1,3 Slight,-2 Unknown,-2 N/A,4 Car,YORK WAY J/W GOODS WAY,2,08/04/2017 08:00:00 PM,Saturday,20.00,3 Bor,A,5200,6 Single Cwy,1 <= 20 MPH,3 T/Stag Jun,2 Auto Sig,C,0,5 Pedn Phase At Ats,1 Daylight,1 Fine,1 Road-Dry,0 None,0 None,530330,183460,-0.122297,51.535011,,,Unknown,"(51.535011, -0.122297)",http://opendatacommunities.org/id/london-borough-council/camden,6871,21/12/2020 02:48:39 PM
1190156361,CAMDEN,1 DRIVER/RIDER,1 MALE,25-59,29,1,2 SERIOUS,'-2 NOT APPLICABLE,'-2 NOT APPLICABLE,3 POWERED 2 WHEELER,"On Crossfield Road, near the junction with Lancaster Grove.",2,08/01/2019 03:52:00 PM,Tuesday,15.52,3 BOR,6,0,6 SINGLE CWY,20,03 T/STAG JUN,4 GIVE WAY/UNCONTROLLED,6,0,0 NO XING FACILITY IN 50M,2 DAYLIGHT,1 FINE,1 ROAD-DRY,0 NONE,0 NONE,526887,184630,-0.171489,51.546309,,,Unknown,"(51.546309, -0.171489)",http://opendatacommunities.org/id/london-borough-council/camden,8674,21/12/2020 02:48:43 PM
0115EK40767,CAMDEN,3 Pedestrian,2 Female,60+,68,1,3 Slight,04 Crossing Road Within 50m Xing,4 From Drivers O/Side Msk,1 Pedestrian,KENTISH TOWN ROAD J/W BARTHOLOMEW ROAD.,1,01/09/2015 11:56:00 AM,Tuesday,11.56,3 Bor,A,400,6 Single Cwy,1 <= 20 MPH,6 Crossroads,4 Give Way/Uncontrolled,Unclassified,0,1 Zebra,1 Daylight,1 Fine,1 Road-Dry,0 None,0 None,528950,184620,-0.141758,51.545752,,,Unknown,"(51.545752, -0.141758)",http://opendatacommunities.org/id/london-borough-council/camden,5236,21/12/2020 02:48:37 PM
1190176270,CAMDEN,1 DRIVER/RIDER,1 MALE,16-24,22,1,2 SERIOUS,'-2 NOT APPLICABLE,'-2 NOT APPLICABLE,2 PEDAL CYCLE,"On Swain's Lane, 24 metres east of the junction with Highgate West Hill.",2,21/04/2019 06:43:00 PM,Sunday,18.43,3 BOR,6,0,7 SLIP RD,20,00 NO JUN IN 20M,,0,0,1 ZEBRA,2 DAYLIGHT,1 FINE,1 ROAD-DRY,0 NONE,0 NONE,528307,186375,-0.150386,51.561671,,,Unknown,"(51.561671, -0.150386)",http://opendatacommunities.org/id/london-borough-council/camden,8938,21/12/2020 02:48:44 PM
1170013443,CAMDEN,1 Driver/Rider,1 Male,16-24,17,1,3 Slight,-2 Unknown,-2 N/A,3 Powered 2 Wheeler,PRINCE OF WALES ROAD J/W CROGSLAND ROAD,2,21/01/2017 09:40:00 PM,Saturday,21.40,3 Bor,C,0,6 Single Cwy,1 <= 20 MPH,3 T/Stag Jun,4 Give Way/Uncontrolled,Unclassified,0,1 Zebra,2 Dark,1 Fine,1 Road-Dry,0 None,0 None,528210,184610,-0.152428,51.545831,,,Unknown,"(51.545831, -0.152428)",http://opendatacommunities.org/id/london-borough-council/camden,6605,21/12/2020 02:48:39 PM
1190167778,CAMDEN,1 DRIVER/RIDER,1 MALE,25-59,30,1,3 SLIGHT,'-2 NOT APPLICABLE,'-2 NOT APPLICABLE,4 CAR,"On Parkway, near the junction with Arlington Road.",2,26/02/2019 01:40:00 PM,Tuesday,13.40,3 BOR,A,4201,6 SINGLE CWY,30,09 OTHER JUN,2 AUTO SIG,6,0,0 NO XING FACILITY IN 50M,2 DAYLIGHT,1 FINE,1 ROAD-DRY,0 NONE,0 NONE,528792,183777,-0.144344,51.538213,,,Unknown,"(51.538213, -0.144344)",http://opendatacommunities.org/id/london-borough-council/camden,8828,21/12/2020 02:48:43 PM
1180106234,CAMDEN,1 Driver/Rider,1 Male,25-59,30,1,2 Serious,-2 Unknown,-2 N/A,2 Pedal Cycle,HILGROVE ROAD 50M S OF J/W FINCHLEY ROAD THE NEAREST CLASSIFIED RO,2,06/05/2018 05:10:00 PM,Sunday,17.10,3 Bor,B,509,6 Single Cwy,1 <= 20 MPH,0 No Jun In 20m,-2 Not Applicable,-2 Not Applicable,0,0 No Xing Facility In 50m,1 Daylight,1 Fine,1 Road-Dry,0 None,1 Vehicle Load In Cwy,526490,184130,-0.177391,51.541905,,,Unknown,"(51.541905, -0.177391)",http://opendatacommunities.org/id/london-borough-council/camden,7965,21/12/2020 02:48:42 PM
1170074543,CAMDEN,3 Pedestrian,1 Male,60+,86,1,3 Slight,04 Crossing Road Within 50m Xing,1 From Drivers N/Side,1 Pedestrian,CAMDEN ROAD 20M W OF J/W CAMDEN STREET NW1,1,01/12/2017 08:25:00 AM,Friday,8.25,1 TLRN,A,503,6 Single Cwy,1 <= 20 MPH,6 Crossroads,2 Auto Sig,A,400,4 Pelican Or Similar,1 Daylight,1 Fine,1 Road-Dry,0 None,0 None,529060,184020,-0.140393,51.540335,,,Unknown,"(51.540335, -0.140393)",http://opendatacommunities.org/id/london-borough-council/camden,7568,21/12/2020 02:48:41 PM
0116EK40333,CAMDEN,1 Driver/Rider,1 Male,16-24,24,1,3 Slight,-2 Unknown,-2 N/A,2 Pedal Cycle,CAMDEN PARK RD J/W CAMDEN RD,2,12/05/2016 05:45:00 PM,Thursday,17.45,1 TLRN,A,5200,6 Single Cwy,2 30 MPH,6 Crossroads,2 Auto Sig,A,503,5 Pedn Phase At Ats,1 Daylight,1 Fine,1 Road-Dry,0 None,0 None,529740,184850,-0.130287,51.547639,,,Unknown,"(51.547639, -0.130287)",http://opendatacommunities.org/id/london-borough-council/camden,6265,21/12/2020 02:48:38 PM
1190181654,CAMDEN,1 DRIVER/RIDER,1 MALE,0-15,15,1,3 SLIGHT,'-2 NOT APPLICABLE,'-2 NOT APPLICABLE,2 PEDAL CYCLE,"On Pancras Road, 25 metres north of the junction with Euston Road.. The nearest classified road was the A501. The nearest classified road was the A501",2,18/05/2019 09:59:00 AM,Saturday,9.59,3 BOR,A,5202,3 DUAL CWY,20,00 NO JUN IN 20M,,0,0,4 PELICAN OR SIMILAR,2 DAYLIGHT,1 FINE,1 ROAD-DRY,0 NONE,0 NONE,530103,183118,-0.125695,51.53199,,,Unknown,"(51.53199, -0.125695)",http://opendatacommunities.org/id/london-borough-council/camden,9017,21/12/2020 02:48:44 PM
1190179023,CAMDEN,2 PASSENGER,2 FEMALE,60+,72,2,3 SLIGHT,'-2 NOT APPLICABLE,'-2 NOT APPLICABLE,4 CAR,"On Finchley Road, 100 metres north of the junction with Lymington Road.",4,05/05/2019 01:10:00 PM,Sunday,13.10,1 TLRN,A,41,6 SINGLE CWY,30,00 NO JUN IN 20M,,0,0,0 NO XING FACILITY IN 50M,2 DAYLIGHT,1 FINE,1 ROAD-DRY,0 NONE,0 NONE,525950,185122,-0.184819,51.550941,,,Unknown,"(51.550941, -0.184819)",http://opendatacommunities.org/id/london-borough-council/camden,8981,21/12/2020 02:48:44 PM
1190174962,CAMDEN,3 PEDESTRIAN,2 FEMALE,25-59,36,1,3 SLIGHT,01 CROSSING ROAD ON PED XING,1 FROM DRIVERS N/SIDE,1 PEDESTRIAN,"On Finchley Road, near the junction with BLACKBURN ROAD,NW3.",1,13/04/2019 05:15:00 PM,Saturday,17.15,1 TLRN,A,41,3 DUAL CWY,30,03 T/STAG JUN,2 AUTO SIG,6,0,5 PEDN PHASE AT ATS,2 DAYLIGHT,1 FINE,1 ROAD-DRY,0 NONE,0 NONE,526249,184781,-0.180631,51.547809,,,Unknown,"(51.547809, -0.180631)",http://opendatacommunities.org/id/london-borough-council/camden,8924,21/12/2020 02:48:44 PM
0115EK40722,CAMDEN,1 Driver/Rider,1 Male,25-59,35,1,3 Slight,-2 Unknown,-2 N/A,3 Powered 2 Wheeler,LIDLINGTON PLACE 25M SW OF EVERSHOLT STREET,2,06/08/2015 09:26:00 AM,Thursday,9.26,1 TLRN,A,400,6 Single Cwy,2 30 MPH,0 No Jun In 20m,-2 Not Applicable,-2 Not Applicable,0,0 No Xing Facility In 50m,1 Daylight,1 Fine,1 Road-Dry,0 None,0 None,529290,183200,-0.137379,51.532913,,,Unknown,"(51.532913, -0.137379)",http://opendatacommunities.org/id/london-borough-council/camden,5193,21/12/2020 02:48:37 PM
1180136891,CAMDEN,1 Driver/Rider,1 Male,25-59,55,1,2 Serious,-2 Unknown,-2 N/A,3 Powered 2 Wheeler,EUSTON ROAD 300M E OF J/W HAMPSTEAD ROAD THE NEAREST CLASSIFIED RO,4,04/10/2018 04:10:00 PM,Thursday,16.10,1 TLRN,A,501,3 Dual Cwy,2 30 MPH,0 No Jun In 20m,-2 Not Applicable,-2 Not Applicable,0,5 Pedn Phase At Ats,2 Dark,1 Fine,1 Road-Dry,0 None,0 None,529050,182230,-0.141192,51.524251,,,Unknown,"(51.524251, -0.141192)",http://opendatacommunities.org/id/london-borough-council/camden,8378,21/12/2020 02:48:42 PM
0115EK41166,CAMDEN,2 Passenger,2 Female,Unknown,0,1,3 Slight,-2 Unknown,-2 N/A,6 Bus Or Coach,NEW OXFORD STREET 22M E OF BLOOMSBURY STREET,1,27/12/2015 12:41:00 PM,Sunday,12.41,3 Bor,A,40,6 Single Cwy,1 <= 20 MPH,0 No Jun In 20m,-2 Not Applicable,-2 Not Applicable,0,0 No Xing Facility In 50m,1 Daylight,1 Fine,1 Road-Dry,0 None,0 None,530080,181440,-0.126645,51.516915,,,Unknown,"(51.516915, -0.126645)",http://opendatacommunities.org/id/london-borough-council/camden,5566,21/12/2020 02:48:37 PM
1170049582,CAMDEN,1 Driver/Rider,2 Female,25-59,50,1,3 Slight,-2 Unknown,-2 N/A,3 Powered 2 Wheeler,CAMDEN ROAD 20M SW OF J/W CAMDEN STREET,1,20/07/2017 06:43:00 PM,Thursday,18.43,1 TLRN,A,503,2 One-Way St,1 <= 20 MPH,3 T/Stag Jun,4 Give Way/Uncontrolled,A,400,1 Zebra,1 Daylight,1 Fine,1 Road-Dry,0 None,0 None,529067,184020,-0.140292,51.540334,,,Unknown,"(51.540334, -0.140292)",http://opendatacommunities.org/id/london-borough-council/camden,7170,21/12/2020 02:48:40 PM
1170055157,CAMDEN,1 Driver/Rider,1 Male,60+,62,1,3 Slight,-2 Unknown,-2 N/A,2 Pedal Cycle,FROGNAL LANE J/W LANGLAND GARDENS,2,20/08/2017 12:55:00 PM,Sunday,12.55,3 Bor,Unclassified,0,6 Single Cwy,2 30 MPH,3 T/Stag Jun,4 Give Way/Uncontrolled,Unclassified,0,0 No Xing Facility In 50m,1 Daylight,1 Fine,1 Road-Dry,0 None,0 None,525690,185460,-0.188446,51.554036,,,Unknown,"(51.554036, -0.188446)",http://opendatacommunities.org/id/london-borough-council/camden,7261,21/12/2020 02:48:40 PM