Reference,London Borough Name,Casualty Class,Casualty Sex,Casualty Age Band,Casualty Age,Number Of Casualties,Casualty Severity,Pedestrian Location,Pedestrian Movement,Mode Of Travel,Attendant Location,Number Of Vehicles,Date,Day,Time,Highway,Road Class 1,Road Number 1,Road Type,Speed Limit,Junction Detail,Junction Control,Road Class 2,Road Number 2,Pedestrian Crossing,Light Condition Band,Weather,Road Surface,Special Conditions,Carriage Way Hazard,Easting,Northing,Longitude,Latitude,Ward Code,Ward Name,Spatial Accuracy,Location,Organisation URI,Socrata ID,Last Uploaded
1180145653,CAMDEN,1 Driver/Rider,1 Male,25-59,50,1,3 Slight,-2 Unknown,-2 N/A,3 Powered 2 Wheeler,EUSTON SQUARE J/W MELTON STREET,1,14/11/2018 05:25:00 PM,Wednesday,17.25,1 TLRN,A,501,6 Single Cwy,2 30 MPH,9 Other Jun,4 Give Way/Uncontrolled,Unclassified,0,5 Pedn Phase At Ats,1 Daylight,1 Fine,1 Road-Dry,0 None,0 None,529530,182460,-0.134193,51.526208,,,Unknown,"(51.526208, -0.134193)",http://opendatacommunities.org/id/london-borough-council/camden,8522,21/12/2020 02:48:43 PM
1180098311,CAMDEN,2 Passenger,1 Male,16-24,17,1,3 Slight,-2 Unknown,-2 N/A,3 Powered 2 Wheeler,RAYDON STREET J/W BALMORE STREET,2,26/03/2018 01:44:00 AM,Monday,1.44,3 Bor,Unclassified,0,2 One-Way St,2 30 MPH,3 T/Stag Jun,4 Give Way/Uncontrolled,Unclassified,0,0 No Xing Facility In 50m,2 Dark,1 Fine,1 Road-Dry,0 None,0 None,528870,186630,-0.142175,51.563834,,,Unknown,"(51.563834, -0.142175)",http://opendatacommunities.org/id/london-borough-council/camden,7842,21/12/2020 02:48:41 PM
1170027835,CAMDEN,2 Passenger,2 Female,25-59,31,1,3 Slight,-2 Unknown,-2 N/A,6 Bus Or Coach,BONNY STREET J/W BONNY STREET,1,25/03/2017 04:10:00 AM,Saturday,4.10,3 Bor,Unclassified,0,6 Single Cwy,1 <= 20 MPH,3 T/Stag Jun,4 Give Way/Uncontrolled,Unclassified,0,0 No Xing Facility In 50m,2 Dark,1 Fine,1 Road-Dry,0 None,0 None,529095,184174,-0.139832,51.541711,,,Unknown,"(51.541711, -0.139832)",http://opendatacommunities.org/id/london-borough-council/camden,6817,21/12/2020 02:48:39 PM
1180144489,CAMDEN,1 Driver/Rider,1 Male,16-24,24,1,3 Slight,-2 Unknown,-2 N/A,2 Pedal Cycle,CLERKENWELL ROAD 120M W OF J/W FARRINGDON ROAD THE NEAREST CLASSIF,2,09/11/2018 07:45:00 PM,Friday,19.45,3 Bor,A,5201,6 Single Cwy,1 <= 20 MPH,0 No Jun In 20m,-2 Not Applicable,-2 Not Applicable,0,5 Pedn Phase At Ats,2 Dark,2 Raining,2 Road-Wet,0 None,0 None,531300,182050,-0.108845,51.522115,,,Unknown,"(51.522115, -0.108845)",http://opendatacommunities.org/id/london-borough-council/camden,8506,21/12/2020 02:48:43 PM
1190204738,CAMDEN,2 PASSENGER,2 FEMALE,60+,82,1,3 SLIGHT,'-2 NOT APPLICABLE,'-2 NOT APPLICABLE,6 BUS OR COACH,"On Highgate Road (Stop KH), 37 metres south of the junction with Greenwood Place.",1,11/09/2019 05:50:00 PM,Wednesday,17.50,3 BOR,B,518,3 DUAL CWY,20,00 NO JUN IN 20M,,0,0,0 NO XING FACILITY IN 50M,2 DAYLIGHT,1 FINE,1 ROAD-DRY,0 NONE,0 NONE,528883,185423,-0.14243,51.552984,,,Unknown,"(51.552984, -0.14243)",http://opendatacommunities.org/id/london-borough-council/camden,9355,21/12/2020 02:48:44 PM
1180137072,CAMDEN,1 Driver/Rider,1 Male,25-59,39,1,3 Slight,-2 Unknown,-2 N/A,2 Pedal Cycle,STANHOPE STREET NW1 J/W WILLIAM ROAD,3,05/10/2018 03:47:00 PM,Friday,15.47,3 Bor,Unclassified,0,3 Dual Cwy,1 <= 20 MPH,5 Slip Road,4 Give Way/Uncontrolled,Unclassified,0,0 No Xing Facility In 50m,1 Daylight,1 Fine,1 Road-Dry,0 None,0 None,529060,182550,-0.140931,51.527125,,,Unknown,"(51.527125, -0.140931)",http://opendatacommunities.org/id/london-borough-council/camden,8385,21/12/2020 02:48:42 PM
1170047354,CAMDEN,2 Passenger,2 Female,16-24,21,1,3 Slight,-2 Unknown,-2 N/A,4 Car,MILL LANE J/W FORTUNE GREEN ROAD,2,08/07/2017 06:00:00 PM,Saturday,18.00,3 Bor,C,0,6 Single Cwy,1 <= 20 MPH,3 T/Stag Jun,4 Give Way/Uncontrolled,B,510,1 Zebra,1 Daylight,1 Fine,1 Road-Dry,0 None,0 None,525380,185250,-0.19299,51.552218,,,Unknown,"(51.552218, -0.19299)",http://opendatacommunities.org/id/london-borough-council/camden,7131,21/12/2020 02:48:40 PM
0115QK50230,CAMDEN,1 Driver/Rider,2 Female,25-59,38,1,3 Slight,-2 Unknown,-2 N/A,4 Car,"KILBURN HIGH ROAD, J/W QUEX ROAD",2,21/03/2015 09:30:00 PM,Saturday,21.30,3 Bor,A,5,6 Single Cwy,2 30 MPH,6 Crossroads,2 Auto Sig,B,510,5 Pedn Phase At Ats,2 Dark,1 Fine,1 Road-Dry,0 None,0 None,525240,183840,-0.19551,51.539577,,,Unknown,"(51.539577, -0.19551)",http://opendatacommunities.org/id/london-borough-council/camden,5617,21/12/2020 02:48:37 PM
0115EK40935,CAMDEN,1 Driver/Rider,1 Male,25-59,34,1,3 Slight,-2 Unknown,-2 N/A,2 Pedal Cycle,WEST END LANE J/W GASCONY AVENUE.,2,21/10/2015 04:30:00 PM,Wednesday,16.30,3 Bor,B,510,6 Single Cwy,2 30 MPH,3 T/Stag Jun,4 Give Way/Uncontrolled,Unclassified,0,0 No Xing Facility In 50m,2 Dark,1 Fine,1 Road-Dry,0 None,1 Vehicle Load In Cwy,525390,184160,-0.193234,51.54242,,,Unknown,"(51.54242, -0.193234)",http://opendatacommunities.org/id/london-borough-council/camden,5366,21/12/2020 02:48:37 PM
0115EK40205,CAMDEN,3 Pedestrian,1 Male,16-24,20,1,3 Slight,05 Crossing Road (Not On Xing),1 From Drivers N/Side,1 Pedestrian,CHARLOTTE STREET J/W RATHBONE STREET,1,16/03/2015 02:17:00 PM,Monday,14.17,3 Bor,Unclassified,0,6 Single Cwy,2 30 MPH,3 T/Stag Jun,4 Give Way/Uncontrolled,Unclassified,0,0 No Xing Facility In 50m,1 Daylight,1 Fine,1 Road-Dry,0 None,0 None,529530,181560,-0.134523,51.51812,,,Unknown,"(51.51812, -0.134523)",http://opendatacommunities.org/id/london-borough-council/camden,4740,21/12/2020 02:48:36 PM
1170030509,CAMDEN,1 Driver/Rider,1 Male,16-24,20,1,3 Slight,-2 Unknown,-2 N/A,3 Powered 2 Wheeler,GUILFORD STREET 5M W OF J/W GRAYS INN ROAD,2,04/04/2017 10:30:00 PM,Tuesday,22.30,3 Bor,B,502,6 Single Cwy,2 30 MPH,6 Crossroads,2 Auto Sig,A,5200,4 Pelican Or Similar,2 Dark,1 Fine,1 Road-Dry,0 None,0 None,530770,182270,-0.116399,51.524215,,,Unknown,"(51.524215, -0.116399)",http://opendatacommunities.org/id/london-borough-council/camden,6849,21/12/2020 02:48:39 PM
1190200497,CAMDEN,3 PEDESTRIAN,2 FEMALE,25-59,37,1,2 SERIOUS,04 CROSSING ROAD WITHIN 50M XING,'-2 NOT APPLICABLE,1 PEDESTRIAN,"On Tottenham Court Road, near the junction with Torrington Place.",1,20/08/2019 07:45:00 AM,Tuesday,7.45,3 BOR,A,400,6 SINGLE CWY,20,03 T/STAG JUN,2 AUTO SIG,5,0,5 PEDN PHASE AT ATS,2 DAYLIGHT,1 FINE,1 ROAD-DRY,0 NONE,0 NONE,529453,181957,-0.135487,51.521705,,,Unknown,"(51.521705, -0.135487)",http://opendatacommunities.org/id/london-borough-council/camden,9290,21/12/2020 02:48:44 PM
1170051452,CAMDEN,1 Driver/Rider,1 Male,25-59,31,1,3 Slight,-2 Unknown,-2 N/A,2 Pedal Cycle,HASTINGS STREET J/W HASTING STREET WC1,2,01/08/2017 07:50:00 AM,Tuesday,7.50,3 Bor,Unclassified,0,6 Single Cwy,1 <= 20 MPH,3 T/Stag Jun,4 Give Way/Uncontrolled,Unclassified,0,0 No Xing Facility In 50m,1 Daylight,1 Fine,1 Road-Dry,0 None,0 None,530010,182620,-0.127218,51.527536,,,Unknown,"(51.527536, -0.127218)",http://opendatacommunities.org/id/london-borough-council/camden,7208,21/12/2020 02:48:40 PM
1180082864,CAMDEN,1 Driver/Rider,1 Male,16-24,19,1,3 Slight,-2 Unknown,-2 N/A,3 Powered 2 Wheeler,ST PANCRAS WAY 15M W OF J/W ROYAL COLLEGE STREET,2,11/01/2018 09:30:00 AM,Thursday,9.30,3 Bor,A,5202,2 One-Way St,1 <= 20 MPH,3 T/Stag Jun,4 Give Way/Uncontrolled,A,5202,0 No Xing Facility In 50m,1 Daylight,1 Fine,2 Road-Wet,0 None,0 None,529100,184410,-0.139673,51.543831,,,Unknown,"(51.543831, -0.139673)",http://opendatacommunities.org/id/london-borough-council/camden,7658,21/12/2020 02:48:41 PM
1180102089,CAMDEN,1 Driver/Rider,1 Male,25-59,35,1,3 Slight,-2 Unknown,-2 N/A,2 Pedal Cycle,QUEEN'S GROVE 50M SW OF J/W AVENUE ROAD,2,10/04/2018 05:40:00 PM,Tuesday,17.40,3 Bor,Unclassified,0,6 Single Cwy,1 <= 20 MPH,0 No Jun In 20m,-2 Not Applicable,-2 Not Applicable,0,0 No Xing Facility In 50m,1 Daylight,1 Fine,1 Road-Dry,0 None,0 None,526950,183800,-0.170881,51.538836,,,Unknown,"(51.538836, -0.170881)",http://opendatacommunities.org/id/london-borough-council/camden,7896,21/12/2020 02:48:41 PM
1190161746,CAMDEN,3 PEDESTRIAN,1 MALE,25-59,57,1,1 FATAL,10 UNKNOWN OR OTHER,9 UNKNOWN OR OTHER,1 PEDESTRIAN,"On Camden Road, 25 metres west of the junction with Camden Street.. The nearest classified road was the A400",1,05/02/2019 10:06:00 PM,Tuesday,22.06,1 TLRN,A,503,3 DUAL CWY,20,00 NO JUN IN 20M,,0,0,5 PEDN PHASE AT ATS,1 DARK,2 RAINING,2 ROAD-WET,0 NONE,0 NONE,529057,184003,-0.140442,51.540183,,,Unknown,"(51.540183, -0.140442)",http://opendatacommunities.org/id/london-borough-council/camden,8760,21/12/2020 02:48:43 PM
1170049431,CAMDEN,3 Pedestrian,1 Male,Unknown,0,1,3 Slight,10 Unknown,9 Unknown Or Other,1 Pedestrian,GRAYS INN ROAD 25M E OF J/W MARGERY STREET THE NEAREST CLASSIFIED,1,30/06/2017 06:39:00 AM,Friday,6.39,3 Bor,A,5200,3 Dual Cwy,1 <= 20 MPH,0 No Jun In 20m,-2 Not Applicable,-2 Not Applicable,0,9 Unknown (S/R),1 Daylight,9 Unknown,1 Road-Dry,9 Unknown (S/R),9 Unknown (S/R),530790,182300,-0.1161,51.52448,,,Unknown,"(51.52448, -0.1161)",http://opendatacommunities.org/id/london-borough-council/camden,7166,21/12/2020 02:48:40 PM
1180156260,CAMDEN,3 Pedestrian,1 Male,25-59,33,1,3 Slight,10 Unknown,3 From Drivers O/Side,1 Pedestrian,CASTLEHAVEN ROAD 25M E OF J/W CHALK FARM ROAD,1,22/12/2018 02:50:00 AM,Saturday,2.50,3 Bor,C,0,2 One-Way St,2 30 MPH,0 No Jun In 20m,-2 Not Applicable,-2 Not Applicable,0,9 Unknown (S/R),2 Dark,1 Fine,9 Unknown (S/R),0 None,0 None,528700,184190,-0.145519,51.541945,,,Unknown,"(51.541945, -0.145519)",http://opendatacommunities.org/id/london-borough-council/camden,8658,21/12/2020 02:48:43 PM
1180155118,CAMDEN,1 Driver/Rider,1 Male,25-59,28,1,3 Slight,-2 Unknown,-2 N/A,4 Car,YORK WAY J/W AGAR GROVE,2,30/12/2018 01:40:00 PM,Sunday,13.40,3 Bor,A,5200,9 Unknown,1 <= 20 MPH,3 T/Stag Jun,2 Auto Sig,C,0,9 Unknown (S/R),1 Daylight,1 Fine,1 Road-Dry,0 None,0 None,530050,184370,-0.125996,51.543254,,,Unknown,"(51.543254, -0.125996)",http://opendatacommunities.org/id/london-borough-council/camden,8653,21/12/2020 02:48:43 PM
1170064483,CAMDEN,2 Passenger,2 Female,16-24,16,1,3 Slight,-2 Unknown,-2 N/A,6 Bus Or Coach,FINCHLEY ROAD J/W HILGROVE ROAD,2,14/10/2017 10:58:00 AM,Saturday,10.58,1 TLRN,A,41,2 One-Way St,2 30 MPH,6 Crossroads,2 Auto Sig,B,509,5 Pedn Phase At Ats,1 Daylight,1 Fine,1 Road-Dry,0 None,0 None,526630,184100,-0.175384,51.541604,,,Unknown,"(51.541604, -0.175384)",http://opendatacommunities.org/id/london-borough-council/camden,7412,21/12/2020 02:48:40 PM
1170077394,CAMDEN,2 Passenger,1 Male,25-59,30,1,3 Slight,-2 Unknown,-2 N/A,4 Car,FARRINGDON ROAD J/W CHARTERHOUSE STREET,3,12/12/2017 11:20:00 PM,Tuesday,23.20,1 TLRN,A,201,3 Dual Cwy,2 30 MPH,3 T/Stag Jun,4 Give Way/Uncontrolled,B,400,0 No Xing Facility In 50m,2 Dark,2 Raining,2 Road-Wet,0 None,0 None,531555,181661,-0.105317,51.51856,,,Unknown,"(51.51856, -0.105317)",http://opendatacommunities.org/id/london-borough-council/camden,7605,21/12/2020 02:48:41 PM
1190179023,CAMDEN,1 DRIVER/RIDER,1 MALE,25-59,32,2,3 SLIGHT,'-2 NOT APPLICABLE,'-2 NOT APPLICABLE,4 CAR,"On Finchley Road, 100 metres north of the junction with Lymington Road.",4,05/05/2019 01:10:00 PM,Sunday,13.10,1 TLRN,A,41,6 SINGLE CWY,30,00 NO JUN IN 20M,,0,0,0 NO XING FACILITY IN 50M,2 DAYLIGHT,1 FINE,1 ROAD-DRY,0 NONE,0 NONE,525950,185122,-0.184819,51.550941,,,Unknown,"(51.550941, -0.184819)",http://opendatacommunities.org/id/london-borough-council/camden,8980,21/12/2020 02:48:44 PM
1180152309,CAMDEN,3 Pedestrian,2 Female,0-15,0,1,3 Slight,10 Unknown,1 From Drivers N/Side,1 Pedestrian,NEAL STREET J/W SHORTS GARDENS,1,14/12/2018 05:30:00 PM,Friday,17.30,3 Bor,Unclassified,0,2 One-Way St,2 30 MPH,6 Crossroads,9 Unknown (S/R),Unclassified,0,0 No Xing Facility In 50m,2 Dark,1 Fine,1 Road-Dry,0 None,0 None,530140,181160,-0.125884,51.514385,,,Unknown,"(51.514385, -0.125884)",http://opendatacommunities.org/id/london-borough-council/camden,8613,21/12/2020 02:48:43 PM
0115EK40364,CAMDEN,3 Pedestrian,2 Female,0-15,4,1,3 Slight,05 Crossing Road (Not On Xing),2 From Drivers N/Side Msk,1 Pedestrian,COTLEIGH ROAD 44M E OF J/W KINGSGATE ROAD,1,10/05/2015 05:10:00 PM,Sunday,17.10,3 Bor,Unclassified,0,6 Single Cwy,2 30 MPH,0 No Jun In 20m,-2 Not Applicable,-2 Not Applicable,0,0 No Xing Facility In 50m,1 Daylight,1 Fine,1 Road-Dry,0 None,0 None,525220,184290,-0.195638,51.543626,,,Unknown,"(51.543626, -0.195638)",http://opendatacommunities.org/id/london-borough-council/camden,4870,21/12/2020 02:48:36 PM
0115EK40512,CAMDEN,1 Driver/Rider,1 Male,25-59,29,1,3 Slight,-2 Unknown,-2 N/A,3 Powered 2 Wheeler,CHALK FARM ROAD J/W BELMONT STREET,1,28/06/2015 11:00:00 PM,Sunday,23.00,3 Bor,A,502,6 Single Cwy,2 30 MPH,3 T/Stag Jun,4 Give Way/Uncontrolled,Unclassified,0,0 No Xing Facility In 50m,2 Dark,1 Fine,1 Road-Dry,0 None,0 None,528290,184340,-0.151373,51.543386,,,Unknown,"(51.543386, -0.151373)",http://opendatacommunities.org/id/london-borough-council/camden,5001,21/12/2020 02:48:36 PM
1170063062,CAMDEN,3 Pedestrian,1 Male,60+,66,1,2 Serious,04 Crossing Road Within 50m Xing,3 From Drivers O/Side,1 Pedestrian,CAMBRIDGE AVENUE J/W KILBURN HIGH ROAD,1,06/10/2017 11:40:00 PM,Friday,23.40,3 Bor,C,0,6 Single Cwy,2 30 MPH,3 T/Stag Jun,2 Auto Sig,A,5,5 Pedn Phase At Ats,2 Dark,1 Fine,1 Road-Dry,0 None,0 None,525470,183540,-0.192302,51.53683,,,Unknown,"(51.53683, -0.192302)",http://opendatacommunities.org/id/london-borough-council/camden,7388,21/12/2020 02:48:40 PM
1180096358,CAMDEN,1 Driver/Rider,1 Male,25-59,44,1,3 Slight,-2 Unknown,-2 N/A,3 Powered 2 Wheeler,ADELAIDE ROAD J/W REGENCY LODGE ENTRANCE,2,15/03/2018 01:03:00 PM,Thursday,13.03,1 TLRN,A,41,2 One-Way St,2 30 MPH,3 T/Stag Jun,4 Give Way/Uncontrolled,Unclassified,0,0 No Xing Facility In 50m,1 Daylight,1 Fine,1 Road-Dry,0 None,0 None,526700,184120,-0.174368,51.541768,,,Unknown,"(51.541768, -0.174368)",http://opendatacommunities.org/id/london-borough-council/camden,7816,21/12/2020 02:48:41 PM
1170070689,CAMDEN,3 Pedestrian,2 Female,60+,81,1,3 Slight,08 In Centre Of Carriageway,1 From Drivers N/Side,1 Pedestrian,GREAT QUEEN STREET 60M W OF J/W KINGSWAY THE NEAREST CLASSIFIED RO,1,15/11/2017 06:33:00 PM,Wednesday,18.33,3 Bor,B,402,6 Single Cwy,1 <= 20 MPH,0 No Jun In 20m,-2 Not Applicable,-2 Not Applicable,0,0 No Xing Facility In 50m,2 Dark,1 Fine,1 Road-Dry,0 None,0 None,530500,181320,-0.12064,51.51574,,,Unknown,"(51.51574, -0.12064)",http://opendatacommunities.org/id/london-borough-council/camden,7517,21/12/2020 02:48:41 PM
0116EK40529,CAMDEN,1 Driver/Rider,1 Male,25-59,32,1,3 Slight,-2 Unknown,-2 N/A,4 Car,GRAY'S INN ROAD J/W ARGYLE STREET,2,22/07/2016 06:16:00 PM,Friday,18.16,1 TLRN,A,5200,6 Single Cwy,2 30 MPH,3 T/Stag Jun,2 Auto Sig,C,0,5 Pedn Phase At Ats,1 Daylight,9 Unknown,1 Road-Dry,0 None,0 None,530530,182760,-0.119675,51.528674,,,Unknown,"(51.528674, -0.119675)",http://opendatacommunities.org/id/london-borough-council/camden,6429,21/12/2020 02:48:38 PM
0115EK41039,CAMDEN,1 Driver/Rider,1 Male,25-59,29,1,3 Slight,-2 Unknown,-2 N/A,3 Powered 2 Wheeler,BAYHAM STREET J/W PLENDER STREET.,2,24/11/2015 05:00:00 PM,Tuesday,17.00,3 Bor,C,0,2 One-Way St,1 <= 20 MPH,6 Crossroads,4 Give Way/Uncontrolled,Unclassified,0,0 No Xing Facility In 50m,2 Dark,2 Raining,2 Road-Wet,0 None,0 None,529190,183560,-0.138688,51.536172,,,Unknown,"(51.536172, -0.138688)",http://opendatacommunities.org/id/london-borough-council/camden,5456,21/12/2020 02:48:37 PM
1160003023,CAMDEN,3 Pedestrian,2 Female,25-59,43,1,3 Slight,05 Crossing Road (Not On Xing),1 From Drivers N/Side,1 Pedestrian,TOTTENHAM COURT ROAD J/W TORRINGTON PLACE,1,23/11/2016 05:25:00 PM,Wednesday,17.25,3 Bor,A,400,2 One-Way St,2 30 MPH,3 T/Stag Jun,2 Auto Sig,C,0,5 Pedn Phase At Ats,2 Dark,1 Fine,1 Road-Dry,0 None,0 None,529470,181930,-0.135252,51.521459,,,Unknown,"(51.521459, -0.135252)",http://opendatacommunities.org/id/london-borough-council/camden,5693,21/12/2020 02:48:37 PM
0115EK40642,CAMDEN,1 Driver/Rider,1 Male,16-24,22,1,3 Slight,-2 Unknown,-2 N/A,3 Powered 2 Wheeler,FLEET ROAD 21M W OF BYRON MEWS,2,30/07/2015 01:05:00 PM,Thursday,13.05,3 Bor,B,518,6 Single Cwy,2 30 MPH,0 No Jun In 20m,-2 Not Applicable,-2 Not Applicable,0,4 Pelican Or Similar,1 Daylight,1 Fine,1 Road-Dry,0 None,0 None,527400,185470,-0.163791,51.553743,,,Unknown,"(51.553743, -0.163791)",http://opendatacommunities.org/id/london-borough-council/camden,5120,21/12/2020 02:48:36 PM
0115EK41168,CAMDEN,1 Driver/Rider,1 Male,25-59,35,1,3 Slight,-2 Unknown,-2 N/A,2 Pedal Cycle,PRIMROSE HILL ROAD J/W REGENT'S PARK ROAD.,2,29/12/2015 05:52:00 PM,Tuesday,17.52,3 Bor,C,0,6 Single Cwy,2 30 MPH,6 Crossroads,4 Give Way/Uncontrolled,C,0,0 No Xing Facility In 50m,2 Dark,1 Fine,2 Road-Wet,0 None,0 None,527870,183980,-0.157557,51.540246,,,Unknown,"(51.540246, -0.157557)",http://opendatacommunities.org/id/london-borough-council/camden,5567,21/12/2020 02:48:37 PM
0116EK40538,CAMDEN,1 Driver/Rider,1 Male,60+,66,1,3 Slight,-2 Unknown,-2 N/A,2 Pedal Cycle,NFL- FITZJOHN'S AVENUE 102M N OF J/W NUTLEY TERRACE,2,27/07/2016 11:00:00 AM,Wednesday,11.00,3 Bor,B,511,6 Single Cwy,2 30 MPH,0 No Jun In 20m,-2 Not Applicable,-2 Not Applicable,0,0 No Xing Facility In 50m,1 Daylight,9 Unknown,1 Road-Dry,0 None,0 None,526570,185080,-0.175897,51.550425,,,Unknown,"(51.550425, -0.175897)",http://opendatacommunities.org/id/london-borough-council/camden,6435,21/12/2020 02:48:38 PM
1190211168,CAMDEN,3 PEDESTRIAN,1 MALE,25-59,43,1,3 SLIGHT,05 CROSSING ROAD (NOT ON XING),9 UNKNOWN OR OTHER,1 PEDESTRIAN,"On Mercer Street, 30 metres west of the junction with Shelton street.",2,12/10/2019 12:15:00 PM,Saturday,12.15,3 BOR,6,0,2 ONE-WAY ST,20,00 NO JUN IN 20M,,0,0,0 NO XING FACILITY IN 50M,2 DAYLIGHT,2 RAINING,2 ROAD-WET,0 NONE,0 NONE,530095,181058,-0.12657,51.513479,,,Unknown,"(51.513479, -0.12657)",http://opendatacommunities.org/id/london-borough-council/camden,9422,21/12/2020 02:48:44 PM
1160003020,CAMDEN,1 Driver/Rider,2 Female,25-59,28,1,2 Serious,-2 Unknown,-2 N/A,2 Pedal Cycle,CLERKWELL RD J/W EYRE STREET HILL,2,23/11/2016 06:25:00 PM,Wednesday,18.25,3 Bor,A,5201,6 Single Cwy,2 30 MPH,9 Other Jun,4 Give Way/Uncontrolled,Unclassified,0,0 No Xing Facility In 50m,2 Dark,1 Fine,1 Road-Dry,0 None,0 None,531199,182035,-0.110306,51.522004,,,Unknown,"(51.522004, -0.110306)",http://opendatacommunities.org/id/london-borough-council/camden,5691,21/12/2020 02:48:37 PM
1180144125,CAMDEN,1 Driver/Rider,1 Male,25-59,27,1,2 Serious,-2 Unknown,-2 N/A,2 Pedal Cycle,CLERKENWELL ROAD J/W LEATHER LANE,2,08/11/2018 09:00:00 AM,Thursday,9.00,3 Bor,A,5201,6 Single Cwy,1 <= 20 MPH,9 Other Jun,4 Give Way/Uncontrolled,Unclassified,0,0 No Xing Facility In 50m,1 Daylight,1 Fine,1 Road-Dry,0 None,0 None,531190,182030,-0.110438,51.521961,,,Unknown,"(51.521961, -0.110438)",http://opendatacommunities.org/id/london-borough-council/camden,8504,21/12/2020 02:48:43 PM
1180148883,CAMDEN,2 Passenger,2 Female,Unknown,0,1,3 Slight,-2 Unknown,-2 N/A,4 Car,MINSTER ROAD 25M W OF J/W WESTBERE ROAD,1,29/11/2018 04:40:00 PM,Thursday,16.40,3 Bor,Unclassified,0,6 Single Cwy,2 30 MPH,0 No Jun In 20m,-2 Not Applicable,-2 Not Applicable,0,8 Central Refuge,1 Daylight,1 Fine,2 Road-Wet,0 None,9 Unknown (S/R),524490,185260,-0.205817,51.552505,,,Unknown,"(51.552505, -0.205817)",http://opendatacommunities.org/id/london-borough-council/camden,8571,21/12/2020 02:48:43 PM
0115EK40379,CAMDEN,1 Driver/Rider,1 Male,25-59,35,1,3 Slight,-2 Unknown,-2 N/A,3 Powered 2 Wheeler,HAMPSTEAD ROAD J/W DRUMMOND STREET,2,14/05/2015 04:04:00 PM,Thursday,16.04,1 TLRN,A,400,6 Single Cwy,2 30 MPH,6 Crossroads,2 Auto Sig,C,0,5 Pedn Phase At Ats,1 Daylight,2 Raining,2 Road-Wet,0 None,0 None,529220,182490,-0.138648,51.526549,,,Unknown,"(51.526549, -0.138648)",http://opendatacommunities.org/id/london-borough-council/camden,4881,21/12/2020 02:48:36 PM
0116EK40260,CAMDEN,1 Driver/Rider,1 Male,16-24,20,1,3 Slight,-2 Unknown,-2 N/A,4 Car,FINCHLEY ROAD J/W COLLEGE CRESCENT,2,05/01/2016 12:45:00 AM,Tuesday,0.45,1 TLRN,A,41,6 Single Cwy,2 30 MPH,6 Crossroads,2 Auto Sig,B,511,5 Pedn Phase At Ats,2 Dark,2 Raining,2 Road-Wet,0 None,0 None,526640,184310,-0.175165,51.543489,,,Unknown,"(51.543489, -0.175165)",http://opendatacommunities.org/id/london-borough-council/camden,6199,21/12/2020 02:48:38 PM
1180106578,CAMDEN,1 Driver/Rider,1 Male,25-59,35,1,3 Slight,-2 Unknown,-2 N/A,3 Powered 2 Wheeler,KENTISH TOWN ROAD 25M S OF J/W HOLMES ROAD,2,06/05/2018 10:45:00 PM,Sunday,22.45,3 Bor,A,400,6 Single Cwy,1 <= 20 MPH,0 No Jun In 20m,-2 Not Applicable,-2 Not Applicable,0,9 Unknown (S/R),2 Dark,1 Fine,1 Road-Dry,0 None,0 None,528990,185020,-0.141035,51.549338,,,Unknown,"(51.549338, -0.141035)",http://opendatacommunities.org/id/london-borough-council/camden,7968,21/12/2020 02:48:42 PM
1170057592,CAMDEN,1 Driver/Rider,1 Male,25-59,31,1,3 Slight,-2 Unknown,-2 N/A,2 Pedal Cycle,AVENUE ROAD J/W ST EDMUNDS TERRACE NW8,2,06/09/2017 09:25:00 AM,Wednesday,9.25,3 Bor,B,525,6 Single Cwy,2 30 MPH,6 Crossroads,3 Stop Sign,B,525,1 Zebra,1 Daylight,1 Fine,1 Road-Dry,0 None,0 None,527360,183470,-0.165091,51.535778,,,Unknown,"(51.535778, -0.165091)",http://opendatacommunities.org/id/london-borough-council/camden,7298,21/12/2020 02:48:40 PM
1160012752,CAMDEN,1 Driver/Rider,2 Female,25-59,32,1,3 Slight,-2 Unknown,-2 N/A,3 Powered 2 Wheeler,"ON FINCHLEY ROAD, NEAR THE JUNCTION WITH ALVANLEY GARDENS .",2,12/09/2016 04:00:00 PM,Monday,16.00,1 TLRN,A,41,6 Single Cwy,2 30 MPH,3 T/Stag Jun,2 Auto Sig,Unclassified,0,5 Pedn Phase At Ats,1 Daylight,1 Fine,1 Road-Dry,0 None,0 None,525710,185310,-0.188212,51.552684,,,Unknown,"(51.552684, -0.188212)",http://opendatacommunities.org/id/london-borough-council/camden,5856,21/12/2020 02:48:38 PM
1190207803,CAMDEN,2 PASSENGER,2 FEMALE,25-59,28,1,3 SLIGHT,'-2 NOT APPLICABLE,'-2 NOT APPLICABLE,4 CAR,"On Maitland Park Road, 30 metres south of the junction with Maitland Park Villas.",1,17/09/2019 01:55:00 PM,Tuesday,13.55,3 BOR,6,0,6 SINGLE CWY,30,00 NO JUN IN 20M,,0,0,0 NO XING FACILITY IN 50M,2 DAYLIGHT,1 FINE,1 ROAD-DRY,0 NONE,0 NONE,527994,184906,-0.155433,51.54854,,,Unknown,"(51.54854, -0.155433)",http://opendatacommunities.org/id/london-borough-council/camden,9389,21/12/2020 02:48:44 PM