Reference,London Borough Name,Casualty Class,Casualty Sex,Casualty Age Band,Casualty Age,Number Of Casualties,Casualty Severity,Pedestrian Location,Pedestrian Movement,Mode Of Travel,Attendant Location,Number Of Vehicles,Date,Day,Time,Highway,Road Class 1,Road Number 1,Road Type,Speed Limit,Junction Detail,Junction Control,Road Class 2,Road Number 2,Pedestrian Crossing,Light Condition Band,Weather,Road Surface,Special Conditions,Carriage Way Hazard,Easting,Northing,Longitude,Latitude,Ward Code,Ward Name,Spatial Accuracy,Location,Organisation URI,Socrata ID,Last Uploaded
0116EK40464,CAMDEN,1 Driver/Rider,2 Female,60+,60,1,3 Slight,-2 Unknown,-2 N/A,4 Car,EUSTON ROAD J/W EVERSHOLT STREET.,2,24/06/2016 03:12:00 PM,Friday,15.12,1 TLRN,A,501,3 Dual Cwy,2 30 MPH,6 Crossroads,2 Auto Sig,A,4200,5 Pedn Phase At Ats,1 Daylight,1 Fine,1 Road-Dry,0 None,0 None,529770,182590,-0.130687,51.527321,,,Unknown,"(51.527321, -0.130687)",http://opendatacommunities.org/id/london-borough-council/camden,6373,21/12/2020 02:48:38 PM
1190179364,CAMDEN,1 DRIVER/RIDER,1 MALE,25-59,38,1,2 SERIOUS,'-2 NOT APPLICABLE,'-2 NOT APPLICABLE,2 PEDAL CYCLE,"On Chester Gate, 80 metres north of the junction with OUTER CIRCLE.",2,07/05/2019 12:03:00 PM,Tuesday,12.03,3 BOR,6,0,6 SINGLE CWY,30,00 NO JUN IN 20M,,0,0,0 NO XING FACILITY IN 50M,2 DAYLIGHT,1 FINE,1 ROAD-DRY,0 NONE,0 NONE,528773,182604,-0.145046,51.527675,,,Unknown,"(51.527675, -0.145046)",http://opendatacommunities.org/id/london-borough-council/camden,8986,21/12/2020 02:48:44 PM
1170062927,CAMDEN,3 Pedestrian,1 Male,25-59,35,1,3 Slight,09 In Road - Not Crossing,9 Unknown Or Other,1 Pedestrian,GREAT QUEEN STREET J/W KINGSWAY,1,30/09/2017 09:52:00 PM,Saturday,21.52,3 Bor,B,402,6 Single Cwy,2 30 MPH,3 T/Stag Jun,2 Auto Sig,A,4200,0 No Xing Facility In 50m,2 Dark,1 Fine,9 Unknown (S/R),0 None,0 None,530550,181370,-0.119901,51.516178,,,Unknown,"(51.516178, -0.119901)",http://opendatacommunities.org/id/london-borough-council/camden,7385,21/12/2020 02:48:40 PM
1180105681,CAMDEN,1 Driver/Rider,1 Male,16-24,20,1,3 Slight,-2 Unknown,-2 N/A,3 Powered 2 Wheeler,WEST END LANE J/W IVERSON ROAD NW6,2,03/05/2018 04:00:00 PM,Thursday,16.00,3 Bor,B,510,6 Single Cwy,1 <= 20 MPH,3 T/Stag Jun,2 Auto Sig,B,520,4 Pelican Or Similar,1 Daylight,1 Fine,1 Road-Dry,0 None,0 None,525520,184780,-0.191139,51.547963,,,Unknown,"(51.547963, -0.191139)",http://opendatacommunities.org/id/london-borough-council/camden,7952,21/12/2020 02:48:41 PM
0115EK40611,CAMDEN,1 Driver/Rider,1 Male,16-24,22,1,3 Slight,-2 Unknown,-2 N/A,3 Powered 2 Wheeler,CAMDEN ROAD J/W SANDALL ROAD,2,18/07/2015 10:31:00 PM,Saturday,22.31,1 TLRN,A,503,6 Single Cwy,2 30 MPH,3 T/Stag Jun,4 Give Way/Uncontrolled,Unclassified,0,4 Pelican Or Similar,2 Dark,1 Fine,1 Road-Dry,0 None,0 None,529500,184600,-0.133838,51.545447,,,Unknown,"(51.545447, -0.133838)",http://opendatacommunities.org/id/london-borough-council/camden,5093,21/12/2020 02:48:36 PM
0115EK40001,CAMDEN,1 Driver/Rider,1 Male,25-59,28,1,3 Slight,-2 Unknown,-2 N/A,2 Pedal Cycle,KINGSWAY J/W REMNANT STREET,2,12/01/2015 03:19:00 PM,Monday,15.19,3 Bor,A,4200,3 Dual Cwy,3 40 MPH,6 Crossroads,2 Auto Sig,A,4200,5 Pedn Phase At Ats,1 Daylight,2 Raining,2 Road-Wet,0 None,0 None,530570,181390,-0.119606,51.516353,,,Unknown,"(51.516353, -0.119606)",http://opendatacommunities.org/id/london-borough-council/camden,4586,21/12/2020 02:48:35 PM
1180106338,CAMDEN,1 Driver/Rider,1 Male,25-59,32,1,3 Slight,-2 Unknown,-2 N/A,2 Pedal Cycle,SWAINS LANE N6 J/W BROOKFIELD PARK NW5,2,07/05/2018 11:00:00 AM,Monday,11.00,3 Bor,Unclassified,0,6 Single Cwy,1 <= 20 MPH,3 T/Stag Jun,4 Give Way/Uncontrolled,Unclassified,0,0 No Xing Facility In 50m,1 Daylight,1 Fine,1 Road-Dry,0 None,0 None,528520,186450,-0.147288,51.562296,,,Unknown,"(51.562296, -0.147288)",http://opendatacommunities.org/id/london-borough-council/camden,7966,21/12/2020 02:48:42 PM
0115EK40976,CAMDEN,1 Driver/Rider,1 Male,16-24,19,1,3 Slight,-2 Unknown,-2 N/A,3 Powered 2 Wheeler,EVERSHOLT STREET J/W WELLESLEY PLACE.,2,29/10/2015 01:05:00 PM,Thursday,13.05,3 Bor,A,4200,6 Single Cwy,2 30 MPH,3 T/Stag Jun,4 Give Way/Uncontrolled,Unclassified,0,4 Pelican Or Similar,1 Daylight,1 Fine,1 Road-Dry,0 None,0 None,529700,182670,-0.131666,51.528056,,,Unknown,"(51.528056, -0.131666)",http://opendatacommunities.org/id/london-borough-council/camden,5403,21/12/2020 02:48:37 PM
1190218351,CAMDEN,2 PASSENGER,'-1 UNKNOWN,U,,2,3 SLIGHT,'-2 NOT APPLICABLE,'-2 NOT APPLICABLE,4 CAR,"On Langland Gardens (Stop FS), 100 metres south of the junction with Langland Gardens.",2,23/07/2019 07:23:00 AM,Tuesday,7.23,1 TLRN,A,41,6 SINGLE CWY,30,00 NO JUN IN 20M,,0,0,9 UNKNOWN (S/R),2 DAYLIGHT,8 OTHER,1 ROAD-DRY,0 NONE,0 NONE,525947,185199,-0.184835,51.551633,,,Unknown,"(51.551633, -0.184835)",http://opendatacommunities.org/id/london-borough-council/camden,9517,21/12/2020 02:48:44 PM
1190209612,CAMDEN,2 PASSENGER,2 FEMALE,16-24,17,2,3 SLIGHT,'-2 NOT APPLICABLE,1 FROM DRIVERS N/SIDE,4 CAR,"On Vicar's Road, 25 metres north of the junction with Grafton road.",1,04/10/2019 04:25:00 AM,Friday,4.25,3 BOR,5,0,7 SLIP RD,20,00 NO JUN IN 20M,,0,0,0 NO XING FACILITY IN 50M,2 DAYLIGHT,1 FINE,1 ROAD-DRY,0 NONE,0 NONE,528240,185362,-0.151721,51.552582,,,Unknown,"(51.552582, -0.151721)",http://opendatacommunities.org/id/london-borough-council/camden,9408,21/12/2020 02:48:44 PM
0115EK40285,CAMDEN,1 Driver/Rider,1 Male,25-59,42,1,2 Serious,-2 Unknown,-2 N/A,3 Powered 2 Wheeler,CAMDEN ROAD J/W ROCHESTER SQUARE,2,18/04/2015 08:15:00 AM,Saturday,8.15,1 TLRN,A,503,6 Single Cwy,2 30 MPH,3 T/Stag Jun,4 Give Way/Uncontrolled,Unclassified,0,0 No Xing Facility In 50m,1 Daylight,1 Fine,1 Road-Dry,0 None,0 None,529320,184390,-0.13651,51.543601,,,Unknown,"(51.543601, -0.13651)",http://opendatacommunities.org/id/london-borough-council/camden,4809,21/12/2020 02:48:36 PM
1170035344,CAMDEN,1 Driver/Rider,1 Male,25-59,45,1,3 Slight,-2 Unknown,-2 N/A,3 Powered 2 Wheeler,CRANLEIGH STREET J/W EVERSHOLT STREET,2,03/05/2017 09:00:00 PM,Wednesday,21.00,3 Bor,Unclassified,0,6 Single Cwy,1 <= 20 MPH,3 T/Stag Jun,4 Give Way/Uncontrolled,A,4200,4 Pelican Or Similar,2 Dark,1 Fine,1 Road-Dry,0 None,0 None,529360,183150,-0.136389,51.532448,,,Unknown,"(51.532448, -0.136389)",http://opendatacommunities.org/id/london-borough-council/camden,6936,21/12/2020 02:48:39 PM
0115EK40614,CAMDEN,2 Passenger,2 Female,60+,73,1,3 Slight,-2 Unknown,-2 N/A,6 Bus Or Coach,BAYHAM STREET J/W GREENLAND STREET.,1,22/07/2015 06:00:00 PM,Wednesday,18.00,3 Bor,A,503,2 One-Way St,2 30 MPH,3 T/Stag Jun,4 Give Way/Uncontrolled,Unclassified,0,0 No Xing Facility In 50m,1 Daylight,1 Fine,2 Road-Wet,0 None,0 None,529020,183830,-0.141039,51.538637,,,Unknown,"(51.538637, -0.141039)",http://opendatacommunities.org/id/london-borough-council/camden,5097,21/12/2020 02:48:36 PM
0115EK41093,CAMDEN,1 Driver/Rider,1 Male,Unknown,0,1,3 Slight,-2 Unknown,-2 N/A,5 Taxi,FINCHLEY ROAD J/W INGHAM ROAD.,2,19/12/2015 02:10:00 PM,Saturday,14.10,1 TLRN,A,41,6 Single Cwy,2 30 MPH,3 T/Stag Jun,4 Give Way/Uncontrolled,Unclassified,0,4 Pelican Or Similar,1 Daylight,1 Fine,1 Road-Dry,0 None,0 None,525320,185620,-0.193723,51.555557,,,Unknown,"(51.555557, -0.193723)",http://opendatacommunities.org/id/london-borough-council/camden,5498,21/12/2020 02:48:37 PM
0116EK40620,CAMDEN,1 Driver/Rider,1 Male,25-59,32,1,3 Slight,-2 Unknown,-2 N/A,2 Pedal Cycle,OUTER CIRCLE J/W CUMBERLAND TERRACE.,2,26/08/2016 05:25:00 PM,Friday,17.25,3 Bor,Unclassified,0,6 Single Cwy,2 30 MPH,3 T/Stag Jun,4 Give Way/Uncontrolled,Unclassified,0,0 No Xing Facility In 50m,1 Daylight,1 Fine,1 Road-Dry,0 None,0 None,528600,183200,-0.147321,51.533071,,,Unknown,"(51.533071, -0.147321)",http://opendatacommunities.org/id/london-borough-council/camden,6499,21/12/2020 02:48:39 PM
1190218871,CAMDEN,1 DRIVER/RIDER,1 MALE,25-59,34,1,3 SLIGHT,'-2 NOT APPLICABLE,'-2 NOT APPLICABLE,8 OTHER VEHICLE,"On Finchley Road, 179 metres east of the junction with College Crescent.",2,16/11/2019 09:00:00 PM,Saturday,21.00,1 TLRN,A,41,3 DUAL CWY,30,00 NO JUN IN 20M,,0,0,4 PELICAN OR SIMILAR,1 DARK,1 FINE,1 ROAD-DRY,0 NONE,0 NONE,526579,184458,-0.175991,51.544833,,,Unknown,"(51.544833, -0.175991)",http://opendatacommunities.org/id/london-borough-council/camden,9524,21/12/2020 02:48:44 PM
1160024596,CAMDEN,1 Driver/Rider,1 Male,25-59,40,1,3 Slight,-2 Unknown,-2 N/A,3 Powered 2 Wheeler,PARKWAY J/W PRINCE ALBERT ROAD,2,15/10/2016 08:09:00 PM,Saturday,20.09,3 Bor,A,4201,6 Single Cwy,2 30 MPH,3 T/Stag Jun,2 Auto Sig,A,5205,4 Pelican Or Similar,2 Dark,9 Unknown,1 Road-Dry,0 None,0 None,528630,183560,-0.146758,51.536299,,,Unknown,"(51.536299, -0.146758)",http://opendatacommunities.org/id/london-borough-council/camden,5915,21/12/2020 02:48:38 PM
1170022687,CAMDEN,1 Driver/Rider,1 Male,16-24,23,1,3 Slight,-2 Unknown,-2 N/A,3 Powered 2 Wheeler,KILBURN HIGH ROAD J/W KILBURN PRIORY,2,04/03/2017 12:29:00 AM,Saturday,0.29,3 Bor,A,5,6 Single Cwy,2 30 MPH,3 T/Stag Jun,4 Give Way/Uncontrolled,C,0,0 No Xing Facility In 50m,2 Dark,1 Fine,2 Road-Wet,0 None,0 None,525650,183370,-0.189769,51.535262,,,Unknown,"(51.535262, -0.189769)",http://opendatacommunities.org/id/london-borough-council/camden,6737,21/12/2020 02:48:39 PM
0115EK40652,CAMDEN,2 Passenger,2 Female,25-59,41,1,3 Slight,-2 Unknown,-2 N/A,5 Taxi,CAMDEN STREET J/W CAMDEN ROAD,1,02/08/2015 05:33:00 AM,Sunday,5.33,1 TLRN,A,400,6 Single Cwy,2 30 MPH,6 Crossroads,2 Auto Sig,A,503,5 Pedn Phase At Ats,1 Daylight,1 Fine,1 Road-Dry,0 None,0 None,529090,184030,-0.139957,51.540418,,,Unknown,"(51.540418, -0.139957)",http://opendatacommunities.org/id/london-borough-council/camden,5125,21/12/2020 02:48:36 PM
0115EK40854,CAMDEN,2 Passenger,2 Female,0-15,8,1,3 Slight,-2 Unknown,-2 N/A,4 Car,BELSIZE GROVE 52M S OF PRIMROSE GARDENS,2,08/03/2015 10:00:00 AM,Sunday,10.00,3 Bor,Unclassified,0,6 Single Cwy,2 30 MPH,0 No Jun In 20m,-2 Not Applicable,-2 Not Applicable,0,0 No Xing Facility In 50m,1 Daylight,1 Fine,1 Road-Dry,4 Roadworks,0 None,527340,184800,-0.164899,51.547735,,,Unknown,"(51.547735, -0.164899)",http://opendatacommunities.org/id/london-borough-council/camden,5303,21/12/2020 02:48:37 PM
0115EK40283,CAMDEN,1 Driver/Rider,1 Male,Unknown,0,1,3 Slight,-2 Unknown,-2 N/A,2 Pedal Cycle,NFL- GORDON STREET 56M NW OF J/W GORDON SQUARE,2,15/04/2015 06:40:00 PM,Wednesday,18.40,3 Bor,C,0,6 Single Cwy,2 30 MPH,0 No Jun In 20m,-2 Not Applicable,-2 Not Applicable,0,0 No Xing Facility In 50m,1 Daylight,1 Fine,1 Road-Dry,0 None,0 None,529660,182330,-0.132368,51.52501,,,Unknown,"(51.52501, -0.132368)",http://opendatacommunities.org/id/london-borough-council/camden,4807,21/12/2020 02:48:36 PM
1190211676,CAMDEN,3 PEDESTRIAN,2 FEMALE,25-59,54,2,3 SLIGHT,09 IN ROAD - NOT CROSSING,'-2 NOT APPLICABLE,1 PEDESTRIAN,"On Sidmouth mews wc1, 30 metres east of the junction with Sidmouth street.. The nearest classified road was the B2. The nearest classified road was the B2",1,14/10/2019 08:40:00 PM,Monday,20.40,3 BOR,6,0,2 ONE-WAY ST,20,00 NO JUN IN 20M,,0,0,0 NO XING FACILITY IN 50M,1 DARK,2 RAINING,2 ROAD-WET,0 NONE,0 NONE,530554,182627,-0.119378,51.527473,,,Unknown,"(51.527473, -0.119378)",http://opendatacommunities.org/id/london-borough-council/camden,9435,21/12/2020 02:48:44 PM
1180084237,CAMDEN,1 Driver/Rider,1 Male,25-59,31,1,3 Slight,-2 Unknown,-2 N/A,3 Powered 2 Wheeler,TORRINGTON PLACE J/W TOTTENHAM COURT ROAD,2,18/01/2018 12:10:00 AM,Thursday,0.10,3 Bor,C,0,2 One-Way St,1 <= 20 MPH,3 T/Stag Jun,2 Auto Sig,A,400,5 Pedn Phase At Ats,2 Dark,2 Raining,2 Road-Wet,0 None,0 None,529470,181930,-0.135252,51.521459,,,Unknown,"(51.521459, -0.135252)",http://opendatacommunities.org/id/london-borough-council/camden,7678,21/12/2020 02:48:41 PM
1170063823,CAMDEN,1 Driver/Rider,1 Male,25-59,25,1,3 Slight,-2 Unknown,-2 N/A,2 Pedal Cycle,EUSTON ROAD 25M W OF J/W FITZROY STREET,2,11/10/2017 09:15:00 AM,Wednesday,9.15,1 TLRN,A,501,7 Slip Rd,2 30 MPH,0 No Jun In 20m,-2 Not Applicable,-2 Not Applicable,0,0 No Xing Facility In 50m,1 Daylight,1 Fine,1 Road-Dry,0 None,0 None,529058,182231,-0.141077,51.524258,,,Unknown,"(51.524258, -0.141077)",http://opendatacommunities.org/id/london-borough-council/camden,7404,21/12/2020 02:48:40 PM
1190170978,CAMDEN,1 DRIVER/RIDER,2 FEMALE,16-24,20,1,3 SLIGHT,'-2 NOT APPLICABLE,'-2 NOT APPLICABLE,2 PEDAL CYCLE,"On Highgate West Hill, 50 metres north of the junction with Make Peace Avenue.",3,24/03/2019 01:08:00 PM,Sunday,13.08,3 BOR,5,0,6 SINGLE CWY,30,00 NO JUN IN 20M,,0,0,9 UNKNOWN (S/R),2 DAYLIGHT,1 FINE,1 ROAD-DRY,9 UNKNOWN (S/R),9 UNKNOWN (S/R),528121,186667,-0.152962,51.564337,,,Unknown,"(51.564337, -0.152962)",http://opendatacommunities.org/id/london-borough-council/camden,8868,21/12/2020 02:48:43 PM
1180139948,CAMDEN,1 Driver/Rider,2 Female,16-24,18,1,3 Slight,-2 Unknown,-2 N/A,2 Pedal Cycle,CHETWYND ROAD 30M E OF J/W YORK RISE,2,18/10/2018 05:25:00 PM,Thursday,17.25,3 Bor,C,0,6 Single Cwy,1 <= 20 MPH,0 No Jun In 20m,-2 Not Applicable,-2 Not Applicable,0,5 Pedn Phase At Ats,1 Daylight,1 Fine,1 Road-Dry,9 Unknown (S/R),0 None,528830,186030,-0.142972,51.558451,,,Unknown,"(51.558451, -0.142972)",http://opendatacommunities.org/id/london-borough-council/camden,8444,21/12/2020 02:48:43 PM
0116EK40512,CAMDEN,1 Driver/Rider,2 Female,25-59,48,1,3 Slight,-2 Unknown,-2 N/A,4 Car,EAST HEATH ROAD J/W WELL WALK,2,01/07/2016 08:45:00 AM,Friday,8.45,3 Bor,C,0,6 Single Cwy,2 30 MPH,3 T/Stag Jun,4 Give Way/Uncontrolled,Unclassified,0,0 No Xing Facility In 50m,1 Daylight,1 Fine,1 Road-Dry,0 None,0 None,526770,186170,-0.172621,51.560176,,,Unknown,"(51.560176, -0.172621)",http://opendatacommunities.org/id/london-borough-council/camden,6419,21/12/2020 02:48:38 PM
1190195202,CAMDEN,1 DRIVER/RIDER,1 MALE,25-59,30,1,3 SLIGHT,'-2 NOT APPLICABLE,1 FROM DRIVERS N/SIDE,3 POWERED 2 WHEELER,"On Charlotte Street, near the junction with Colville Street.",2,07/07/2019 03:02:00 AM,Sunday,3.02,3 BOR,6,0,9 UNKNOWN,20,99 UNKNOWN (S/R),9 UNKNOWN (S/R),6,0,9 UNKNOWN (S/R),2 DAYLIGHT,9 UNKNOWN,9 UNKNOWN (S/R),9 UNKNOWN (S/R),9 UNKNOWN (S/R),529473,181664,-0.135306,51.519068,,,Unknown,"(51.519068, -0.135306)",http://opendatacommunities.org/id/london-borough-council/camden,9209,21/12/2020 02:48:44 PM
1190204104,CAMDEN,2 PASSENGER,2 FEMALE,25-59,39,4,3 SLIGHT,'-2 NOT APPLICABLE,9 UNKNOWN OR OTHER,4 CAR,"On Vernon Place , near the junction with Southampton place.",3,08/09/2019 08:00:00 PM,Sunday,20.00,3 BOR,A,40,2 ONE-WAY ST,20,03 T/STAG JUN,4 GIVE WAY/UNCONTROLLED,5,0,4 PELICAN OR SIMILAR,1 DARK,1 FINE,1 ROAD-DRY,0 NONE,0 NONE,530372,181613,-0.122375,51.518403,,,Unknown,"(51.518403, -0.122375)",http://opendatacommunities.org/id/london-borough-council/camden,9345,21/12/2020 02:48:44 PM
1170058606,CAMDEN,1 Driver/Rider,1 Male,16-24,23,1,3 Slight,-2 Unknown,-2 N/A,4 Car,ROYAL COLLEGE STREET J/W CAMDEN ROAD,2,12/09/2017 11:14:00 PM,Tuesday,23.14,1 TLRN,A,5202,6 Single Cwy,2 30 MPH,6 Crossroads,2 Auto Sig,A,503,4 Pelican Or Similar,2 Dark,2 Raining,2 Road-Wet,0 None,0 None,529190,184180,-0.13846,51.541743,,,Unknown,"(51.541743, -0.13846)",http://opendatacommunities.org/id/london-borough-council/camden,7318,21/12/2020 02:48:40 PM
1170030670,CAMDEN,1 Driver/Rider,1 Male,25-59,38,1,3 Slight,-2 Unknown,-2 N/A,4 Car,POND STREET 46M N OF J/W FLEET ROAD,2,06/04/2017 10:48:00 AM,Thursday,10.48,3 Bor,B,518,6 Single Cwy,2 30 MPH,0 No Jun In 20m,-2 Not Applicable,-2 Not Applicable,0,1 Zebra,1 Daylight,1 Fine,1 Road-Dry,0 None,0 None,527280,185500,-0.16551,51.55404,,,Unknown,"(51.55404, -0.16551)",http://opendatacommunities.org/id/london-borough-council/camden,6852,21/12/2020 02:48:39 PM
0116EK40424,CAMDEN,1 Driver/Rider,1 Male,25-59,33,1,3 Slight,-2 Unknown,-2 N/A,2 Pedal Cycle,HILGROVE ROAD J/W ALEXANDRA ROAD.,2,17/06/2016 12:30:00 PM,Friday,12.30,3 Bor,B,509,6 Single Cwy,1 <= 20 MPH,3 T/Stag Jun,4 Give Way/Uncontrolled,Unclassified,0,0 No Xing Facility In 50m,1 Daylight,1 Fine,2 Road-Wet,0 None,0 None,526540,184090,-0.176685,51.541534,,,Unknown,"(51.541534, -0.176685)",http://opendatacommunities.org/id/london-borough-council/camden,6340,21/12/2020 02:48:38 PM
1170020002,CAMDEN,1 Driver/Rider,1 Male,25-59,39,1,3 Slight,-2 Unknown,-2 N/A,5 Taxi,ARKWRIGHT ROAD NW3 J/W FROGNAL NW3,2,20/02/2017 02:40:00 PM,Monday,14.40,3 Bor,C,0,6 Single Cwy,1 <= 20 MPH,6 Crossroads,4 Give Way/Uncontrolled,Unclassified,0,0 No Xing Facility In 50m,1 Daylight,1 Fine,1 Road-Dry,0 None,0 None,526230,185230,-0.180744,51.551849,,,Unknown,"(51.551849, -0.180744)",http://opendatacommunities.org/id/london-borough-council/camden,6697,21/12/2020 02:48:39 PM
1190189890,CAMDEN,1 DRIVER/RIDER,1 MALE,25-59,31,1,3 SLIGHT,'-2 NOT APPLICABLE,'-2 NOT APPLICABLE,2 PEDAL CYCLE,"On Tottenham Court Road, 25 metres north of the junction with Bedford Avenue.",2,27/06/2019 09:03:00 AM,Thursday,9.03,3 BOR,A,400,6 SINGLE CWY,30,00 NO JUN IN 20M,,0,0,5 PEDN PHASE AT ATS,2 DAYLIGHT,1 FINE,1 ROAD-DRY,0 NONE,0 NONE,529738,181533,-0.131537,51.51783,,,Unknown,"(51.51783, -0.131537)",http://opendatacommunities.org/id/london-borough-council/camden,9134,21/12/2020 02:48:44 PM
0115EK41189,CAMDEN,3 Pedestrian,2 Female,60+,69,1,3 Slight,05 Crossing Road (Not On Xing),1 From Drivers N/Side,1 Pedestrian,FAIRFAX ROAD J/W FINCHLEY ROAD,1,24/12/2015 12:30:00 PM,Thursday,12.30,1 TLRN,C,0,3 Dual Cwy,2 30 MPH,3 T/Stag Jun,4 Give Way/Uncontrolled,A,41,0 No Xing Facility In 50m,1 Daylight,1 Fine,1 Road-Dry,0 None,0 None,526450,184500,-0.177835,51.545239,,,Unknown,"(51.545239, -0.177835)",http://opendatacommunities.org/id/london-borough-council/camden,5576,21/12/2020 02:48:37 PM
1170040422,CAMDEN,1 Driver/Rider,1 Male,25-59,38,1,3 Slight,-2 Unknown,-2 N/A,2 Pedal Cycle,WILD COURT J/W KINGSWAY,2,28/05/2017 02:00:00 PM,Sunday,14.00,3 Bor,Unclassified,0,6 Single Cwy,1 <= 20 MPH,3 T/Stag Jun,9 Unknown (S/R),A,4200,1 Zebra,1 Daylight,1 Fine,1 Road-Dry,0 None,0 None,530590,181300,-0.119351,51.51554,,,Unknown,"(51.51554, -0.119351)",http://opendatacommunities.org/id/london-borough-council/camden,7006,21/12/2020 02:48:39 PM
0115EK40067,CAMDEN,2 Passenger,2 Female,25-59,32,1,3 Slight,-2 Unknown,-2 N/A,4 Car,ROSSLYN HILL J/W PILGRIMS LANE,2,31/01/2015 08:00:00 PM,Saturday,20.00,3 Bor,A,502,6 Single Cwy,2 30 MPH,3 T/Stag Jun,4 Give Way/Uncontrolled,Unclassified,0,1 Zebra,2 Dark,1 Fine,1 Road-Dry,0 None,0 None,526780,185560,-0.172697,51.554691,,,Unknown,"(51.554691, -0.172697)",http://opendatacommunities.org/id/london-borough-council/camden,4633,21/12/2020 02:48:35 PM
1180140218,CAMDEN,1 Driver/Rider,1 Male,25-59,43,1,3 Slight,-2 Unknown,-2 N/A,2 Pedal Cycle,AVENUE ROAD 25M S OF J/W ADELAIDE ROAD THE NEAREST CLASSIFIED ROAD,2,20/10/2018 09:19:00 AM,Saturday,9.19,3 Bor,B,525,6 Single Cwy,1 <= 20 MPH,0 No Jun In 20m,-2 Not Applicable,-2 Not Applicable,0,0 No Xing Facility In 50m,1 Daylight,1 Fine,1 Road-Dry,0 None,0 None,526820,184050,-0.172664,51.541112,,,Unknown,"(51.541112, -0.172664)",http://opendatacommunities.org/id/london-borough-council/camden,8447,21/12/2020 02:48:43 PM
1170043013,CAMDEN,1 Driver/Rider,1 Male,25-59,38,1,3 Slight,-2 Unknown,-2 N/A,4 Car,PANCRAS ROAD 21M N OF J/W CHENIES PLACE,2,28/05/2017 10:15:00 AM,Sunday,10.15,3 Bor,A,5202,6 Single Cwy,1 <= 20 MPH,0 No Jun In 20m,-2 Not Applicable,-2 Not Applicable,0,5 Pedn Phase At Ats,1 Daylight,1 Fine,1 Road-Dry,0 None,0 None,529740,183410,-0.130818,51.534698,,,Unknown,"(51.534698, -0.130818)",http://opendatacommunities.org/id/london-borough-council/camden,7042,21/12/2020 02:48:39 PM
1190174832,CAMDEN,1 DRIVER/RIDER,2 FEMALE,25-59,30,2,3 SLIGHT,'-2 NOT APPLICABLE,'-2 NOT APPLICABLE,4 CAR,"On Fairfax Road, near the junction with Fairfax Place.",3,12/04/2019 06:11:00 PM,Friday,18.11,3 BOR,B,509,7 SLIP RD,20,01 ROUNDABOUT,4 GIVE WAY/UNCONTROLLED,5,0,0 NO XING FACILITY IN 50M,2 DAYLIGHT,1 FINE,1 ROAD-DRY,0 NONE,0 NONE,526290,184127,-0.180275,51.541923,,,Unknown,"(51.541923, -0.180275)",http://opendatacommunities.org/id/london-borough-council/camden,8920,21/12/2020 02:48:44 PM
1180154042,CAMDEN,1 Driver/Rider,1 Male,16-24,23,1,3 Slight,-2 Unknown,-2 N/A,3 Powered 2 Wheeler,KENTISH TOWN ROAD J/W CAMDEN HIGH STREET,2,23/12/2018 06:30:00 PM,Sunday,18.30,1 TLRN,A,400,2 One-Way St,1 <= 20 MPH,7 Multi Jun,2 Auto Sig,A,502,5 Pedn Phase At Ats,2 Dark,2 Raining,2 Road-Wet,0 None,0 None,528920,183910,-0.14245,51.539379,,,Unknown,"(51.539379, -0.14245)",http://opendatacommunities.org/id/london-borough-council/camden,8638,21/12/2020 02:48:43 PM
1190215111,CAMDEN,1 DRIVER/RIDER,2 FEMALE,25-59,27,1,3 SLIGHT,'-2 NOT APPLICABLE,'-2 NOT APPLICABLE,2 PEDAL CYCLE,"On Royal College Street, near the junction with Georgiana Street.",2,31/10/2019 07:54:00 AM,Thursday,7.54,3 BOR,A,5202,2 ONE-WAY ST,20,06 CROSSROADS,4 GIVE WAY/UNCONTROLLED,6,0,1 ZEBRA,2 DAYLIGHT,1 FINE,1 ROAD-DRY,0 NONE,0 NONE,529315,183976,-0.136734,51.539882,,,Unknown,"(51.539882, -0.136734)",http://opendatacommunities.org/id/london-borough-council/camden,9478,21/12/2020 02:48:44 PM
1170054830,CAMDEN,3 Pedestrian,1 Male,16-24,20,1,3 Slight,01 Crossing Road On Ped Xing,9 Unknown Or Other,1 Pedestrian,CAMDEN ROAD J/W TORRIANO AVENUE,1,05/08/2017 04:15:00 AM,Saturday,4.15,1 TLRN,A,503,9 Unknown,2 30 MPH,6 Crossroads,2 Auto Sig,A,5200,5 Pedn Phase At Ats,2 Dark,1 Fine,1 Road-Dry,0 None,0 None,529720,184870,-0.130568,51.547823,,,Unknown,"(51.547823, -0.130568)",http://opendatacommunities.org/id/london-borough-council/camden,7258,21/12/2020 02:48:40 PM
1180084633,CAMDEN,1 Driver/Rider,1 Male,25-59,49,1,2 Serious,-2 Unknown,-2 N/A,3 Powered 2 Wheeler,PANCRAS ROAD 30M S OF J/W CROWNDALE ROAD,1,19/01/2018 07:40:00 AM,Friday,7.40,3 Bor,A,5202,6 Single Cwy,1 <= 20 MPH,0 No Jun In 20m,-2 Not Applicable,-2 Not Applicable,0,5 Pedn Phase At Ats,1 Daylight,1 Fine,1 Road-Dry,0 None,0 None,529640,183480,-0.132233,51.53535,,,Unknown,"(51.53535, -0.132233)",http://opendatacommunities.org/id/london-borough-council/camden,7681,21/12/2020 02:48:41 PM