Reference,London Borough Name,Casualty Class,Casualty Sex,Casualty Age Band,Casualty Age,Number Of Casualties,Casualty Severity,Pedestrian Location,Pedestrian Movement,Mode Of Travel,Attendant Location,Number Of Vehicles,Date,Day,Time,Highway,Road Class 1,Road Number 1,Road Type,Speed Limit,Junction Detail,Junction Control,Road Class 2,Road Number 2,Pedestrian Crossing,Light Condition Band,Weather,Road Surface,Special Conditions,Carriage Way Hazard,Easting,Northing,Longitude,Latitude,Ward Code,Ward Name,Spatial Accuracy,Location,Organisation URI,Socrata ID,Last Uploaded
1170015431,CAMDEN,1 Driver/Rider,1 Male,25-59,26,1,3 Slight,-2 Unknown,-2 N/A,2 Pedal Cycle,ENDSLEIGH PLACE J/W ENDSLEIGH PLACE,2,31/01/2017 06:50:00 PM,Tuesday,18.50,3 Bor,Unclassified,0,6 Single Cwy,1 <= 20 MPH,6 Crossroads,4 Give Way/Uncontrolled,Unclassified,0,0 No Xing Facility In 50m,2 Dark,2 Raining,2 Road-Wet,0 None,0 None,529810,182370,-0.130192,51.525335,,,Unknown,"(51.525335, -0.130192)",http://opendatacommunities.org/id/london-borough-council/camden,6634,21/12/2020 02:48:39 PM
1180124569,CAMDEN,2 Passenger,2 Female,25-59,31,1,3 Slight,-2 Unknown,-2 N/A,4 Car,SHAFTESBURY AVENUE J/W NEAL STREET,2,01/08/2018 01:25:00 PM,Wednesday,13.25,3 Bor,A,401,6 Single Cwy,1 <= 20 MPH,3 T/Stag Jun,4 Give Way/Uncontrolled,Unclassified,0,1 Zebra,1 Daylight,1 Fine,1 Road-Dry,0 None,0 None,530060,181220,-0.127015,51.514943,,,Unknown,"(51.514943, -0.127015)",http://opendatacommunities.org/id/london-borough-council/camden,8212,21/12/2020 02:48:42 PM
1180101891,CAMDEN,2 Passenger,1 Male,25-59,27,1,3 Slight,-2 Unknown,-2 N/A,4 Car,HENDON WAY J/W FINCHLEY ROAD,4,15/04/2018 03:30:00 PM,Sunday,15.30,1 TLRN,A,41,3 Dual Cwy,3 40 MPH,3 T/Stag Jun,2 Auto Sig,A,598,5 Pedn Phase At Ats,1 Daylight,2 Raining,2 Road-Wet,0 None,0 None,525081,186057,-0.197014,51.559537,,,Unknown,"(51.559537, -0.197014)",http://opendatacommunities.org/id/london-borough-council/camden,7887,21/12/2020 02:48:41 PM
0115EK40798,CAMDEN,1 Driver/Rider,1 Male,25-59,31,1,3 Slight,-2 Unknown,-2 N/A,5 Taxi,GOODS WAY J/W CAMLEY STREET,2,21/08/2015 12:00:00 PM,Friday,12.00,3 Bor,C,0,6 Single Cwy,2 30 MPH,3 T/Stag Jun,4 Give Way/Uncontrolled,Unclassified,0,0 No Xing Facility In 50m,1 Daylight,1 Fine,1 Road-Dry,0 None,0 None,530030,183320,-0.126672,51.533822,,,Unknown,"(51.533822, -0.126672)",http://opendatacommunities.org/id/london-borough-council/camden,5259,21/12/2020 02:48:37 PM
1190222985,CAMDEN,3 PEDESTRIAN,1 MALE,25-59,56,1,3 SLIGHT,01 CROSSING ROAD ON PED XING,'-2 NOT APPLICABLE,1 PEDESTRIAN,"On Abbey Road, 30 metres north of the junction with Langtry Walk.. The nearest classified road was the B507. The nearest classified road was the B507",2,05/12/2019 11:30:00 AM,Thursday,11.30,3 BOR,B,507,3 DUAL CWY,30,00 NO JUN IN 20M,,0,0,4 PELICAN OR SIMILAR,2 DAYLIGHT,1 FINE,1 ROAD-DRY,0 NONE,0 NONE,525873,183787,-0.186406,51.53896,,,Unknown,"(51.53896, -0.186406)",http://opendatacommunities.org/id/london-borough-council/camden,9588,21/12/2020 02:48:45 PM
1180130446,CAMDEN,3 Pedestrian,1 Male,16-24,22,1,3 Slight,09 In Road - Not Crossing,5 In Rd Not Crossing,1 Pedestrian,KILBURN HIGH ROAD J/W WILLESDEN LANE,1,03/09/2018 11:33:00 PM,Monday,23.33,3 Bor,A,5,6 Single Cwy,2 30 MPH,6 Crossroads,2 Auto Sig,A,4003,4 Pelican Or Similar,2 Dark,1 Fine,1 Road-Dry,0 None,2 Other Object In Cwy,525050,184090,-0.198159,51.541866,,,Unknown,"(51.541866, -0.198159)",http://opendatacommunities.org/id/london-borough-council/camden,8300,21/12/2020 02:48:42 PM
1170055690,CAMDEN,1 Driver/Rider,1 Male,16-24,21,1,3 Slight,-2 Unknown,-2 N/A,2 Pedal Cycle,GRAYS INN ROAD J/W SIDMOUTH STREET,2,05/07/2017 11:20:00 AM,Wednesday,11.20,3 Bor,A,5200,6 Single Cwy,2 30 MPH,3 T/Stag Jun,2 Auto Sig,C,0,0 No Xing Facility In 50m,1 Daylight,1 Fine,1 Road-Dry,0 None,0 None,530620,182580,-0.118445,51.527036,,,Unknown,"(51.527036, -0.118445)",http://opendatacommunities.org/id/london-borough-council/camden,7270,21/12/2020 02:48:40 PM
0115EK40491,CAMDEN,2 Passenger,1 Male,25-59,39,1,3 Slight,-2 Unknown,-2 N/A,6 Bus Or Coach,EUSTON ROAD J/W DUKE'S ROAD,2,15/06/2015 10:01:00 AM,Monday,10.01,1 TLRN,A,501,3 Dual Cwy,3 40 MPH,6 Crossroads,2 Auto Sig,Unclassified,0,5 Pedn Phase At Ats,1 Daylight,1 Fine,1 Road-Dry,0 None,0 None,529840,182640,-0.12966,51.527755,,,Unknown,"(51.527755, -0.12966)",http://opendatacommunities.org/id/london-borough-council/camden,4977,21/12/2020 02:48:36 PM
1170010303,CAMDEN,2 Passenger,2 Female,60+,80,1,2 Serious,-2 Unknown,-2 N/A,4 Car,CAMDEN STREET J/W CROWNDALE ROAD,2,01/01/2017 05:20:00 PM,Sunday,17.20,1 TLRN,A,400,6 Single Cwy,2 30 MPH,6 Crossroads,2 Auto Sig,B,512,4 Pelican Or Similar,2 Dark,9 Unknown,9 Unknown (S/R),9 Unknown (S/R),9 Unknown (S/R),529410,183460,-0.135554,51.535223,,,Unknown,"(51.535223, -0.135554)",http://opendatacommunities.org/id/london-borough-council/camden,6560,21/12/2020 02:48:39 PM
1190181771,CAMDEN,1 DRIVER/RIDER,1 MALE,25-59,48,1,3 SLIGHT,'-2 NOT APPLICABLE,'-2 NOT APPLICABLE,2 PEDAL CYCLE,"On Bloomsbury Place, 25 metres east of the junction with Southamptom Row.",2,18/05/2019 04:40:00 PM,Saturday,16.40,3 BOR,5,0,9 UNKNOWN,30,00 NO JUN IN 20M,,0,0,9 UNKNOWN (S/R),2 DAYLIGHT,1 FINE,1 ROAD-DRY,0 NONE,0 NONE,530380,181780,-0.122198,51.519902,,,Unknown,"(51.519902, -0.122198)",http://opendatacommunities.org/id/london-borough-council/camden,9021,21/12/2020 02:48:44 PM
0115EK41099,CAMDEN,2 Passenger,1 Male,25-59,57,1,3 Slight,-2 Unknown,-2 N/A,4 Car,HAVERSTOCK HILL J/W PARKHILL ROAD,4,09/12/2015 04:10:00 PM,Wednesday,16.10,3 Bor,A,502,6 Single Cwy,2 30 MPH,3 T/Stag Jun,4 Give Way/Uncontrolled,C,0,0 No Xing Facility In 50m,2 Dark,1 Fine,2 Road-Wet,0 None,0 None,527720,184750,-0.159439,51.5472,,,Unknown,"(51.5472, -0.159439)",http://opendatacommunities.org/id/london-borough-council/camden,5505,21/12/2020 02:48:37 PM
1190182408,CAMDEN,1 DRIVER/RIDER,2 FEMALE,25-59,26,1,3 SLIGHT,'-2 NOT APPLICABLE,'-2 NOT APPLICABLE,2 PEDAL CYCLE,"On Clerkenwell Road, 5 metres south of the junction with LAYSTALL ROAD.",2,22/05/2019 09:30:00 AM,Wednesday,9.30,3 BOR,A,5201,3 DUAL CWY,20,03 T/STAG JUN,4 GIVE WAY/UNCONTROLLED,6,0,1 ZEBRA,2 DAYLIGHT,1 FINE,1 ROAD-DRY,0 NONE,0 NONE,531161,182031,-0.110855,51.521977,,,Unknown,"(51.521977, -0.110855)",http://opendatacommunities.org/id/london-borough-council/camden,9029,21/12/2020 02:48:44 PM
1170057743,CAMDEN,1 Driver/Rider,1 Male,25-59,30,1,3 Slight,-2 Unknown,-2 N/A,2 Pedal Cycle,KILBURN HIGH ROAD J/W QUEX ROAD,2,04/09/2017 10:45:00 AM,Monday,10.45,3 Bor,A,5,9 Unknown,2 30 MPH,3 T/Stag Jun,9 Unknown (S/R),B,510,9 Unknown (S/R),1 Daylight,9 Unknown,9 Unknown (S/R),0 None,9 Unknown (S/R),525240,183850,-0.195506,51.539667,,,Unknown,"(51.539667, -0.195506)",http://opendatacommunities.org/id/london-borough-council/camden,7305,21/12/2020 02:48:40 PM
1190211831,CAMDEN,3 PEDESTRIAN,1 MALE,16-24,18,1,2 SERIOUS,01 CROSSING ROAD ON PED XING,'-2 NOT APPLICABLE,1 PEDESTRIAN,"On Pentonville Road, near the junction with Kings Cross Road.",1,15/10/2019 01:41:00 PM,Tuesday,13.41,1 TLRN,A,501,6 SINGLE CWY,30,03 T/STAG JUN,2 AUTO SIG,A,501,4 PELICAN OR SIMILAR,2 DAYLIGHT,1 FINE,1 ROAD-DRY,0 NONE,0 NONE,530537,183013,-0.11948,51.530946,,,Unknown,"(51.530946, -0.11948)",http://opendatacommunities.org/id/london-borough-council/camden,9438,21/12/2020 02:48:44 PM
1180154322,CAMDEN,1 Driver/Rider,1 Male,16-24,22,1,3 Slight,-2 Unknown,-2 N/A,4 Car,FINCHLEY ROAD J/W PLATTS LANE,2,25/12/2018 04:01:00 PM,Tuesday,16.01,1 TLRN,A,41,3 Dual Cwy,2 30 MPH,7 Multi Jun,2 Auto Sig,C,0,5 Pedn Phase At Ats,2 Dark,1 Fine,1 Road-Dry,1 Traf Sig Out,0 None,525170,185860,-0.195801,51.557747,,,Unknown,"(51.557747, -0.195801)",http://opendatacommunities.org/id/london-borough-council/camden,8640,21/12/2020 02:48:43 PM
1190194969,CAMDEN,1 DRIVER/RIDER,1 MALE,U,,1,3 SLIGHT,'-2 NOT APPLICABLE,'-2 NOT APPLICABLE,4 CAR,"On Cenacle Close, near the junction with W Heath Road .",2,21/07/2019 07:15:00 AM,Sunday,7.15,3 BOR,5,0,7 SLIP RD,30,03 T/STAG JUN,2 AUTO SIG,5,0,5 PEDN PHASE AT ATS,2 DAYLIGHT,8 OTHER,1 ROAD-DRY,9 UNKNOWN (S/R),0 NONE,525563,186420,-0.189935,51.562692,,,Unknown,"(51.562692, -0.189935)",http://opendatacommunities.org/id/london-borough-council/camden,9207,21/12/2020 02:48:44 PM
1170050247,CAMDEN,1 Driver/Rider,1 Male,25-59,34,1,3 Slight,-2 Unknown,-2 N/A,2 Pedal Cycle,HIGH HOLBORN 25M E OF J/W SOUTH HAMPTON ROW THE NEAREST CLASSIFIED,2,17/07/2017 08:10:00 PM,Monday,20.10,3 Bor,A,40,9 Unknown,1 <= 20 MPH,0 No Jun In 20m,-2 Not Applicable,-2 Not Applicable,0,9 Unknown (S/R),1 Daylight,9 Unknown,1 Road-Dry,9 Unknown (S/R),9 Unknown (S/R),530550,181538,-0.119839,51.517688,,,Unknown,"(51.517688, -0.119839)",http://opendatacommunities.org/id/london-borough-council/camden,7187,21/12/2020 02:48:40 PM
0115EK40321,CAMDEN,1 Driver/Rider,1 Male,25-59,45,1,3 Slight,-2 Unknown,-2 N/A,5 Taxi,CAMDEN STREET J/W GREENLAND ROAD,2,26/04/2015 01:20:00 AM,Sunday,1.20,1 TLRN,A,400,6 Single Cwy,2 30 MPH,3 T/Stag Jun,4 Give Way/Uncontrolled,Unclassified,0,0 No Xing Facility In 50m,2 Dark,1 Fine,2 Road-Wet,0 None,0 None,529130,183960,-0.139406,51.53978,,,Unknown,"(51.53978, -0.139406)",http://opendatacommunities.org/id/london-borough-council/camden,4841,21/12/2020 02:48:36 PM
0116EK40096,CAMDEN,2 Passenger,2 Female,25-59,41,1,3 Slight,-2 Unknown,-2 N/A,6 Bus Or Coach,WEST END LANE 23M S OF DENNINGTON PARK ROAD,1,21/02/2016 10:32:00 AM,Sunday,10.32,3 Bor,B,510,6 Single Cwy,1 <= 20 MPH,0 No Jun In 20m,-2 Not Applicable,-2 Not Applicable,0,0 No Xing Facility In 50m,1 Daylight,1 Fine,1 Road-Dry,0 None,0 None,525490,184990,-0.191497,51.549857,,,Unknown,"(51.549857, -0.191497)",http://opendatacommunities.org/id/london-borough-council/camden,6054,21/12/2020 02:48:38 PM
1190191770,CAMDEN,1 DRIVER/RIDER,1 MALE,16-24,17,1,3 SLIGHT,'-2 NOT APPLICABLE,'-2 NOT APPLICABLE,3 POWERED 2 WHEELER,"On Adelaide Road, near the junction with Lower Merton Rise.",2,05/07/2019 10:30:00 PM,Friday,22.30,3 BOR,B,509,3 DUAL CWY,20,03 T/STAG JUN,4 GIVE WAY/UNCONTROLLED,6,0,5 PEDN PHASE AT ATS,1 DARK,1 FINE,1 ROAD-DRY,0 NONE,0 NONE,527227,184279,-0.166716,51.543079,,,Unknown,"(51.543079, -0.166716)",http://opendatacommunities.org/id/london-borough-council/camden,9166,21/12/2020 02:48:44 PM
0116EK40222,CAMDEN,1 Driver/Rider,2 Female,25-59,28,1,3 Slight,-2 Unknown,-2 N/A,2 Pedal Cycle,GOODGE STREET 22M SW OF GOODGE PLACE,2,15/04/2016 07:41:00 AM,Friday,7.41,3 Bor,B,506,6 Single Cwy,2 30 MPH,0 No Jun In 20m,-2 Not Applicable,-2 Not Applicable,0,0 No Xing Facility In 50m,1 Daylight,2 Raining,2 Road-Wet,0 None,0 None,529390,181660,-0.136503,51.519051,,,Unknown,"(51.519051, -0.136503)",http://opendatacommunities.org/id/london-borough-council/camden,6167,21/12/2020 02:48:38 PM
1170069473,CAMDEN,1 Driver/Rider,1 Male,25-59,31,1,3 Slight,-2 Unknown,-2 N/A,5 Taxi,SHAFTESBURY AVENUE J/W HIGH HOLBORN,2,11/11/2017 12:45:00 PM,Saturday,12.45,3 Bor,B,522,3 Dual Cwy,2 30 MPH,6 Crossroads,2 Auto Sig,A,40,1 Zebra,1 Daylight,2 Raining,2 Road-Wet,0 None,0 None,530080,181300,-0.126697,51.515657,,,Unknown,"(51.515657, -0.126697)",http://opendatacommunities.org/id/london-borough-council/camden,7505,21/12/2020 02:48:41 PM
1170069933,CAMDEN,1 Driver/Rider,2 Female,25-59,45,1,2 Serious,-2 Unknown,-2 N/A,2 Pedal Cycle,EUSTON ROAD 25M W OF J/W YORK WAY,2,13/11/2017 05:20:00 PM,Monday,17.20,1 TLRN,A,501,3 Dual Cwy,2 30 MPH,0 No Jun In 20m,-2 Not Applicable,-2 Not Applicable,0,9 Unknown (S/R),2 Dark,1 Fine,1 Road-Dry,0 None,9 Unknown (S/R),530280,182950,-0.123206,51.530439,,,Unknown,"(51.530439, -0.123206)",http://opendatacommunities.org/id/london-borough-council/camden,7510,21/12/2020 02:48:41 PM
0115EK40432,CAMDEN,1 Driver/Rider,1 Male,25-59,34,1,3 Slight,-2 Unknown,-2 N/A,3 Powered 2 Wheeler,WICKLOW STREET J/W BRITANNIA STREET,2,03/06/2015 09:33:00 AM,Wednesday,9.33,3 Bor,Unclassified,0,6 Single Cwy,2 30 MPH,6 Crossroads,4 Give Way/Uncontrolled,Unclassified,0,0 No Xing Facility In 50m,1 Daylight,1 Fine,1 Road-Dry,0 None,0 None,530550,182860,-0.11935,51.529568,,,Unknown,"(51.529568, -0.11935)",http://opendatacommunities.org/id/london-borough-council/camden,4924,21/12/2020 02:48:36 PM
0115EK41053,CAMDEN,1 Driver/Rider,1 Male,25-59,29,1,3 Slight,-2 Unknown,-2 N/A,2 Pedal Cycle,YORK WAY J/W HANDYSIDE STREET.,2,26/11/2015 06:05:00 PM,Thursday,18.05,3 Bor,A,5200,6 Single Cwy,2 30 MPH,6 Crossroads,2 Auto Sig,A,5200,5 Pedn Phase At Ats,2 Dark,1 Fine,1 Road-Dry,0 None,0 None,530310,183670,-0.122508,51.536903,,,Unknown,"(51.536903, -0.122508)",http://opendatacommunities.org/id/london-borough-council/camden,5468,21/12/2020 02:48:37 PM
1170069090,CAMDEN,3 Pedestrian,2 Female,16-24,22,1,3 Slight,10 Unknown,9 Unknown Or Other,1 Pedestrian,YORK WAY 30M S Of J/W FREIGHT LANE,1,27/10/2017 11:30:00 PM,Friday,23.30,3 Bor,A,5200,6 Single Cwy,2 30 MPH,0 No Jun In 20m,-2 Not Applicable,-2 Not Applicable,0,9 Unknown (S/R),2 Dark,1 Fine,1 Road-Dry,0 None,0 None,530140,184024,-0.124827,51.540123,,,Unknown,"(51.540123, -0.124827)",http://opendatacommunities.org/id/london-borough-council/camden,7497,21/12/2020 02:48:41 PM
1170018384,CAMDEN,2 Passenger,1 Male,25-59,25,1,3 Slight,-2 Unknown,-2 N/A,4 Car,EUSTON ROAD J/W CHURCHWAY,2,14/02/2017 09:00:00 PM,Tuesday,21.00,1 TLRN,A,501,6 Single Cwy,2 30 MPH,6 Crossroads,2 Auto Sig,Unclassified,0,0 No Xing Facility In 50m,2 Dark,1 Fine,1 Road-Dry,0 None,0 None,529850,182640,-0.129516,51.527752,,,Unknown,"(51.527752, -0.129516)",http://opendatacommunities.org/id/london-borough-council/camden,6673,21/12/2020 02:48:39 PM
1180112635,CAMDEN,1 Driver/Rider,1 Male,25-59,25,1,3 Slight,-2 Unknown,-2 N/A,7 Goods Vehicle,CAMDEN ROAD J/W LYME STREET,2,07/06/2018 12:12:00 AM,Thursday,0.12,1 TLRN,A,503,3 Dual Cwy,1 <= 20 MPH,3 T/Stag Jun,1 Auth Person,Unclassified,0,0 No Xing Facility In 50m,2 Dark,1 Fine,1 Road-Dry,0 None,0 None,529120,184060,-0.139513,51.540681,,,Unknown,"(51.540681, -0.139513)",http://opendatacommunities.org/id/london-borough-council/camden,8056,21/12/2020 02:48:42 PM
1170045926,CAMDEN,3 Pedestrian,2 Female,16-24,19,1,3 Slight,01 Crossing Road On Ped Xing,1 From Drivers N/Side,1 Pedestrian,GRAYS INN ROAD J/W SIDMOUTH STREET,1,30/06/2017 01:10:00 PM,Friday,13.10,3 Bor,A,5200,6 Single Cwy,1 <= 20 MPH,3 T/Stag Jun,2 Auto Sig,C,0,5 Pedn Phase At Ats,1 Daylight,1 Fine,1 Road-Dry,0 None,0 None,530610,182590,-0.118585,51.527128,,,Unknown,"(51.527128, -0.118585)",http://opendatacommunities.org/id/london-borough-council/camden,7102,21/12/2020 02:48:40 PM
0116EK40406,CAMDEN,1 Driver/Rider,1 Male,16-24,23,1,3 Slight,-2 Unknown,-2 N/A,2 Pedal Cycle,PARKWAY J/W ALBERT STREET,2,10/06/2016 07:09:00 PM,Friday,19.09,3 Bor,A,4201,2 One-Way St,2 30 MPH,3 T/Stag Jun,4 Give Way/Uncontrolled,Unclassified,0,0 No Xing Facility In 50m,1 Daylight,1 Fine,1 Road-Dry,0 None,0 None,528760,183730,-0.144822,51.537797,,,Unknown,"(51.537797, -0.144822)",http://opendatacommunities.org/id/london-borough-council/camden,6323,21/12/2020 02:48:38 PM
1180154364,CAMDEN,2 Passenger,2 Female,25-59,57,1,3 Slight,-2 Unknown,-2 N/A,4 Car,KILBURN HIGH ROAD 40M NW OF J/W KILBURN PRIORY,2,25/12/2018 10:20:00 PM,Tuesday,22.20,3 Bor,A,5,3 Dual Cwy,2 30 MPH,0 No Jun In 20m,-2 Not Applicable,-2 Not Applicable,0,1 Zebra,2 Dark,1 Fine,1 Road-Dry,0 None,0 None,525600,183390,-0.190482,51.535453,,,Unknown,"(51.535453, -0.190482)",http://opendatacommunities.org/id/london-borough-council/camden,8642,21/12/2020 02:48:43 PM
1190187958,CAMDEN,3 PEDESTRIAN,1 MALE,0-15,0,1,3 SLIGHT,04 CROSSING ROAD WITHIN 50M XING,1 FROM DRIVERS N/SIDE,1 PEDESTRIAN,"On Tottenham Court Road, 15 metres north of the junction with Torrington Place.",1,18/06/2019 11:35:00 AM,Tuesday,11.35,3 BOR,A,400,6 SINGLE CWY,20,05 SLIP ROAD,4 GIVE WAY/UNCONTROLLED,5,0,4 PELICAN OR SIMILAR,2 DAYLIGHT,1 FINE,1 ROAD-DRY,0 NONE,0 NONE,529498,181915,-0.134854,51.521318,,,Unknown,"(51.521318, -0.134854)",http://opendatacommunities.org/id/london-borough-council/camden,9110,21/12/2020 02:48:44 PM
0115EK40109,CAMDEN,1 Driver/Rider,1 Male,25-59,31,1,3 Slight,-2 Unknown,-2 N/A,3 Powered 2 Wheeler,LANSDOWNE TERRACE J/W BRUNSWICK SQUARE,2,12/02/2015 02:40:00 PM,Thursday,14.40,3 Bor,C,0,6 Single Cwy,2 30 MPH,9 Other Jun,4 Give Way/Uncontrolled,Unclassified,0,0 No Xing Facility In 50m,1 Daylight,1 Fine,1 Road-Dry,0 None,0 None,530450,182220,-0.121027,51.52384,,,Unknown,"(51.52384, -0.121027)",http://opendatacommunities.org/id/london-borough-council/camden,4666,21/12/2020 02:48:36 PM
1170073402,CAMDEN,1 Driver/Rider,2 Female,60+,62,1,3 Slight,-2 Unknown,-2 N/A,4 Car,MILL LANE J/W ALDRED ROAD,2,28/11/2017 08:20:00 AM,Tuesday,8.20,3 Bor,C,0,3 Dual Cwy,1 <= 20 MPH,3 T/Stag Jun,4 Give Way/Uncontrolled,Unclassified,0,0 No Xing Facility In 50m,1 Daylight,1 Fine,1 Road-Dry,0 None,0 None,525200,185220,-0.195596,51.551988,,,Unknown,"(51.551988, -0.195596)",http://opendatacommunities.org/id/london-borough-council/camden,7557,21/12/2020 02:48:41 PM
1190161026,CAMDEN,2 PASSENGER,1 MALE,25-59,30,1,2 SERIOUS,'-2 NOT APPLICABLE,'-2 NOT APPLICABLE,4 CAR,"On Eversholt Street, 35 metres south of the junction with Drummon Crescent.",2,02/02/2019 10:56:00 AM,Saturday,10.56,3 BOR,A,4200,3 DUAL CWY,20,00 NO JUN IN 20M,,0,0,0 NO XING FACILITY IN 50M,1 DARK,1 FINE,4 ROAD-FROST/ICE,0 NONE,0 NONE,529609,182803,-0.132928,51.529273,,,Unknown,"(51.529273, -0.132928)",http://opendatacommunities.org/id/london-borough-council/camden,8744,21/12/2020 02:48:43 PM
1190207632,CAMDEN,3 PEDESTRIAN,2 FEMALE,60+,71,1,2 SERIOUS,10 UNKNOWN OR OTHER,'-2 NOT APPLICABLE,1 PEDESTRIAN,"On Pratt Street, near the junction with Bayham Street .",1,22/08/2019 10:02:00 PM,Thursday,22.02,3 BOR,A,503,2 ONE-WAY ST,30,06 CROSSROADS,9 UNKNOWN (S/R),A,503,9 UNKNOWN (S/R),2 DAYLIGHT,9 UNKNOWN,9 UNKNOWN (S/R),9 UNKNOWN (S/R),9 UNKNOWN (S/R),529091,183709,-0.14006,51.537533,,,Unknown,"(51.537533, -0.14006)",http://opendatacommunities.org/id/london-borough-council/camden,9387,21/12/2020 02:48:44 PM
1170033899,CAMDEN,1 Driver/Rider,1 Male,25-59,48,1,3 Slight,-2 Unknown,-2 N/A,2 Pedal Cycle,CALTHORPE STREET J/W PHOENIX PLACE,2,25/04/2017 06:20:00 PM,Tuesday,18.20,3 Bor,B,502,6 Single Cwy,1 <= 20 MPH,6 Crossroads,4 Give Way/Uncontrolled,C,0,4 Pelican Or Similar,1 Daylight,1 Fine,1 Road-Dry,0 None,0 None,530910,182410,-0.11433,51.525441,,,Unknown,"(51.525441, -0.11433)",http://opendatacommunities.org/id/london-borough-council/camden,6909,21/12/2020 02:48:39 PM
1190159073,CAMDEN,3 PEDESTRIAN,2 FEMALE,25-59,26,1,3 SLIGHT,01 CROSSING ROAD ON PED XING,1 FROM DRIVERS N/SIDE,1 PEDESTRIAN,"On Grays Inn Road, 10 metres north of the junction with Guilford Street.",1,23/01/2019 09:21:00 AM,Wednesday,9.21,3 BOR,A,5200,6 SINGLE CWY,20,07 MULTI JUN,2 AUTO SIG,B,502,4 PELICAN OR SIMILAR,2 DAYLIGHT,1 FINE,1 ROAD-DRY,0 NONE,0 NONE,530790,182304,-0.116098,51.524516,,,Unknown,"(51.524516, -0.116098)",http://opendatacommunities.org/id/london-borough-council/camden,8718,21/12/2020 02:48:43 PM
0115EK40343,CAMDEN,1 Driver/Rider,1 Male,16-24,23,1,3 Slight,-2 Unknown,-2 N/A,2 Pedal Cycle,NFL- BARKER DRIVE J/W WEAVERS WAY,2,05/05/2015 06:57:00 PM,Tuesday,18.57,3 Bor,Unclassified,0,6 Single Cwy,2 30 MPH,3 T/Stag Jun,4 Give Way/Uncontrolled,Unclassified,0,0 No Xing Facility In 50m,1 Daylight,1 Fine,1 Road-Dry,0 None,0 None,529590,184040,-0.132747,51.540394,,,Unknown,"(51.540394, -0.132747)",http://opendatacommunities.org/id/london-borough-council/camden,4852,21/12/2020 02:48:36 PM
1180095338,CAMDEN,2 Passenger,2 Female,25-59,25,1,3 Slight,-2 Unknown,-2 N/A,5 Taxi,BLOOMSBURY WAY J/W SOUTHAMPTON PLACE,2,10/03/2018 08:45:00 PM,Saturday,20.45,3 Bor,A,40,6 Single Cwy,1 <= 20 MPH,3 T/Stag Jun,2 Auto Sig,C,0,0 No Xing Facility In 50m,2 Dark,1 Fine,1 Road-Dry,0 None,0 None,530380,181620,-0.122258,51.518464,,,Unknown,"(51.518464, -0.122258)",http://opendatacommunities.org/id/london-borough-council/camden,7808,21/12/2020 02:48:41 PM
0115EK40480,CAMDEN,1 Driver/Rider,1 Male,25-59,40,1,3 Slight,-2 Unknown,-2 N/A,4 Car,CAMDEN ROAD J/W ROCHESTER ROAD,3,12/06/2015 11:03:00 PM,Friday,23.03,1 TLRN,A,503,6 Single Cwy,2 30 MPH,3 T/Stag Jun,4 Give Way/Uncontrolled,Unclassified,0,0 No Xing Facility In 50m,2 Dark,1 Fine,1 Road-Dry,0 None,0 None,529350,184420,-0.136066,51.543864,,,Unknown,"(51.543864, -0.136066)",http://opendatacommunities.org/id/london-borough-council/camden,4971,21/12/2020 02:48:36 PM
1190204947,CAMDEN,1 DRIVER/RIDER,1 MALE,25-59,37,1,3 SLIGHT,'-2 NOT APPLICABLE,'-2 NOT APPLICABLE,3 POWERED 2 WHEELER,"On FINCHLEY ROAD, near the junction with AVLANLEY ROAD.",2,12/09/2019 05:15:00 PM,Thursday,17.15,1 TLRN,A,41,3 DUAL CWY,30,03 T/STAG JUN,4 GIVE WAY/UNCONTROLLED,6,0,0 NO XING FACILITY IN 50M,2 DAYLIGHT,1 FINE,1 ROAD-DRY,0 NONE,0 NONE,525714,185303,-0.188156,51.55262,,,Unknown,"(51.55262, -0.188156)",http://opendatacommunities.org/id/london-borough-council/camden,9357,21/12/2020 02:48:44 PM
1180081909,CAMDEN,1 Driver/Rider,1 Male,0-15,14,1,3 Slight,-2 Unknown,-2 N/A,2 Pedal Cycle,KENTISH TOWN ROAD J/W HIGHGATE ROAD,2,06/01/2018 04:45:00 PM,Saturday,16.45,3 Bor,A,400,6 Single Cwy,1 <= 20 MPH,3 T/Stag Jun,2 Auto Sig,B,518,5 Pedn Phase At Ats,2 Dark,1 Fine,1 Road-Dry,0 None,0 None,528970,185270,-0.141232,51.551589,,,Unknown,"(51.551589, -0.141232)",http://opendatacommunities.org/id/london-borough-council/camden,7654,21/12/2020 02:48:41 PM
1180099488,CAMDEN,1 Driver/Rider,1 Male,25-59,40,1,3 Slight,-2 Unknown,-2 N/A,2 Pedal Cycle,WEST END LANE J/W WEST END LANE,2,01/04/2018 04:40:00 PM,Sunday,16.40,3 Bor,B,510,6 Single Cwy,2 30 MPH,3 T/Stag Jun,4 Give Way/Uncontrolled,B,510,1 Zebra,1 Daylight,1 Fine,1 Road-Dry,0 None,0 None,525400,185210,-0.192716,51.551854,,,Unknown,"(51.551854, -0.192716)",http://opendatacommunities.org/id/london-borough-council/camden,7860,21/12/2020 02:48:41 PM