Reference,London Borough Name,Casualty Class,Casualty Sex,Casualty Age Band,Casualty Age,Number Of Casualties,Casualty Severity,Pedestrian Location,Pedestrian Movement,Mode Of Travel,Attendant Location,Number Of Vehicles,Date,Day,Time,Highway,Road Class 1,Road Number 1,Road Type,Speed Limit,Junction Detail,Junction Control,Road Class 2,Road Number 2,Pedestrian Crossing,Light Condition Band,Weather,Road Surface,Special Conditions,Carriage Way Hazard,Easting,Northing,Longitude,Latitude,Ward Code,Ward Name,Spatial Accuracy,Location,Organisation URI,Socrata ID,Last Uploaded
1170076530,CAMDEN,1 Driver/Rider,1 Male,16-24,21,1,3 Slight,-2 Unknown,-2 N/A,3 Powered 2 Wheeler,FINCHLEY ROAD J/W PARSIFAL ROAD,2,09/12/2017 01:40:00 PM,Saturday,13.40,1 TLRN,A,41,3 Dual Cwy,2 30 MPH,3 T/Stag Jun,4 Give Way/Uncontrolled,Unclassified,0,0 No Xing Facility In 50m,1 Daylight,1 Fine,1 Road-Dry,0 None,0 None,525400,185560,-0.192591,51.555,,,Unknown,"(51.555, -0.192591)",http://opendatacommunities.org/id/london-borough-council/camden,7598,21/12/2020 02:48:41 PM
1170026481,CAMDEN,1 Driver/Rider,1 Male,25-59,30,1,3 Slight,-2 Unknown,-2 N/A,3 Powered 2 Wheeler,ETON ROAD J/W ETON COLLEGE ROAD,2,08/03/2017 01:35:00 PM,Wednesday,13.35,3 Bor,Unclassified,0,9 Unknown,1 <= 20 MPH,6 Crossroads,4 Give Way/Uncontrolled,Unclassified,0,0 No Xing Facility In 50m,1 Daylight,1 Fine,1 Road-Dry,0 None,0 None,527860,184580,-0.157483,51.545641,,,Unknown,"(51.545641, -0.157483)",http://opendatacommunities.org/id/london-borough-council/camden,6796,21/12/2020 02:48:39 PM
1180107390,CAMDEN,1 Driver/Rider,2 Female,25-59,38,1,3 Slight,-2 Unknown,-2 N/A,4 Car,MARSDEN STREET 50M W OF J/W TALACRE ROAD,2,11/05/2018 04:15:00 PM,Friday,16.15,3 Bor,Unclassified,0,6 Single Cwy,1 <= 20 MPH,0 No Jun In 20m,-2 Not Applicable,-2 Not Applicable,0,9 Unknown (S/R),1 Daylight,8 Other,1 Road-Dry,9 Unknown (S/R),0 None,528370,184760,-0.150067,51.547143,,,Unknown,"(51.547143, -0.150067)",http://opendatacommunities.org/id/london-borough-council/camden,7986,21/12/2020 02:48:42 PM
1180110865,CAMDEN,1 Driver/Rider,2 Female,25-59,28,1,3 Slight,-2 Unknown,-2 N/A,4 Car,CAMDEN ROAD J/W ROCHESTER ROAD,1,26/05/2018 12:45:00 PM,Saturday,12.45,1 TLRN,A,503,3 Dual Cwy,2 30 MPH,3 T/Stag Jun,4 Give Way/Uncontrolled,Unclassified,0,4 Pelican Or Similar,1 Daylight,1 Fine,1 Road-Dry,0 None,0 None,529340,184410,-0.136214,51.543776,,,Unknown,"(51.543776, -0.136214)",http://opendatacommunities.org/id/london-borough-council/camden,8030,21/12/2020 02:48:42 PM
0116EK40258,CAMDEN,1 Driver/Rider,2 Female,16-24,24,1,3 Slight,-2 Unknown,-2 N/A,2 Pedal Cycle,GRAY'S INN ROAD J/W MOUNT PLEASANT,2,04/01/2016 07:05:00 AM,Monday,7.05,3 Bor,A,5200,6 Single Cwy,1 <= 20 MPH,3 T/Stag Jun,4 Give Way/Uncontrolled,A,5200,0 No Xing Facility In 50m,1 Daylight,1 Fine,2 Road-Wet,0 None,0 None,530970,182000,-0.113618,51.521743,,,Unknown,"(51.521743, -0.113618)",http://opendatacommunities.org/id/london-borough-council/camden,6197,21/12/2020 02:48:38 PM
1190217392,CAMDEN,3 PEDESTRIAN,2 FEMALE,25-59,57,1,3 SLIGHT,04 CROSSING ROAD WITHIN 50M XING,'-2 NOT APPLICABLE,1 PEDESTRIAN,"On Chalk Farm Road, 15 metres north of the junction with Hawley street.",2,10/11/2019 03:10:00 PM,Sunday,15.10,3 BOR,A,502,3 DUAL CWY,20,03 T/STAG JUN,4 GIVE WAY/UNCONTROLLED,A,502,1 ZEBRA,2 DAYLIGHT,1 FINE,1 ROAD-DRY,0 NONE,0 NONE,528616,184225,-0.146716,51.542279,,,Unknown,"(51.542279, -0.146716)",http://opendatacommunities.org/id/london-borough-council/camden,9507,21/12/2020 02:48:44 PM
1170048448,CAMDEN,1 Driver/Rider,1 Male,25-59,36,1,2 Serious,-2 Unknown,-2 N/A,3 Powered 2 Wheeler,FINCHLEY ROAD J/W PARSIFAL STREET,2,14/07/2017 06:06:00 PM,Friday,18.06,1 TLRN,A,41,3 Dual Cwy,2 30 MPH,3 T/Stag Jun,4 Give Way/Uncontrolled,Unclassified,0,0 No Xing Facility In 50m,1 Daylight,1 Fine,1 Road-Dry,0 None,0 None,525380,185570,-0.192876,51.555094,,,Unknown,"(51.555094, -0.192876)",http://opendatacommunities.org/id/london-borough-council/camden,7150,21/12/2020 02:48:40 PM
1170037968,CAMDEN,3 Pedestrian,1 Male,25-59,49,1,3 Slight,09 In Road - Not Crossing,9 Unknown Or Other,1 Pedestrian,BROADHURST GARDENS J/W FAIRHAZEL GARDENS,1,15/05/2017 04:10:00 PM,Monday,16.10,3 Bor,C,0,2 One-Way St,1 <= 20 MPH,3 T/Stag Jun,4 Give Way/Uncontrolled,Unclassified,0,0 No Xing Facility In 50m,1 Daylight,1 Fine,1 Road-Dry,0 None,0 None,525900,184620,-0.185719,51.54644,,,Unknown,"(51.54644, -0.185719)",http://opendatacommunities.org/id/london-borough-council/camden,6971,21/12/2020 02:48:39 PM
1170049429,CAMDEN,1 Driver/Rider,1 Male,25-59,31,1,3 Slight,-2 Unknown,-2 N/A,2 Pedal Cycle,ROYAL COLLEGE STREET J/W CAMDEN ROAD,2,30/06/2017 08:00:00 PM,Friday,20.00,1 TLRN,A,5202,2 One-Way St,1 <= 20 MPH,7 Multi Jun,2 Auto Sig,A,503,5 Pedn Phase At Ats,1 Daylight,1 Fine,1 Road-Dry,0 None,0 None,529220,184160,-0.138035,51.541557,,,Unknown,"(51.541557, -0.138035)",http://opendatacommunities.org/id/london-borough-council/camden,7165,21/12/2020 02:48:40 PM
1170056044,CAMDEN,3 Pedestrian,2 Female,16-24,20,1,3 Slight,01 Crossing Road On Ped Xing,1 From Drivers N/Side,1 Pedestrian,HILGROVE ROAD J/W BELSIZE ROAD NW6,1,25/08/2017 05:05:00 PM,Friday,17.05,3 Bor,B,509,6 Single Cwy,1 <= 20 MPH,1 Roundabout,4 Give Way/Uncontrolled,B,509,1 Zebra,1 Daylight,1 Fine,1 Road-Dry,0 None,0 None,526370,184120,-0.179124,51.541842,,,Unknown,"(51.541842, -0.179124)",http://opendatacommunities.org/id/london-borough-council/camden,7276,21/12/2020 02:48:40 PM
0115EK40670,CAMDEN,1 Driver/Rider,1 Male,25-59,34,1,3 Slight,-2 Unknown,-2 N/A,3 Powered 2 Wheeler,HIGH HOLBORN 38M W OF HOLBORN PLACE,1,04/08/2015 12:00:00 PM,Tuesday,12.00,3 Bor,A,40,6 Single Cwy,2 30 MPH,0 No Jun In 20m,-2 Not Applicable,-2 Not Applicable,0,0 No Xing Facility In 50m,1 Daylight,1 Fine,1 Road-Dry,0 None,0 None,530680,181550,-0.117962,51.517766,,,Unknown,"(51.517766, -0.117962)",http://opendatacommunities.org/id/london-borough-council/camden,5144,21/12/2020 02:48:36 PM
0115EK40840,CAMDEN,1 Driver/Rider,1 Male,25-59,30,1,3 Slight,-2 Unknown,-2 N/A,3 Powered 2 Wheeler,CAMDEN ROAD J/W ROYAL COLLEGE STREET,2,25/09/2015 09:37:00 PM,Friday,21.37,1 TLRN,A,503,6 Single Cwy,2 30 MPH,6 Crossroads,2 Auto Sig,A,5202,5 Pedn Phase At Ats,2 Dark,1 Fine,1 Road-Dry,0 None,0 None,529180,184170,-0.138608,51.541656,,,Unknown,"(51.541656, -0.138608)",http://opendatacommunities.org/id/london-borough-council/camden,5294,21/12/2020 02:48:37 PM
1160000651,CAMDEN,1 Driver/Rider,1 Male,25-59,37,1,3 Slight,-2 Unknown,-2 N/A,3 Powered 2 Wheeler,KILBURN HIGH ROAD J/W KINGSGATE PLACE,2,07/11/2016 12:15:00 PM,Monday,12.15,3 Bor,A,5,6 Single Cwy,2 30 MPH,3 T/Stag Jun,4 Give Way/Uncontrolled,Unclassified,0,0 No Xing Facility In 50m,1 Daylight,1 Fine,1 Road-Dry,0 None,0 None,525100,184040,-0.197456,51.541406,,,Unknown,"(51.541406, -0.197456)",http://opendatacommunities.org/id/london-borough-council/camden,5646,21/12/2020 02:48:37 PM
0115EK40921,CAMDEN,3 Pedestrian,1 Male,25-59,25,1,3 Slight,05 Crossing Road (Not On Xing),2 From Drivers N/Side Msk,1 Pedestrian,"NFL - AGAR GROVE, 50 METRES NE OF AGAR PLACE.",1,16/10/2015 04:15:00 PM,Friday,16.15,3 Bor,C,0,6 Single Cwy,2 30 MPH,0 No Jun In 20m,-2 Not Applicable,-2 Not Applicable,0,0 No Xing Facility In 50m,1 Daylight,1 Fine,2 Road-Wet,0 None,0 None,529470,184260,-0.134396,51.542398,,,Unknown,"(51.542398, -0.134396)",http://opendatacommunities.org/id/london-borough-council/camden,5355,21/12/2020 02:48:37 PM
0115EK40233,CAMDEN,3 Pedestrian,2 Female,60+,64,1,3 Slight,09 In Road - Not Crossing,5 In Rd Not Crossing,1 Pedestrian,CAMDEN STREET 29M NW OF J/W ST MARTIN'S CLOSE,1,26/02/2015 07:45:00 PM,Thursday,19.45,1 TLRN,A,400,2 One-Way St,2 30 MPH,0 No Jun In 20m,-2 Not Applicable,-2 Not Applicable,0,0 No Xing Facility In 50m,2 Dark,1 Fine,1 Road-Dry,0 None,0 None,529190,183860,-0.138578,51.538868,,,Unknown,"(51.538868, -0.138578)",http://opendatacommunities.org/id/london-borough-council/camden,4762,21/12/2020 02:48:36 PM
1160004970,CAMDEN,1 Driver/Rider,2 Female,25-59,31,1,3 Slight,-2 Unknown,-2 N/A,2 Pedal Cycle,ROYAL COLLEGE STREET J/W GEORGIANA STREET,2,03/12/2016 08:30:00 PM,Saturday,20.30,3 Bor,A,5202,6 Single Cwy,1 <= 20 MPH,6 Crossroads,4 Give Way/Uncontrolled,Unclassified,0,1 Zebra,2 Dark,8 Other,2 Road-Wet,0 None,0 None,529310,183970,-0.136808,51.539829,,,Unknown,"(51.539829, -0.136808)",http://opendatacommunities.org/id/london-borough-council/camden,5731,21/12/2020 02:48:37 PM
0115EK40983,CAMDEN,3 Pedestrian,1 Male,25-59,52,1,3 Slight,04 Crossing Road Within 50m Xing,3 From Drivers O/Side,1 Pedestrian,"WOBURN PLACE, 30 METRES SE OF TAVISTOCK PLACE.",1,03/10/2015 08:30:00 PM,Saturday,20.30,3 Bor,A,4200,6 Single Cwy,1 <= 20 MPH,0 No Jun In 20m,-2 Not Applicable,-2 Not Applicable,0,5 Pedn Phase At Ats,2 Dark,1 Fine,1 Road-Dry,0 None,0 None,529990,182270,-0.127636,51.524395,,,Unknown,"(51.524395, -0.127636)",http://opendatacommunities.org/id/london-borough-council/camden,5414,21/12/2020 02:48:37 PM
1170023845,CAMDEN,1 Driver/Rider,1 Male,25-59,51,1,3 Slight,-2 Unknown,-2 N/A,7 Goods Vehicle,FROGNAL LANE J/W BRACKNELL GARDENS,2,07/03/2017 09:10:00 AM,Tuesday,9.10,3 Bor,Unclassified,0,6 Single Cwy,1 <= 20 MPH,3 T/Stag Jun,4 Give Way/Uncontrolled,Unclassified,0,0 No Xing Facility In 50m,1 Daylight,1 Fine,1 Road-Dry,0 None,0 None,525820,185400,-0.186594,51.553468,,,Unknown,"(51.553468, -0.186594)",http://opendatacommunities.org/id/london-borough-council/camden,6756,21/12/2020 02:48:39 PM
0115EK40458,CAMDEN,1 Driver/Rider,2 Female,25-59,38,1,3 Slight,-2 Unknown,-2 N/A,2 Pedal Cycle,NFL- FINCHLEY ROAD J/W AVENUE ROAD,2,09/06/2015 07:00:00 PM,Tuesday,19.00,1 TLRN,A,41,6 Single Cwy,2 30 MPH,9 Other Jun,2 Auto Sig,A,41,5 Pedn Phase At Ats,1 Daylight,1 Fine,1 Road-Dry,0 None,0 None,526650,184320,-0.175017,51.543577,,,Unknown,"(51.543577, -0.175017)",http://opendatacommunities.org/id/london-borough-council/camden,4950,21/12/2020 02:48:36 PM
1190218963,CAMDEN,3 PEDESTRIAN,2 FEMALE,60+,78,1,3 SLIGHT,01 CROSSING ROAD ON PED XING,'-2 NOT APPLICABLE,1 PEDESTRIAN,"On Hilgrove Road, 25 metres east of the junction with Fairfax Road .",1,13/11/2019 12:25:00 PM,Wednesday,12.25,3 BOR,B,509,6 SINGLE CWY,30,00 NO JUN IN 20M,,0,0,1 ZEBRA,2 DAYLIGHT,1 FINE,1 ROAD-DRY,0 NONE,0 NONE,526374,184110,-0.17907,51.541751,,,Unknown,"(51.541751, -0.17907)",http://opendatacommunities.org/id/london-borough-council/camden,9525,21/12/2020 02:48:44 PM
0115EK41119,CAMDEN,2 Passenger,2 Female,16-24,23,1,3 Slight,-2 Unknown,-2 N/A,6 Bus Or Coach,NEW OXFORD STREET J/W BLOOMSBURY STREET,1,11/12/2015 07:54:00 PM,Friday,19.54,3 Bor,A,40,6 Single Cwy,2 30 MPH,6 Crossroads,2 Auto Sig,A,400,5 Pedn Phase At Ats,2 Dark,1 Fine,2 Road-Wet,0 None,0 None,530040,181430,-0.127225,51.516835,,,Unknown,"(51.516835, -0.127225)",http://opendatacommunities.org/id/london-borough-council/camden,5530,21/12/2020 02:48:37 PM
1190220561,CAMDEN,3 PEDESTRIAN,1 MALE,25-59,25,1,3 SLIGHT,08 IN CENTRE OF CARRIAGEWAY,'-2 NOT APPLICABLE,1 PEDESTRIAN,"On Kilburn High Road Quex Road (Stop M), 50 meters north of junction with Birchington Road.",1,05/11/2019 04:30:00 PM,Tuesday,16.30,3 BOR,A,5,6 SINGLE CWY,20,00 NO JUN IN 20M,,0,0,5 PEDN PHASE AT ATS,2 DAYLIGHT,8 OTHER,2 ROAD-WET,0 NONE,0 NONE,525281,183815,-0.194928,51.539343,,,Unknown,"(51.539343, -0.194928)",http://opendatacommunities.org/id/london-borough-council/camden,9547,21/12/2020 02:48:44 PM
1180105762,CAMDEN,2 Passenger,1 Male,16-24,24,1,3 Slight,-2 Unknown,-2 N/A,2 Pedal Cycle,NEAL STREET J/W SHORTS GARDENS,1,04/05/2018 12:03:00 AM,Friday,0.03,3 Bor,Unclassified,0,2 One-Way St,1 <= 20 MPH,6 Crossroads,4 Give Way/Uncontrolled,Unclassified,0,0 No Xing Facility In 50m,2 Dark,1 Fine,1 Road-Dry,0 None,0 None,530140,181160,-0.125884,51.514385,,,Unknown,"(51.514385, -0.125884)",http://opendatacommunities.org/id/london-borough-council/camden,7955,21/12/2020 02:48:41 PM
1190224041,CAMDEN,1 DRIVER/RIDER,1 MALE,25-59,53,1,3 SLIGHT,'-2 NOT APPLICABLE,'-2 NOT APPLICABLE,3 POWERED 2 WHEELER,"On High Holborn, near the junction with New Oxford Street, London WC1A.",2,10/12/2019 12:00:00 PM,Tuesday,12.00,3 BOR,A,40,2 ONE-WAY ST,30,05 SLIP ROAD,4 GIVE WAY/UNCONTROLLED,A,40,4 PELICAN OR SIMILAR,2 DAYLIGHT,5 RAINING/HIGH WINDS,2 ROAD-WET,0 NONE,0 NONE,530352,181469,-0.122717,51.517113,,,Unknown,"(51.517113, -0.122717)",http://opendatacommunities.org/id/london-borough-council/camden,9607,21/12/2020 02:48:45 PM
1170074507,CAMDEN,1 Driver/Rider,1 Male,25-59,37,1,3 Slight,-2 Unknown,-2 N/A,4 Car,CAMDEN STREET J/W CAMDEN ROAD,1,19/11/2017 07:45:00 AM,Sunday,7.45,1 TLRN,Unclassified,0,9 Unknown,2 30 MPH,6 Crossroads,2 Auto Sig,A,503,5 Pedn Phase At Ats,1 Daylight,9 Unknown,1 Road-Dry,0 None,9 Unknown (S/R),529090,184020,-0.13996,51.540328,,,Unknown,"(51.540328, -0.13996)",http://opendatacommunities.org/id/london-borough-council/camden,7567,21/12/2020 02:48:41 PM
0115EK41149,CAMDEN,1 Driver/Rider,1 Male,25-59,27,1,2 Serious,-2 Unknown,-2 N/A,3 Powered 2 Wheeler,KENTISH TOWN ROAD J/W ANGLERS LANE.,2,12/12/2015 11:15:00 PM,Saturday,23.15,3 Bor,A,400,6 Single Cwy,2 30 MPH,3 T/Stag Jun,4 Give Way/Uncontrolled,Unclassified,0,0 No Xing Facility In 50m,2 Dark,1 Fine,1 Road-Dry,0 None,0 None,528970,184860,-0.141382,51.547905,,,Unknown,"(51.547905, -0.141382)",http://opendatacommunities.org/id/london-borough-council/camden,5551,21/12/2020 02:48:37 PM
1190214045,CAMDEN,1 DRIVER/RIDER,1 MALE,25-59,26,1,3 SLIGHT,'-2 NOT APPLICABLE,'-2 NOT APPLICABLE,4 CAR,"On Kilburn Vale, 50 metres north of the junction with Kilburn Vale.",2,25/10/2019 11:04:00 PM,Friday,23.04,3 BOR,6,0,9 UNKNOWN,20,00 NO JUN IN 20M,,0,0,1 ZEBRA,1 DARK,1 FINE,1 ROAD-DRY,0 NONE,0 NONE,525412,183765,-0.193058,51.538865,,,Unknown,"(51.538865, -0.193058)",http://opendatacommunities.org/id/london-borough-council/camden,9470,21/12/2020 02:48:44 PM
0116QK50598,CAMDEN,1 Driver/Rider,1 Male,25-59,59,1,3 Slight,-2 Unknown,-2 N/A,7 Goods Vehicle,"KILBURN HIGH ROAD, J/W VICTORIA ROAD",3,06/07/2016 05:08:00 PM,Wednesday,17.08,3 Bor,A,5,6 Single Cwy,2 30 MPH,9 Other Jun,2 Auto Sig,A,5,5 Pedn Phase At Ats,1 Daylight,1 Fine,1 Road-Dry,0 None,0 None,525230,183870,-0.195643,51.539849,,,Unknown,"(51.539849, -0.195643)",http://opendatacommunities.org/id/london-borough-council/camden,6552,21/12/2020 02:48:39 PM
1190172077,CAMDEN,3 PEDESTRIAN,2 FEMALE,16-24,23,1,2 SERIOUS,04 CROSSING ROAD WITHIN 50M XING,9 UNKNOWN OR OTHER,1 PEDESTRIAN,"On Tottenham Court Road, near the junction with Oxford Street.",1,29/03/2019 05:04:00 PM,Friday,17.04,3 BOR,A,400,2 ONE-WAY ST,30,06 CROSSROADS,2 AUTO SIG,A,40,4 PELICAN OR SIMILAR,2 DAYLIGHT,1 FINE,1 ROAD-DRY,0 NONE,0 NONE,529824,181388,-0.130352,51.516507,,,Unknown,"(51.516507, -0.130352)",http://opendatacommunities.org/id/london-borough-council/camden,8891,21/12/2020 02:48:43 PM
1180138730,CAMDEN,2 Passenger,1 Male,25-59,29,1,3 Slight,-2 Unknown,-2 N/A,4 Car,CASTLEHAVEN ROAD 32M W OF J/W HAWLEY ROAD,2,13/10/2018 05:35:00 AM,Saturday,5.35,3 Bor,C,0,6 Single Cwy,1 <= 20 MPH,0 No Jun In 20m,-2 Not Applicable,-2 Not Applicable,0,0 No Xing Facility In 50m,2 Dark,1 Fine,1 Road-Dry,0 None,0 None,528770,184280,-0.144477,51.542738,,,Unknown,"(51.542738, -0.144477)",http://opendatacommunities.org/id/london-borough-council/camden,8425,21/12/2020 02:48:43 PM
0115EK41109,CAMDEN,1 Driver/Rider,2 Female,25-59,35,1,3 Slight,-2 Unknown,-2 N/A,4 Car,PRIMROSE HILL ROAD J/W FELLOWS ROAD.,2,11/12/2015 03:43:00 PM,Friday,15.43,3 Bor,C,0,6 Single Cwy,2 30 MPH,6 Crossroads,4 Give Way/Uncontrolled,Unclassified,0,0 No Xing Facility In 50m,1 Daylight,1 Fine,1 Road-Dry,0 None,0 None,527500,184450,-0.162719,51.544554,,,Unknown,"(51.544554, -0.162719)",http://opendatacommunities.org/id/london-borough-council/camden,5516,21/12/2020 02:48:37 PM
0116EK40599,CAMDEN,1 Driver/Rider,1 Male,16-24,22,1,3 Slight,-2 Unknown,-2 N/A,3 Powered 2 Wheeler,"GREAT QUEEN STREET, 50 METRES SW OF NEWTON STREET.",2,19/08/2016 01:05:00 PM,Friday,13.05,3 Bor,B,402,6 Single Cwy,2 30 MPH,0 No Jun In 20m,-2 Not Applicable,-2 Not Applicable,0,0 No Xing Facility In 50m,1 Daylight,2 Raining,2 Road-Wet,0 None,0 None,530470,181290,-0.121083,51.515477,,,Unknown,"(51.515477, -0.121083)",http://opendatacommunities.org/id/london-borough-council/camden,6481,21/12/2020 02:48:39 PM
1190161422,CAMDEN,1 DRIVER/RIDER,1 MALE,25-59,51,1,3 SLIGHT,'-2 NOT APPLICABLE,'-2 NOT APPLICABLE,2 PEDAL CYCLE,"On Plender Street, 50 metres west of the junction with Camden Street.",2,04/02/2019 06:00:00 PM,Sunday,18.00,3 BOR,6,0,2 ONE-WAY ST,20,00 NO JUN IN 20M,,0,0,1 ZEBRA,1 DARK,1 FINE,9 UNKNOWN (S/R),0 NONE,0 NONE,529274,183610,-0.137459,51.536602,,,Unknown,"(51.536602, -0.137459)",http://opendatacommunities.org/id/london-borough-council/camden,8756,21/12/2020 02:48:43 PM
1170022621,CAMDEN,3 Pedestrian,2 Female,25-59,31,1,3 Slight,05 Crossing Road (Not On Xing),1 From Drivers N/Side,1 Pedestrian,PRIMROSE HILL ROAD J/W ADELAIDE ROAD,1,02/03/2017 06:15:00 PM,Thursday,18.15,3 Bor,C,0,6 Single Cwy,1 <= 20 MPH,3 T/Stag Jun,2 Auto Sig,B,509,0 No Xing Facility In 50m,1 Daylight,1 Fine,1 Road-Dry,0 None,0 None,527510,184360,-0.162607,51.543743,,,Unknown,"(51.543743, -0.162607)",http://opendatacommunities.org/id/london-borough-council/camden,6736,21/12/2020 02:48:39 PM
1180092694,CAMDEN,3 Pedestrian,1 Male,Unknown,0,1,3 Slight,10 Unknown,9 Unknown Or Other,1 Pedestrian,FINCHLEY ROAD 25M N OF J/W FINCHLEY ROAD THE NEAREST CLASSIFIED RO,2,26/02/2018 03:40:00 PM,Monday,15.40,1 TLRN,A,41,3 Dual Cwy,2 30 MPH,0 No Jun In 20m,-2 Not Applicable,-2 Not Applicable,0,5 Pedn Phase At Ats,1 Daylight,3 Snowing,2 Road-Wet,0 None,0 None,526010,185120,-0.183955,51.550909,,,Unknown,"(51.550909, -0.183955)",http://opendatacommunities.org/id/london-borough-council/camden,7778,21/12/2020 02:48:41 PM
1160004961,CAMDEN,1 Driver/Rider,1 Male,25-59,46,1,3 Slight,-2 Unknown,-2 N/A,2 Pedal Cycle,THEOBALDS ROAD J/W BOSWELL STREET,2,03/12/2016 04:00:00 PM,Saturday,16.00,3 Bor,A,401,2 One-Way St,1 <= 20 MPH,3 T/Stag Jun,4 Give Way/Uncontrolled,A,401,5 Pedn Phase At Ats,1 Daylight,1 Fine,1 Road-Dry,0 None,0 None,530500,181750,-0.120481,51.519604,,,Unknown,"(51.519604, -0.120481)",http://opendatacommunities.org/id/london-borough-council/camden,5728,21/12/2020 02:48:37 PM
0115EK40058,CAMDEN,1 Driver/Rider,1 Male,25-59,38,1,3 Slight,-2 Unknown,-2 N/A,3 Powered 2 Wheeler,BAYHAM STREET J/W GREENLAND ROAD,2,28/01/2015 01:45:00 PM,Wednesday,13.45,3 Bor,A,503,2 One-Way St,2 30 MPH,6 Crossroads,4 Give Way/Uncontrolled,Unclassified,0,0 No Xing Facility In 50m,1 Daylight,1 Fine,1 Road-Dry,0 None,0 None,528990,183880,-0.141453,51.539093,,,Unknown,"(51.539093, -0.141453)",http://opendatacommunities.org/id/london-borough-council/camden,4625,21/12/2020 02:48:35 PM
1180151516,CAMDEN,1 Driver/Rider,1 Male,25-59,35,1,3 Slight,-2 Unknown,-2 N/A,7 Goods Vehicle,NFL ROWLAND HILL STREET 160M E OF ROSSLYN HILL,1,12/12/2018 07:13:00 AM,Wednesday,7.13,3 Bor,Unclassified,0,7 Slip Rd,2 30 MPH,0 No Jun In 20m,-2 Not Applicable,-2 Not Applicable,0,0 No Xing Facility In 50m,2 Dark,1 Fine,1 Road-Dry,0 None,2 Other Object In Cwy,527260,185310,-0.165867,51.552337,,,Unknown,"(51.552337, -0.165867)",http://opendatacommunities.org/id/london-borough-council/camden,8604,21/12/2020 02:48:43 PM
1190177646,CAMDEN,2 PASSENGER,'-1 UNKNOWN,U,,4,3 SLIGHT,'-2 NOT APPLICABLE,'-2 NOT APPLICABLE,4 CAR,Location uncertain Finchley Road,1,28/04/2019 12:45:00 AM,Sunday,0.45,1 TLRN,A,41,6 SINGLE CWY,30,06 CROSSROADS,2 AUTO SIG,6,0,5 PEDN PHASE AT ATS,1 DARK,1 FINE,1 ROAD-DRY,0 NONE,0 NONE,525977,185165,-0.184414,51.551321,,,Unknown,"(51.551321, -0.184414)",http://opendatacommunities.org/id/london-borough-council/camden,8954,21/12/2020 02:48:44 PM
0115EK40183,CAMDEN,1 Driver/Rider,1 Male,25-59,52,1,3 Slight,-2 Unknown,-2 N/A,4 Car,NFL- EUSTON ROAD J/W GORDON STREET,2,16/02/2015 01:30:00 PM,Monday,13.30,1 TLRN,A,501,3 Dual Cwy,3 40 MPH,6 Crossroads,2 Auto Sig,C,0,5 Pedn Phase At Ats,1 Daylight,1 Fine,1 Road-Dry,0 None,0 None,529590,182480,-0.133321,51.526374,,,Unknown,"(51.526374, -0.133321)",http://opendatacommunities.org/id/london-borough-council/camden,4723,21/12/2020 02:48:36 PM
1190202091,CAMDEN,1 DRIVER/RIDER,1 MALE,25-59,36,1,3 SLIGHT,'-2 NOT APPLICABLE,'-2 NOT APPLICABLE,2 PEDAL CYCLE,"On Bloomsbury Square, near the junction with Great Russell Street.",2,28/08/2019 11:00:00 PM,Wednesday,23.00,3 BOR,5,0,6 SINGLE CWY,20,03 T/STAG JUN,9 UNKNOWN (S/R),6,0,0 NO XING FACILITY IN 50M,1 DARK,1 FINE,1 ROAD-DRY,0 NONE,0 NONE,530272,181694,-0.123786,51.519154,,,Unknown,"(51.519154, -0.123786)",http://opendatacommunities.org/id/london-borough-council/camden,9309,21/12/2020 02:48:44 PM
1180084758,CAMDEN,1 Driver/Rider,1 Male,25-59,46,1,3 Slight,-2 Unknown,-2 N/A,3 Powered 2 Wheeler,KILBURN HIGH ROAD J/W BRONDESBURY ROAD,2,20/01/2018 11:00:00 AM,Saturday,11.00,3 Bor,A,5,6 Single Cwy,2 30 MPH,9 Other Jun,2 Auto Sig,Unclassified,0,5 Pedn Phase At Ats,1 Daylight,1 Fine,2 Road-Wet,0 None,0 None,525200,183910,-0.196061,51.540215,,,Unknown,"(51.540215, -0.196061)",http://opendatacommunities.org/id/london-borough-council/camden,7683,21/12/2020 02:48:41 PM
0115EK40998,CAMDEN,1 Driver/Rider,2 Female,25-59,34,1,3 Slight,-2 Unknown,-2 N/A,4 Car,BLOOMSBURY STREET J/W GREAT RUSSELL STREET,2,08/11/2015 12:45:00 PM,Sunday,12.45,3 Bor,A,400,2 One-Way St,2 30 MPH,6 Crossroads,2 Auto Sig,C,0,5 Pedn Phase At Ats,1 Daylight,1 Fine,1 Road-Dry,0 None,0 None,529990,181520,-0.127912,51.517655,,,Unknown,"(51.517655, -0.127912)",http://opendatacommunities.org/id/london-borough-council/camden,5424,21/12/2020 02:48:37 PM
1180120159,CAMDEN,1 Driver/Rider,2 Female,25-59,30,1,3 Slight,-2 Unknown,-2 N/A,2 Pedal Cycle,GUILFORD STREET J/W LANSDOWNE TERRACE,2,10/07/2018 09:20:00 PM,Tuesday,21.20,3 Bor,B,502,6 Single Cwy,2 30 MPH,3 T/Stag Jun,4 Give Way/Uncontrolled,C,0,0 No Xing Facility In 50m,2 Dark,1 Fine,1 Road-Dry,0 None,0 None,530480,182150,-0.120621,51.523204,,,Unknown,"(51.523204, -0.120621)",http://opendatacommunities.org/id/london-borough-council/camden,8165,21/12/2020 02:48:42 PM