Reference,London Borough Name,Casualty Class,Casualty Sex,Casualty Age Band,Casualty Age,Number Of Casualties,Casualty Severity,Pedestrian Location,Pedestrian Movement,Mode Of Travel,Attendant Location,Number Of Vehicles,Date,Day,Time,Highway,Road Class 1,Road Number 1,Road Type,Speed Limit,Junction Detail,Junction Control,Road Class 2,Road Number 2,Pedestrian Crossing,Light Condition Band,Weather,Road Surface,Special Conditions,Carriage Way Hazard,Easting,Northing,Longitude,Latitude,Ward Code,Ward Name,Spatial Accuracy,Location,Organisation URI,Socrata ID,Last Uploaded
1190195347,CAMDEN,3 PEDESTRIAN,2 FEMALE,0-15,15,4,3 SLIGHT,04 CROSSING ROAD WITHIN 50M XING,'-2 NOT APPLICABLE,1 PEDESTRIAN,"On Gower Street, near the junction with Kepple  St.",1,23/07/2019 10:55:00 AM,Tuesday,10.55,3 BOR,A,400,6 SINGLE CWY,20,06 CROSSROADS,2 AUTO SIG,A,400,4 PELICAN OR SIMILAR,2 DAYLIGHT,1 FINE,1 ROAD-DRY,4 ROADWORKS,0 NONE,529825,181825,-0.130177,51.520434,,,Unknown,"(51.520434, -0.130177)",http://opendatacommunities.org/id/london-borough-council/camden,9220,21/12/2020 02:48:44 PM
0115EK40696,CAMDEN,2 Passenger,1 Male,25-59,40,1,3 Slight,-2 Unknown,-2 N/A,6 Bus Or Coach,PRIMROSE HILL ROAD J/W FELLOWS ROAD,2,09/08/2015 11:31:00 AM,Sunday,11.31,3 Bor,C,0,6 Single Cwy,2 30 MPH,6 Crossroads,4 Give Way/Uncontrolled,Unclassified,0,0 No Xing Facility In 50m,1 Daylight,1 Fine,1 Road-Dry,0 None,0 None,527500,184450,-0.162719,51.544554,,,Unknown,"(51.544554, -0.162719)",http://opendatacommunities.org/id/london-borough-council/camden,5171,21/12/2020 02:48:36 PM
1170046119,CAMDEN,1 Driver/Rider,1 Male,16-24,23,1,3 Slight,-2 Unknown,-2 N/A,3 Powered 2 Wheeler,HAMPSTEAD ROAD J/W GRANBY TERRACE,3,02/07/2017 06:30:00 PM,Sunday,18.30,1 TLRN,A,400,6 Single Cwy,2 30 MPH,3 T/Stag Jun,2 Auto Sig,C,0,4 Pelican Or Similar,1 Daylight,1 Fine,1 Road-Dry,0 None,0 None,529173,183083,-0.139108,51.531889,,,Unknown,"(51.531889, -0.139108)",http://opendatacommunities.org/id/london-borough-council/camden,7108,21/12/2020 02:48:40 PM
1170057624,CAMDEN,3 Pedestrian,2 Female,0-15,14,1,3 Slight,01 Crossing Road On Ped Xing,3 From Drivers O/Side,1 Pedestrian,HARBEN PARADE J/W FINCHLEY ROAD,2,06/09/2017 01:57:00 PM,Wednesday,13.57,1 TLRN,A,41,3 Dual Cwy,2 30 MPH,9 Other Jun,2 Auto Sig,C,0,5 Pedn Phase At Ats,1 Daylight,1 Fine,1 Road-Dry,0 None,0 None,526480,184500,-0.177402,51.545232,,,Unknown,"(51.545232, -0.177402)",http://opendatacommunities.org/id/london-borough-council/camden,7301,21/12/2020 02:48:40 PM
1190212479,CAMDEN,3 PEDESTRIAN,2 FEMALE,0-15,0,1,3 SLIGHT,05 CROSSING ROAD (NOT ON XING),'-2 NOT APPLICABLE,1 PEDESTRIAN,"On Arlington Road, 20 metres south of the junction with Inverness Street.",1,09/10/2019 06:35:00 PM,Wednesday,18.35,3 BOR,6,0,9 UNKNOWN,20,09 OTHER JUN,9 UNKNOWN (S/R),6,0,9 UNKNOWN (S/R),1 DARK,1 FINE,1 ROAD-DRY,0 NONE,0 NONE,528780,183882,-0.144478,51.539159,,,Unknown,"(51.539159, -0.144478)",http://opendatacommunities.org/id/london-borough-council/camden,9449,21/12/2020 02:48:44 PM
1160028478,CAMDEN,1 Driver/Rider,1 Male,25-59,37,1,3 Slight,-2 Unknown,-2 N/A,5 Taxi,YORK WAY J/W PENTONVILLE ROAD,2,15/10/2016 09:24:00 PM,Saturday,21.24,1 TLRN,A,5200,2 One-Way St,1 <= 20 MPH,9 Other Jun,2 Auto Sig,A,501,5 Pedn Phase At Ats,2 Dark,1 Fine,2 Road-Wet,0 None,0 None,530320,183000,-0.122612,51.53088,,,Unknown,"(51.53088, -0.122612)",http://opendatacommunities.org/id/london-borough-council/camden,5957,21/12/2020 02:48:38 PM
1180109852,CAMDEN,3 Pedestrian,2 Female,16-24,17,1,2 Serious,01 Crossing Road On Ped Xing,2 From Drivers N/Side Msk,1 Pedestrian,THEOBALDS ROAD J/W SOUTHAMPTON ROW,1,23/05/2018 11:11:00 AM,Wednesday,11.11,3 Bor,A,401,2 One-Way St,1 <= 20 MPH,6 Crossroads,2 Auto Sig,A,4200,5 Pedn Phase At Ats,1 Daylight,1 Fine,1 Road-Dry,0 None,0 None,530450,181710,-0.121216,51.519257,,,Unknown,"(51.519257, -0.121216)",http://opendatacommunities.org/id/london-borough-council/camden,8015,21/12/2020 02:48:42 PM
1190200312,CAMDEN,1 DRIVER/RIDER,2 FEMALE,25-59,31,1,2 SERIOUS,'-2 NOT APPLICABLE,7 IN RD FACING TRAFFIC,2 PEDAL CYCLE,"On Avenue Road, 30 metres east of the junction with Elsworthy Road.",2,19/08/2019 07:50:00 AM,Monday,7.50,3 BOR,B,525,6 SINGLE CWY,30,00 NO JUN IN 20M,,0,0,4 PELICAN OR SIMILAR,2 DAYLIGHT,1 FINE,1 ROAD-DRY,0 NONE,0 NONE,526987,183837,-0.170334,51.53916,,,Unknown,"(51.53916, -0.170334)",http://opendatacommunities.org/id/london-borough-council/camden,9284,21/12/2020 02:48:44 PM
1190225450,CAMDEN,2 PASSENGER,'-1 UNKNOWN,U,,3,3 SLIGHT,'-2 NOT APPLICABLE,1 FROM DRIVERS N/SIDE,4 CAR,"On Robert Street, near the junction with Stanhope Street.",1,13/12/2019 10:15:00 PM,Friday,22.15,3 BOR,6,0,6 SINGLE CWY,20,06 CROSSROADS,4 GIVE WAY/UNCONTROLLED,6,0,9 UNKNOWN (S/R),2 DAYLIGHT,5 RAINING/HIGH WINDS,2 ROAD-WET,9 UNKNOWN (S/R),0 NONE,529063,182711,-0.140829,51.528571,,,Unknown,"(51.528571, -0.140829)",http://opendatacommunities.org/id/london-borough-council/camden,9626,21/12/2020 02:48:45 PM
1190194095,CAMDEN,1 DRIVER/RIDER,1 MALE,25-59,48,1,3 SLIGHT,'-2 NOT APPLICABLE,'-2 NOT APPLICABLE,7 GOODS VEHICLE,"On Gordon House Road , near the junction with Mansfield Road .",2,10/07/2019 05:00:00 PM,Wednesday,17.00,3 BOR,6,0,6 SINGLE CWY,20,03 T/STAG JUN,9 UNKNOWN (S/R),6,0,9 UNKNOWN (S/R),2 DAYLIGHT,1 FINE,1 ROAD-DRY,0 NONE,0 NONE,526932,185230,-0.170624,51.551692,,,Unknown,"(51.551692, -0.170624)",http://opendatacommunities.org/id/london-borough-council/camden,9194,21/12/2020 02:48:44 PM
1160027527,CAMDEN,3 Pedestrian,2 Female,25-59,32,1,3 Slight,04 Crossing Road Within 50m Xing,2 From Drivers N/Side Msk,1 Pedestrian,YORK WAY J/W AGAR GROVE,1,05/10/2016 08:05:00 PM,Wednesday,20.05,3 Bor,A,5200,6 Single Cwy,2 30 MPH,3 T/Stag Jun,2 Auto Sig,C,0,5 Pedn Phase At Ats,2 Dark,1 Fine,1 Road-Dry,0 None,0 None,530050,184370,-0.125996,51.543254,,,Unknown,"(51.543254, -0.125996)",http://opendatacommunities.org/id/london-borough-council/camden,5956,21/12/2020 02:48:38 PM
0115EK40179,CAMDEN,2 Passenger,2 Female,0-15,9,1,3 Slight,-2 Unknown,-2 N/A,4 Car,FINCHLEY ROAD J/W REDINGTON GARDENS,3,01/03/2015 03:12:00 AM,Sunday,3.12,1 TLRN,A,41,6 Single Cwy,2 30 MPH,6 Crossroads,2 Auto Sig,Unclassified,0,5 Pedn Phase At Ats,2 Dark,1 Fine,2 Road-Wet,0 None,0 None,525500,185480,-0.191178,51.554258,,,Unknown,"(51.554258, -0.191178)",http://opendatacommunities.org/id/london-borough-council/camden,4719,21/12/2020 02:48:36 PM
1190191463,CAMDEN,1 DRIVER/RIDER,1 MALE,U,,2,3 SLIGHT,'-2 NOT APPLICABLE,9 UNKNOWN OR OTHER,2 PEDAL CYCLE,"On Howland Street, near the junction with Totthenham Court Road.",1,04/07/2019 08:39:00 AM,Thursday,8.39,3 BOR,5,0,6 SINGLE CWY,30,03 T/STAG JUN,2 AUTO SIG,A,400,4 PELICAN OR SIMILAR,2 DAYLIGHT,1 FINE,1 ROAD-DRY,0 NONE,0 NONE,529389,181990,-0.136397,51.522017,,,Unknown,"(51.522017, -0.136397)",http://opendatacommunities.org/id/london-borough-council/camden,9158,21/12/2020 02:48:44 PM
0116EK40262,CAMDEN,3 Pedestrian,2 Female,16-24,21,1,3 Slight,04 Crossing Road Within 50m Xing,3 From Drivers O/Side,1 Pedestrian,ENDELL STREET J/W SHORTS GARDENS,1,01/01/2016 12:15:00 PM,Friday,12.15,3 Bor,B,401,2 One-Way St,2 30 MPH,6 Crossroads,4 Give Way/Uncontrolled,Unclassified,0,1 Zebra,1 Daylight,1 Fine,1 Road-Dry,0 None,0 None,530190,181210,-0.125146,51.514823,,,Unknown,"(51.514823, -0.125146)",http://opendatacommunities.org/id/london-borough-council/camden,6202,21/12/2020 02:48:38 PM
1180108346,CAMDEN,1 Driver/Rider,1 Male,25-59,27,1,3 Slight,-2 Unknown,-2 N/A,5 Taxi,CAMDEN ROAD J/W CAMDEN STREET,2,15/05/2018 08:05:00 PM,Tuesday,20.05,1 TLRN,A,503,6 Single Cwy,2 30 MPH,6 Crossroads,2 Auto Sig,A,400,9 Unknown (S/R),1 Daylight,1 Fine,1 Road-Dry,9 Unknown (S/R),0 None,529090,184040,-0.139953,51.540508,,,Unknown,"(51.540508, -0.139953)",http://opendatacommunities.org/id/london-borough-council/camden,7997,21/12/2020 02:48:42 PM
1160008837,CAMDEN,2 Passenger,1 Male,0-15,11,1,3 Slight,-2 Unknown,-2 N/A,4 Car,FINCHLEY ROAD J/W AVENUE ROAD,2,23/12/2016 01:30:00 PM,Friday,13.30,1 TLRN,A,41,6 Single Cwy,3 40 MPH,7 Multi Jun,4 Give Way/Uncontrolled,C,0,0 No Xing Facility In 50m,1 Daylight,1 Fine,1 Road-Dry,0 None,0 None,526650,184270,-0.175035,51.543127,,,Unknown,"(51.543127, -0.175035)",http://opendatacommunities.org/id/london-borough-council/camden,5806,21/12/2020 02:48:37 PM
0115EK40382,CAMDEN,1 Driver/Rider,1 Male,25-59,27,1,2 Serious,-2 Unknown,-2 N/A,4 Car,SPANIARDS ROAD J/W SPANIARDS END,1,14/05/2015 10:35:00 PM,Thursday,22.35,3 Bor,B,519,6 Single Cwy,2 30 MPH,3 T/Stag Jun,4 Give Way/Uncontrolled,Unclassified,0,0 No Xing Facility In 50m,2 Dark,2 Raining,2 Road-Wet,0 None,0 None,526580,187130,-0.175015,51.568846,,,Unknown,"(51.568846, -0.175015)",http://opendatacommunities.org/id/london-borough-council/camden,4885,21/12/2020 02:48:36 PM
1190213930,CAMDEN,3 PEDESTRIAN,2 FEMALE,25-59,56,1,3 SLIGHT,01 CROSSING ROAD ON PED XING,'-2 NOT APPLICABLE,1 PEDESTRIAN,"On Lincoln's Inn Fields, near the junction with kingsway.",1,25/10/2019 02:40:00 PM,Friday,14.40,3 BOR,A,4200,6 SINGLE CWY,20,06 CROSSROADS,2 AUTO SIG,B,402,4 PELICAN OR SIMILAR,2 DAYLIGHT,1 FINE,1 ROAD-DRY,0 NONE,0 NONE,530591,181407,-0.119297,51.516501,,,Unknown,"(51.516501, -0.119297)",http://opendatacommunities.org/id/london-borough-council/camden,9468,21/12/2020 02:48:44 PM
1160012402,CAMDEN,3 Pedestrian,1 Male,60+,66,1,3 Slight,09 In Road - Not Crossing,9 Unknown Or Other,1 Pedestrian,"ON EUSTON ROAD, NEAR THE JUNCTION WITH JUDD STREET .",1,12/09/2016 08:10:00 PM,Monday,20.10,1 TLRN,A,501,3 Dual Cwy,3 40 MPH,6 Crossroads,2 Auto Sig,B,504,5 Pedn Phase At Ats,2 Dark,1 Fine,1 Road-Dry,0 None,0 None,530070,182780,-0.126295,51.52896,,,Unknown,"(51.52896, -0.126295)",http://opendatacommunities.org/id/london-borough-council/camden,5829,21/12/2020 02:48:37 PM
1190226272,CAMDEN,1 DRIVER/RIDER,1 MALE,25-59,36,1,3 SLIGHT,'-2 NOT APPLICABLE,'-2 NOT APPLICABLE,5 TAXI,"On Upper Wolburn Place, near the junction with Endsleigh Gardens.",2,17/12/2019 11:40:00 PM,Tuesday,23.40,3 BOR,A,4200,6 SINGLE CWY,30,99 UNKNOWN (S/R),9 UNKNOWN (S/R),6,0,0 NO XING FACILITY IN 50M,1 DARK,1 FINE,1 ROAD-DRY,0 NONE,0 NONE,529804,182533,-0.130218,51.526801,,,Unknown,"(51.526801, -0.130218)",http://opendatacommunities.org/id/london-borough-council/camden,9641,21/12/2020 02:48:45 PM
1190199353,CAMDEN,3 PEDESTRIAN,2 FEMALE,25-59,57,1,2 SERIOUS,01 CROSSING ROAD ON PED XING,'-2 NOT APPLICABLE,1 PEDESTRIAN,"On Judd Street, near the junction with Euston Road.",1,13/08/2019 06:40:00 PM,Tuesday,18.40,1 TLRN,B,504,2 ONE-WAY ST,30,06 CROSSROADS,2 AUTO SIG,A,501,5 PEDN PHASE AT ATS,2 DAYLIGHT,1 FINE,1 ROAD-DRY,0 NONE,0 NONE,530089,182780,-0.126021,51.528956,,,Unknown,"(51.528956, -0.126021)",http://opendatacommunities.org/id/london-borough-council/camden,9270,21/12/2020 02:48:44 PM
1170028673,CAMDEN,3 Pedestrian,1 Male,16-24,19,1,3 Slight,10 Unknown,9 Unknown Or Other,1 Pedestrian,HAMPSTEAD HIGH STREET J/W HEATH STREET,1,10/03/2017 03:25:00 PM,Friday,15.25,3 Bor,A,502,6 Single Cwy,1 <= 20 MPH,99 Unknown (S/R),9 Unknown (S/R),Unclassified,0,9 Unknown (S/R),1 Daylight,1 Fine,1 Road-Dry,9 Unknown (S/R),9 Unknown (S/R),526470,185680,-0.177123,51.555839,,,Unknown,"(51.555839, -0.177123)",http://opendatacommunities.org/id/london-borough-council/camden,6826,21/12/2020 02:48:39 PM
1190160855,CAMDEN,1 DRIVER/RIDER,1 MALE,25-59,49,1,3 SLIGHT,'-2 NOT APPLICABLE,'-2 NOT APPLICABLE,4 CAR,"On New Oxford Street, near the junction with Shaftesbury Court.",2,31/01/2019 11:00:00 AM,Thursday,11.00,3 BOR,A,40,9 UNKNOWN,30,06 CROSSROADS,2 AUTO SIG,A,401,9 UNKNOWN (S/R),2 DAYLIGHT,1 FINE,9 UNKNOWN (S/R),0 NONE,0 NONE,530110,181440,-0.126213,51.516908,,,Unknown,"(51.516908, -0.126213)",http://opendatacommunities.org/id/london-borough-council/camden,8741,21/12/2020 02:48:43 PM
1170023034,CAMDEN,1 Driver/Rider,1 Male,25-59,31,1,3 Slight,-2 Unknown,-2 N/A,3 Powered 2 Wheeler,KILBURN HIGH ROAD J/W KINGSGATE PLACE,2,05/03/2017 08:40:00 PM,Sunday,20.40,3 Bor,A,5,6 Single Cwy,2 30 MPH,6 Crossroads,2 Auto Sig,Unclassified,0,5 Pedn Phase At Ats,2 Dark,2 Raining,2 Road-Wet,0 None,0 None,525090,184050,-0.197597,51.541498,,,Unknown,"(51.541498, -0.197597)",http://opendatacommunities.org/id/london-borough-council/camden,6742,21/12/2020 02:48:39 PM
0116EK40552,CAMDEN,2 Passenger,1 Male,0-15,5,1,3 Slight,-2 Unknown,-2 N/A,6 Bus Or Coach,CAMDEN HIGH STREET 67M SE OF J/W PRATT STREET,1,31/07/2016 02:29:00 PM,Sunday,14.29,1 TLRN,A,502,2 One-Way St,1 <= 20 MPH,0 No Jun In 20m,-2 Not Applicable,-2 Not Applicable,0,0 No Xing Facility In 50m,1 Daylight,1 Fine,1 Road-Dry,0 None,0 None,529060,183600,-0.140546,51.536561,,,Unknown,"(51.536561, -0.140546)",http://opendatacommunities.org/id/london-borough-council/camden,6446,21/12/2020 02:48:38 PM
1190180645,CAMDEN,3 PEDESTRIAN,1 MALE,25-59,59,1,3 SLIGHT,04 CROSSING ROAD WITHIN 50M XING,2 FROM DRIVERS N/SIDE MSK,1 PEDESTRIAN,"On Camden High Street, 100 metres north of the junction with Hurdwick place.. The nearest classified road was the A400",1,13/05/2019 03:50:00 PM,Monday,15.50,1 TLRN,A,400,2 ONE-WAY ST,20,00 NO JUN IN 20M,,0,0,4 PELICAN OR SIMILAR,2 DAYLIGHT,1 FINE,1 ROAD-DRY,0 NONE,0 NONE,529167,183431,-0.139067,51.535018,,,Unknown,"(51.535018, -0.139067)",http://opendatacommunities.org/id/london-borough-council/camden,9000,21/12/2020 02:48:44 PM
1180134330,CAMDEN,1 Driver/Rider,1 Male,16-24,24,1,3 Slight,-2 Unknown,-2 N/A,3 Powered 2 Wheeler,ALBANY STREET J/W LONGFORD STREET,3,22/09/2018 11:10:00 PM,Saturday,23.10,3 Bor,A,4201,6 Single Cwy,1 <= 20 MPH,3 T/Stag Jun,4 Give Way/Uncontrolled,Unclassified,0,0 No Xing Facility In 50m,2 Dark,2 Raining,2 Road-Wet,0 None,0 None,528830,182380,-0.144307,51.525649,,,Unknown,"(51.525649, -0.144307)",http://opendatacommunities.org/id/london-borough-council/camden,8347,21/12/2020 02:48:42 PM
0116EK40107,CAMDEN,2 Passenger,2 Female,60+,91,1,3 Slight,-2 Unknown,-2 N/A,4 Car,HEATH STREET J/W HAMPSTEAD SQUARE,2,28/02/2016 03:40:00 PM,Sunday,15.40,3 Bor,A,502,6 Single Cwy,1 <= 20 MPH,3 T/Stag Jun,4 Give Way/Uncontrolled,Unclassified,0,0 No Xing Facility In 50m,1 Daylight,1 Fine,1 Road-Dry,0 None,0 None,526360,186080,-0.178565,51.559459,,,Unknown,"(51.559459, -0.178565)",http://opendatacommunities.org/id/london-borough-council/camden,6064,21/12/2020 02:48:38 PM
0115EK40816,CAMDEN,3 Pedestrian,1 Male,25-59,37,1,3 Slight,04 Crossing Road Within 50m Xing,1 From Drivers N/Side,1 Pedestrian,CAMDEN ROAD J/W CAMDEN STREET,1,19/09/2015 12:03:00 PM,Saturday,12.03,1 TLRN,A,503,6 Single Cwy,2 30 MPH,6 Crossroads,2 Auto Sig,A,400,5 Pedn Phase At Ats,1 Daylight,1 Fine,1 Road-Dry,0 None,0 None,529100,184040,-0.139809,51.540506,,,Unknown,"(51.540506, -0.139809)",http://opendatacommunities.org/id/london-borough-council/camden,5275,21/12/2020 02:48:37 PM
0116EK40145,CAMDEN,1 Driver/Rider,1 Male,25-59,54,1,3 Slight,-2 Unknown,-2 N/A,3 Powered 2 Wheeler,EUSTON ROAD J/W EUSTON SQUARE,2,13/03/2016 07:50:00 PM,Sunday,19.50,1 TLRN,A,501,3 Dual Cwy,2 30 MPH,6 Crossroads,2 Auto Sig,C,0,5 Pedn Phase At Ats,2 Dark,1 Fine,1 Road-Dry,0 None,0 None,529560,182480,-0.133753,51.526381,,,Unknown,"(51.526381, -0.133753)",http://opendatacommunities.org/id/london-borough-council/camden,6101,21/12/2020 02:48:38 PM
0115EK40787,CAMDEN,1 Driver/Rider,1 Male,25-59,44,1,3 Slight,-2 Unknown,-2 N/A,3 Powered 2 Wheeler,CAMDEN STREET J/W CAMDEN GARDENS.,2,10/09/2015 04:40:00 PM,Thursday,16.40,3 Bor,A,400,2 One-Way St,2 30 MPH,3 T/Stag Jun,4 Give Way/Uncontrolled,Unclassified,0,0 No Xing Facility In 50m,1 Daylight,1 Fine,1 Road-Dry,0 None,0 None,529030,184150,-0.140777,51.54151,,,Unknown,"(51.54151, -0.140777)",http://opendatacommunities.org/id/london-borough-council/camden,5254,21/12/2020 02:48:37 PM
0115EK40648,CAMDEN,1 Driver/Rider,1 Male,25-59,28,1,3 Slight,-2 Unknown,-2 N/A,3 Powered 2 Wheeler,ROYAL COLLEGE STREET J/W PRATT STREET,2,30/07/2015 03:18:00 PM,Thursday,15.18,3 Bor,A,5202,6 Single Cwy,2 30 MPH,6 Crossroads,4 Give Way/Uncontrolled,C,0,1 Zebra,1 Daylight,1 Fine,1 Road-Dry,0 None,0 None,529360,183890,-0.136117,51.539098,,,Unknown,"(51.539098, -0.136117)",http://opendatacommunities.org/id/london-borough-council/camden,5124,21/12/2020 02:48:36 PM
1180132207,CAMDEN,1 Driver/Rider,2 Female,25-59,31,1,3 Slight,-2 Unknown,-2 N/A,2 Pedal Cycle,ROYAL COLLEGE STREET J/W COLLEGE PLACE,2,12/09/2018 07:50:00 PM,Wednesday,19.50,3 Bor,A,5202,3 Dual Cwy,1 <= 20 MPH,3 T/Stag Jun,9 Unknown (S/R),Unclassified,0,9 Unknown (S/R),2 Dark,1 Fine,1 Road-Dry,4 Roadworks,0 None,529550,183530,-0.133511,51.53582,,,Unknown,"(51.53582, -0.133511)",http://opendatacommunities.org/id/london-borough-council/camden,8318,21/12/2020 02:48:42 PM
1180106870,CAMDEN,1 Driver/Rider,1 Male,25-59,25,1,2 Serious,-2 Unknown,-2 N/A,3 Powered 2 Wheeler,KINGSWAY J/W KEELEY STREET,1,09/05/2018 05:15:00 PM,Wednesday,17.15,3 Bor,A,4200,3 Dual Cwy,2 30 MPH,3 T/Stag Jun,2 Auto Sig,Unclassified,0,4 Pelican Or Similar,1 Daylight,1 Fine,1 Road-Dry,0 None,0 None,530610,181270,-0.119074,51.515265,,,Unknown,"(51.515265, -0.119074)",http://opendatacommunities.org/id/london-borough-council/camden,7974,21/12/2020 02:48:42 PM
0115EK40299,CAMDEN,3 Pedestrian,1 Male,25-59,45,1,3 Slight,01 Crossing Road On Ped Xing,1 From Drivers N/Side,1 Pedestrian,NEW OXFORD STREET J/W MUSEUM STREET,1,20/04/2015 06:45:00 PM,Monday,18.45,3 Bor,A,40,6 Single Cwy,2 30 MPH,6 Crossroads,2 Auto Sig,C,0,5 Pedn Phase At Ats,1 Daylight,1 Fine,1 Road-Dry,0 None,0 None,530180,181460,-0.125198,51.517072,,,Unknown,"(51.517072, -0.125198)",http://opendatacommunities.org/id/london-borough-council/camden,4818,21/12/2020 02:48:36 PM
1180129949,CAMDEN,1 Driver/Rider,1 Male,16-24,21,1,3 Slight,-2 Unknown,-2 N/A,4 Car,A41 50M E OF J/W FROGNAL LANE,3,31/08/2018 10:51:00 PM,Friday,22.51,1 TLRN,A,41,3 Dual Cwy,2 30 MPH,0 No Jun In 20m,-2 Not Applicable,-2 Not Applicable,0,0 No Xing Facility In 50m,2 Dark,1 Fine,1 Road-Dry,0 None,0 None,525770,185290,-0.187354,51.552491,,,Unknown,"(51.552491, -0.187354)",http://opendatacommunities.org/id/london-borough-council/camden,8295,21/12/2020 02:48:42 PM
0115CW10579,CAMDEN,1 Driver/Rider,1 Male,25-59,31,1,3 Slight,-2 Unknown,-2 N/A,5 Taxi,KINGSWAY J/W SARDINIA STREET.,2,02/02/2015 01:00:00 PM,Monday,13.00,3 Bor,A,4200,6 Single Cwy,2 30 MPH,3 T/Stag Jun,4 Give Way/Uncontrolled,A,4200,0 No Xing Facility In 50m,1 Daylight,1 Fine,1 Road-Dry,0 None,0 None,530640,181230,-0.118657,51.514899,,,Unknown,"(51.514899, -0.118657)",http://opendatacommunities.org/id/london-borough-council/camden,4561,21/12/2020 02:48:35 PM
0116EK40120,CAMDEN,1 Driver/Rider,1 Male,16-24,22,1,3 Slight,-2 Unknown,-2 N/A,7 Goods Vehicle,HIGHGATE HIGH STREET J/W SOUTHWOOD LANE.,2,04/03/2016 12:00:00 PM,Friday,12.00,3 Bor,B,519,1 Roundabout,2 30 MPH,1 Roundabout,4 Give Way/Uncontrolled,B,550,1 Zebra,1 Daylight,1 Fine,1 Road-Dry,0 None,0 None,528370,187410,-0.1491,51.570958,,,Unknown,"(51.570958, -0.1491)",http://opendatacommunities.org/id/london-borough-council/camden,6076,21/12/2020 02:48:38 PM
1180119503,CAMDEN,1 Driver/Rider,1 Male,25-59,31,1,3 Slight,-2 Unknown,-2 N/A,2 Pedal Cycle,BLOOMSBURY STREET J/W GREAT RUSSELL STREET,2,05/07/2018 05:30:00 PM,Thursday,17.30,3 Bor,A,400,2 One-Way St,1 <= 20 MPH,3 T/Stag Jun,2 Auto Sig,C,0,5 Pedn Phase At Ats,1 Daylight,1 Fine,1 Road-Dry,0 None,0 None,530000,181540,-0.127761,51.517832,,,Unknown,"(51.517832, -0.127761)",http://opendatacommunities.org/id/london-borough-council/camden,8153,21/12/2020 02:48:42 PM
1160012421,CAMDEN,2 Passenger,1 Male,16-24,24,1,3 Slight,-2 Unknown,-2 N/A,4 Car,"ON PLENDER STREET, NEAR THE JUNCTION WITH BAYHAM STREET .",2,17/09/2016 01:40:00 AM,Saturday,1.40,3 Bor,C,0,2 One-Way St,2 30 MPH,6 Crossroads,4 Give Way/Uncontrolled,Unclassified,0,1 Zebra,2 Dark,9 Unknown,1 Road-Dry,0 None,0 None,529190,183560,-0.138688,51.536172,,,Unknown,"(51.536172, -0.138688)",http://opendatacommunities.org/id/london-borough-council/camden,5833,21/12/2020 02:48:38 PM
0116EO40177,CAMDEN,1 Driver/Rider,1 Male,25-59,53,1,3 Slight,-2 Unknown,-2 N/A,5 Taxi,MARKET ROAD J/W YORK WAY,1,14/02/2016 07:29:00 AM,Sunday,7.29,3 Bor,Unclassified,0,6 Single Cwy,1 <= 20 MPH,2 Mini,4 Give Way/Uncontrolled,A,5200,1 Zebra,1 Daylight,1 Fine,2 Road-Wet,0 None,0 None,530030,184570,-0.12621,51.545056,,,Unknown,"(51.545056, -0.12621)",http://opendatacommunities.org/id/london-borough-council/camden,6524,21/12/2020 02:48:39 PM
1170030437,CAMDEN,1 Driver/Rider,1 Male,25-59,31,1,2 Serious,-2 Unknown,-2 N/A,2 Pedal Cycle,OUTER CIRCLE 55M N OF J/W CHESTER ROAD NW1,2,04/04/2017 09:30:00 PM,Tuesday,21.30,3 Bor,Unclassified,0,6 Single Cwy,2 30 MPH,0 No Jun In 20m,-2 Not Applicable,-2 Not Applicable,0,0 No Xing Facility In 50m,2 Dark,1 Fine,1 Road-Dry,0 None,0 None,528700,182830,-0.146016,51.529723,,,Unknown,"(51.529723, -0.146016)",http://opendatacommunities.org/id/london-borough-council/camden,6847,21/12/2020 02:48:39 PM
1180137420,CAMDEN,1 Driver/Rider,1 Male,25-59,43,1,3 Slight,-2 Unknown,-2 N/A,5 Taxi,NFL SHAFTESBURY AVENUE BETWEEN PRINCES CIRCUS AND BLOOMSBURY STREE,2,06/10/2018 07:05:00 PM,Saturday,19.05,3 Bor,A,401,2 One-Way St,1 <= 20 MPH,0 No Jun In 20m,-2 Not Applicable,-2 Not Applicable,0,0 No Xing Facility In 50m,1 Daylight,1 Fine,1 Road-Dry,0 None,0 None,530104,181344,-0.126335,51.516047,,,Unknown,"(51.516047, -0.126335)",http://opendatacommunities.org/id/london-borough-council/camden,8394,21/12/2020 02:48:42 PM
1190172337,CAMDEN,3 PEDESTRIAN,1 MALE,0-15,10,1,3 SLIGHT,09 IN ROAD - NOT CROSSING,7 IN RD FACING TRAFFIC,1 PEDESTRIAN,"On South End Green, near the junction with South End Close.",1,26/03/2019 10:00:00 AM,Tuesday,10.00,3 BOR,6,0,6 SINGLE CWY,20,09 OTHER JUN,4 GIVE WAY/UNCONTROLLED,6,0,1 ZEBRA,2 DAYLIGHT,1 FINE,1 ROAD-DRY,0 NONE,0 NONE,527310,185552,-0.165059,51.5545,,,Unknown,"(51.5545, -0.165059)",http://opendatacommunities.org/id/london-borough-council/camden,8894,21/12/2020 02:48:44 PM