Reference,London Borough Name,Casualty Class,Casualty Sex,Casualty Age Band,Casualty Age,Number Of Casualties,Casualty Severity,Pedestrian Location,Pedestrian Movement,Mode Of Travel,Attendant Location,Number Of Vehicles,Date,Day,Time,Highway,Road Class 1,Road Number 1,Road Type,Speed Limit,Junction Detail,Junction Control,Road Class 2,Road Number 2,Pedestrian Crossing,Light Condition Band,Weather,Road Surface,Special Conditions,Carriage Way Hazard,Easting,Northing,Longitude,Latitude,Ward Code,Ward Name,Spatial Accuracy,Location,Organisation URI,Socrata ID,Last Uploaded
0115EK41065,CAMDEN,3 Pedestrian,2 Female,16-24,23,1,3 Slight,01 Crossing Road On Ped Xing,1 From Drivers N/Side,1 Pedestrian,BERNARD STREET J/W MARCHMONT STREET.,1,30/11/2015 01:27:00 PM,Monday,13.27,3 Bor,B,504,2 One-Way St,2 30 MPH,3 T/Stag Jun,4 Give Way/Uncontrolled,Unclassified,0,1 Zebra,1 Daylight,1 Fine,1 Road-Dry,0 None,0 None,530235,182152,-0.12415,51.523278,,,Unknown,"(51.523278, -0.12415)",http://opendatacommunities.org/id/london-borough-council/camden,5477,21/12/2020 02:48:37 PM
1190225653,CAMDEN,3 PEDESTRIAN,2 FEMALE,25-59,54,1,3 SLIGHT,01 CROSSING ROAD ON PED XING,'-2 NOT APPLICABLE,1 PEDESTRIAN,"On West End Lane, 30 metres north of the junction with Blackburn Road.",1,17/12/2019 06:35:00 PM,Tuesday,18.35,3 BOR,B,520,3 DUAL CWY,20,00 NO JUN IN 20M,,0,0,4 PELICAN OR SIMILAR,1 DARK,1 FINE,2 ROAD-WET,0 NONE,0 NONE,525517,184728,-0.191201,51.547496,,,Unknown,"(51.547496, -0.191201)",http://opendatacommunities.org/id/london-borough-council/camden,9628,21/12/2020 02:48:45 PM
1170074709,CAMDEN,2 Passenger,2 Female,60+,70,1,3 Slight,-2 Unknown,-2 N/A,6 Bus Or Coach,UPPER WOBURN PLACE 20M S OF J/W EUSTON ROAD,1,01/12/2017 04:04:00 PM,Friday,16.04,1 TLRN,A,4200,6 Single Cwy,1 <= 20 MPH,6 Crossroads,2 Auto Sig,A,501,5 Pedn Phase At Ats,2 Dark,2 Raining,1 Road-Dry,0 None,0 None,529776,182565,-0.13061,51.527095,,,Unknown,"(51.527095, -0.13061)",http://opendatacommunities.org/id/london-borough-council/camden,7572,21/12/2020 02:48:41 PM
0116EK40491,CAMDEN,1 Driver/Rider,1 Male,25-59,30,1,3 Slight,-2 Unknown,-2 N/A,3 Powered 2 Wheeler,HAMPSTEAD ROAD J/W WILLIAM ROAD,2,11/07/2016 08:05:00 AM,Monday,8.05,1 TLRN,A,400,6 Single Cwy,2 30 MPH,3 T/Stag Jun,4 Give Way/Uncontrolled,Unclassified,0,0 No Xing Facility In 50m,1 Daylight,9 Unknown,1 Road-Dry,0 None,0 None,529220,182570,-0.138619,51.527268,,,Unknown,"(51.527268, -0.138619)",http://opendatacommunities.org/id/london-borough-council/camden,6402,21/12/2020 02:48:38 PM
1160004970,CAMDEN,1 Driver/Rider,1 Male,25-59,30,1,3 Slight,-2 Unknown,-2 N/A,7 Goods Vehicle,ROYAL COLLEGE STREET J/W GEORGIANA STREET,2,03/12/2016 08:30:00 PM,Saturday,20.30,3 Bor,A,5202,6 Single Cwy,1 <= 20 MPH,6 Crossroads,4 Give Way/Uncontrolled,Unclassified,0,1 Zebra,2 Dark,8 Other,2 Road-Wet,0 None,0 None,529310,183970,-0.136808,51.539829,,,Unknown,"(51.539829, -0.136808)",http://opendatacommunities.org/id/london-borough-council/camden,5730,21/12/2020 02:48:37 PM
1170016051,CAMDEN,3 Pedestrian,2 Female,25-59,27,1,2 Serious,05 Crossing Road (Not On Xing),1 From Drivers N/Side,1 Pedestrian,FORTESS ROAD J/W FORTESS WALK,1,03/02/2017 07:10:00 PM,Friday,19.10,3 Bor,A,400,6 Single Cwy,2 30 MPH,3 T/Stag Jun,4 Give Way/Uncontrolled,Unclassified,0,0 No Xing Facility In 50m,2 Dark,2 Raining,2 Road-Wet,0 None,0 None,528980,185360,-0.141055,51.552396,,,Unknown,"(51.552396, -0.141055)",http://opendatacommunities.org/id/london-borough-council/camden,6642,21/12/2020 02:48:39 PM
1180142661,CAMDEN,3 Pedestrian,1 Male,16-24,20,1,3 Slight,06 On Footpath - Verge,9 Unknown Or Other,1 Pedestrian,QUEENS CRESCENT 52M E OF J/W WEEDINGTON ROAD,1,01/11/2018 12:39:00 PM,Thursday,12.39,3 Bor,Unclassified,0,6 Single Cwy,1 <= 20 MPH,0 No Jun In 20m,-2 Not Applicable,-2 Not Applicable,0,0 No Xing Facility In 50m,1 Daylight,2 Raining,2 Road-Wet,0 None,2 Other Object In Cwy,528330,185130,-0.150508,51.550477,,,Unknown,"(51.550477, -0.150508)",http://opendatacommunities.org/id/london-borough-council/camden,8485,21/12/2020 02:48:43 PM
0115EK40185,CAMDEN,1 Driver/Rider,1 Male,60+,61,1,3 Slight,-2 Unknown,-2 N/A,2 Pedal Cycle,KENTISH TOWN ROAD J/W PRINCE OF WALES ROAD,2,04/03/2015 06:45:00 PM,Wednesday,18.45,3 Bor,A,400,6 Single Cwy,2 30 MPH,3 T/Stag Jun,2 Auto Sig,C,0,5 Pedn Phase At Ats,2 Dark,1 Fine,2 Road-Wet,0 None,0 None,528950,184720,-0.141721,51.546651,,,Unknown,"(51.546651, -0.141721)",http://opendatacommunities.org/id/london-borough-council/camden,4727,21/12/2020 02:48:36 PM
0115EK41141,CAMDEN,1 Driver/Rider,1 Male,0-15,14,1,3 Slight,-2 Unknown,-2 N/A,2 Pedal Cycle,CHALK FARM ROAD J/W REGENT'S PARK ROAD.,2,18/12/2015 04:00:00 PM,Friday,16.00,3 Bor,A,502,6 Single Cwy,2 30 MPH,6 Crossroads,2 Auto Sig,Unclassified,0,5 Pedn Phase At Ats,1 Daylight,1 Fine,1 Road-Dry,0 None,0 None,528190,184380,-0.1528,51.543769,,,Unknown,"(51.543769, -0.1528)",http://opendatacommunities.org/id/london-borough-council/camden,5545,21/12/2020 02:48:37 PM
1190179102,CAMDEN,1 DRIVER/RIDER,2 FEMALE,25-59,45,2,3 SLIGHT,'-2 NOT APPLICABLE,1 FROM DRIVERS N/SIDE,3 POWERED 2 WHEELER,"On Euston Road, near the junction with ARGYLLE road.",1,05/05/2019 11:10:00 PM,Sunday,23.10,1 TLRN,A,501,3 DUAL CWY,30,03 T/STAG JUN,2 AUTO SIG,5,0,4 PELICAN OR SIMILAR,1 DARK,1 FINE,1 ROAD-DRY,0 NONE,0 NONE,530205,182869,-0.124317,51.529729,,,Unknown,"(51.529729, -0.124317)",http://opendatacommunities.org/id/london-borough-council/camden,8982,21/12/2020 02:48:44 PM
1190191149,CAMDEN,1 DRIVER/RIDER,1 MALE,25-59,32,1,2 SERIOUS,'-2 NOT APPLICABLE,'-2 NOT APPLICABLE,2 PEDAL CYCLE,"On Kentish Town Road, near the junction with Bartholomew Road.",2,03/07/2019 08:30:00 AM,Wednesday,8.30,3 BOR,A,400,6 SINGLE CWY,30,09 OTHER JUN,4 GIVE WAY/UNCONTROLLED,6,0,5 PEDN PHASE AT ATS,2 DAYLIGHT,1 FINE,1 ROAD-DRY,0 NONE,0 NONE,528956,184615,-0.141673,51.545706,,,Unknown,"(51.545706, -0.141673)",http://opendatacommunities.org/id/london-borough-council/camden,9154,21/12/2020 02:48:44 PM
1170059431,CAMDEN,1 Driver/Rider,1 Male,Unknown,0,1,3 Slight,-2 Unknown,-2 N/A,3 Powered 2 Wheeler,FROGNAL RISE NW£ J/W LOWER TERRACE NW3,2,18/09/2017 03:02:00 AM,Monday,3.02,3 Bor,Unclassified,0,6 Single Cwy,1 <= 20 MPH,3 T/Stag Jun,4 Give Way/Uncontrolled,Unclassified,0,0 No Xing Facility In 50m,2 Dark,1 Fine,2 Road-Wet,0 None,0 None,526140,186030,-0.181755,51.559059,,,Unknown,"(51.559059, -0.181755)",http://opendatacommunities.org/id/london-borough-council/camden,7325,21/12/2020 02:48:40 PM
1190157863,CAMDEN,1 DRIVER/RIDER,1 MALE,25-59,51,1,3 SLIGHT,'-2 NOT APPLICABLE,'-2 NOT APPLICABLE,3 POWERED 2 WHEELER,"On Chalk Farm Road, near the junction with Hawley Street.",4,04/01/2019 03:45:00 PM,Friday,15.45,3 BOR,A,502,6 SINGLE CWY,30,03 T/STAG JUN,4 GIVE WAY/UNCONTROLLED,A,502,1 ZEBRA,2 DAYLIGHT,8 OTHER,1 ROAD-DRY,0 NONE,0 NONE,528644,184207,-0.146319,51.542111,,,Unknown,"(51.542111, -0.146319)",http://opendatacommunities.org/id/london-borough-council/camden,8694,21/12/2020 02:48:43 PM
1180098949,CAMDEN,3 Pedestrian,2 Female,Unknown,0,1,3 Slight,05 Crossing Road (Not On Xing),9 Unknown Or Other,1 Pedestrian,SAINT PANCRAS WAY J/W PRATT STREET,1,28/03/2018 08:40:00 AM,Wednesday,8.40,3 Bor,C,0,3 Dual Cwy,1 <= 20 MPH,3 T/Stag Jun,4 Give Way/Uncontrolled,C,0,1 Zebra,1 Daylight,2 Raining,2 Road-Wet,0 None,0 None,529430,183930,-0.135093,51.539442,,,Unknown,"(51.539442, -0.135093)",http://opendatacommunities.org/id/london-borough-council/camden,7852,21/12/2020 02:48:41 PM
1190194082,CAMDEN,2 PASSENGER,2 FEMALE,25-59,44,1,3 SLIGHT,'-2 NOT APPLICABLE,'-2 NOT APPLICABLE,6 BUS OR COACH,"On TOTTENHAM COURT ROAD WC1, 23 metres north of the junction with GREAT RUSSEL STREET WC1.",1,17/07/2019 11:40:00 AM,Wednesday,11.40,3 BOR,A,400,6 SINGLE CWY,20,00 NO JUN IN 20M,,0,0,0 NO XING FACILITY IN 50M,2 DAYLIGHT,1 FINE,1 ROAD-DRY,0 NONE,6 PED IN CWY - NOT INJ,529786,181473,-0.130868,51.517279,,,Unknown,"(51.517279, -0.130868)",http://opendatacommunities.org/id/london-borough-council/camden,9193,21/12/2020 02:48:44 PM
1170041722,CAMDEN,1 Driver/Rider,1 Male,25-59,29,1,2 Serious,-2 Unknown,-2 N/A,3 Powered 2 Wheeler,ALDRED ROAD J/W HILLFIELD ROAD,2,07/06/2017 01:16:00 PM,Wednesday,13.16,3 Bor,Unclassified,0,6 Single Cwy,1 <= 20 MPH,3 T/Stag Jun,4 Give Way/Uncontrolled,Unclassified,0,0 No Xing Facility In 50m,1 Daylight,1 Fine,1 Road-Dry,0 None,0 None,525130,185330,-0.196566,51.552992,,,Unknown,"(51.552992, -0.196566)",http://opendatacommunities.org/id/london-borough-council/camden,7019,21/12/2020 02:48:39 PM
0115EK40448,CAMDEN,1 Driver/Rider,1 Male,25-59,43,1,2 Serious,-2 Unknown,-2 N/A,5 Taxi,BUCKLAND CRESCENT J/W LANCASTER GROVE,2,25/06/2015 08:25:00 PM,Thursday,20.25,3 Bor,C,0,6 Single Cwy,2 30 MPH,3 T/Stag Jun,4 Give Way/Uncontrolled,C,0,0 No Xing Facility In 50m,2 Dark,1 Fine,1 Road-Dry,0 None,0 None,526807,184709,-0.172614,51.547037,,,Unknown,"(51.547037, -0.172614)",http://opendatacommunities.org/id/london-borough-council/camden,4941,21/12/2020 02:48:36 PM
1190193282,CAMDEN,2 PASSENGER,1 MALE,25-59,28,3,3 SLIGHT,'-2 NOT APPLICABLE,'-2 NOT APPLICABLE,4 CAR,"On Camden Road, 30 metres north of the junction with Canal Blvd.",2,13/07/2019 06:40:00 AM,Saturday,6.40,1 TLRN,A,503,3 DUAL CWY,30,00 NO JUN IN 20M,,0,0,0 NO XING FACILITY IN 50M,2 DAYLIGHT,1 FINE,1 ROAD-DRY,0 NONE,0 NONE,529443,184530,-0.134686,51.544831,,,Unknown,"(51.544831, -0.134686)",http://opendatacommunities.org/id/london-borough-council/camden,9180,21/12/2020 02:48:44 PM
1180121514,CAMDEN,1 Driver/Rider,1 Male,25-59,43,1,3 Slight,-2 Unknown,-2 N/A,2 Pedal Cycle,OXFORD STREET J/W TOTTNHAM COURT ROAD,2,17/07/2018 01:06:00 PM,Tuesday,13.06,3 Bor,A,40,6 Single Cwy,1 <= 20 MPH,6 Crossroads,2 Auto Sig,A,40,4 Pelican Or Similar,1 Daylight,1 Fine,1 Road-Dry,0 None,0 None,529790,181370,-0.130848,51.516353,,,Unknown,"(51.516353, -0.130848)",http://opendatacommunities.org/id/london-borough-council/camden,8184,21/12/2020 02:48:42 PM
1180110201,CAMDEN,3 Pedestrian,2 Female,25-59,44,1,3 Slight,06 On Footpath - Verge,9 Unknown Or Other,1 Pedestrian,KINGSWAY J/W GREAT QUEEN STREET,1,24/05/2018 02:34:00 PM,Thursday,14.34,3 Bor,A,4200,6 Single Cwy,1 <= 20 MPH,3 T/Stag Jun,2 Auto Sig,B,402,5 Pedn Phase At Ats,1 Daylight,1 Fine,1 Road-Dry,0 None,0 None,530560,181390,-0.11975,51.516355,,,Unknown,"(51.516355, -0.11975)",http://opendatacommunities.org/id/london-borough-council/camden,8020,21/12/2020 02:48:42 PM
1180152169,CAMDEN,3 Pedestrian,1 Male,0-15,13,1,3 Slight,10 Unknown,9 Unknown Or Other,1 Pedestrian,FROGNAL 50M N OF J/W FROGNAL CLOSE,1,11/12/2018 06:38:00 PM,Tuesday,18.38,3 Bor,Unclassified,0,6 Single Cwy,2 30 MPH,0 No Jun In 20m,-2 Not Applicable,-2 Not Applicable,0,0 No Xing Facility In 50m,2 Dark,1 Fine,1 Road-Dry,0 None,0 None,526160,185390,-0.181696,51.553302,,,Unknown,"(51.553302, -0.181696)",http://opendatacommunities.org/id/london-borough-council/camden,8611,21/12/2020 02:48:43 PM
0116EK40607,CAMDEN,3 Pedestrian,1 Male,25-59,33,1,3 Slight,05 Crossing Road (Not On Xing),1 From Drivers N/Side,1 Pedestrian,"NFL - GOODS WAY, 60 METRES WEST OF YORK WAY.",1,23/08/2016 06:25:00 PM,Tuesday,18.25,3 Bor,C,0,6 Single Cwy,1 <= 20 MPH,0 No Jun In 20m,-2 Not Applicable,-2 Not Applicable,0,0 No Xing Facility In 50m,1 Daylight,1 Fine,1 Road-Dry,0 None,0 None,530260,183450,-0.12331,51.534937,,,Unknown,"(51.534937, -0.12331)",http://opendatacommunities.org/id/london-borough-council/camden,6486,21/12/2020 02:48:39 PM
1180145309,CAMDEN,3 Pedestrian,2 Female,60+,73,1,3 Slight,05 Crossing Road (Not On Xing),4 From Drivers O/Side Msk,1 Pedestrian,KENTISH TOWN ROAD 20M N OF J/W LEIGHTON ROAD,1,13/11/2018 10:10:00 AM,Tuesday,10.10,3 Bor,A,400,6 Single Cwy,1 <= 20 MPH,6 Crossroads,2 Auto Sig,Unclassified,0,5 Pedn Phase At Ats,1 Daylight,1 Fine,1 Road-Dry,0 None,0 None,528940,185000,-0.141763,51.54917,,,Unknown,"(51.54917, -0.141763)",http://opendatacommunities.org/id/london-borough-council/camden,8519,21/12/2020 02:48:43 PM
0115EK40839,CAMDEN,1 Driver/Rider,1 Male,25-59,34,1,3 Slight,-2 Unknown,-2 N/A,2 Pedal Cycle,NEW OXFORD STREET J/W CHARING CROSS ROAD,2,06/08/2015 01:45:00 PM,Thursday,13.45,3 Bor,A,40,3 Dual Cwy,2 30 MPH,6 Crossroads,2 Auto Sig,A,40,5 Pedn Phase At Ats,1 Daylight,1 Fine,1 Road-Dry,0 None,0 None,529830,181370,-0.130272,51.516344,,,Unknown,"(51.516344, -0.130272)",http://opendatacommunities.org/id/london-borough-council/camden,5293,21/12/2020 02:48:37 PM
1190174832,CAMDEN,1 DRIVER/RIDER,1 MALE,25-59,25,2,3 SLIGHT,'-2 NOT APPLICABLE,'-2 NOT APPLICABLE,4 CAR,"On Fairfax Road, near the junction with Fairfax Place.",3,12/04/2019 06:11:00 PM,Friday,18.11,3 BOR,B,509,7 SLIP RD,20,01 ROUNDABOUT,4 GIVE WAY/UNCONTROLLED,5,0,0 NO XING FACILITY IN 50M,2 DAYLIGHT,1 FINE,1 ROAD-DRY,0 NONE,0 NONE,526290,184127,-0.180275,51.541923,,,Unknown,"(51.541923, -0.180275)",http://opendatacommunities.org/id/london-borough-council/camden,8921,21/12/2020 02:48:44 PM
1170047705,CAMDEN,3 Pedestrian,2 Female,25-59,42,1,3 Slight,05 Crossing Road (Not On Xing),1 From Drivers N/Side,1 Pedestrian,PANCRAS WAY J/W CAMDEN ROAD,1,11/07/2017 12:55:00 PM,Tuesday,12.55,1 TLRN,A,5202,2 One-Way St,2 30 MPH,6 Crossroads,2 Auto Sig,A,503,5 Pedn Phase At Ats,1 Daylight,2 Raining,2 Road-Wet,0 None,0 None,529250,184290,-0.137555,51.542718,,,Unknown,"(51.542718, -0.137555)",http://opendatacommunities.org/id/london-borough-council/camden,7140,21/12/2020 02:48:40 PM
1180134011,CAMDEN,1 Driver/Rider,1 Male,25-59,31,1,3 Slight,-2 Unknown,-2 N/A,3 Powered 2 Wheeler,TOTTENHAM COURT ROAD J/W WARREN STREET,2,19/09/2018 05:20:00 PM,Wednesday,17.20,3 Bor,A,400,2 One-Way St,1 <= 20 MPH,3 T/Stag Jun,9 Unknown (S/R),Unclassified,0,5 Pedn Phase At Ats,1 Daylight,1 Fine,1 Road-Dry,0 None,0 None,529280,182250,-0.137872,51.524378,,,Unknown,"(51.524378, -0.137872)",http://opendatacommunities.org/id/london-borough-council/camden,8342,21/12/2020 02:48:42 PM
0115EK40630,CAMDEN,1 Driver/Rider,1 Male,25-59,40,1,2 Serious,-2 Unknown,-2 N/A,3 Powered 2 Wheeler,FROGNAL LANE J/W GREENAWAY GARDENS,2,28/07/2015 07:17:00 PM,Tuesday,19.17,3 Bor,Unclassified,0,6 Single Cwy,2 30 MPH,3 T/Stag Jun,4 Give Way/Uncontrolled,Unclassified,0,0 No Xing Facility In 50m,1 Daylight,1 Fine,2 Road-Wet,0 None,0 None,525880,185440,-0.185714,51.553814,,,Unknown,"(51.553814, -0.185714)",http://opendatacommunities.org/id/london-borough-council/camden,5110,21/12/2020 02:48:36 PM
1170045949,CAMDEN,1 Driver/Rider,1 Male,16-24,20,1,3 Slight,-2 Unknown,-2 N/A,3 Powered 2 Wheeler,COPENHAGEN STREET 10M E OF J/W YORK WAY,2,30/06/2017 07:49:00 PM,Friday,19.49,3 Bor,A,5200,6 Single Cwy,1 <= 20 MPH,3 T/Stag Jun,2 Auto Sig,B,154,0 No Xing Facility In 50m,1 Daylight,1 Fine,1 Road-Dry,0 None,0 None,530340,183670,-0.122076,51.536896,,,Unknown,"(51.536896, -0.122076)",http://opendatacommunities.org/id/london-borough-council/camden,7104,21/12/2020 02:48:40 PM
0115EK40566,CAMDEN,2 Passenger,1 Male,Unknown,0,1,3 Slight,-2 Unknown,-2 N/A,4 Car,NFL SOUTHAMPTON ROW 50M SE J.W BLOOMSBURY PLACE,5,11/07/2015 05:15:00 PM,Saturday,17.15,3 Bor,A,4200,6 Single Cwy,2 30 MPH,0 No Jun In 20m,-2 Not Applicable,-2 Not Applicable,0,0 No Xing Facility In 50m,1 Daylight,1 Fine,1 Road-Dry,0 None,0 None,530400,181730,-0.121929,51.519448,,,Unknown,"(51.519448, -0.121929)",http://opendatacommunities.org/id/london-borough-council/camden,5056,21/12/2020 02:48:36 PM
1160024708,CAMDEN,1 Driver/Rider,1 Male,16-24,17,1,3 Slight,-2 Unknown,-2 N/A,3 Powered 2 Wheeler,OAKLEY SQUARE 88M N OF J/W EVERSHOLT STREET,2,03/10/2016 07:49:00 PM,Monday,19.49,3 Bor,Unclassified,0,6 Single Cwy,1 <= 20 MPH,0 No Jun In 20m,-2 Not Applicable,-2 Not Applicable,0,0 No Xing Facility In 50m,2 Dark,1 Fine,1 Road-Dry,0 None,0 None,529330,183310,-0.136762,51.533893,,,Unknown,"(51.533893, -0.136762)",http://opendatacommunities.org/id/london-borough-council/camden,5927,21/12/2020 02:48:38 PM
1190187391,CAMDEN,3 PEDESTRIAN,1 MALE,25-59,53,2,3 SLIGHT,04 CROSSING ROAD WITHIN 50M XING,'-2 NOT APPLICABLE,1 PEDESTRIAN,"On EUSTON ROAD, near the junction with MABLEDON PLACE.",1,15/06/2019 01:00:00 PM,Saturday,13.00,1 TLRN,A,501,3 DUAL CWY,30,03 T/STAG JUN,2 AUTO SIG,A,501,5 PEDN PHASE AT ATS,2 DAYLIGHT,1 FINE,1 ROAD-DRY,0 NONE,0 NONE,529962,182724,-0.127872,51.528482,,,Unknown,"(51.528482, -0.127872)",http://opendatacommunities.org/id/london-borough-council/camden,9097,21/12/2020 02:48:44 PM
0116EK40411,CAMDEN,1 Driver/Rider,1 Male,25-59,32,1,3 Slight,-2 Unknown,-2 N/A,2 Pedal Cycle,GUILFORD STREET J/W MILLMAN STREET,2,07/06/2016 02:30:00 PM,Tuesday,14.30,3 Bor,B,502,6 Single Cwy,1 <= 20 MPH,3 T/Stag Jun,4 Give Way/Uncontrolled,Unclassified,0,1 Zebra,1 Daylight,2 Raining,2 Road-Wet,0 None,0 None,530640,182220,-0.11829,51.523796,,,Unknown,"(51.523796, -0.11829)",http://opendatacommunities.org/id/london-borough-council/camden,6329,21/12/2020 02:48:38 PM
1170057493,CAMDEN,1 Driver/Rider,1 Male,25-59,39,1,3 Slight,-2 Unknown,-2 N/A,2 Pedal Cycle,GREAT QUEEN STREET 21M N OF J/W WILD STREET,2,30/08/2017 02:20:00 PM,Wednesday,14.20,3 Bor,B,402,2 One-Way St,2 30 MPH,0 No Jun In 20m,-2 Not Applicable,-2 Not Applicable,0,0 No Xing Facility In 50m,1 Daylight,2 Raining,2 Road-Wet,0 None,0 None,530430,181250,-0.121674,51.515127,,,Unknown,"(51.515127, -0.121674)",http://opendatacommunities.org/id/london-borough-council/camden,7294,21/12/2020 02:48:40 PM
1160024371,CAMDEN,1 Driver/Rider,1 Male,16-24,24,1,3 Slight,-2 Unknown,-2 N/A,2 Pedal Cycle,THEOBALDS ROAD 28M N OF J/W BEDFORD ROW,2,17/10/2016 09:40:00 AM,Monday,9.40,3 Bor,A,401,6 Single Cwy,2 30 MPH,0 No Jun In 20m,-2 Not Applicable,-2 Not Applicable,0,4 Pelican Or Similar,1 Daylight,1 Fine,1 Road-Dry,0 None,0 None,530800,181890,-0.116108,51.520793,,,Unknown,"(51.520793, -0.116108)",http://opendatacommunities.org/id/london-borough-council/camden,5891,21/12/2020 02:48:38 PM
0115EK40129,CAMDEN,1 Driver/Rider,1 Male,25-59,44,1,3 Slight,-2 Unknown,-2 N/A,3 Powered 2 Wheeler,GRAY'S INN ROAD 28M NW OF J/W CALTHORPE STREET,2,19/02/2015 07:10:00 PM,Thursday,19.10,3 Bor,A,5200,6 Single Cwy,2 30 MPH,0 No Jun In 20m,-2 Not Applicable,-2 Not Applicable,0,5 Pedn Phase At Ats,2 Dark,2 Raining,2 Road-Wet,0 None,0 None,530780,182310,-0.11624,51.524572,,,Unknown,"(51.524572, -0.11624)",http://opendatacommunities.org/id/london-borough-council/camden,4681,21/12/2020 02:48:36 PM
1180150772,CAMDEN,1 Driver/Rider,1 Male,25-59,37,1,3 Slight,-2 Unknown,-2 N/A,3 Powered 2 Wheeler,ARKWRIGHT ROAD NW3 J/W FROGNAL NW3,2,08/12/2018 03:00:00 PM,Saturday,15.00,3 Bor,C,0,6 Single Cwy,1 <= 20 MPH,6 Crossroads,4 Give Way/Uncontrolled,Unclassified,0,0 No Xing Facility In 50m,1 Daylight,1 Fine,2 Road-Wet,0 None,0 None,526230,185230,-0.180744,51.551849,,,Unknown,"(51.551849, -0.180744)",http://opendatacommunities.org/id/london-borough-council/camden,8594,21/12/2020 02:48:43 PM
1180085624,CAMDEN,3 Pedestrian,1 Male,25-59,34,1,3 Slight,05 Crossing Road (Not On Xing),3 From Drivers O/Side,1 Pedestrian,HENDON WAY J/W FINCHLEY ROAD,1,24/01/2018 09:16:00 PM,Wednesday,21.16,1 TLRN,A,41,3 Dual Cwy,3 40 MPH,7 Multi Jun,1 Auth Person,A,41,8 Central Refuge,2 Dark,1 Fine,2 Road-Wet,0 None,0 None,525060,186030,-0.197326,51.559299,,,Unknown,"(51.559299, -0.197326)",http://opendatacommunities.org/id/london-borough-council/camden,7692,21/12/2020 02:48:41 PM
0115EK40475,CAMDEN,1 Driver/Rider,1 Male,16-24,22,1,3 Slight,-2 Unknown,-2 N/A,3 Powered 2 Wheeler,CROFTDOWN ROAD 64M SW CHESTER ROAD,1,13/06/2015 03:45:00 PM,Saturday,15.45,3 Bor,Unclassified,0,6 Single Cwy,2 30 MPH,0 No Jun In 20m,-2 Not Applicable,-2 Not Applicable,0,0 No Xing Facility In 50m,1 Daylight,1 Fine,1 Road-Dry,0 None,0 None,528740,186570,-0.144072,51.563325,,,Unknown,"(51.563325, -0.144072)",http://opendatacommunities.org/id/london-borough-council/camden,4967,21/12/2020 02:48:36 PM
1180137136,CAMDEN,1 Driver/Rider,1 Male,25-59,36,1,3 Slight,-2 Unknown,-2 N/A,2 Pedal Cycle,FITZROY STREET 30M N OF J/W MAPLE STREET,2,05/10/2018 08:20:00 AM,Friday,8.20,3 Bor,Unclassified,0,2 One-Way St,2 30 MPH,0 No Jun In 20m,-2 Not Applicable,-2 Not Applicable,0,9 Unknown (S/R),1 Daylight,1 Fine,1 Road-Dry,0 None,0 None,529240,181990,-0.138543,51.522051,,,Unknown,"(51.522051, -0.138543)",http://opendatacommunities.org/id/london-borough-council/camden,8388,21/12/2020 02:48:42 PM
1170012084,CAMDEN,3 Pedestrian,1 Male,25-59,51,1,3 Slight,01 Crossing Road On Ped Xing,1 From Drivers N/Side,1 Pedestrian,KILBURN HIGH ROAD J/W WILLESDEN LANE,1,17/01/2017 12:25:00 AM,Tuesday,0.25,3 Bor,A,5,6 Single Cwy,2 30 MPH,6 Crossroads,2 Auto Sig,A,4003,4 Pelican Or Similar,2 Dark,1 Fine,1 Road-Dry,0 None,0 None,525050,184100,-0.198156,51.541956,,,Unknown,"(51.541956, -0.198156)",http://opendatacommunities.org/id/london-borough-council/camden,6588,21/12/2020 02:48:39 PM
0115EK41098,CAMDEN,1 Driver/Rider,2 Female,60+,75,1,3 Slight,-2 Unknown,-2 N/A,2 Pedal Cycle,TAVISTOCK SQUARE J/W BEDFORD WAY,2,10/12/2015 10:35:00 AM,Thursday,10.35,3 Bor,C,0,6 Single Cwy,2 30 MPH,6 Crossroads,2 Auto Sig,C,0,5 Pedn Phase At Ats,1 Daylight,1 Fine,1 Road-Dry,0 None,0 None,529890,182240,-0.129087,51.524148,,,Unknown,"(51.524148, -0.129087)",http://opendatacommunities.org/id/london-borough-council/camden,5503,21/12/2020 02:48:37 PM
1190224754,CAMDEN,2 PASSENGER,2 FEMALE,60+,75,1,3 SLIGHT,'-2 NOT APPLICABLE,'-2 NOT APPLICABLE,6 BUS OR COACH,"On Highgate Rd, near the junction with Chetwynd Rd.",1,13/12/2019 11:45:00 AM,Friday,11.45,3 BOR,B,518,6 SINGLE CWY,20,06 CROSSROADS,2 AUTO SIG,5,0,1 ZEBRA,2 DAYLIGHT,1 FINE,1 ROAD-DRY,0 NONE,0 NONE,528578,185840,-0.146674,51.556801,,,Unknown,"(51.556801, -0.146674)",http://opendatacommunities.org/id/london-borough-council/camden,9615,21/12/2020 02:48:45 PM