Reference,London Borough Name,Casualty Class,Casualty Sex,Casualty Age Band,Casualty Age,Number Of Casualties,Casualty Severity,Pedestrian Location,Pedestrian Movement,Mode Of Travel,Attendant Location,Number Of Vehicles,Date,Day,Time,Highway,Road Class 1,Road Number 1,Road Type,Speed Limit,Junction Detail,Junction Control,Road Class 2,Road Number 2,Pedestrian Crossing,Light Condition Band,Weather,Road Surface,Special Conditions,Carriage Way Hazard,Easting,Northing,Longitude,Latitude,Ward Code,Ward Name,Spatial Accuracy,Location,Organisation URI,Socrata ID,Last Uploaded
1190176929,CAMDEN,1 DRIVER/RIDER,2 FEMALE,25-59,28,1,3 SLIGHT,'-2 NOT APPLICABLE,'-2 NOT APPLICABLE,2 PEDAL CYCLE,"On Bainbridge Street, near the junction with Dyott street.",2,25/04/2019 10:30:00 AM,Thursday,10.30,3 BOR,6,0,2 ONE-WAY ST,20,06 CROSSROADS,4 GIVE WAY/UNCONTROLLED,6,0,0 NO XING FACILITY IN 50M,2 DAYLIGHT,2 RAINING,2 ROAD-WET,0 NONE,0 NONE,529980,181448,-0.128083,51.51701,,,Unknown,"(51.51701, -0.128083)",http://opendatacommunities.org/id/london-borough-council/camden,8945,21/12/2020 02:48:44 PM
0116EK40127,CAMDEN,3 Pedestrian,2 Female,25-59,48,1,3 Slight,05 Crossing Road (Not On Xing),3 From Drivers O/Side,1 Pedestrian,NFL - SHAFTESBURY AVENUE J/W GRAPE STREET.,1,04/03/2016 10:47:00 AM,Friday,10.47,3 Bor,A,401,2 One-Way St,1 <= 20 MPH,3 T/Stag Jun,4 Give Way/Uncontrolled,Unclassified,0,0 No Xing Facility In 50m,1 Daylight,1 Fine,1 Road-Dry,0 None,0 None,530120,181420,-0.126077,51.516726,,,Unknown,"(51.516726, -0.126077)",http://opendatacommunities.org/id/london-borough-council/camden,6084,21/12/2020 02:48:38 PM
1170031128,CAMDEN,2 Passenger,2 Female,16-24,23,1,2 Serious,-2 Unknown,-2 N/A,6 Bus Or Coach,GOWER STREET 10M S OF J/W CHENIES STREET,1,09/04/2017 11:05:00 AM,Sunday,11.05,3 Bor,A,400,2 One-Way St,2 30 MPH,3 T/Stag Jun,4 Give Way/Uncontrolled,Unclassified,0,0 No Xing Facility In 50m,1 Daylight,1 Fine,1 Road-Dry,0 None,0 None,529750,181890,-0.131233,51.521035,,,Unknown,"(51.521035, -0.131233)",http://opendatacommunities.org/id/london-borough-council/camden,6864,21/12/2020 02:48:39 PM
0116EK40097,CAMDEN,1 Driver/Rider,1 Male,25-59,41,1,3 Slight,-2 Unknown,-2 N/A,2 Pedal Cycle,COLLEGE CRESCENT 21M NE OF FINCHLEY ROAD,2,22/02/2016 12:50:00 PM,Monday,12.50,1 TLRN,A,41,3 Dual Cwy,2 30 MPH,0 No Jun In 20m,-2 Not Applicable,-2 Not Applicable,0,0 No Xing Facility In 50m,1 Daylight,1 Fine,1 Road-Dry,0 None,0 None,526430,184560,-0.178102,51.545783,,,Unknown,"(51.545783, -0.178102)",http://opendatacommunities.org/id/london-borough-council/camden,6055,21/12/2020 02:48:38 PM
0115EK40800,CAMDEN,1 Driver/Rider,2 Female,25-59,53,1,3 Slight,-2 Unknown,-2 N/A,4 Car,PRINCE OF WALES ROAD J/W GRAFTON ROAD,2,14/09/2015 11:58:00 AM,Monday,11.58,3 Bor,C,0,6 Single Cwy,2 30 MPH,3 T/Stag Jun,2 Auto Sig,C,0,5 Pedn Phase At Ats,1 Daylight,2 Raining,2 Road-Wet,0 None,0 None,528760,184710,-0.144464,51.546605,,,Unknown,"(51.546605, -0.144464)",http://opendatacommunities.org/id/london-borough-council/camden,5260,21/12/2020 02:48:37 PM
0115EK40629,CAMDEN,1 Driver/Rider,1 Male,25-59,43,1,3 Slight,-2 Unknown,-2 N/A,2 Pedal Cycle,CAMDEN HIGH STREET J/W SYMES MEWS,2,27/07/2015 01:30:00 PM,Monday,13.30,1 TLRN,A,502,6 Single Cwy,2 30 MPH,3 T/Stag Jun,4 Give Way/Uncontrolled,Unclassified,0,0 No Xing Facility In 50m,1 Daylight,1 Fine,1 Road-Dry,4 Roadworks,0 None,529140,183470,-0.139441,51.535374,,,Unknown,"(51.535374, -0.139441)",http://opendatacommunities.org/id/london-borough-council/camden,5108,21/12/2020 02:48:36 PM
1170017451,CAMDEN,3 Pedestrian,2 Female,25-59,54,1,3 Slight,05 Crossing Road (Not On Xing),2 From Drivers N/Side Msk,1 Pedestrian,GRAYS INN ROAD J/W BRITANNIA STREET,1,09/02/2017 12:15:00 PM,Thursday,12.15,1 TLRN,A,501,3 Dual Cwy,2 30 MPH,3 T/Stag Jun,4 Give Way/Uncontrolled,Unclassified,0,0 No Xing Facility In 50m,1 Daylight,8 Other,2 Road-Wet,0 None,0 None,530490,182840,-0.120221,51.529402,,,Unknown,"(51.529402, -0.120221)",http://opendatacommunities.org/id/london-borough-council/camden,6662,21/12/2020 02:48:39 PM
1180138730,CAMDEN,2 Passenger,2 Female,25-59,31,1,3 Slight,-2 Unknown,-2 N/A,4 Car,CASTLEHAVEN ROAD 32M W OF J/W HAWLEY ROAD,2,13/10/2018 05:35:00 AM,Saturday,5.35,3 Bor,C,0,6 Single Cwy,1 <= 20 MPH,0 No Jun In 20m,-2 Not Applicable,-2 Not Applicable,0,0 No Xing Facility In 50m,2 Dark,1 Fine,1 Road-Dry,0 None,0 None,528770,184280,-0.144477,51.542738,,,Unknown,"(51.542738, -0.144477)",http://opendatacommunities.org/id/london-borough-council/camden,8423,21/12/2020 02:48:43 PM
1160001628,CAMDEN,2 Passenger,2 Female,0-15,10,1,3 Slight,-2 Unknown,-2 N/A,5 Taxi,AVENUE ROAD 50M N OF J/W PRINCE ALBERT ROAD,1,15/11/2016 08:10:00 AM,Tuesday,8.10,3 Bor,B,525,6 Single Cwy,2 30 MPH,0 No Jun In 20m,-2 Not Applicable,-2 Not Applicable,0,0 No Xing Facility In 50m,1 Daylight,1 Fine,2 Road-Wet,0 None,2 Other Object In Cwy,527300,183530,-0.165934,51.536331,,,Unknown,"(51.536331, -0.165934)",http://opendatacommunities.org/id/london-borough-council/camden,5669,21/12/2020 02:48:37 PM
0115EK40790,CAMDEN,1 Driver/Rider,1 Male,25-59,54,1,3 Slight,-2 Unknown,-2 N/A,2 Pedal Cycle,HAMPSTEAD ROAD 60M N OF VARNDELL STREET,2,09/09/2015 09:43:00 AM,Wednesday,9.43,1 TLRN,A,400,6 Single Cwy,2 30 MPH,0 No Jun In 20m,-2 Not Applicable,-2 Not Applicable,0,0 No Xing Facility In 50m,1 Daylight,1 Fine,1 Road-Dry,0 None,0 None,529210,182860,-0.138656,51.529876,,,Unknown,"(51.529876, -0.138656)",http://opendatacommunities.org/id/london-borough-council/camden,5256,21/12/2020 02:48:37 PM
0115EK41209,CAMDEN,3 Pedestrian,2 Female,16-24,18,1,3 Slight,05 Crossing Road (Not On Xing),2 From Drivers N/Side Msk,1 Pedestrian,"GUILFORD STREET, 30 METRES NE OF LANSDOWNE TERRACE.",2,07/12/2015 03:20:00 PM,Monday,15.20,3 Bor,B,502,6 Single Cwy,2 30 MPH,0 No Jun In 20m,-2 Not Applicable,-2 Not Applicable,0,0 No Xing Facility In 50m,1 Daylight,1 Fine,1 Road-Dry,0 None,0 None,530510,182160,-0.120185,51.523287,,,Unknown,"(51.523287, -0.120185)",http://opendatacommunities.org/id/london-borough-council/camden,5582,21/12/2020 02:48:37 PM
1190215738,CAMDEN,2 PASSENGER,2 FEMALE,U,,2,3 SLIGHT,'-2 NOT APPLICABLE,3 FROM DRIVERS O/SIDE,4 CAR,"On Robert Street, near the junction with Albany Street.",1,03/11/2019 03:03:00 AM,Sunday,3.03,3 BOR,A,4201,6 SINGLE CWY,20,03 T/STAG JUN,2 AUTO SIG,6,0,9 UNKNOWN (S/R),2 DAYLIGHT,1 FINE,1 ROAD-DRY,4 ROADWORKS,0 NONE,528806,182842,-0.144484,51.529807,,,Unknown,"(51.529807, -0.144484)",http://opendatacommunities.org/id/london-borough-council/camden,9490,21/12/2020 02:48:44 PM
1190169137,CAMDEN,3 PEDESTRIAN,2 FEMALE,60+,77,1,3 SLIGHT,05 CROSSING ROAD (NOT ON XING),3 FROM DRIVERS O/SIDE,1 PEDESTRIAN,"On Grafton Way, near the junction with BEAUMONT PLACE.",1,14/03/2019 09:06:00 PM,Thursday,21.06,3 BOR,5,0,2 ONE-WAY ST,30,03 T/STAG JUN,4 GIVE WAY/UNCONTROLLED,6,0,1 ZEBRA,1 DARK,1 FINE,1 ROAD-DRY,0 NONE,0 NONE,529418,182239,-0.135888,51.524248,,,Unknown,"(51.524248, -0.135888)",http://opendatacommunities.org/id/london-borough-council/camden,8845,21/12/2020 02:48:43 PM
1190158962,CAMDEN,2 PASSENGER,2 FEMALE,U,,2,3 SLIGHT,'-2 NOT APPLICABLE,'-2 NOT APPLICABLE,4 CAR,"On Finchley Road, near the junction with Frognal Road.",2,03/01/2019 08:45:00 AM,Thursday,8.45,1 TLRN,A,41,3 DUAL CWY,40,09 OTHER JUN,2 AUTO SIG,5,0,5 PEDN PHASE AT ATS,2 DAYLIGHT,1 FINE,1 ROAD-DRY,0 NONE,0 NONE,525684,185315,-0.188585,51.552735,,,Unknown,"(51.552735, -0.188585)",http://opendatacommunities.org/id/london-borough-council/camden,8717,21/12/2020 02:48:43 PM
1180092125,CAMDEN,1 Driver/Rider,1 Male,25-59,36,1,3 Slight,-2 Unknown,-2 N/A,2 Pedal Cycle,EUSTON ROAD J/W HAMPSTEAD ROAD,2,23/02/2018 09:50:00 AM,Friday,9.50,1 TLRN,A,501,3 Dual Cwy,2 30 MPH,6 Crossroads,2 Auto Sig,A,400,5 Pedn Phase At Ats,1 Daylight,1 Fine,1 Road-Dry,0 None,0 None,529250,182330,-0.138274,51.525104,,,Unknown,"(51.525104, -0.138274)",http://opendatacommunities.org/id/london-borough-council/camden,7768,21/12/2020 02:48:41 PM
1160005086,CAMDEN,3 Pedestrian,1 Male,0-15,12,1,2 Serious,05 Crossing Road (Not On Xing),3 From Drivers O/Side,1 Pedestrian,SOUTHAMPTON PLACE J/W HIGH HOLBORN,1,03/12/2016 02:58:00 PM,Saturday,14.58,3 Bor,A,40,2 One-Way St,1 <= 20 MPH,3 T/Stag Jun,4 Give Way/Uncontrolled,C,0,0 No Xing Facility In 50m,1 Daylight,1 Fine,1 Road-Dry,0 None,0 None,530430,181520,-0.121574,51.517554,,,Unknown,"(51.517554, -0.121574)",http://opendatacommunities.org/id/london-borough-council/camden,5736,21/12/2020 02:48:37 PM
0115CW11551,CAMDEN,1 Driver/Rider,2 Female,25-59,40,1,2 Serious,-2 Unknown,-2 N/A,2 Pedal Cycle,CHARLOTTE STREET J/W GOODGE STREET,2,14/10/2015 10:55:00 AM,Wednesday,10.55,3 Bor,B,506,6 Single Cwy,2 30 MPH,6 Crossroads,2 Auto Sig,Unclassified,0,5 Pedn Phase At Ats,1 Daylight,1 Fine,1 Road-Dry,0 None,0 None,529450,181680,-0.135632,51.519217,,,Unknown,"(51.519217, -0.135632)",http://opendatacommunities.org/id/london-borough-council/camden,4579,21/12/2020 02:48:35 PM
1190222565,CAMDEN,1 DRIVER/RIDER,1 MALE,25-59,59,1,3 SLIGHT,'-2 NOT APPLICABLE,'-2 NOT APPLICABLE,2 PEDAL CYCLE,"On Camden High Street, near the junction with Inverness street.",2,03/12/2019 10:15:00 PM,Tuesday,22.15,3 BOR,A,502,2 ONE-WAY ST,20,03 T/STAG JUN,4 GIVE WAY/UNCONTROLLED,6,0,0 NO XING FACILITY IN 50M,1 DARK,1 FINE,2 ROAD-WET,0 NONE,0 NONE,528859,183948,-0.143316,51.539734,,,Unknown,"(51.539734, -0.143316)",http://opendatacommunities.org/id/london-borough-council/camden,9579,21/12/2020 02:48:45 PM
0116EK40201,CAMDEN,3 Pedestrian,2 Female,25-59,51,1,2 Serious,01 Crossing Road On Ped Xing,1 From Drivers N/Side,1 Pedestrian,BLOOMSBURY WAY J/W BLOOMSBURY SQUARE,1,04/04/2016 03:00:00 PM,Monday,15.00,3 Bor,A,40,6 Single Cwy,1 <= 20 MPH,3 T/Stag Jun,4 Give Way/Uncontrolled,Unclassified,0,4 Pelican Or Similar,1 Daylight,1 Fine,1 Road-Dry,0 None,0 None,530330,181580,-0.122993,51.518116,,,Unknown,"(51.518116, -0.122993)",http://opendatacommunities.org/id/london-borough-council/camden,6148,21/12/2020 02:48:38 PM
1170050199,CAMDEN,1 Driver/Rider,1 Male,25-59,30,1,3 Slight,-2 Unknown,-2 N/A,3 Powered 2 Wheeler,CAMDEN HIGH STREET 25M W OF J/W BUCK STREET,2,15/07/2017 08:02:00 PM,Saturday,20.02,3 Bor,A,502,6 Single Cwy,2 30 MPH,0 No Jun In 20m,-2 Not Applicable,-2 Not Applicable,0,0 No Xing Facility In 50m,1 Daylight,1 Fine,1 Road-Dry,0 None,0 None,528840,183960,-0.143585,51.539846,,,Unknown,"(51.539846, -0.143585)",http://opendatacommunities.org/id/london-borough-council/camden,7183,21/12/2020 02:48:40 PM
1180148060,CAMDEN,1 Driver/Rider,1 Male,25-59,28,1,3 Slight,-2 Unknown,-2 N/A,2 Pedal Cycle,SOUTHAMPTON ROW 30M S OF J/W RUSSELL SQUARE,2,26/11/2018 08:20:00 AM,Monday,8.20,3 Bor,A,4200,6 Single Cwy,1 <= 20 MPH,0 No Jun In 20m,-2 Not Applicable,-2 Not Applicable,0,5 Pedn Phase At Ats,1 Daylight,1 Fine,1 Road-Dry,0 None,2 Other Object In Cwy,530266,181924,-0.123787,51.521222,,,Unknown,"(51.521222, -0.123787)",http://opendatacommunities.org/id/london-borough-council/camden,8554,21/12/2020 02:48:43 PM
0115EK40289,CAMDEN,1 Driver/Rider,1 Male,25-59,54,1,3 Slight,-2 Unknown,-2 N/A,7 Goods Vehicle,EUSTON ROAD J/W UPPER WOBURN PLACE,2,24/03/2015 10:00:00 PM,Tuesday,22.00,1 TLRN,A,501,3 Dual Cwy,3 40 MPH,6 Crossroads,2 Auto Sig,A,4200,5 Pedn Phase At Ats,2 Dark,1 Fine,2 Road-Wet,0 None,0 None,529770,182590,-0.130687,51.527321,,,Unknown,"(51.527321, -0.130687)",http://opendatacommunities.org/id/london-borough-council/camden,4813,21/12/2020 02:48:36 PM
1180125887,CAMDEN,1 Driver/Rider,1 Male,16-24,19,1,2 Serious,-2 Unknown,-2 N/A,2 Pedal Cycle,EVERSHOLT STREET J/W PHEONIX ROAD,2,08/08/2018 03:30:00 PM,Wednesday,15.30,3 Bor,A,4200,6 Single Cwy,1 <= 20 MPH,3 T/Stag Jun,4 Give Way/Uncontrolled,C,0,1 Zebra,1 Daylight,1 Fine,1 Road-Dry,0 None,0 None,529540,182880,-0.133894,51.52998,,,Unknown,"(51.52998, -0.133894)",http://opendatacommunities.org/id/london-borough-council/camden,8230,21/12/2020 02:48:42 PM
1190201188,CAMDEN,1 DRIVER/RIDER,1 MALE,25-59,40,1,3 SLIGHT,'-2 NOT APPLICABLE,7 IN RD FACING TRAFFIC,3 POWERED 2 WHEELER,"On Camden Road, near the junction with Camden Street .",2,23/08/2019 02:15:00 PM,Friday,14.15,1 TLRN,A,503,6 SINGLE CWY,30,06 CROSSROADS,2 AUTO SIG,A,400,4 PELICAN OR SIMILAR,2 DAYLIGHT,1 FINE,1 ROAD-DRY,0 NONE,0 NONE,529094,184041,-0.139895,51.540516,,,Unknown,"(51.540516, -0.139895)",http://opendatacommunities.org/id/london-borough-council/camden,9295,21/12/2020 02:48:44 PM
1190189139,CAMDEN,1 DRIVER/RIDER,1 MALE,25-59,37,1,3 SLIGHT,'-2 NOT APPLICABLE,'-2 NOT APPLICABLE,2 PEDAL CYCLE,"On Grays Inn Road, near the junction with BRITANNIA STREET.",2,23/06/2019 09:28:00 PM,Sunday,21.28,1 TLRN,A,501,2 ONE-WAY ST,30,03 T/STAG JUN,4 GIVE WAY/UNCONTROLLED,6,0,1 ZEBRA,1 DARK,1 FINE,1 ROAD-DRY,0 NONE,0 NONE,530508,182826,-0.119967,51.529272,,,Unknown,"(51.529272, -0.119967)",http://opendatacommunities.org/id/london-borough-council/camden,9126,21/12/2020 02:48:44 PM
1170033061,CAMDEN,3 Pedestrian,2 Female,0-15,12,1,3 Slight,01 Crossing Road On Ped Xing,9 Unknown Or Other,1 Pedestrian,JUNIPER CRESCENT J/W CHALK FARM ROAD,1,24/03/2017 05:25:00 PM,Friday,17.25,3 Bor,Unclassified,0,6 Single Cwy,2 30 MPH,3 T/Stag Jun,2 Auto Sig,Unclassified,0,1 Zebra,1 Daylight,1 Fine,1 Road-Dry,0 None,0 None,528350,184180,-0.150566,51.541935,,,Unknown,"(51.541935, -0.150566)",http://opendatacommunities.org/id/london-borough-council/camden,6900,21/12/2020 02:48:39 PM
1180136798,CAMDEN,1 Driver/Rider,1 Male,25-59,28,1,3 Slight,-2 Unknown,-2 N/A,4 Car,CONWAY STREET J/W MAPLE STREET,2,19/09/2018 01:15:00 PM,Wednesday,13.15,3 Bor,Unclassified,0,6 Single Cwy,2 30 MPH,9 Other Jun,2 Auto Sig,Unclassified,0,9 Unknown (S/R),1 Daylight,1 Fine,1 Road-Dry,0 None,0 None,529160,181970,-0.139703,51.521889,,,Unknown,"(51.521889, -0.139703)",http://opendatacommunities.org/id/london-borough-council/camden,8377,21/12/2020 02:48:42 PM
1170031918,CAMDEN,3 Pedestrian,2 Female,16-24,23,1,3 Slight,05 Crossing Road (Not On Xing),1 From Drivers N/Side,1 Pedestrian,FINCHLEY ROAD 50M N OF J/W LITHOS ROAD41,1,12/04/2017 05:50:00 PM,Wednesday,17.50,1 TLRN,A,41,3 Dual Cwy,2 30 MPH,0 No Jun In 20m,-2 Not Applicable,-2 Not Applicable,0,0 No Xing Facility In 50m,1 Daylight,1 Fine,1 Road-Dry,0 None,0 None,526060,185060,-0.183255,51.550359,,,Unknown,"(51.550359, -0.183255)",http://opendatacommunities.org/id/london-borough-council/camden,6877,21/12/2020 02:48:39 PM
0115EK40318,CAMDEN,1 Driver/Rider,1 Male,25-59,28,1,3 Slight,-2 Unknown,-2 N/A,2 Pedal Cycle,CHARING CROSS ROAD J/W NEW OXFORD STREET,2,25/04/2015 07:50:00 AM,Saturday,7.50,3 Bor,A,40,6 Single Cwy,2 30 MPH,6 Crossroads,2 Auto Sig,A,40,5 Pedn Phase At Ats,1 Daylight,2 Raining,2 Road-Wet,0 None,0 None,529820,181370,-0.130416,51.516346,,,Unknown,"(51.516346, -0.130416)",http://opendatacommunities.org/id/london-borough-council/camden,4838,21/12/2020 02:48:36 PM
1170047141,CAMDEN,3 Pedestrian,2 Female,25-59,26,1,3 Slight,05 Crossing Road (Not On Xing),1 From Drivers N/Side,1 Pedestrian,BIRCHINGTON ROAD 25M N OF J/W KILBURN HIGH ROAD THE NEAREST CLASSI,1,03/07/2017 02:20:00 PM,Monday,14.20,3 Bor,Unclassified,0,6 Single Cwy,2 30 MPH,0 No Jun In 20m,-2 Not Applicable,-2 Not Applicable,0,0 No Xing Facility In 50m,1 Daylight,1 Fine,1 Road-Dry,0 None,0 None,525350,183820,-0.193932,51.539373,,,Unknown,"(51.539373, -0.193932)",http://opendatacommunities.org/id/london-borough-council/camden,7125,21/12/2020 02:48:40 PM
1180145078,CAMDEN,2 Passenger,1 Male,0-15,2,1,3 Slight,-2 Unknown,-2 N/A,6 Bus Or Coach,KILBURN HIGH ROAD 5M S OF J/W BRONDESBURY VILLAS NW6,1,12/11/2018 11:44:00 AM,Monday,11.44,3 Bor,A,5,6 Single Cwy,2 30 MPH,9 Other Jun,2 Auto Sig,Unclassified,0,5 Pedn Phase At Ats,1 Daylight,8 Other,2 Road-Wet,0 None,0 None,525410,183620,-0.193138,51.537562,,,Unknown,"(51.537562, -0.193138)",http://opendatacommunities.org/id/london-borough-council/camden,8517,21/12/2020 02:48:43 PM
1180089054,CAMDEN,1 Driver/Rider,2 Female,60+,70,1,3 Slight,-2 Unknown,-2 N/A,4 Car,NFL FINCHLEY ROAD 20M S OF J/W CANNON HILL,1,08/02/2018 10:06:00 PM,Thursday,22.06,1 TLRN,A,41,3 Dual Cwy,2 30 MPH,6 Crossroads,2 Auto Sig,Unclassified,0,8 Central Refuge,2 Dark,1 Fine,1 Road-Dry,0 None,0 None,525540,185450,-0.190612,51.55398,,,Unknown,"(51.55398, -0.190612)",http://opendatacommunities.org/id/london-borough-council/camden,7733,21/12/2020 02:48:41 PM
1180125704,CAMDEN,1 Driver/Rider,1 Male,25-59,48,1,3 Slight,-2 Unknown,-2 N/A,2 Pedal Cycle,BAYNES STREET J/W ROYAL COLLEGE STREET,2,03/08/2018 11:00:00 PM,Friday,23.00,3 Bor,Unclassified,0,2 One-Way St,1 <= 20 MPH,3 T/Stag Jun,4 Give Way/Uncontrolled,A,5202,9 Unknown (S/R),2 Dark,1 Fine,1 Road-Dry,9 Unknown (S/R),0 None,529250,184080,-0.137632,51.540831,,,Unknown,"(51.540831, -0.137632)",http://opendatacommunities.org/id/london-borough-council/camden,8226,21/12/2020 02:48:42 PM
1170067623,CAMDEN,3 Pedestrian,2 Female,16-24,23,1,3 Slight,09 In Road - Not Crossing,9 Unknown Or Other,1 Pedestrian,GOWER STREET 100M E OF J/W EUSTON ROAD THE NEAREST CLASSIFIED ROAD,1,01/11/2017 05:24:00 PM,Wednesday,17.24,3 Bor,A,400,6 Single Cwy,2 30 MPH,0 No Jun In 20m,-2 Not Applicable,-2 Not Applicable,0,0 No Xing Facility In 50m,2 Dark,1 Fine,1 Road-Dry,0 None,0 None,529464,182309,-0.135199,51.524866,,,Unknown,"(51.524866, -0.135199)",http://opendatacommunities.org/id/london-borough-council/camden,7473,21/12/2020 02:48:40 PM
1160024819,CAMDEN,3 Pedestrian,1 Male,16-24,22,1,3 Slight,04 Crossing Road Within 50m Xing,1 From Drivers N/Side,1 Pedestrian,ADELAIDE ROAD 30M W OF J/W HAVERSTOCK HILL,1,23/10/2016 12:28:00 AM,Sunday,0.28,3 Bor,B,509,6 Single Cwy,2 30 MPH,0 No Jun In 20m,-2 Not Applicable,-2 Not Applicable,0,5 Pedn Phase At Ats,2 Dark,1 Fine,1 Road-Dry,0 None,0 None,528140,184390,-0.153517,51.54387,,,Unknown,"(51.54387, -0.153517)",http://opendatacommunities.org/id/london-borough-council/camden,5934,21/12/2020 02:48:38 PM
1170049582,CAMDEN,3 Pedestrian,2 Female,25-59,26,1,2 Serious,05 Crossing Road (Not On Xing),3 From Drivers O/Side,1 Pedestrian,CAMDEN ROAD 20M SW OF J/W CAMDEN STREET,1,20/07/2017 06:43:00 PM,Thursday,18.43,1 TLRN,A,503,2 One-Way St,1 <= 20 MPH,3 T/Stag Jun,4 Give Way/Uncontrolled,A,400,1 Zebra,1 Daylight,1 Fine,1 Road-Dry,0 None,0 None,529067,184020,-0.140292,51.540334,,,Unknown,"(51.540334, -0.140292)",http://opendatacommunities.org/id/london-borough-council/camden,7171,21/12/2020 02:48:40 PM
1190209687,CAMDEN,3 PEDESTRIAN,2 FEMALE,16-24,19,1,3 SLIGHT,01 CROSSING ROAD ON PED XING,'-2 NOT APPLICABLE,1 PEDESTRIAN,"On Red Lion Square, near the junction with Theobalds Road .",1,05/10/2019 04:31:00 AM,Saturday,4.31,3 BOR,A,40,2 ONE-WAY ST,20,06 CROSSROADS,2 AUTO SIG,A,401,4 PELICAN OR SIMILAR,1 DARK,1 FINE,1 ROAD-DRY,0 NONE,0 NONE,530533,181724,-0.120015,51.519363,,,Unknown,"(51.519363, -0.120015)",http://opendatacommunities.org/id/london-borough-council/camden,9411,21/12/2020 02:48:44 PM
1180118188,CAMDEN,1 Driver/Rider,2 Female,16-24,24,1,3 Slight,-2 Unknown,-2 N/A,2 Pedal Cycle,MILLFIELD LN J/W MILLFIELD LN,2,01/07/2018 04:40:00 PM,Sunday,16.40,3 Bor,Unclassified,0,9 Unknown,1 <= 20 MPH,3 T/Stag Jun,4 Give Way/Uncontrolled,Unclassified,0,9 Unknown (S/R),1 Daylight,1 Fine,1 Road-Dry,0 None,0 None,527910,186710,-0.155988,51.564771,,,Unknown,"(51.564771, -0.155988)",http://opendatacommunities.org/id/london-borough-council/camden,8140,21/12/2020 02:48:42 PM
0115EK40434,CAMDEN,1 Driver/Rider,1 Male,25-59,29,1,3 Slight,-2 Unknown,-2 N/A,3 Powered 2 Wheeler,TOTTENHAM COURT ROAD J/W GREAT RUSSELL STREET,2,03/06/2015 11:45:00 PM,Wednesday,23.45,3 Bor,A,400,6 Single Cwy,2 30 MPH,6 Crossroads,2 Auto Sig,C,0,5 Pedn Phase At Ats,2 Dark,1 Fine,1 Road-Dry,0 None,0 None,529790,181450,-0.130819,51.517072,,,Unknown,"(51.517072, -0.130819)",http://opendatacommunities.org/id/london-borough-council/camden,4926,21/12/2020 02:48:36 PM
1160001842,CAMDEN,1 Driver/Rider,2 Female,25-59,45,1,3 Slight,-2 Unknown,-2 N/A,2 Pedal Cycle,CLEVELAND STREET J/W MAPLE STREET,2,16/11/2016 09:30:00 AM,Wednesday,9.30,3 Bor,Unclassified,0,2 One-Way St,1 <= 20 MPH,3 T/Stag Jun,4 Give Way/Uncontrolled,Unclassified,0,0 No Xing Facility In 50m,1 Daylight,1 Fine,2 Road-Wet,0 None,0 None,529140,181930,-0.140006,51.521534,,,Unknown,"(51.521534, -0.140006)",http://opendatacommunities.org/id/london-borough-council/camden,5673,21/12/2020 02:48:37 PM
0116EK40095,CAMDEN,1 Driver/Rider,1 Male,25-59,47,1,3 Slight,-2 Unknown,-2 N/A,3 Powered 2 Wheeler,"ARLINGTON ROAD, 55 METRES SE OF JAMESTOWN ROAD.",2,21/02/2016 05:05:00 PM,Sunday,17.05,3 Bor,Unclassified,0,6 Single Cwy,2 30 MPH,8 Priv Drive,4 Give Way/Uncontrolled,Unclassified,0,0 No Xing Facility In 50m,1 Daylight,1 Fine,1 Road-Dry,0 None,0 None,528720,183960,-0.145314,51.539874,,,Unknown,"(51.539874, -0.145314)",http://opendatacommunities.org/id/london-borough-council/camden,6053,21/12/2020 02:48:38 PM
1180132178,CAMDEN,3 Pedestrian,2 Female,25-59,38,1,3 Slight,08 In Centre Of Carriageway,3 From Drivers O/Side,1 Pedestrian,WEST END ROAD J/W KILBURN HIGH ROAD,1,12/09/2018 06:30:00 PM,Wednesday,18.30,3 Bor,A,5,6 Single Cwy,1 <= 20 MPH,3 T/Stag Jun,4 Give Way/Uncontrolled,A,5,4 Pelican Or Similar,1 Daylight,1 Fine,1 Road-Dry,0 None,0 None,525370,183690,-0.19369,51.5382,,,Unknown,"(51.5382, -0.19369)",http://opendatacommunities.org/id/london-borough-council/camden,8317,21/12/2020 02:48:42 PM
0115EK40869,CAMDEN,1 Driver/Rider,1 Male,25-59,37,1,3 Slight,-2 Unknown,-2 N/A,3 Powered 2 Wheeler,"NFL - EUSTON ROAD, 60 METRES SW OF PANCRAS ROAD.",2,02/10/2015 01:17:00 PM,Friday,13.17,1 TLRN,A,501,3 Dual Cwy,3 40 MPH,0 No Jun In 20m,-2 Not Applicable,-2 Not Applicable,0,0 No Xing Facility In 50m,1 Daylight,1 Fine,1 Road-Dry,0 None,0 None,530170,182870,-0.124821,51.529746,,,Unknown,"(51.529746, -0.124821)",http://opendatacommunities.org/id/london-borough-council/camden,5316,21/12/2020 02:48:37 PM