Reference,London Borough Name,Casualty Class,Casualty Sex,Casualty Age Band,Casualty Age,Number Of Casualties,Casualty Severity,Pedestrian Location,Pedestrian Movement,Mode Of Travel,Attendant Location,Number Of Vehicles,Date,Day,Time,Highway,Road Class 1,Road Number 1,Road Type,Speed Limit,Junction Detail,Junction Control,Road Class 2,Road Number 2,Pedestrian Crossing,Light Condition Band,Weather,Road Surface,Special Conditions,Carriage Way Hazard,Easting,Northing,Longitude,Latitude,Ward Code,Ward Name,Spatial Accuracy,Location,Organisation URI,Socrata ID,Last Uploaded
0115EK40626,CAMDEN,1 Driver/Rider,1 Male,25-59,28,1,3 Slight,-2 Unknown,-2 N/A,4 Car,FINCHLEY ROAD J/W HENDON WAY.,2,24/07/2015 07:39:00 PM,Friday,19.39,1 TLRN,A,41,3 Dual Cwy,2 30 MPH,3 T/Stag Jun,2 Auto Sig,A,41,5 Pedn Phase At Ats,1 Daylight,1 Fine,2 Road-Wet,0 None,0 None,525080,186030,-0.197038,51.559294,,,Unknown,"(51.559294, -0.197038)",http://opendatacommunities.org/id/london-borough-council/camden,5106,21/12/2020 02:48:36 PM
0115EK40039,CAMDEN,3 Pedestrian,2 Female,25-59,28,1,3 Slight,04 Crossing Road Within 50m Xing,2 From Drivers N/Side Msk,1 Pedestrian,KILBURN HIGH ROAD J/W GASCONY AVENUE,1,04/01/2015 05:50:00 PM,Sunday,17.50,3 Bor,A,5,6 Single Cwy,2 30 MPH,3 T/Stag Jun,2 Auto Sig,A,5,5 Pedn Phase At Ats,2 Dark,8 Other,1 Road-Dry,0 None,0 None,525073,184086,-0.197829,51.541825,,,Unknown,"(51.541825, -0.197829)",http://opendatacommunities.org/id/london-borough-council/camden,4610,21/12/2020 02:48:35 PM
1170051353,CAMDEN,3 Pedestrian,2 Female,25-59,30,1,3 Slight,10 Unknown,9 Unknown Or Other,1 Pedestrian,KEPPEL STREET J/W MALLET STREET,1,31/07/2017 05:18:00 PM,Monday,17.18,3 Bor,Unclassified,0,6 Single Cwy,1 <= 20 MPH,3 T/Stag Jun,4 Give Way/Uncontrolled,Unclassified,0,0 No Xing Facility In 50m,1 Daylight,1 Fine,1 Road-Dry,0 None,0 None,529870,181850,-0.129519,51.520648,,,Unknown,"(51.520648, -0.129519)",http://opendatacommunities.org/id/london-borough-council/camden,7207,21/12/2020 02:48:40 PM
1170067406,CAMDEN,1 Driver/Rider,1 Male,16-24,21,1,3 Slight,-2 Unknown,-2 N/A,3 Powered 2 Wheeler,HIGHGATE ROAD J/W CHETWYND ROAD,2,31/10/2017 05:20:00 PM,Tuesday,17.20,3 Bor,B,518,3 Dual Cwy,2 30 MPH,6 Crossroads,4 Give Way/Uncontrolled,C,0,4 Pelican Or Similar,2 Dark,1 Fine,1 Road-Dry,0 None,0 None,528575,185849,-0.146714,51.556883,,,Unknown,"(51.556883, -0.146714)",http://opendatacommunities.org/id/london-borough-council/camden,7472,21/12/2020 02:48:40 PM
1170047268,CAMDEN,3 Pedestrian,1 Male,25-59,43,1,3 Slight,09 In Road - Not Crossing,9 Unknown Or Other,1 Pedestrian,GRAYS INN ROAD J/W SIDMOUTH STREET,1,07/07/2017 06:30:00 PM,Friday,18.30,3 Bor,A,5200,6 Single Cwy,1 <= 20 MPH,3 T/Stag Jun,4 Give Way/Uncontrolled,C,0,4 Pelican Or Similar,1 Daylight,2 Raining,1 Road-Dry,0 None,0 None,530619,182597,-0.118453,51.527189,,,Unknown,"(51.527189, -0.118453)",http://opendatacommunities.org/id/london-borough-council/camden,7130,21/12/2020 02:48:40 PM
1170075923,CAMDEN,3 Pedestrian,2 Female,25-59,28,1,3 Slight,01 Crossing Road On Ped Xing,1 From Drivers N/Side,1 Pedestrian,EUSTON ROAD J/W HAMPSTEAD ROAD,1,27/11/2017 07:40:00 AM,Monday,7.40,1 TLRN,A,501,2 One-Way St,2 30 MPH,7 Multi Jun,2 Auto Sig,A,400,1 Zebra,1 Daylight,1 Fine,2 Road-Wet,0 None,0 None,529220,182300,-0.138718,51.524841,,,Unknown,"(51.524841, -0.138718)",http://opendatacommunities.org/id/london-borough-council/camden,7589,21/12/2020 02:48:41 PM
1190223399,CAMDEN,3 PEDESTRIAN,2 FEMALE,60+,63,1,3 SLIGHT,01 CROSSING ROAD ON PED XING,'-2 NOT APPLICABLE,1 PEDESTRIAN,"On Pond Street, 25 metres west of the junction with South end road .",1,06/12/2019 12:19:00 PM,Friday,12.19,3 BOR,B,518,6 SINGLE CWY,30,00 NO JUN IN 20M,,0,0,1 ZEBRA,2 DAYLIGHT,1 FINE,1 ROAD-DRY,0 NONE,0 NONE,527270,185498,-0.165655,51.554024,,,Unknown,"(51.554024, -0.165655)",http://opendatacommunities.org/id/london-borough-council/camden,9598,21/12/2020 02:48:45 PM
0116QK50197,CAMDEN,2 Passenger,1 Male,25-59,37,1,3 Slight,-2 Unknown,-2 N/A,6 Bus Or Coach,NFL KILBURN HIGH ROAD 30M SOUTH J/W CAMBRIDGE AVENUE,1,23/02/2016 02:11:00 PM,Tuesday,14.11,3 Bor,A,5,6 Single Cwy,2 30 MPH,0 No Jun In 20m,-2 Not Applicable,-2 Not Applicable,0,0 No Xing Facility In 50m,1 Daylight,1 Fine,1 Road-Dry,0 None,0 None,525500,183510,-0.19188,51.536554,,,Unknown,"(51.536554, -0.19188)",http://opendatacommunities.org/id/london-borough-council/camden,6546,21/12/2020 02:48:39 PM
0115EK40135,CAMDEN,1 Driver/Rider,1 Male,25-59,41,1,3 Slight,-2 Unknown,-2 N/A,6 Bus Or Coach,KILBURN HIGH ROAD J/W WEST END LANE,2,20/02/2015 09:40:00 AM,Friday,9.40,3 Bor,A,5,6 Single Cwy,2 30 MPH,3 T/Stag Jun,4 Give Way/Uncontrolled,Unclassified,0,0 No Xing Facility In 50m,1 Daylight,1 Fine,1 Road-Dry,0 None,0 None,525370,183680,-0.193693,51.53811,,,Unknown,"(51.53811, -0.193693)",http://opendatacommunities.org/id/london-borough-council/camden,4686,21/12/2020 02:48:36 PM
1180129705,CAMDEN,1 Driver/Rider,2 Female,25-59,33,1,2 Serious,-2 Unknown,-2 N/A,2 Pedal Cycle,CLERKENWELL ROAD J/W ROSEBERY AVENUE,2,30/08/2018 09:45:00 AM,Thursday,9.45,3 Bor,A,5201,6 Single Cwy,2 30 MPH,9 Other Jun,9 Unknown (S/R),A,401,5 Pedn Phase At Ats,1 Daylight,1 Fine,1 Road-Dry,4 Roadworks,0 None,531060,182000,-0.112321,51.521722,,,Unknown,"(51.521722, -0.112321)",http://opendatacommunities.org/id/london-borough-council/camden,8285,21/12/2020 02:48:42 PM
1170056183,CAMDEN,3 Pedestrian,1 Male,16-24,22,1,3 Slight,07 On Refuge,9 Unknown Or Other,1 Pedestrian,THEOBALDS ROAD J/W BEDFORD ROW,1,26/08/2017 02:45:00 PM,Saturday,14.45,3 Bor,A,401,6 Single Cwy,2 30 MPH,6 Crossroads,4 Give Way/Uncontrolled,Unclassified,0,4 Pelican Or Similar,1 Daylight,1 Fine,1 Road-Dry,0 None,0 None,530730,181850,-0.117131,51.52045,,,Unknown,"(51.52045, -0.117131)",http://opendatacommunities.org/id/london-borough-council/camden,7279,21/12/2020 02:48:40 PM
1190212548,CAMDEN,1 DRIVER/RIDER,2 FEMALE,16-24,23,1,3 SLIGHT,'-2 NOT APPLICABLE,3 FROM DRIVERS O/SIDE,2 PEDAL CYCLE,"On West End Lane, near the junction with Lymington Road.",2,18/10/2019 08:30:00 AM,Friday,8.30,3 BOR,B,510,6 SINGLE CWY,30,03 T/STAG JUN,9 UNKNOWN (S/R),6,0,1 ZEBRA,2 DAYLIGHT,2 RAINING,2 ROAD-WET,0 NONE,0 NONE,525503,184935,-0.191329,51.54936,,,Unknown,"(51.54936, -0.191329)",http://opendatacommunities.org/id/london-borough-council/camden,9452,21/12/2020 02:48:44 PM
1170070658,CAMDEN,3 Pedestrian,2 Female,25-59,52,1,3 Slight,07 On Refuge,9 Unknown Or Other,1 Pedestrian,CAMDEN HIGH STREET J/W GREENLAND ROAD,2,16/11/2017 05:15:00 PM,Thursday,17.15,1 TLRN,A,400,6 Single Cwy,1 <= 20 MPH,7 Multi Jun,2 Auto Sig,A,502,4 Pelican Or Similar,2 Dark,1 Fine,1 Road-Dry,0 None,0 None,528920,183860,-0.142469,51.538929,,,Unknown,"(51.538929, -0.142469)",http://opendatacommunities.org/id/london-borough-council/camden,7516,21/12/2020 02:48:41 PM
0115EK40906,CAMDEN,1 Driver/Rider,1 Male,25-59,59,1,3 Slight,-2 Unknown,-2 N/A,4 Car,"FREIGHT LANE, 120 METRES WEST OF YORK WAY.",2,09/10/2015 02:40:00 PM,Friday,14.40,3 Bor,Unclassified,0,6 Single Cwy,2 30 MPH,8 Priv Drive,4 Give Way/Uncontrolled,Unclassified,0,0 No Xing Facility In 50m,1 Daylight,1 Fine,1 Road-Dry,0 None,0 None,530030,184030,-0.12641,51.540203,,,Unknown,"(51.540203, -0.12641)",http://opendatacommunities.org/id/london-borough-council/camden,5347,21/12/2020 02:48:37 PM
1160008196,CAMDEN,1 Driver/Rider,1 Male,25-59,39,1,3 Slight,-2 Unknown,-2 N/A,4 Car,GRAYS INN ROAD J/W EUSTON ROAD,2,20/11/2016 04:35:00 PM,Sunday,16.35,1 TLRN,A,5200,2 One-Way St,1 <= 20 MPH,7 Multi Jun,2 Auto Sig,A,501,5 Pedn Phase At Ats,1 Daylight,2 Raining,2 Road-Wet,9 Unknown (S/R),0 None,530360,182970,-0.122046,51.530601,,,Unknown,"(51.530601, -0.122046)",http://opendatacommunities.org/id/london-borough-council/camden,5793,21/12/2020 02:48:37 PM
1160002096,CAMDEN,1 Driver/Rider,1 Male,25-59,32,1,3 Slight,-2 Unknown,-2 N/A,4 Car,GORDON HOUSE ROAD J/W OAK VILLAGE,1,17/11/2016 06:00:00 PM,Thursday,18.00,3 Bor,B,518,6 Single Cwy,1 <= 20 MPH,3 T/Stag Jun,4 Give Way/Uncontrolled,Unclassified,0,4 Pelican Or Similar,2 Dark,5 Raining/High Winds,2 Road-Wet,0 None,0 None,528270,185630,-0.151191,51.554984,,,Unknown,"(51.554984, -0.151191)",http://opendatacommunities.org/id/london-borough-council/camden,5677,21/12/2020 02:48:37 PM
1180113257,CAMDEN,1 Driver/Rider,1 Male,25-59,32,1,3 Slight,-2 Unknown,-2 N/A,4 Car,NFL CHALK FARM ROAD J/W FERDINAND STREET,2,09/06/2018 08:15:00 PM,Saturday,20.15,3 Bor,A,502,6 Single Cwy,1 <= 20 MPH,3 T/Stag Jun,2 Auto Sig,B,517,5 Pedn Phase At Ats,1 Daylight,1 Fine,2 Road-Wet,0 None,0 None,528440,184290,-0.149229,51.542903,,,Unknown,"(51.542903, -0.149229)",http://opendatacommunities.org/id/london-borough-council/camden,8062,21/12/2020 02:48:42 PM
1190161787,CAMDEN,1 DRIVER/RIDER,1 MALE,25-59,40,1,3 SLIGHT,'-2 NOT APPLICABLE,'-2 NOT APPLICABLE,2 PEDAL CYCLE,"On Gower Street, near the junction with Grafton Way.",2,06/02/2019 04:10:00 PM,Wednesday,16.10,3 BOR,A,400,2 ONE-WAY ST,30,06 CROSSROADS,2 AUTO SIG,5,0,9 UNKNOWN (S/R),2 DAYLIGHT,1 FINE,1 ROAD-DRY,0 NONE,0 NONE,529507,182248,-0.134602,51.524308,,,Unknown,"(51.524308, -0.134602)",http://opendatacommunities.org/id/london-borough-council/camden,8761,21/12/2020 02:48:43 PM
1190181597,CAMDEN,3 PEDESTRIAN,2 FEMALE,16-24,23,1,3 SLIGHT,01 CROSSING ROAD ON PED XING,1 FROM DRIVERS N/SIDE,1 PEDESTRIAN,"On FINCHLEY ROAD, near the junction with ADELAIDE ROAD.",1,18/05/2019 02:45:00 AM,Saturday,2.45,1 TLRN,A,41,3 DUAL CWY,30,07 MULTI JUN,2 AUTO SIG,A,41,5 PEDN PHASE AT ATS,1 DARK,1 FINE,2 ROAD-WET,0 NONE,0 NONE,526645,184133,-0.175156,51.541897,,,Unknown,"(51.541897, -0.175156)",http://opendatacommunities.org/id/london-borough-council/camden,9016,21/12/2020 02:48:44 PM
1160006346,CAMDEN,1 Driver/Rider,1 Male,25-59,39,1,2 Serious,-2 Unknown,-2 N/A,3 Powered 2 Wheeler,FINCHLEY RD J/W BURRARDS RD,3,11/12/2016 06:27:00 PM,Sunday,18.27,1 TLRN,A,41,3 Dual Cwy,1 <= 20 MPH,3 T/Stag Jun,4 Give Way/Uncontrolled,Unclassified,0,0 No Xing Facility In 50m,2 Dark,1 Fine,1 Road-Dry,0 None,0 None,525370,185620,-0.193003,51.555545,,,Unknown,"(51.555545, -0.193003)",http://opendatacommunities.org/id/london-borough-council/camden,5761,21/12/2020 02:48:37 PM
1180140406,CAMDEN,2 Passenger,2 Female,Unknown,0,1,3 Slight,-2 Unknown,-2 N/A,4 Car,HIGHGATE ROAD 35M E OF J/W GORDON HOUSE ROAD,2,20/10/2018 07:00:00 PM,Saturday,19.00,3 Bor,B,518,9 Unknown,2 30 MPH,0 No Jun In 20m,-2 Not Applicable,-2 Not Applicable,0,5 Pedn Phase At Ats,1 Daylight,1 Fine,1 Road-Dry,0 None,0 None,528600,185790,-0.146375,51.556347,,,Unknown,"(51.556347, -0.146375)",http://opendatacommunities.org/id/london-borough-council/camden,8449,21/12/2020 02:48:43 PM
1170062932,CAMDEN,1 Driver/Rider,1 Male,25-59,39,1,3 Slight,-2 Unknown,-2 N/A,2 Pedal Cycle,BEDFORD AVENUE J/W BLOOMSBURY STREET,2,29/09/2017 10:05:00 AM,Friday,10.05,3 Bor,Unclassified,0,6 Single Cwy,2 30 MPH,9 Other Jun,2 Auto Sig,A,400,5 Pedn Phase At Ats,1 Daylight,1 Fine,1 Road-Dry,0 None,0 None,529950,181610,-0.128455,51.518473,,,Unknown,"(51.518473, -0.128455)",http://opendatacommunities.org/id/london-borough-council/camden,7386,21/12/2020 02:48:40 PM
0115EK40021,CAMDEN,3 Pedestrian,2 Female,16-24,19,1,3 Slight,04 Crossing Road Within 50m Xing,4 From Drivers O/Side Msk,1 Pedestrian,NFL- NEW OXFORD STREET J/W EARNSHAW STREET,1,17/01/2015 03:22:00 AM,Saturday,3.22,3 Bor,A,40,3 Dual Cwy,3 40 MPH,3 T/Stag Jun,2 Auto Sig,Unclassified,0,5 Pedn Phase At Ats,2 Dark,1 Fine,1 Road-Dry,0 None,0 None,529940,181400,-0.128677,51.516588,,,Unknown,"(51.516588, -0.128677)",http://opendatacommunities.org/id/london-borough-council/camden,4599,21/12/2020 02:48:35 PM
1170085458,CAMDEN,1 Driver/Rider,1 Male,25-59,43,1,3 Slight,-2 Unknown,-2 N/A,2 Pedal Cycle,HIGH HOLBORN J/W RED LION STREET,2,01/12/2017 08:50:00 AM,Friday,8.50,3 Bor,A,40,9 Unknown,2 30 MPH,99 Unknown (S/R),9 Unknown (S/R),Unclassified,0,9 Unknown (S/R),1 Daylight,9 Unknown,9 Unknown (S/R),9 Unknown (S/R),9 Unknown (S/R),530780,181570,-0.116514,51.517922,,,Unknown,"(51.517922, -0.116514)",http://opendatacommunities.org/id/london-borough-council/camden,7638,21/12/2020 02:48:41 PM
0116EK40252,CAMDEN,3 Pedestrian,2 Female,25-59,59,1,3 Slight,04 Crossing Road Within 50m Xing,3 From Drivers O/Side,1 Pedestrian,GOLDHURST TERRACE J/W FINCHLEY ROAD,1,07/01/2016 08:20:00 AM,Thursday,8.20,1 TLRN,Unclassified,0,6 Single Cwy,2 30 MPH,3 T/Stag Jun,2 Auto Sig,A,41,5 Pedn Phase At Ats,1 Daylight,1 Fine,1 Road-Dry,0 None,0 None,526360,184590,-0.1791,51.546068,,,Unknown,"(51.546068, -0.1791)",http://opendatacommunities.org/id/london-borough-council/camden,6190,21/12/2020 02:48:38 PM
1180117111,CAMDEN,1 Driver/Rider,1 Male,60+,65,1,3 Slight,-2 Unknown,-2 N/A,5 Taxi,CAMDEN ROAD J/W ST PANCRAS WAY,2,27/06/2018 11:54:00 AM,Wednesday,11.54,1 TLRN,A,503,3 Dual Cwy,1 <= 20 MPH,6 Crossroads,2 Auto Sig,A,5202,5 Pedn Phase At Ats,1 Daylight,1 Fine,1 Road-Dry,0 None,0 None,529250,184300,-0.137552,51.542808,,,Unknown,"(51.542808, -0.137552)",http://opendatacommunities.org/id/london-borough-council/camden,8126,21/12/2020 02:48:42 PM
0116EK40401,CAMDEN,1 Driver/Rider,2 Female,25-59,51,1,3 Slight,-2 Unknown,-2 N/A,2 Pedal Cycle,"FINCHLEY ROAD, 40 METRES SE OF PARSIFAL ROAD.",3,09/06/2016 04:25:00 PM,Thursday,16.25,1 TLRN,A,41,6 Single Cwy,2 30 MPH,0 No Jun In 20m,-2 Not Applicable,-2 Not Applicable,0,4 Pelican Or Similar,1 Daylight,1 Fine,1 Road-Dry,0 None,0 None,525370,185590,-0.193013,51.555276,,,Unknown,"(51.555276, -0.193013)",http://opendatacommunities.org/id/london-borough-council/camden,6319,21/12/2020 02:48:38 PM
1180083947,CAMDEN,3 Pedestrian,2 Female,25-59,49,1,3 Slight,08 In Centre Of Carriageway,9 Unknown Or Other,1 Pedestrian,FORTESS ROAD 50M S OF J/W BRECKNOCK ROAD THE NEAREST CLASSIFIED RO,1,16/01/2018 04:20:00 PM,Tuesday,16.20,3 Bor,A,400,6 Single Cwy,1 <= 20 MPH,0 No Jun In 20m,-2 Not Applicable,-2 Not Applicable,0,0 No Xing Facility In 50m,2 Dark,1 Fine,1 Road-Dry,0 None,0 None,529120,185810,-0.138871,51.556408,,,Unknown,"(51.556408, -0.138871)",http://opendatacommunities.org/id/london-borough-council/camden,7671,21/12/2020 02:48:41 PM
0116EO40160,CAMDEN,1 Driver/Rider,2 Female,25-59,27,1,3 Slight,-2 Unknown,-2 N/A,2 Pedal Cycle,"FARRINGDON ROAD, J/W ST CROSS STREET",2,13/03/2016 09:55:00 AM,Sunday,9.55,1 TLRN,A,201,6 Single Cwy,2 30 MPH,3 T/Stag Jun,4 Give Way/Uncontrolled,Unclassified,0,0 No Xing Facility In 50m,1 Daylight,1 Fine,1 Road-Dry,0 None,0 None,531480,181940,-0.106294,51.521085,,,Unknown,"(51.521085, -0.106294)",http://opendatacommunities.org/id/london-borough-council/camden,6523,21/12/2020 02:48:39 PM
1190219183,CAMDEN,3 PEDESTRIAN,1 MALE,25-59,59,1,3 SLIGHT,04 CROSSING ROAD WITHIN 50M XING,'-2 NOT APPLICABLE,1 PEDESTRIAN,"On Finchley Road, near the junction with Goldhurst Terrace.",1,18/11/2019 04:30:00 PM,Monday,16.30,1 TLRN,A,41,6 SINGLE CWY,30,07 MULTI JUN,2 AUTO SIG,6,0,5 PEDN PHASE AT ATS,1 DARK,1 FINE,1 ROAD-DRY,0 NONE,0 NONE,526370,184622,-0.178944,51.546353,,,Unknown,"(51.546353, -0.178944)",http://opendatacommunities.org/id/london-borough-council/camden,9530,21/12/2020 02:48:44 PM
1190233676,CAMDEN,1 DRIVER/RIDER,1 MALE,60+,62,1,3 SLIGHT,'-2 NOT APPLICABLE,'-2 NOT APPLICABLE,4 CAR,"On Euston Road, 050 metres east of the junction with Ossulston Street.",2,01/12/2019 07:50:00 PM,Sunday,19.50,1 TLRN,A,501,3 DUAL CWY,40,00 NO JUN IN 20M,,0,0,0 NO XING FACILITY IN 50M,1 DARK,1 FINE,1 ROAD-DRY,0 NONE,0 NONE,530017,182742,-0.127073,51.528631,,,Unknown,"(51.528631, -0.127073)",http://opendatacommunities.org/id/london-borough-council/camden,9666,21/12/2020 02:48:45 PM
1170028044,CAMDEN,2 Passenger,1 Male,25-59,48,1,3 Slight,-2 Unknown,-2 N/A,5 Taxi,GREAT QUEEN STREET 30M W OF J/W KINGSWAY THE NEAREST CLASSIFIED RO,2,25/03/2017 06:36:00 PM,Saturday,18.36,3 Bor,B,402,6 Single Cwy,1 <= 20 MPH,0 No Jun In 20m,-2 Not Applicable,-2 Not Applicable,0,0 No Xing Facility In 50m,2 Dark,1 Fine,1 Road-Dry,0 None,0 None,530530,181350,-0.120197,51.516003,,,Unknown,"(51.516003, -0.120197)",http://opendatacommunities.org/id/london-borough-council/camden,6818,21/12/2020 02:48:39 PM
1180127625,CAMDEN,1 Driver/Rider,2 Female,25-59,30,1,3 Slight,-2 Unknown,-2 N/A,4 Car,HAMPSTEAD HIGH STREET J/W HEAT STREET,2,17/08/2018 05:18:00 PM,Friday,17.18,3 Bor,A,502,6 Single Cwy,1 <= 20 MPH,6 Crossroads,2 Auto Sig,A,502,5 Pedn Phase At Ats,1 Daylight,1 Fine,1 Road-Dry,4 Roadworks,0 None,526360,185760,-0.17868,51.556583,,,Unknown,"(51.556583, -0.17868)",http://opendatacommunities.org/id/london-borough-council/camden,8259,21/12/2020 02:48:42 PM
0115EK41042,CAMDEN,1 Driver/Rider,2 Female,25-59,45,1,3 Slight,-2 Unknown,-2 N/A,3 Powered 2 Wheeler,FINCHLEY ROAD J/W LITHOS ROAD,2,17/11/2015 06:10:00 PM,Tuesday,18.10,1 TLRN,A,41,3 Dual Cwy,2 30 MPH,3 T/Stag Jun,4 Give Way/Uncontrolled,Unclassified,0,0 No Xing Facility In 50m,2 Dark,5 Raining/High Winds,2 Road-Wet,0 None,0 None,526130,185000,-0.182268,51.549804,,,Unknown,"(51.549804, -0.182268)",http://opendatacommunities.org/id/london-borough-council/camden,5459,21/12/2020 02:48:37 PM
1160012142,CAMDEN,1 Driver/Rider,1 Male,25-59,31,1,3 Slight,-2 Unknown,-2 N/A,3 Powered 2 Wheeler,"ON FINCHLEY ROAD , NEAR THE JUNCTION WITH FROGNAL LANE .",2,20/09/2016 04:09:00 PM,Tuesday,16.09,1 TLRN,A,41,3 Dual Cwy,3 40 MPH,6 Crossroads,2 Auto Sig,C,0,5 Pedn Phase At Ats,1 Daylight,1 Fine,1 Road-Dry,0 None,0 None,525670,185330,-0.188781,51.552872,,,Unknown,"(51.552872, -0.188781)",http://opendatacommunities.org/id/london-borough-council/camden,5822,21/12/2020 02:48:37 PM
48160134554,CAMDEN,1 Driver/Rider,1 Male,25-59,27,1,3 Slight,-2 Unknown,-2 N/A,2 Pedal Cycle,CHARTERHOUSE STREET B500 15 METRES EAST OF JUNCTION WITH ELY PLACE,2,12/11/2016 11:10:00 AM,Saturday,11.10,3 Bor,B,500,6 Single Cwy,1 <= 20 MPH,3 T/Stag Jun,4 Give Way/Uncontrolled,Unclassified,0,0 No Xing Facility In 50m,1 Daylight,5 Raining/High Winds,2 Road-Wet,0 None,0 None,531470,181610,-0.106561,51.518122,,,Unknown,"(51.518122, -0.106561)",http://opendatacommunities.org/id/london-borough-council/camden,5962,21/12/2020 02:48:38 PM
0115EK40714,CAMDEN,3 Pedestrian,1 Male,25-59,47,1,2 Serious,04 Crossing Road Within 50m Xing,1 From Drivers N/Side,1 Pedestrian,HAMPSTEAD ROAD J/W MORNINGTON CRESCENT,1,01/08/2015 01:01:00 AM,Saturday,1.01,1 TLRN,A,400,6 Single Cwy,2 30 MPH,3 T/Stag Jun,4 Give Way/Uncontrolled,Unclassified,0,4 Pelican Or Similar,2 Dark,1 Fine,1 Road-Dry,0 None,0 None,529160,183380,-0.139186,51.534561,,,Unknown,"(51.534561, -0.139186)",http://opendatacommunities.org/id/london-borough-council/camden,5186,21/12/2020 02:48:37 PM
1180096729,CAMDEN,1 Driver/Rider,1 Male,16-24,22,1,2 Serious,-2 Unknown,-2 N/A,2 Pedal Cycle,HIGH HOLBORN J/W NEWTON STREET,2,17/03/2018 10:58:00 AM,Saturday,10.58,3 Bor,A,40,2 One-Way St,1 <= 20 MPH,3 T/Stag Jun,4 Give Way/Uncontrolled,Unclassified,0,0 No Xing Facility In 50m,1 Daylight,3 Snowing,2 Road-Wet,0 None,0 None,530390,181490,-0.122162,51.517293,,,Unknown,"(51.517293, -0.122162)",http://opendatacommunities.org/id/london-borough-council/camden,7820,21/12/2020 02:48:41 PM
1190221803,CAMDEN,3 PEDESTRIAN,2 FEMALE,60+,62,1,3 SLIGHT,01 CROSSING ROAD ON PED XING,'-2 NOT APPLICABLE,1 PEDESTRIAN,"On Gloucester Avenue, near the junction with Oval Road.",1,30/11/2019 11:56:00 AM,Saturday,11.56,3 BOR,5,0,6 SINGLE CWY,20,03 T/STAG JUN,2 AUTO SIG,5,0,5 PEDN PHASE AT ATS,2 DAYLIGHT,1 FINE,1 ROAD-DRY,0 NONE,0 NONE,528620,183652,-0.146868,51.537128,,,Unknown,"(51.537128, -0.146868)",http://opendatacommunities.org/id/london-borough-council/camden,9562,21/12/2020 02:48:45 PM
1180121535,CAMDEN,1 Driver/Rider,1 Male,25-59,54,1,3 Slight,-2 Unknown,-2 N/A,3 Powered 2 Wheeler,EVERSHOLT STREET NW1 J/W OAKLEY SQUARE NW1,2,17/07/2018 08:00:00 AM,Tuesday,8.00,1 TLRN,A,4200,6 Single Cwy,1 <= 20 MPH,3 T/Stag Jun,4 Give Way/Uncontrolled,A,400,4 Pelican Or Similar,1 Daylight,1 Fine,1 Road-Dry,0 None,0 None,529300,183230,-0.137224,51.533181,,,Unknown,"(51.533181, -0.137224)",http://opendatacommunities.org/id/london-borough-council/camden,8186,21/12/2020 02:48:42 PM
1180143340,CAMDEN,1 Driver/Rider,2 Female,25-59,31,1,3 Slight,-2 Unknown,-2 N/A,2 Pedal Cycle,HAVERSTOCK HILL J/W ADELAIDE ROAD,2,02/11/2018 08:25:00 PM,Friday,20.25,3 Bor,A,502,9 Unknown,2 30 MPH,3 T/Stag Jun,9 Unknown (S/R),B,509,9 Unknown (S/R),1 Daylight,1 Fine,1 Road-Dry,0 None,0 None,528172,184405,-0.15305,51.543997,,,Unknown,"(51.543997, -0.15305)",http://opendatacommunities.org/id/london-borough-council/camden,8492,21/12/2020 02:48:43 PM
1160024768,CAMDEN,2 Passenger,2 Female,25-59,31,1,3 Slight,-2 Unknown,-2 N/A,3 Powered 2 Wheeler,MILL LANE J/W GONDAR GARDENS,3,30/10/2016 07:02:00 PM,Sunday,19.02,3 Bor,C,0,6 Single Cwy,2 30 MPH,3 T/Stag Jun,4 Give Way/Uncontrolled,Unclassified,0,4 Pelican Or Similar,2 Dark,1 Fine,1 Road-Dry,0 None,0 None,524810,185110,-0.201257,51.551086,,,Unknown,"(51.551086, -0.201257)",http://opendatacommunities.org/id/london-borough-council/camden,5931,21/12/2020 02:48:38 PM
1180129200,CAMDEN,2 Passenger,1 Male,Unknown,0,1,3 Slight,-2 Unknown,-2 N/A,4 Car,CAMDEN ROAD J/W ST PANCRAS WAY,2,24/08/2018 05:32:00 PM,Friday,17.32,1 TLRN,A,503,6 Single Cwy,2 30 MPH,3 T/Stag Jun,2 Auto Sig,A,5202,5 Pedn Phase At Ats,1 Daylight,1 Fine,1 Road-Dry,0 None,0 None,529254,184302,-0.137493,51.542825,,,Unknown,"(51.542825, -0.137493)",http://opendatacommunities.org/id/london-borough-council/camden,8277,21/12/2020 02:48:42 PM
1180088492,CAMDEN,1 Driver/Rider,1 Male,25-59,55,1,3 Slight,-2 Unknown,-2 N/A,4 Car,REGIS ROAD 312M W OF J/W KENTISH TOWN RD THE NEAREST CLASSIFIED RO,2,07/02/2018 06:30:00 AM,Wednesday,6.30,3 Bor,Unclassified,0,6 Single Cwy,1 <= 20 MPH,0 No Jun In 20m,-2 Not Applicable,-2 Not Applicable,0,0 No Xing Facility In 50m,1 Daylight,1 Fine,1 Road-Dry,0 None,0 None,528690,185140,-0.145315,51.550485,,,Unknown,"(51.550485, -0.145315)",http://opendatacommunities.org/id/london-borough-council/camden,7726,21/12/2020 02:48:41 PM