Reference,London Borough Name,Casualty Class,Casualty Sex,Casualty Age Band,Casualty Age,Number Of Casualties,Casualty Severity,Pedestrian Location,Pedestrian Movement,Mode Of Travel,Attendant Location,Number Of Vehicles,Date,Day,Time,Highway,Road Class 1,Road Number 1,Road Type,Speed Limit,Junction Detail,Junction Control,Road Class 2,Road Number 2,Pedestrian Crossing,Light Condition Band,Weather,Road Surface,Special Conditions,Carriage Way Hazard,Easting,Northing,Longitude,Latitude,Ward Code,Ward Name,Spatial Accuracy,Location,Organisation URI,Socrata ID,Last Uploaded
0116EK40056,CAMDEN,3 Pedestrian,2 Female,25-59,43,1,3 Slight,01 Crossing Road On Ped Xing,1 From Drivers N/Side,1 Pedestrian,PRINCE OF WALES ROAD J/W KENTISH TOWN ROAD,1,06/02/2016 01:10:00 AM,Saturday,1.10,3 Bor,C,0,6 Single Cwy,1 <= 20 MPH,3 T/Stag Jun,2 Auto Sig,A,400,5 Pedn Phase At Ats,2 Dark,1 Fine,1 Road-Dry,0 None,0 None,528930,184700,-0.142017,51.546476,,,Unknown,"(51.546476, -0.142017)",http://opendatacommunities.org/id/london-borough-council/camden,6025,21/12/2020 02:48:38 PM
1160006508,CAMDEN,1 Driver/Rider,1 Male,16-24,21,1,3 Slight,-2 Unknown,-2 N/A,3 Powered 2 Wheeler,THEOBALDS ROAD J/W KING'S MEWS,2,12/12/2016 06:05:00 PM,Monday,18.05,3 Bor,A,401,6 Single Cwy,1 <= 20 MPH,3 T/Stag Jun,4 Give Way/Uncontrolled,Unclassified,0,0 No Xing Facility In 50m,2 Dark,1 Fine,1 Road-Dry,0 None,0 None,530950,181950,-0.113925,51.521298,,,Unknown,"(51.521298, -0.113925)",http://opendatacommunities.org/id/london-borough-council/camden,5767,21/12/2020 02:48:37 PM
0115EO40743,CAMDEN,1 Driver/Rider,2 Female,25-59,28,1,3 Slight,-2 Unknown,-2 N/A,4 Car,YORK WAY J/W WHARFDALE ROAD,2,05/09/2015 08:11:00 PM,Saturday,20.11,3 Bor,A,5200,6 Single Cwy,1 <= 20 MPH,3 T/Stag Jun,4 Give Way/Uncontrolled,C,0,0 No Xing Facility In 50m,2 Dark,1 Fine,1 Road-Dry,0 None,0 None,530320,183310,-0.122497,51.533665,,,Unknown,"(51.533665, -0.122497)",http://opendatacommunities.org/id/london-borough-council/camden,5602,21/12/2020 02:48:37 PM
1180098292,CAMDEN,1 Driver/Rider,2 Female,25-59,26,1,3 Slight,-2 Unknown,-2 N/A,4 Car,LYMINGTON ROAD J/W CREDITON HILL,2,25/03/2018 03:21:00 PM,Sunday,15.21,3 Bor,C,0,6 Single Cwy,1 <= 20 MPH,3 T/Stag Jun,4 Give Way/Uncontrolled,Unclassified,0,0 No Xing Facility In 50m,1 Daylight,1 Fine,1 Road-Dry,0 None,1 Vehicle Load In Cwy,525660,184920,-0.189071,51.54919,,,Unknown,"(51.54919, -0.189071)",http://opendatacommunities.org/id/london-borough-council/camden,7840,21/12/2020 02:48:41 PM
0116EK40019,CAMDEN,1 Driver/Rider,1 Male,16-24,21,1,3 Slight,-2 Unknown,-2 N/A,2 Pedal Cycle,KENTISH TOWN ROAD J/W CASTLE ROAD,2,14/01/2016 10:30:00 PM,Thursday,22.30,3 Bor,A,400,6 Single Cwy,2 30 MPH,6 Crossroads,2 Auto Sig,C,0,5 Pedn Phase At Ats,2 Dark,1 Fine,2 Road-Wet,0 None,0 None,528960,184540,-0.141643,51.545031,,,Unknown,"(51.545031, -0.141643)",http://opendatacommunities.org/id/london-borough-council/camden,5997,21/12/2020 02:48:38 PM
1160024394,CAMDEN,3 Pedestrian,1 Male,16-24,18,1,3 Slight,04 Crossing Road Within 50m Xing,1 From Drivers N/Side,1 Pedestrian,WEST END LANE J/W FAWLEY ROAD,1,23/10/2016 12:19:00 PM,Sunday,12.19,3 Bor,B,510,6 Single Cwy,2 30 MPH,6 Crossroads,4 Give Way/Uncontrolled,Unclassified,0,1 Zebra,1 Daylight,1 Fine,1 Road-Dry,0 None,0 None,525490,185020,-0.191486,51.550126,,,Unknown,"(51.550126, -0.191486)",http://opendatacommunities.org/id/london-borough-council/camden,5899,21/12/2020 02:48:38 PM
0116EK40275,CAMDEN,1 Driver/Rider,1 Male,60+,68,1,3 Slight,-2 Unknown,-2 N/A,3 Powered 2 Wheeler,CAMDEN HIGH STREET 22M NW OF BUCK STREET,1,24/04/2016 01:02:00 PM,Sunday,13.02,3 Bor,A,502,2 One-Way St,1 <= 20 MPH,0 No Jun In 20m,-2 Not Applicable,-2 Not Applicable,0,0 No Xing Facility In 50m,1 Daylight,1 Fine,1 Road-Dry,0 None,0 None,528820,184000,-0.143859,51.54021,,,Unknown,"(51.54021, -0.143859)",http://opendatacommunities.org/id/london-borough-council/camden,6213,21/12/2020 02:48:38 PM
1160003536,CAMDEN,3 Pedestrian,2 Female,Unknown,0,1,2 Serious,04 Crossing Road Within 50m Xing,1 From Drivers N/Side,1 Pedestrian,TAVISTOCK SQUARE 25M N OF J/W TAVISTOCK PLACE,1,26/11/2016 09:27:00 AM,Saturday,9.27,3 Bor,A,4200,6 Single Cwy,1 <= 20 MPH,0 No Jun In 20m,-2 Not Applicable,-2 Not Applicable,0,4 Pelican Or Similar,2 Dark,1 Fine,1 Road-Dry,0 None,0 None,529940,182380,-0.128315,51.525395,,,Unknown,"(51.525395, -0.128315)",http://opendatacommunities.org/id/london-borough-council/camden,5702,21/12/2020 02:48:37 PM
0116EK40481,CAMDEN,1 Driver/Rider,1 Male,16-24,24,1,2 Serious,-2 Unknown,-2 N/A,2 Pedal Cycle,EUSTON ROAD J/W EUSTON SQUARE,2,29/06/2016 08:40:00 AM,Wednesday,8.40,1 TLRN,A,501,3 Dual Cwy,1 <= 20 MPH,6 Crossroads,2 Auto Sig,C,0,5 Pedn Phase At Ats,1 Daylight,1 Fine,1 Road-Dry,0 None,0 None,529550,182470,-0.133901,51.526293,,,Unknown,"(51.526293, -0.133901)",http://opendatacommunities.org/id/london-borough-council/camden,6390,21/12/2020 02:48:38 PM
0115CW11897,CAMDEN,1 Driver/Rider,1 Male,25-59,26,1,3 Slight,-2 Unknown,-2 N/A,4 Car,KILBURN HIGH ROAD J/W KILBURN PARK ROAD,2,10/12/2015 10:21:00 PM,Thursday,22.21,3 Bor,A,5,6 Single Cwy,2 30 MPH,3 T/Stag Jun,4 Give Way/Uncontrolled,B,414,1 Zebra,2 Dark,1 Fine,1 Road-Dry,0 None,0 None,525660,183350,-0.189632,51.53508,,,Unknown,"(51.53508, -0.189632)",http://opendatacommunities.org/id/london-borough-council/camden,4584,21/12/2020 02:48:35 PM
0115EK40826,CAMDEN,1 Driver/Rider,1 Male,25-59,59,1,3 Slight,-2 Unknown,-2 N/A,2 Pedal Cycle,"BRUNSWICK SQUARE, 25 METRES NORTH OF BERNARD STREET.",2,15/09/2015 04:50:00 PM,Tuesday,16.50,3 Bor,B,504,2 One-Way St,2 30 MPH,0 No Jun In 20m,-2 Not Applicable,-2 Not Applicable,0,0 No Xing Facility In 50m,1 Daylight,1 Fine,1 Road-Dry,0 None,0 None,530350,182230,-0.122464,51.523953,,,Unknown,"(51.523953, -0.122464)",http://opendatacommunities.org/id/london-borough-council/camden,5282,21/12/2020 02:48:37 PM
1190182796,CAMDEN,1 DRIVER/RIDER,1 MALE,25-59,32,2,3 SLIGHT,'-2 NOT APPLICABLE,'-2 NOT APPLICABLE,9 PRIVATE HIRE,"On Kilburn High Road, near the junction with Kilburn Priory.",2,23/05/2019 05:05:00 PM,Thursday,17.05,3 BOR,A,5,6 SINGLE CWY,30,03 T/STAG JUN,3 STOP SIGN,5,0,0 NO XING FACILITY IN 50M,2 DAYLIGHT,1 FINE,1 ROAD-DRY,0 NONE,0 NONE,525646,183373,-0.189825,51.53529,,,Unknown,"(51.53529, -0.189825)",http://opendatacommunities.org/id/london-borough-council/camden,9034,21/12/2020 02:48:44 PM
1170025382,CAMDEN,3 Pedestrian,1 Male,25-59,36,1,2 Serious,09 In Road - Not Crossing,9 Unknown Or Other,1 Pedestrian,BLOOMSBURY WAY J/W BURY PLACE WC1,1,15/03/2017 09:49:00 AM,Wednesday,9.49,3 Bor,A,40,2 One-Way St,2 30 MPH,8 Priv Drive,4 Give Way/Uncontrolled,Unclassified,0,5 Pedn Phase At Ats,1 Daylight,1 Fine,1 Road-Dry,0 None,0 None,530250,181530,-0.124163,51.517685,,,Unknown,"(51.517685, -0.124163)",http://opendatacommunities.org/id/london-borough-council/camden,6780,21/12/2020 02:48:39 PM
1180121413,CAMDEN,1 Driver/Rider,1 Male,16-24,19,1,3 Slight,-2 Unknown,-2 N/A,3 Powered 2 Wheeler,OAKLEY SQUARE J/W CROWNDALE ROAD,1,16/07/2018 07:50:00 PM,Monday,19.50,1 TLRN,A,400,6 Single Cwy,1 <= 20 MPH,6 Crossroads,2 Auto Sig,B,512,4 Pelican Or Similar,1 Daylight,1 Fine,1 Road-Dry,0 None,0 None,529420,183440,-0.135418,51.535041,,,Unknown,"(51.535041, -0.135418)",http://opendatacommunities.org/id/london-borough-council/camden,8182,21/12/2020 02:48:42 PM
0115EK40143,CAMDEN,2 Passenger,1 Male,16-24,17,1,3 Slight,-2 Unknown,-2 N/A,4 Car,HAMPSTEAD HIGH STREET J/W HEATH STREET,2,10/01/2015 03:25:00 AM,Saturday,3.25,3 Bor,A,502,6 Single Cwy,2 30 MPH,6 Crossroads,2 Auto Sig,A,502,5 Pedn Phase At Ats,2 Dark,1 Fine,2 Road-Wet,0 None,0 None,526360,185770,-0.178676,51.556673,,,Unknown,"(51.556673, -0.178676)",http://opendatacommunities.org/id/london-borough-council/camden,4692,21/12/2020 02:48:36 PM
1170043677,CAMDEN,1 Driver/Rider,1 Male,16-24,21,1,3 Slight,-2 Unknown,-2 N/A,2 Pedal Cycle,ROYAL COLLEGE STREET NW1 J/W GEORGINA STREET NW1,2,19/06/2017 11:20:00 AM,Monday,11.20,3 Bor,A,5202,2 One-Way St,2 30 MPH,3 T/Stag Jun,4 Give Way/Uncontrolled,Unclassified,0,0 No Xing Facility In 50m,1 Daylight,1 Fine,1 Road-Dry,0 None,0 None,529310,183980,-0.136804,51.539919,,,Unknown,"(51.539919, -0.136804)",http://opendatacommunities.org/id/london-borough-council/camden,7056,21/12/2020 02:48:39 PM
1180137543,CAMDEN,3 Pedestrian,2 Female,25-59,56,1,3 Slight,01 Crossing Road On Ped Xing,1 From Drivers N/Side,1 Pedestrian,PRIMROSE HILL ROAD 015M S OF J/W ELSWORTHY ROAD,1,08/10/2018 08:50:00 AM,Monday,8.50,3 Bor,C,0,6 Single Cwy,1 <= 20 MPH,3 T/Stag Jun,4 Give Way/Uncontrolled,Unclassified,0,1 Zebra,1 Daylight,8 Other,1 Road-Dry,0 None,0 None,527550,184160,-0.162103,51.541936,,,Unknown,"(51.541936, -0.162103)",http://opendatacommunities.org/id/london-borough-council/camden,8399,21/12/2020 02:48:42 PM
1180119174,CAMDEN,3 Pedestrian,1 Male,25-59,36,1,2 Serious,09 In Road - Not Crossing,9 Unknown Or Other,1 Pedestrian,CAMDEN ROAD J/W CAMDEN ST,1,06/07/2018 12:50:00 AM,Friday,0.50,1 TLRN,A,503,6 Single Cwy,1 <= 20 MPH,6 Crossroads,2 Auto Sig,A,400,5 Pedn Phase At Ats,2 Dark,1 Fine,1 Road-Dry,0 None,0 None,529100,184040,-0.139809,51.540506,,,Unknown,"(51.540506, -0.139809)",http://opendatacommunities.org/id/london-borough-council/camden,8150,21/12/2020 02:48:42 PM
1190191752,CAMDEN,1 DRIVER/RIDER,1 MALE,25-59,37,2,3 SLIGHT,'-2 NOT APPLICABLE,'-2 NOT APPLICABLE,2 PEDAL CYCLE,"On Camden High Street, 3 metres north of the junction with GREENLAND STREET NW1.",2,05/07/2019 08:15:00 PM,Friday,20.15,1 TLRN,A,502,2 ONE-WAY ST,20,03 T/STAG JUN,4 GIVE WAY/UNCONTROLLED,6,0,4 PELICAN OR SIMILAR,2 DAYLIGHT,1 FINE,1 ROAD-DRY,0 NONE,0 NONE,528957,183775,-0.141967,51.538157,,,Unknown,"(51.538157, -0.141967)",http://opendatacommunities.org/id/london-borough-council/camden,9164,21/12/2020 02:48:44 PM
0115EK41026,CAMDEN,2 Passenger,1 Male,Unknown,0,1,3 Slight,-2 Unknown,-2 N/A,7 Goods Vehicle,BLOOMSBURY STREET J/W GREAT RUSSELL STREET.,2,18/11/2015 04:45:00 PM,Wednesday,16.45,3 Bor,A,400,2 One-Way St,2 30 MPH,6 Crossroads,2 Auto Sig,C,0,5 Pedn Phase At Ats,2 Dark,1 Fine,2 Road-Wet,0 None,0 None,530010,181530,-0.12762,51.51774,,,Unknown,"(51.51774, -0.12762)",http://opendatacommunities.org/id/london-borough-council/camden,5445,21/12/2020 02:48:37 PM
0115EK40443,CAMDEN,3 Pedestrian,2 Female,16-24,16,1,2 Serious,05 Crossing Road (Not On Xing),3 From Drivers O/Side,1 Pedestrian,YORK RISE J/W CHETWYND ROAD,1,06/06/2015 07:35:00 PM,Saturday,19.35,3 Bor,Unclassified,0,6 Single Cwy,2 30 MPH,6 Crossroads,4 Give Way/Uncontrolled,Unclassified,0,0 No Xing Facility In 50m,1 Daylight,1 Fine,1 Road-Dry,0 None,0 None,528809,186009,-0.143282,51.558267,,,Unknown,"(51.558267, -0.143282)",http://opendatacommunities.org/id/london-borough-council/camden,4936,21/12/2020 02:48:36 PM
1170044997,CAMDEN,1 Driver/Rider,1 Male,25-59,50,1,3 Slight,-2 Unknown,-2 N/A,4 Car,YORK WAY J/W BREWERY ROAD,2,26/06/2017 03:25:00 PM,Monday,15.25,3 Bor,A,5200,6 Single Cwy,2 30 MPH,3 T/Stag Jun,4 Give Way/Uncontrolled,Unclassified,0,0 No Xing Facility In 50m,1 Daylight,1 Fine,1 Road-Dry,0 None,0 None,530040,184470,-0.126103,51.544155,,,Unknown,"(51.544155, -0.126103)",http://opendatacommunities.org/id/london-borough-council/camden,7083,21/12/2020 02:48:40 PM
1190173115,CAMDEN,1 DRIVER/RIDER,1 MALE,25-59,48,2,3 SLIGHT,'-2 NOT APPLICABLE,'-2 NOT APPLICABLE,3 POWERED 2 WHEELER,"On Shaftesbury Avenue, 35 metres east of the junction with Mercer Street.",2,03/04/2019 02:30:00 PM,Wednesday,14.30,3 BOR,A,401,6 SINGLE CWY,30,00 NO JUN IN 20M,,0,0,1 ZEBRA,2 DAYLIGHT,3 SNOWING,1 ROAD-DRY,0 NONE,0 NONE,530019,181160,-0.127627,51.514413,,,Unknown,"(51.514413, -0.127627)",http://opendatacommunities.org/id/london-borough-council/camden,8904,21/12/2020 02:48:44 PM
0116EK40458,CAMDEN,1 Driver/Rider,1 Male,25-59,39,1,3 Slight,-2 Unknown,-2 N/A,2 Pedal Cycle,CAMDEN ROAD J/W ST PANCRAS WAY,2,24/06/2016 11:36:00 AM,Friday,11.36,1 TLRN,A,503,6 Single Cwy,2 30 MPH,6 Crossroads,2 Auto Sig,A,5202,5 Pedn Phase At Ats,1 Daylight,1 Fine,1 Road-Dry,0 None,0 None,529250,184290,-0.137555,51.542718,,,Unknown,"(51.542718, -0.137555)",http://opendatacommunities.org/id/london-borough-council/camden,6371,21/12/2020 02:48:38 PM
1190215730,CAMDEN,1 DRIVER/RIDER,1 MALE,25-59,25,1,3 SLIGHT,'-2 NOT APPLICABLE,'-2 NOT APPLICABLE,3 POWERED 2 WHEELER,"On High Holborn, 77 metres west of the junction with Holborn Place.",2,02/11/2019 06:58:00 PM,Saturday,18.58,3 BOR,A,40,9 UNKNOWN,20,00 NO JUN IN 20M,,0,0,9 UNKNOWN (S/R),1 DARK,1 FINE,1 ROAD-DRY,9 UNKNOWN (S/R),0 NONE,530641,181545,-0.118526,51.51773,,,Unknown,"(51.51773, -0.118526)",http://opendatacommunities.org/id/london-borough-council/camden,9488,21/12/2020 02:48:44 PM
1160024219,CAMDEN,1 Driver/Rider,1 Male,25-59,36,1,3 Slight,-2 Unknown,-2 N/A,3 Powered 2 Wheeler,FINCHLEY ROAD J/W FROGNAL LANE,2,25/10/2016 10:00:00 AM,Tuesday,10.00,1 TLRN,A,41,6 Single Cwy,2 30 MPH,6 Crossroads,2 Auto Sig,C,0,5 Pedn Phase At Ats,1 Daylight,1 Fine,1 Road-Dry,0 None,0 None,525660,185340,-0.188922,51.552965,,,Unknown,"(51.552965, -0.188922)",http://opendatacommunities.org/id/london-borough-council/camden,5883,21/12/2020 02:48:38 PM
1170017916,CAMDEN,1 Driver/Rider,1 Male,25-59,25,1,3 Slight,-2 Unknown,-2 N/A,2 Pedal Cycle,CHESTER ROAD J/W SWAINS LANE,2,12/02/2017 05:06:00 PM,Sunday,17.06,3 Bor,Unclassified,0,3 Dual Cwy,2 30 MPH,3 T/Stag Jun,4 Give Way/Uncontrolled,Unclassified,0,1 Zebra,1 Daylight,1 Fine,2 Road-Wet,0 None,0 None,528560,186570,-0.146667,51.563366,,,Unknown,"(51.563366, -0.146667)",http://opendatacommunities.org/id/london-borough-council/camden,6664,21/12/2020 02:48:39 PM
1180149738,CAMDEN,2 Passenger,1 Male,60+,71,1,3 Slight,-2 Unknown,-2 N/A,6 Bus Or Coach,KILBURN HIGH ROAD J/W VICTORIA ROAD,1,04/12/2018 12:30:00 AM,Tuesday,0.30,3 Bor,A,5,3 Dual Cwy,2 30 MPH,6 Crossroads,2 Auto Sig,A,5,0 No Xing Facility In 50m,2 Dark,1 Fine,2 Road-Wet,0 None,0 None,525240,183850,-0.195506,51.539667,,,Unknown,"(51.539667, -0.195506)",http://opendatacommunities.org/id/london-borough-council/camden,8585,21/12/2020 02:48:43 PM
1190198220,CAMDEN,1 DRIVER/RIDER,1 MALE,U,,1,3 SLIGHT,'-2 NOT APPLICABLE,'-2 NOT APPLICABLE,3 POWERED 2 WHEELER,"On New Oxford Street, near the junction with COPTIC STREET.",2,07/08/2019 08:40:00 AM,Wednesday,8.40,3 BOR,A,40,2 ONE-WAY ST,20,07 MULTI JUN,2 AUTO SIG,5,0,5 PEDN PHASE AT ATS,2 DAYLIGHT,1 FINE,1 ROAD-DRY,0 NONE,0 NONE,530134,181457,-0.125861,51.517056,,,Unknown,"(51.517056, -0.125861)",http://opendatacommunities.org/id/london-borough-council/camden,9260,21/12/2020 02:48:44 PM
1180152950,CAMDEN,1 Driver/Rider,1 Male,25-59,27,1,3 Slight,-2 Unknown,-2 N/A,2 Pedal Cycle,NFL BRUNSWICK SQUARE J/W HUNTER STREET,2,18/12/2018 04:56:00 PM,Tuesday,16.56,3 Bor,C,0,1 Roundabout,1 <= 20 MPH,1 Roundabout,4 Give Way/Uncontrolled,B,504,0 No Xing Facility In 50m,2 Dark,2 Raining,2 Road-Wet,0 None,0 None,530349,182243,-0.122474,51.52407,,,Unknown,"(51.52407, -0.122474)",http://opendatacommunities.org/id/london-borough-council/camden,8625,21/12/2020 02:48:43 PM
1170019787,CAMDEN,1 Driver/Rider,1 Male,25-59,26,1,3 Slight,-2 Unknown,-2 N/A,7 Goods Vehicle,CAMDEN HIGH STREET J/W GREENLAND STREET,2,05/02/2017 07:37:00 PM,Sunday,19.37,1 TLRN,A,502,9 Unknown,2 30 MPH,3 T/Stag Jun,9 Unknown (S/R),Unclassified,0,9 Unknown (S/R),2 Dark,9 Unknown,9 Unknown (S/R),9 Unknown (S/R),9 Unknown (S/R),528960,183750,-0.141933,51.537932,,,Unknown,"(51.537932, -0.141933)",http://opendatacommunities.org/id/london-borough-council/camden,6694,21/12/2020 02:48:39 PM
1180126068,CAMDEN,3 Pedestrian,1 Male,25-59,43,1,3 Slight,01 Crossing Road On Ped Xing,3 From Drivers O/Side,1 Pedestrian,LEIGHTON ROAD J/W TORRIANO AVE,1,09/08/2018 11:25:00 AM,Thursday,11.25,3 Bor,A,5200,2 One-Way St,1 <= 20 MPH,6 Crossroads,4 Give Way/Uncontrolled,A,5200,1 Zebra,1 Daylight,2 Raining,2 Road-Wet,0 None,0 None,529550,185180,-0.132904,51.550648,,,Unknown,"(51.550648, -0.132904)",http://opendatacommunities.org/id/london-borough-council/camden,8235,21/12/2020 02:48:42 PM
1170063367,CAMDEN,3 Pedestrian,1 Male,25-59,57,1,2 Serious,01 Crossing Road On Ped Xing,9 Unknown Or Other,1 Pedestrian,ABBEY ROAD J/W BELSIZE ROAD,1,09/10/2017 12:00:00 PM,Monday,12.00,3 Bor,B,507,6 Single Cwy,1 <= 20 MPH,6 Crossroads,2 Auto Sig,B,509,4 Pelican Or Similar,1 Daylight,1 Fine,1 Road-Dry,0 None,0 None,525790,183890,-0.187566,51.539904,,,Unknown,"(51.539904, -0.187566)",http://opendatacommunities.org/id/london-borough-council/camden,7392,21/12/2020 02:48:40 PM
1190185657,CAMDEN,1 DRIVER/RIDER,1 MALE,25-59,44,1,3 SLIGHT,'-2 NOT APPLICABLE,'-2 NOT APPLICABLE,3 POWERED 2 WHEELER,Location uncertain Avenue Road,2,06/06/2019 08:15:00 AM,Thursday,8.15,3 BOR,B,525,6 SINGLE CWY,20,00 NO JUN IN 20M,,0,0,5 PEDN PHASE AT ATS,2 DAYLIGHT,1 FINE,1 ROAD-DRY,4 ROADWORKS,0 NONE,527058,183772,-0.169334,51.53856,,,Unknown,"(51.53856, -0.169334)",http://opendatacommunities.org/id/london-borough-council/camden,9074,21/12/2020 02:48:44 PM
1170046957,CAMDEN,3 Pedestrian,1 Male,25-59,55,1,1 Fatal,05 Crossing Road (Not On Xing),3 From Drivers O/Side,1 Pedestrian,DUKE'S ROAD J/W EUSTON ROAD WC1,1,06/07/2017 09:30:00 AM,Thursday,9.30,1 TLRN,Unclassified,0,3 Dual Cwy,2 30 MPH,6 Crossroads,2 Auto Sig,A,501,5 Pedn Phase At Ats,1 Daylight,1 Fine,1 Road-Dry,0 None,0 None,529840,182610,-0.129671,51.527485,,,Unknown,"(51.527485, -0.129671)",http://opendatacommunities.org/id/london-borough-council/camden,7122,21/12/2020 02:48:40 PM
0115EK40763,CAMDEN,2 Passenger,2 Female,25-59,30,1,3 Slight,-2 Unknown,-2 N/A,4 Car,"EUSTON ROAD, 200 METRES NE OF EUSTON ROAD SLIP ROAD.",4,01/09/2015 04:26:00 PM,Tuesday,16.26,1 TLRN,A,501,3 Dual Cwy,4 50 MPH,0 No Jun In 20m,-2 Not Applicable,-2 Not Applicable,0,0 No Xing Facility In 50m,1 Daylight,1 Fine,1 Road-Dry,0 None,0 None,529260,182330,-0.13813,51.525102,,,Unknown,"(51.525102, -0.13813)",http://opendatacommunities.org/id/london-borough-council/camden,5230,21/12/2020 02:48:37 PM
0115EK40904,CAMDEN,1 Driver/Rider,1 Male,25-59,41,1,3 Slight,-2 Unknown,-2 N/A,2 Pedal Cycle,HAMPSTEAD ROAD J/W ROBERT STREET,2,04/10/2015 07:03:00 PM,Sunday,19.03,1 TLRN,A,400,6 Single Cwy,2 30 MPH,3 T/Stag Jun,4 Give Way/Uncontrolled,Unclassified,0,0 No Xing Facility In 50m,2 Dark,1 Fine,1 Road-Dry,0 None,0 None,529210,182710,-0.138711,51.528528,,,Unknown,"(51.528528, -0.138711)",http://opendatacommunities.org/id/london-borough-council/camden,5343,21/12/2020 02:48:37 PM
1180087849,CAMDEN,3 Pedestrian,2 Female,25-59,50,1,3 Slight,05 Crossing Road (Not On Xing),3 From Drivers O/Side,1 Pedestrian,MELTON STREET J/W EUSTON ROAD,1,03/02/2018 08:10:00 PM,Saturday,20.10,1 TLRN,C,0,3 Dual Cwy,1 <= 20 MPH,6 Crossroads,2 Auto Sig,A,501,0 No Xing Facility In 50m,2 Dark,2 Raining,2 Road-Wet,0 None,0 None,529568,182483,-0.133637,51.526406,,,Unknown,"(51.526406, -0.133637)",http://opendatacommunities.org/id/london-borough-council/camden,7720,21/12/2020 02:48:41 PM
1180138027,CAMDEN,2 Passenger,1 Male,25-59,28,1,3 Slight,-2 Unknown,-2 N/A,6 Bus Or Coach,HIGH HOLBORN J/W SOUTHAMPTON ROW,1,06/10/2018 05:53:00 AM,Saturday,5.53,3 Bor,A,40,2 One-Way St,1 <= 20 MPH,6 Crossroads,2 Auto Sig,A,4200,0 No Xing Facility In 50m,1 Daylight,1 Fine,1 Road-Dry,0 None,0 None,530530,181530,-0.12013,51.51762,,,Unknown,"(51.51762, -0.12013)",http://opendatacommunities.org/id/london-borough-council/camden,8409,21/12/2020 02:48:42 PM
0116EK40405,CAMDEN,1 Driver/Rider,1 Male,16-24,23,1,3 Slight,-2 Unknown,-2 N/A,2 Pedal Cycle,EUSTON ROAD J/W BIRKENHEAD STREET,2,12/06/2016 03:35:00 PM,Sunday,15.35,1 TLRN,A,501,3 Dual Cwy,2 30 MPH,3 T/Stag Jun,4 Give Way/Uncontrolled,A,501,4 Pelican Or Similar,1 Daylight,1 Fine,1 Road-Dry,0 None,0 None,530320,182960,-0.122626,51.53052,,,Unknown,"(51.53052, -0.122626)",http://opendatacommunities.org/id/london-borough-council/camden,6322,21/12/2020 02:48:38 PM
1180132849,CAMDEN,2 Passenger,1 Male,25-59,56,1,3 Slight,-2 Unknown,-2 N/A,5 Taxi,MALDEN ROAD NW5 31M W OF J/W HAVERSTOCK ROAD NW5,2,16/09/2018 03:10:00 AM,Sunday,3.10,3 Bor,B,517,2 One-Way St,1 <= 20 MPH,0 No Jun In 20m,-2 Not Applicable,-2 Not Applicable,0,0 No Xing Facility In 50m,2 Dark,1 Fine,1 Road-Dry,0 None,0 None,527960,185150,-0.155835,51.550741,,,Unknown,"(51.550741, -0.155835)",http://opendatacommunities.org/id/london-borough-council/camden,8329,21/12/2020 02:48:42 PM
0115EK40277,CAMDEN,1 Driver/Rider,1 Male,25-59,44,1,3 Slight,-2 Unknown,-2 N/A,3 Powered 2 Wheeler,ARLINGTON ROAD 31M NW OF J/W UNDERHILL STREET,3,04/04/2015 11:23:00 AM,Saturday,11.23,3 Bor,Unclassified,0,6 Single Cwy,2 30 MPH,0 No Jun In 20m,-2 Not Applicable,-2 Not Applicable,0,1 Zebra,1 Daylight,1 Fine,2 Road-Wet,0 None,0 None,528850,183750,-0.143518,51.537957,,,Unknown,"(51.537957, -0.143518)",http://opendatacommunities.org/id/london-borough-council/camden,4803,21/12/2020 02:48:36 PM
0115EK41131,CAMDEN,3 Pedestrian,2 Female,16-24,20,1,3 Slight,01 Crossing Road On Ped Xing,3 From Drivers O/Side,1 Pedestrian,GRAY'S INN ROAD J/W NORTHINGTON STREET.,1,16/12/2015 06:40:00 PM,Wednesday,18.40,3 Bor,A,5200,6 Single Cwy,2 30 MPH,3 T/Stag Jun,4 Give Way/Uncontrolled,Unclassified,0,1 Zebra,2 Dark,1 Fine,1 Road-Dry,0 None,0 None,530940,182080,-0.11402,51.522468,,,Unknown,"(51.522468, -0.11402)",http://opendatacommunities.org/id/london-borough-council/camden,5541,21/12/2020 02:48:37 PM
1170030752,CAMDEN,1 Driver/Rider,1 Male,25-59,34,1,3 Slight,-2 Unknown,-2 N/A,3 Powered 2 Wheeler,PRINCE OF WALES ROAD J/W MALDEN ROAD,2,06/04/2017 06:28:00 PM,Thursday,18.28,3 Bor,C,0,6 Single Cwy,1 <= 20 MPH,9 Other Jun,2 Auto Sig,B,517,4 Pelican Or Similar,1 Daylight,1 Fine,1 Road-Dry,0 None,2 Other Object In Cwy,528320,184620,-0.150838,51.545896,,,Unknown,"(51.545896, -0.150838)",http://opendatacommunities.org/id/london-borough-council/camden,6853,21/12/2020 02:48:39 PM