Reference,London Borough Name,Casualty Class,Casualty Sex,Casualty Age Band,Casualty Age,Number Of Casualties,Casualty Severity,Pedestrian Location,Pedestrian Movement,Mode Of Travel,Attendant Location,Number Of Vehicles,Date,Day,Time,Highway,Road Class 1,Road Number 1,Road Type,Speed Limit,Junction Detail,Junction Control,Road Class 2,Road Number 2,Pedestrian Crossing,Light Condition Band,Weather,Road Surface,Special Conditions,Carriage Way Hazard,Easting,Northing,Longitude,Latitude,Ward Code,Ward Name,Spatial Accuracy,Location,Organisation URI,Socrata ID,Last Uploaded
1170071398,CAMDEN,1 Driver/Rider,1 Male,25-59,56,1,2 Serious,-2 Unknown,-2 N/A,3 Powered 2 Wheeler,PLENDER STREET J/W BAYHAM STREET,2,20/11/2017 01:56:00 PM,Monday,13.56,3 Bor,Unclassified,0,6 Single Cwy,2 30 MPH,6 Crossroads,4 Give Way/Uncontrolled,C,0,1 Zebra,1 Daylight,1 Fine,2 Road-Wet,0 None,0 None,529200,183560,-0.138544,51.536169,,,Unknown,"(51.536169, -0.138544)",http://opendatacommunities.org/id/london-borough-council/camden,7525,21/12/2020 02:48:41 PM
0115EK40777,CAMDEN,1 Driver/Rider,1 Male,25-59,25,1,3 Slight,-2 Unknown,-2 N/A,2 Pedal Cycle,PANCRAS ROAD 50M NW OF EUSTON ROAD,2,04/09/2015 06:55:00 AM,Friday,6.55,3 Bor,A,5202,6 Single Cwy,2 30 MPH,0 No Jun In 20m,-2 Not Applicable,-2 Not Applicable,0,0 No Xing Facility In 50m,1 Daylight,1 Fine,1 Road-Dry,0 None,0 None,530190,182940,-0.124507,51.53037,,,Unknown,"(51.53037, -0.124507)",http://opendatacommunities.org/id/london-borough-council/camden,5244,21/12/2020 02:48:37 PM
0115EK41155,CAMDEN,1 Driver/Rider,2 Female,25-59,30,1,3 Slight,-2 Unknown,-2 N/A,4 Car,NFL - RUSSELL SQUARE J/W BERNARD STREET.,2,25/12/2015 07:10:00 AM,Friday,7.10,3 Bor,A,4200,6 Single Cwy,2 30 MPH,6 Crossroads,2 Auto Sig,B,504,5 Pedn Phase At Ats,2 Dark,1 Fine,1 Road-Dry,0 None,0 None,530120,182080,-0.125833,51.522658,,,Unknown,"(51.522658, -0.125833)",http://opendatacommunities.org/id/london-borough-council/camden,5558,21/12/2020 02:48:37 PM
1180152860,CAMDEN,2 Passenger,1 Male,16-24,17,1,3 Slight,-2 Unknown,-2 N/A,4 Car,YORK WAY J/W BROADFIELD LANE,2,18/12/2018 09:30:00 AM,Tuesday,9.30,3 Bor,A,5200,6 Single Cwy,2 30 MPH,9 Other Jun,4 Give Way/Uncontrolled,Unclassified,0,1 Zebra,1 Daylight,1 Fine,1 Road-Dry,0 None,0 None,530070,184250,-0.125752,51.542171,,,Unknown,"(51.542171, -0.125752)",http://opendatacommunities.org/id/london-borough-council/camden,8623,21/12/2020 02:48:43 PM
0115EK40066,CAMDEN,3 Pedestrian,2 Female,0-15,13,1,3 Slight,05 Crossing Road (Not On Xing),9 Unknown Or Other,1 Pedestrian,STRATHRAY GARDENS 69M S OF J/W LANCASTER GROVE,1,29/01/2015 03:30:00 PM,Thursday,15.30,3 Bor,Unclassified,0,6 Single Cwy,2 30 MPH,0 No Jun In 20m,-2 Not Applicable,-2 Not Applicable,0,0 No Xing Facility In 50m,1 Daylight,1 Fine,1 Road-Dry,0 None,0 None,527010,184530,-0.169753,51.545383,,,Unknown,"(51.545383, -0.169753)",http://opendatacommunities.org/id/london-borough-council/camden,4631,21/12/2020 02:48:35 PM
0115EK40763,CAMDEN,1 Driver/Rider,1 Male,60+,66,1,3 Slight,-2 Unknown,-2 N/A,5 Taxi,"EUSTON ROAD, 200 METRES NE OF EUSTON ROAD SLIP ROAD.",4,01/09/2015 04:26:00 PM,Tuesday,16.26,1 TLRN,A,501,3 Dual Cwy,4 50 MPH,0 No Jun In 20m,-2 Not Applicable,-2 Not Applicable,0,0 No Xing Facility In 50m,1 Daylight,1 Fine,1 Road-Dry,0 None,0 None,529260,182330,-0.13813,51.525102,,,Unknown,"(51.525102, -0.13813)",http://opendatacommunities.org/id/london-borough-council/camden,5229,21/12/2020 02:48:37 PM
1180106977,CAMDEN,1 Driver/Rider,1 Male,60+,67,1,3 Slight,-2 Unknown,-2 N/A,4 Car,BOUNDARY ROAD J/W ABBEY RD,2,10/05/2018 08:00:00 AM,Thursday,8.00,3 Bor,B,507,6 Single Cwy,2 30 MPH,6 Crossroads,4 Give Way/Uncontrolled,B,507,0 No Xing Facility In 50m,1 Daylight,1 Fine,1 Road-Dry,0 None,0 None,526000,183670,-0.184618,51.53788,,,Unknown,"(51.53788, -0.184618)",http://opendatacommunities.org/id/london-borough-council/camden,7979,21/12/2020 02:48:42 PM
0115EK40794,CAMDEN,1 Driver/Rider,1 Male,16-24,23,1,3 Slight,-2 Unknown,-2 N/A,2 Pedal Cycle,GORDON STREET 22M SE OF GOWER PLACE,2,11/09/2015 01:25:00 PM,Friday,13.25,3 Bor,C,0,6 Single Cwy,2 30 MPH,0 No Jun In 20m,-2 Not Applicable,-2 Not Applicable,0,0 No Xing Facility In 50m,1 Daylight,1 Fine,1 Road-Dry,0 None,0 None,529610,182400,-0.133062,51.525651,,,Unknown,"(51.525651, -0.133062)",http://opendatacommunities.org/id/london-borough-council/camden,5258,21/12/2020 02:48:37 PM
1190223852,CAMDEN,3 PEDESTRIAN,2 FEMALE,25-59,44,2,2 SERIOUS,01 CROSSING ROAD ON PED XING,'-2 NOT APPLICABLE,1 PEDESTRIAN,"On Charring Cross Road, near the junction with New Oxford Street.",1,09/12/2019 02:20:00 PM,Monday,14.20,3 BOR,A,400,6 SINGLE CWY,20,06 CROSSROADS,2 AUTO SIG,A,40,5 PEDN PHASE AT ATS,2 DAYLIGHT,1 FINE,1 ROAD-DRY,0 NONE,0 NONE,529826,181362,-0.130333,51.516273,,,Unknown,"(51.516273, -0.130333)",http://opendatacommunities.org/id/london-borough-council/camden,9606,21/12/2020 02:48:45 PM
1180132785,CAMDEN,1 Driver/Rider,1 Male,25-59,30,1,3 Slight,-2 Unknown,-2 N/A,3 Powered 2 Wheeler,ELSWORTHY ROAD 50M N OF J/W KING HENRY ROAD,1,15/09/2018 05:34:00 PM,Saturday,17.34,3 Bor,Unclassified,0,6 Single Cwy,1 <= 20 MPH,0 No Jun In 20m,-2 Not Applicable,-2 Not Applicable,0,0 No Xing Facility In 50m,1 Daylight,8 Other,1 Road-Dry,0 None,0 None,527490,184160,-0.162968,51.54195,,,Unknown,"(51.54195, -0.162968)",http://opendatacommunities.org/id/london-borough-council/camden,8328,21/12/2020 02:48:42 PM
1170035329,CAMDEN,1 Driver/Rider,1 Male,16-24,19,1,3 Slight,-2 Unknown,-2 N/A,3 Powered 2 Wheeler,SHAFTESBURRY AVENUE J/W BLOOMSBURY STREET,2,03/05/2017 06:10:00 PM,Wednesday,18.10,3 Bor,A,401,6 Single Cwy,2 30 MPH,7 Multi Jun,2 Auto Sig,B,522,5 Pedn Phase At Ats,1 Daylight,1 Fine,1 Road-Dry,0 None,0 None,530080,181310,-0.126693,51.515747,,,Unknown,"(51.515747, -0.126693)",http://opendatacommunities.org/id/london-borough-council/camden,6935,21/12/2020 02:48:39 PM
0115EK40744,CAMDEN,1 Driver/Rider,1 Male,25-59,42,1,3 Slight,-2 Unknown,-2 N/A,5 Taxi,PRIMROSE HILL ROAD J/W FELLOWS ROAD,2,25/08/2015 11:25:00 AM,Tuesday,11.25,3 Bor,C,0,6 Single Cwy,2 30 MPH,6 Crossroads,4 Give Way/Uncontrolled,Unclassified,0,0 No Xing Facility In 50m,1 Daylight,1 Fine,1 Road-Dry,0 None,0 None,527500,184460,-0.162715,51.544644,,,Unknown,"(51.544644, -0.162715)",http://opendatacommunities.org/id/london-borough-council/camden,5212,21/12/2020 02:48:37 PM
1180128915,CAMDEN,1 Driver/Rider,1 Male,25-59,32,1,3 Slight,-2 Unknown,-2 N/A,3 Powered 2 Wheeler,INVERNESS STREET J/W ARLINGTON ROAD,2,23/08/2018 09:42:00 PM,Thursday,21.42,3 Bor,Unclassified,0,6 Single Cwy,1 <= 20 MPH,3 T/Stag Jun,4 Give Way/Uncontrolled,Unclassified,0,0 No Xing Facility In 50m,2 Dark,1 Fine,1 Road-Dry,0 None,0 None,528760,183890,-0.144764,51.539235,,,Unknown,"(51.539235, -0.144764)",http://opendatacommunities.org/id/london-borough-council/camden,8274,21/12/2020 02:48:42 PM
1180081281,CAMDEN,1 Driver/Rider,1 Male,0-15,13,1,3 Slight,-2 Unknown,-2 N/A,2 Pedal Cycle,BACK HILL 77M N OF J/W CLARKENWELL ROAD THE NEAREST CLASSIFIED ROA,2,03/01/2018 11:00:00 AM,Wednesday,11.00,3 Bor,Unclassified,0,6 Single Cwy,1 <= 20 MPH,0 No Jun In 20m,-2 Not Applicable,-2 Not Applicable,0,0 No Xing Facility In 50m,1 Daylight,1 Fine,1 Road-Dry,0 None,0 None,531263,182123,-0.109351,51.52278,,,Unknown,"(51.52278, -0.109351)",http://opendatacommunities.org/id/london-borough-council/camden,7647,21/12/2020 02:48:41 PM
1180135371,CAMDEN,1 Driver/Rider,1 Male,25-59,45,1,3 Slight,-2 Unknown,-2 N/A,2 Pedal Cycle,RUSSELL SQUARE (STOP E)  J/W BEDFORD WAY,2,26/09/2018 07:55:00 PM,Wednesday,19.55,3 Bor,A,4200,6 Single Cwy,1 <= 20 MPH,3 T/Stag Jun,4 Give Way/Uncontrolled,C,0,0 No Xing Facility In 50m,2 Dark,1 Fine,1 Road-Dry,0 None,0 None,530040,182040,-0.127,51.522317,,,Unknown,"(51.522317, -0.127)",http://opendatacommunities.org/id/london-borough-council/camden,8359,21/12/2020 02:48:42 PM
1160004458,CAMDEN,3 Pedestrian,1 Male,25-59,48,1,3 Slight,09 In Road - Not Crossing,5 In Rd Not Crossing,1 Pedestrian,HIGHGATE ROAD J/W CARKERS LANE,2,01/12/2016 08:40:00 AM,Thursday,8.40,3 Bor,B,518,6 Single Cwy,1 <= 20 MPH,9 Other Jun,4 Give Way/Uncontrolled,Unclassified,0,1 Zebra,1 Daylight,1 Fine,1 Road-Dry,0 None,0 None,528800,185510,-0.143594,51.553785,,,Unknown,"(51.553785, -0.143594)",http://opendatacommunities.org/id/london-borough-council/camden,5718,21/12/2020 02:48:37 PM
1190203320,CAMDEN,1 DRIVER/RIDER,1 MALE,25-59,35,1,3 SLIGHT,'-2 NOT APPLICABLE,'-2 NOT APPLICABLE,5 TAXI,"On Endsleigh Gardens, 50 metres east of the junction with Endsleigh Street.",2,31/08/2019 04:59:00 AM,Saturday,4.59,3 BOR,6,0,2 ONE-WAY ST,30,00 NO JUN IN 20M,,0,0,9 UNKNOWN (S/R),1 DARK,8 OTHER,1 ROAD-DRY,0 NONE,0 NONE,529699,182486,-0.131748,51.526403,,,Unknown,"(51.526403, -0.131748)",http://opendatacommunities.org/id/london-borough-council/camden,9333,21/12/2020 02:48:44 PM
1180089611,CAMDEN,1 Driver/Rider,1 Male,25-59,47,1,3 Slight,-2 Unknown,-2 N/A,3 Powered 2 Wheeler,BLOOMSBURY STREET WC2 J/W SHAFTESBURY AVENUE WC2,2,12/02/2018 09:50:00 AM,Monday,9.50,3 Bor,B,522,2 One-Way St,1 <= 20 MPH,6 Crossroads,2 Auto Sig,Unclassified,0,5 Pedn Phase At Ats,1 Daylight,1 Fine,1 Road-Dry,0 None,0 None,530090,181380,-0.126523,51.516374,,,Unknown,"(51.516374, -0.126523)",http://opendatacommunities.org/id/london-borough-council/camden,7740,21/12/2020 02:48:41 PM
0116EK40375,CAMDEN,1 Driver/Rider,1 Male,25-59,34,1,2 Serious,-2 Unknown,-2 N/A,2 Pedal Cycle,THEOBALD'S RD J/W OLD GLOUCESTER STREET,2,04/05/2016 06:00:00 PM,Wednesday,18.00,3 Bor,A,401,6 Single Cwy,2 30 MPH,3 T/Stag Jun,4 Give Way/Uncontrolled,A,401,0 No Xing Facility In 50m,1 Daylight,1 Fine,1 Road-Dry,0 None,0 None,530500,181720,-0.120492,51.519335,,,Unknown,"(51.519335, -0.120492)",http://opendatacommunities.org/id/london-borough-council/camden,6296,21/12/2020 02:48:38 PM
0115EO40899,CAMDEN,1 Driver/Rider,1 Male,25-59,30,1,3 Slight,-2 Unknown,-2 N/A,4 Car,YORK WAY J/W WHARFDALE RD,2,13/11/2015 11:00:00 PM,Friday,23.00,3 Bor,A,5200,6 Single Cwy,1 <= 20 MPH,3 T/Stag Jun,4 Give Way/Uncontrolled,C,0,8 Central Refuge,2 Dark,1 Fine,1 Road-Dry,0 None,0 None,530330,183310,-0.122353,51.533663,,,Unknown,"(51.533663, -0.122353)",http://opendatacommunities.org/id/london-borough-council/camden,5608,21/12/2020 02:48:37 PM
1190194838,CAMDEN,1 DRIVER/RIDER,2 FEMALE,25-59,30,1,3 SLIGHT,'-2 NOT APPLICABLE,'-2 NOT APPLICABLE,2 PEDAL CYCLE,"On New Oxford Street, near the junction with Bloomsbury Street.",2,20/07/2019 01:35:00 PM,Saturday,13.35,3 BOR,A,40,3 DUAL CWY,20,06 CROSSROADS,2 AUTO SIG,A,400,5 PEDN PHASE AT ATS,2 DAYLIGHT,1 FINE,1 ROAD-DRY,0 NONE,0 NONE,530052,181437,-0.12705,51.516895,,,Unknown,"(51.516895, -0.12705)",http://opendatacommunities.org/id/london-borough-council/camden,9205,21/12/2020 02:48:44 PM
0115CW10579,CAMDEN,2 Passenger,2 Female,16-24,22,1,3 Slight,-2 Unknown,-2 N/A,6 Bus Or Coach,KINGSWAY J/W SARDINIA STREET.,2,02/02/2015 01:00:00 PM,Monday,13.00,3 Bor,A,4200,6 Single Cwy,2 30 MPH,3 T/Stag Jun,4 Give Way/Uncontrolled,A,4200,0 No Xing Facility In 50m,1 Daylight,1 Fine,1 Road-Dry,0 None,0 None,530640,181230,-0.118657,51.514899,,,Unknown,"(51.514899, -0.118657)",http://opendatacommunities.org/id/london-borough-council/camden,4560,21/12/2020 02:48:35 PM
1180147876,CAMDEN,2 Passenger,1 Male,25-59,25,1,2 Serious,-2 Unknown,-2 N/A,5 Taxi,PANCRAS ROAD J/W EUSTON ROAD NW1,2,25/11/2018 12:30:00 AM,Sunday,0.30,3 Bor,A,5202,6 Single Cwy,1 <= 20 MPH,9 Other Jun,2 Auto Sig,Unclassified,0,4 Pelican Or Similar,2 Dark,1 Fine,1 Road-Dry,0 None,0 None,530160,182970,-0.124928,51.530647,,,Unknown,"(51.530647, -0.124928)",http://opendatacommunities.org/id/london-borough-council/camden,8552,21/12/2020 02:48:43 PM
0115EK40741,CAMDEN,1 Driver/Rider,1 Male,60+,67,1,3 Slight,-2 Unknown,-2 N/A,4 Car,FINCHLEY ROAD J/W ROSEMONT ROAD,2,24/08/2015 11:30:00 AM,Monday,11.30,1 TLRN,A,41,6 Single Cwy,2 30 MPH,6 Crossroads,2 Auto Sig,Unclassified,0,5 Pedn Phase At Ats,1 Daylight,2 Raining,2 Road-Wet,0 None,0 None,526170,184970,-0.181702,51.549526,,,Unknown,"(51.549526, -0.181702)",http://opendatacommunities.org/id/london-borough-council/camden,5209,21/12/2020 02:48:37 PM
1190219329,CAMDEN,1 DRIVER/RIDER,1 MALE,16-24,24,1,3 SLIGHT,'-2 NOT APPLICABLE,'-2 NOT APPLICABLE,3 POWERED 2 WHEELER,"On Parkway, 50 metres west of the junction with Arlington Road.",2,17/11/2019 03:30:00 PM,Sunday,15.30,3 BOR,A,4201,9 UNKNOWN,20,00 NO JUN IN 20M,,0,0,1 ZEBRA,2 DAYLIGHT,1 FINE,1 ROAD-DRY,0 NONE,0 NONE,528810,183800,-0.144076,51.538415,,,Unknown,"(51.538415, -0.144076)",http://opendatacommunities.org/id/london-borough-council/camden,9532,21/12/2020 02:48:44 PM
1190161559,CAMDEN,1 DRIVER/RIDER,1 MALE,25-59,28,1,3 SLIGHT,'-2 NOT APPLICABLE,'-2 NOT APPLICABLE,4 CAR,"On Euston Square, near the junction with Grafton Place.",3,05/02/2019 07:24:00 AM,Tuesday,7.24,3 BOR,A,4200,6 SINGLE CWY,20,06 CROSSROADS,2 AUTO SIG,5,0,0 NO XING FACILITY IN 50M,2 DAYLIGHT,1 FINE,1 ROAD-DRY,0 NONE,0 NONE,529722,182638,-0.131361,51.527764,,,Unknown,"(51.527764, -0.131361)",http://opendatacommunities.org/id/london-borough-council/camden,8759,21/12/2020 02:48:43 PM
1190196689,CAMDEN,1 DRIVER/RIDER,1 MALE,25-59,40,2,3 SLIGHT,'-2 NOT APPLICABLE,'-2 NOT APPLICABLE,4 CAR,"On Euston Road, near the junction with MIDLAND ROAD.",3,30/07/2019 04:50:00 AM,Tuesday,4.50,1 TLRN,A,501,3 DUAL CWY,20,03 T/STAG JUN,2 AUTO SIG,5,0,5 PEDN PHASE AT ATS,2 DAYLIGHT,1 FINE,1 ROAD-DRY,0 NONE,0 NONE,530058,182791,-0.126464,51.529062,,,Unknown,"(51.529062, -0.126464)",http://opendatacommunities.org/id/london-borough-council/camden,9239,21/12/2020 02:48:44 PM
0115EK40032,CAMDEN,1 Driver/Rider,1 Male,25-59,47,1,3 Slight,-2 Unknown,-2 N/A,2 Pedal Cycle,WESTBERE ROAD J/W MINSTER ROAD,2,16/01/2015 07:00:00 PM,Friday,19.00,3 Bor,Unclassified,0,6 Single Cwy,2 30 MPH,6 Crossroads,4 Give Way/Uncontrolled,Unclassified,0,0 No Xing Facility In 50m,2 Dark,9 Unknown,2 Road-Wet,0 None,0 None,524520,185290,-0.205373,51.552768,,,Unknown,"(51.552768, -0.205373)",http://opendatacommunities.org/id/london-borough-council/camden,4604,21/12/2020 02:48:35 PM
1180107076,CAMDEN,3 Pedestrian,1 Male,25-59,33,1,3 Slight,05 Crossing Road (Not On Xing),9 Unknown Or Other,1 Pedestrian,CHURCHWAY 20M N OF J/W GRAFTON PLACE,1,10/05/2018 08:30:00 AM,Thursday,8.30,3 Bor,Unclassified,0,6 Single Cwy,1 <= 20 MPH,3 T/Stag Jun,4 Give Way/Uncontrolled,Unclassified,0,0 No Xing Facility In 50m,1 Daylight,8 Other,1 Road-Dry,0 None,0 None,529790,182710,-0.130355,51.528395,,,Unknown,"(51.528395, -0.130355)",http://opendatacommunities.org/id/london-borough-council/camden,7981,21/12/2020 02:48:42 PM
1160005718,CAMDEN,1 Driver/Rider,1 Male,16-24,17,1,3 Slight,-2 Unknown,-2 N/A,3 Powered 2 Wheeler,GRAYS INN ROAD J/W HOLBURN,2,17/11/2016 09:23:00 AM,Thursday,9.23,3 Bor,A,5200,7 Slip Rd,2 30 MPH,9 Other Jun,2 Auto Sig,A,40,9 Unknown (S/R),1 Daylight,9 Unknown,9 Unknown (S/R),9 Unknown (S/R),9 Unknown (S/R),531130,181610,-0.111458,51.518201,,,Unknown,"(51.518201, -0.111458)",http://opendatacommunities.org/id/london-borough-council/camden,5750,21/12/2020 02:48:37 PM
1190186677,CAMDEN,1 DRIVER/RIDER,1 MALE,16-24,19,1,3 SLIGHT,'-2 NOT APPLICABLE,'-2 NOT APPLICABLE,3 POWERED 2 WHEELER,"On Camden Road, near the junction with YORK WAY.",2,11/06/2019 09:10:00 PM,Tuesday,21.10,1 TLRN,A,503,6 SINGLE CWY,30,06 CROSSROADS,2 AUTO SIG,A,5200,5 PEDN PHASE AT ATS,2 DAYLIGHT,1 FINE,1 ROAD-DRY,0 NONE,0 NONE,529756,184910,-0.130034,51.548174,,,Unknown,"(51.548174, -0.130034)",http://opendatacommunities.org/id/london-borough-council/camden,9085,21/12/2020 02:48:44 PM
1170021429,CAMDEN,1 Driver/Rider,1 Male,25-59,45,1,2 Serious,-2 Unknown,-2 N/A,2 Pedal Cycle,CAMDEN ROAD J/W ROYAL COLLEGE STREET,1,27/02/2017 09:20:00 AM,Monday,9.20,1 TLRN,A,503,6 Single Cwy,1 <= 20 MPH,6 Crossroads,2 Auto Sig,A,5202,5 Pedn Phase At Ats,1 Daylight,1 Fine,2 Road-Wet,0 None,0 None,529190,184180,-0.13846,51.541743,,,Unknown,"(51.541743, -0.13846)",http://opendatacommunities.org/id/london-borough-council/camden,6721,21/12/2020 02:48:39 PM
1160008854,CAMDEN,3 Pedestrian,1 Male,25-59,35,1,3 Slight,10 Unknown,9 Unknown Or Other,1 Pedestrian,KILBURN HIGH ROAD 60M S OF J/W QUEX ROAD,1,27/12/2016 01:04:00 PM,Tuesday,13.04,3 Bor,A,5,6 Single Cwy,1 <= 20 MPH,0 No Jun In 20m,-2 Not Applicable,-2 Not Applicable,0,5 Pedn Phase At Ats,1 Daylight,1 Fine,1 Road-Dry,0 None,0 None,525210,183910,-0.195917,51.540213,,,Unknown,"(51.540213, -0.195917)",http://opendatacommunities.org/id/london-borough-council/camden,5807,21/12/2020 02:48:37 PM
0115EK40697,CAMDEN,3 Pedestrian,1 Male,16-24,19,1,3 Slight,01 Crossing Road On Ped Xing,3 From Drivers O/Side,1 Pedestrian,MANSFIELD ROAD J/W OAK VILLAGE,1,10/08/2015 07:40:00 PM,Monday,19.40,3 Bor,B,518,6 Single Cwy,2 30 MPH,3 T/Stag Jun,4 Give Way/Uncontrolled,C,0,4 Pelican Or Similar,1 Daylight,1 Fine,1 Road-Dry,0 None,0 None,528210,185600,-0.152067,51.554728,,,Unknown,"(51.554728, -0.152067)",http://opendatacommunities.org/id/london-borough-council/camden,5173,21/12/2020 02:48:36 PM
1180086504,CAMDEN,1 Driver/Rider,1 Male,Unknown,0,1,3 Slight,-2 Unknown,-2 N/A,3 Powered 2 Wheeler,CONSTANTINE ROAD J/W AGINCOURT ROAD,2,29/01/2018 04:35:00 PM,Monday,16.35,3 Bor,C,0,6 Single Cwy,1 <= 20 MPH,3 T/Stag Jun,4 Give Way/Uncontrolled,Unclassified,0,0 No Xing Facility In 50m,1 Daylight,1 Fine,2 Road-Wet,0 None,6 Ped In Cwy (Not Inj),527470,185580,-0.162742,51.554716,,,Unknown,"(51.554716, -0.162742)",http://opendatacommunities.org/id/london-borough-council/camden,7702,21/12/2020 02:48:41 PM
0116EK40146,CAMDEN,1 Driver/Rider,1 Male,25-59,29,1,3 Slight,-2 Unknown,-2 N/A,3 Powered 2 Wheeler,CAMDEN HIGH STREET J/W PARKWAY,1,14/03/2016 11:53:00 AM,Monday,11.53,1 TLRN,A,400,6 Single Cwy,1 <= 20 MPH,7 Multi Jun,2 Auto Sig,A,4201,5 Pedn Phase At Ats,1 Daylight,1 Fine,1 Road-Dry,0 None,0 None,528910,183850,-0.142617,51.538842,,,Unknown,"(51.538842, -0.142617)",http://opendatacommunities.org/id/london-borough-council/camden,6103,21/12/2020 02:48:38 PM
1190175817,CAMDEN,3 PEDESTRIAN,2 FEMALE,25-59,49,1,3 SLIGHT,02 CROSSING ROAD IN ZIG-ZAG APP,1 FROM DRIVERS N/SIDE,1 PEDESTRIAN,"On Grays Inn Road, 5 metres north of the junction with Northington Street.",1,18/04/2019 11:30:00 AM,Thursday,11.30,3 BOR,A,5200,6 SINGLE CWY,20,03 T/STAG JUN,4 GIVE WAY/UNCONTROLLED,6,0,1 ZEBRA,2 DAYLIGHT,1 FINE,1 ROAD-DRY,0 NONE,0 NONE,530909,182103,-0.114458,51.522682,,,Unknown,"(51.522682, -0.114458)",http://opendatacommunities.org/id/london-borough-council/camden,8935,21/12/2020 02:48:44 PM
1170020593,CAMDEN,2 Passenger,1 Male,0-15,12,1,3 Slight,-2 Unknown,-2 N/A,4 Car,FLEET ROAD J/W POND STREET,2,11/02/2017 03:00:00 PM,Saturday,15.00,3 Bor,Unclassified,0,2 One-Way St,1 <= 20 MPH,3 T/Stag Jun,4 Give Way/Uncontrolled,B,518,1 Zebra,1 Daylight,8 Other,2 Road-Wet,0 None,0 None,527340,185490,-0.164649,51.553936,,,Unknown,"(51.553936, -0.164649)",http://opendatacommunities.org/id/london-borough-council/camden,6708,21/12/2020 02:48:39 PM
0116EK40313,CAMDEN,1 Driver/Rider,1 Male,25-59,34,1,3 Slight,-2 Unknown,-2 N/A,2 Pedal Cycle,GORDON SQUARE J/W WOBURN SQUARE,2,28/04/2016 10:00:00 AM,Thursday,10.00,3 Bor,C,0,2 One-Way St,2 30 MPH,3 T/Stag Jun,4 Give Way/Uncontrolled,Unclassified,0,0 No Xing Facility In 50m,1 Daylight,1 Fine,1 Road-Dry,0 None,0 None,529830,182200,-0.129966,51.523803,,,Unknown,"(51.523803, -0.129966)",http://opendatacommunities.org/id/london-borough-council/camden,6246,21/12/2020 02:48:38 PM
1190215041,CAMDEN,3 PEDESTRIAN,1 MALE,16-24,19,1,3 SLIGHT,01 CROSSING ROAD ON PED XING,'-2 NOT APPLICABLE,1 PEDESTRIAN,"On Gloucester Gate, 25 metres west of the junction with Albany Street.",1,30/10/2019 12:30:00 PM,Wednesday,12.30,3 BOR,6,0,3 DUAL CWY,20,00 NO JUN IN 20M,,0,0,5 PEDN PHASE AT ATS,2 DAYLIGHT,1 FINE,1 ROAD-DRY,0 NONE,9 UNKNOWN (S/R),528620,183463,-0.146937,51.53543,,,Unknown,"(51.53543, -0.146937)",http://opendatacommunities.org/id/london-borough-council/camden,9476,21/12/2020 02:48:44 PM
1180095911,CAMDEN,1 Driver/Rider,1 Male,25-59,50,1,2 Serious,-2 Unknown,-2 N/A,2 Pedal Cycle,EUSTON ROAD J/W CHURCHWAY,2,13/03/2018 11:20:00 AM,Tuesday,11.20,1 TLRN,A,501,3 Dual Cwy,2 30 MPH,6 Crossroads,2 Auto Sig,Unclassified,0,5 Pedn Phase At Ats,1 Daylight,1 Fine,1 Road-Dry,0 None,0 None,529830,182640,-0.129804,51.527757,,,Unknown,"(51.527757, -0.129804)",http://opendatacommunities.org/id/london-borough-council/camden,7812,21/12/2020 02:48:41 PM
1190203074,CAMDEN,1 DRIVER/RIDER,1 MALE,U,,1,3 SLIGHT,'-2 NOT APPLICABLE,'-2 NOT APPLICABLE,3 POWERED 2 WHEELER,"On Finchley Road, near the junction with LITHOS ROAD.",2,03/09/2019 03:20:00 PM,Tuesday,15.20,1 TLRN,A,41,6 SINGLE CWY,30,03 T/STAG JUN,4 GIVE WAY/UNCONTROLLED,6,0,0 NO XING FACILITY IN 50M,2 DAYLIGHT,9 UNKNOWN,1 ROAD-DRY,0 NONE,0 NONE,526133,185008,-0.182222,51.549875,,,Unknown,"(51.549875, -0.182222)",http://opendatacommunities.org/id/london-borough-council/camden,9326,21/12/2020 02:48:44 PM
1190178488,CAMDEN,2 PASSENGER,1 MALE,60+,69,2,3 SLIGHT,'-2 NOT APPLICABLE,'-2 NOT APPLICABLE,6 BUS OR COACH,"On Pancras Road, 5 metres south of the junction with St Pancras Way.",2,02/05/2019 05:05:00 PM,Thursday,17.05,3 BOR,A,5202,6 SINGLE CWY,20,03 T/STAG JUN,2 AUTO SIG,A,5202,5 PEDN PHASE AT ATS,2 DAYLIGHT,2 RAINING,2 ROAD-WET,0 NONE,0 NONE,529617,183490,-0.13256,51.535445,,,Unknown,"(51.535445, -0.13256)",http://opendatacommunities.org/id/london-borough-council/camden,8972,21/12/2020 02:48:44 PM
0116EO40238,CAMDEN,3 Pedestrian,1 Male,25-59,27,1,3 Slight,04 Crossing Road Within 50m Xing,4 From Drivers O/Side Msk,1 Pedestrian,"FARRINGDON ROAD, J/W CHARTERHOUSE STREET",1,24/03/2016 09:28:00 PM,Thursday,21.28,1 TLRN,A,201,6 Single Cwy,2 30 MPH,6 Crossroads,2 Auto Sig,Unclassified,0,5 Pedn Phase At Ats,2 Dark,9 Unknown,1 Road-Dry,0 None,0 None,531520,181800,-0.10577,51.519817,,,Unknown,"(51.519817, -0.10577)",http://opendatacommunities.org/id/london-borough-council/camden,6529,21/12/2020 02:48:39 PM