Reference,London Borough Name,Casualty Class,Casualty Sex,Casualty Age Band,Casualty Age,Number Of Casualties,Casualty Severity,Pedestrian Location,Pedestrian Movement,Mode Of Travel,Attendant Location,Number Of Vehicles,Date,Day,Time,Highway,Road Class 1,Road Number 1,Road Type,Speed Limit,Junction Detail,Junction Control,Road Class 2,Road Number 2,Pedestrian Crossing,Light Condition Band,Weather,Road Surface,Special Conditions,Carriage Way Hazard,Easting,Northing,Longitude,Latitude,Ward Code,Ward Name,Spatial Accuracy,Location,Organisation URI,Socrata ID,Last Uploaded
0115EK40585,CAMDEN,1 Driver/Rider,1 Male,25-59,30,1,3 Slight,-2 Unknown,-2 N/A,3 Powered 2 Wheeler,HAMPSTEAD ROAD J/W EUSTON ROAD,2,15/07/2015 08:53:00 PM,Wednesday,20.53,1 TLRN,A,400,6 Single Cwy,2 30 MPH,7 Multi Jun,2 Auto Sig,A,501,5 Pedn Phase At Ats,1 Daylight,1 Fine,1 Road-Dry,0 None,0 None,529250,182340,-0.138271,51.525194,,,Unknown,"(51.525194, -0.138271)",http://opendatacommunities.org/id/london-borough-council/camden,5071,21/12/2020 02:48:36 PM
1180103708,CAMDEN,1 Driver/Rider,1 Male,25-59,48,1,3 Slight,-2 Unknown,-2 N/A,2 Pedal Cycle,JOHN STREET J/W THEOBALDS ROAD,2,24/04/2018 08:45:00 AM,Tuesday,8.45,3 Bor,Unclassified,0,6 Single Cwy,1 <= 20 MPH,3 T/Stag Jun,4 Give Way/Uncontrolled,A,401,5 Pedn Phase At Ats,1 Daylight,1 Fine,1 Road-Dry,0 None,0 None,530890,181930,-0.114796,51.521132,,,Unknown,"(51.521132, -0.114796)",http://opendatacommunities.org/id/london-borough-council/camden,7923,21/12/2020 02:48:41 PM
1190187240,CAMDEN,3 PEDESTRIAN,2 FEMALE,25-59,34,1,3 SLIGHT,01 CROSSING ROAD ON PED XING,1 FROM DRIVERS N/SIDE,1 PEDESTRIAN,"On Euston Road, near the junction with melton street.",1,13/06/2019 10:20:00 AM,Thursday,10.20,1 TLRN,A,501,6 SINGLE CWY,30,03 T/STAG JUN,2 AUTO SIG,5,0,5 PEDN PHASE AT ATS,2 DAYLIGHT,2 RAINING,2 ROAD-WET,0 NONE,0 NONE,529564,182471,-0.133699,51.526299,,,Unknown,"(51.526299, -0.133699)",http://opendatacommunities.org/id/london-borough-council/camden,9093,21/12/2020 02:48:44 PM
1170063861,CAMDEN,1 Driver/Rider,1 Male,25-59,33,1,3 Slight,-2 Unknown,-2 N/A,4 Car,GUILFORD STREET 25M W OF J/W GRAY INN ROAD THE NEAREST CLASSIFIED,2,19/09/2017 01:19:00 PM,Tuesday,13.19,3 Bor,B,502,9 Unknown,2 30 MPH,0 No Jun In 20m,-2 Not Applicable,-2 Not Applicable,0,9 Unknown (S/R),1 Daylight,1 Fine,1 Road-Dry,9 Unknown (S/R),9 Unknown (S/R),530490,182160,-0.120473,51.523291,,,Unknown,"(51.523291, -0.120473)",http://opendatacommunities.org/id/london-borough-council/camden,7405,21/12/2020 02:48:40 PM
0116EK40116,CAMDEN,1 Driver/Rider,1 Male,25-59,29,1,3 Slight,-2 Unknown,-2 N/A,4 Car,ADELAIDE ROAD J/W WINCHESTER ROAD,2,02/02/2016 01:55:00 PM,Tuesday,13.55,3 Bor,B,509,6 Single Cwy,1 <= 20 MPH,6 Crossroads,2 Auto Sig,Unclassified,0,5 Pedn Phase At Ats,1 Daylight,1 Fine,1 Road-Dry,0 None,0 None,526890,184150,-0.171619,51.541995,,,Unknown,"(51.541995, -0.171619)",http://opendatacommunities.org/id/london-borough-council/camden,6072,21/12/2020 02:48:38 PM
1170037228,CAMDEN,2 Passenger,2 Female,16-24,22,1,3 Slight,-2 Unknown,-2 N/A,4 Car,ABBEY ROAD J/W BELSIZE ROAD,2,13/05/2017 08:08:00 PM,Saturday,20.08,3 Bor,B,507,6 Single Cwy,2 30 MPH,6 Crossroads,2 Auto Sig,B,509,4 Pelican Or Similar,1 Daylight,1 Fine,1 Road-Dry,0 None,0 None,525800,183880,-0.187425,51.539812,,,Unknown,"(51.539812, -0.187425)",http://opendatacommunities.org/id/london-borough-council/camden,6960,21/12/2020 02:48:39 PM
1190190273,CAMDEN,1 DRIVER/RIDER,1 MALE,16-24,23,1,3 SLIGHT,'-2 NOT APPLICABLE,'-2 NOT APPLICABLE,4 CAR,"On High Holborn, 5 metres west of the junction with New Oxford Street.",3,28/06/2019 09:44:00 PM,Friday,21.44,3 BOR,A,40,2 ONE-WAY ST,30,03 T/STAG JUN,2 AUTO SIG,A,40,5 PEDN PHASE AT ATS,1 DARK,1 FINE,1 ROAD-DRY,0 NONE,0 NONE,530334,181455,-0.122981,51.516992,,,Unknown,"(51.516992, -0.122981)",http://opendatacommunities.org/id/london-borough-council/camden,9143,21/12/2020 02:48:44 PM
1170016038,CAMDEN,1 Driver/Rider,2 Female,25-59,41,1,3 Slight,-2 Unknown,-2 N/A,3 Powered 2 Wheeler,GLOUCESTER GATE J/W GLOUCESTER GATE,2,03/02/2017 02:19:00 PM,Friday,14.19,3 Bor,Unclassified,0,6 Single Cwy,2 30 MPH,3 T/Stag Jun,4 Give Way/Uncontrolled,Unclassified,0,4 Pelican Or Similar,1 Daylight,1 Fine,1 Road-Dry,0 None,0 None,528540,183430,-0.148102,51.535151,,,Unknown,"(51.535151, -0.148102)",http://opendatacommunities.org/id/london-borough-council/camden,6641,21/12/2020 02:48:39 PM
1170047431,CAMDEN,3 Pedestrian,2 Female,25-59,54,1,3 Slight,01 Crossing Road On Ped Xing,1 From Drivers N/Side,1 Pedestrian,CAMDEN HIGH STREET 23M S OF J/W CAMDEN HIGH ROAD,1,24/06/2017 09:00:00 PM,Saturday,21.00,1 TLRN,A,502,6 Single Cwy,2 30 MPH,0 No Jun In 20m,-2 Not Applicable,-2 Not Applicable,0,1 Zebra,2 Dark,9 Unknown,1 Road-Dry,9 Unknown (S/R),9 Unknown (S/R),528929,183822,-0.142353,51.538586,,,Unknown,"(51.538586, -0.142353)",http://opendatacommunities.org/id/london-borough-council/camden,7135,21/12/2020 02:48:40 PM
1180138425,CAMDEN,1 Driver/Rider,1 Male,16-24,23,1,2 Serious,-2 Unknown,-2 N/A,3 Powered 2 Wheeler,EUSTON ROAD 5M S OF J/W MABLEDON ROAD,3,11/10/2018 06:00:00 PM,Thursday,18.00,1 TLRN,A,501,3 Dual Cwy,2 30 MPH,3 T/Stag Jun,2 Auto Sig,C,0,4 Pelican Or Similar,1 Daylight,1 Fine,1 Road-Dry,0 None,0 None,529940,182700,-0.128197,51.528271,,,Unknown,"(51.528271, -0.128197)",http://opendatacommunities.org/id/london-borough-council/camden,8413,21/12/2020 02:48:43 PM
1180122304,CAMDEN,1 Driver/Rider,1 Male,16-24,24,1,3 Slight,-2 Unknown,-2 N/A,3 Powered 2 Wheeler,KILBURN HIGH ROAD 10M N OF J/W KINGSGATE PLACE,2,20/07/2018 06:16:00 PM,Friday,18.16,3 Bor,A,5,6 Single Cwy,2 30 MPH,3 T/Stag Jun,4 Give Way/Uncontrolled,Unclassified,0,4 Pelican Or Similar,1 Daylight,1 Fine,1 Road-Dry,0 None,0 None,525098,184055,-0.19748,51.541541,,,Unknown,"(51.541541, -0.19748)",http://opendatacommunities.org/id/london-borough-council/camden,8190,21/12/2020 02:48:42 PM
0115EK40993,CAMDEN,1 Driver/Rider,1 Male,25-59,33,1,3 Slight,-2 Unknown,-2 N/A,4 Car,HAVERSTOCK HILL J/W UPPER PARK ROAD.,3,06/11/2015 03:43:00 PM,Friday,15.43,3 Bor,A,502,6 Single Cwy,2 30 MPH,3 T/Stag Jun,4 Give Way/Uncontrolled,Unclassified,0,0 No Xing Facility In 50m,1 Daylight,1 Fine,1 Road-Dry,0 None,0 None,527500,184960,-0.162534,51.549137,,,Unknown,"(51.549137, -0.162534)",http://opendatacommunities.org/id/london-borough-council/camden,5420,21/12/2020 02:48:37 PM
1180110648,CAMDEN,3 Pedestrian,1 Male,25-59,31,1,3 Slight,05 Crossing Road (Not On Xing),1 From Drivers N/Side,1 Pedestrian,KENTISH TOWN ROAD J/W CAMDEN ROAD,1,26/05/2018 03:04:00 PM,Saturday,15.04,1 TLRN,A,400,3 Dual Cwy,1 <= 20 MPH,7 Multi Jun,2 Auto Sig,A,503,5 Pedn Phase At Ats,1 Daylight,1 Fine,1 Road-Dry,0 None,0 None,528920,183910,-0.14245,51.539379,,,Unknown,"(51.539379, -0.14245)",http://opendatacommunities.org/id/london-borough-council/camden,8027,21/12/2020 02:48:42 PM
0116EK40291,CAMDEN,1 Driver/Rider,1 Male,25-59,32,1,2 Serious,-2 Unknown,-2 N/A,2 Pedal Cycle,THEOBALD'S ROAD J/W OLD GLOUCESTER STREET,2,19/02/2016 11:00:00 PM,Friday,23.00,3 Bor,A,401,6 Single Cwy,2 30 MPH,3 T/Stag Jun,4 Give Way/Uncontrolled,A,401,0 No Xing Facility In 50m,2 Dark,1 Fine,1 Road-Dry,0 None,0 None,530490,181710,-0.12064,51.519247,,,Unknown,"(51.519247, -0.12064)",http://opendatacommunities.org/id/london-borough-council/camden,6227,21/12/2020 02:48:38 PM
0115EK40534,CAMDEN,3 Pedestrian,2 Female,25-59,25,1,3 Slight,09 In Road - Not Crossing,5 In Rd Not Crossing,1 Pedestrian,HAVERSTOCK HILL 32M NW OF GLENLOCH ROAD,1,01/07/2015 04:30:00 PM,Wednesday,16.30,3 Bor,A,502,6 Single Cwy,2 30 MPH,0 No Jun In 20m,-2 Not Applicable,-2 Not Applicable,0,0 No Xing Facility In 50m,1 Daylight,1 Fine,1 Road-Dry,0 None,0 None,527310,185120,-0.165215,51.550618,,,Unknown,"(51.550618, -0.165215)",http://opendatacommunities.org/id/london-borough-council/camden,5022,21/12/2020 02:48:36 PM
1160006824,CAMDEN,1 Driver/Rider,1 Male,25-59,43,1,3 Slight,-2 Unknown,-2 N/A,8 Other Vehicle,LEIGHTON ROAD J/W KENTISH TOWN ROAD,2,06/12/2016 07:50:00 AM,Tuesday,7.50,3 Bor,Unclassified,0,6 Single Cwy,1 <= 20 MPH,3 T/Stag Jun,2 Auto Sig,A,400,5 Pedn Phase At Ats,1 Daylight,9 Unknown,2 Road-Wet,0 None,0 None,529010,185180,-0.140688,51.550771,,,Unknown,"(51.550771, -0.140688)",http://opendatacommunities.org/id/london-borough-council/camden,5771,21/12/2020 02:48:37 PM
0115EK40888,CAMDEN,3 Pedestrian,2 Female,25-59,31,1,3 Slight,04 Crossing Road Within 50m Xing,1 From Drivers N/Side,1 Pedestrian,COLLEGE CRESCENT J/W FINCHLEY ROAD.,1,07/10/2015 11:12:00 PM,Wednesday,23.12,1 TLRN,B,511,6 Single Cwy,2 30 MPH,3 T/Stag Jun,4 Give Way/Uncontrolled,A,41,4 Pelican Or Similar,2 Dark,1 Fine,1 Road-Dry,0 None,0 None,526662,184345,-0.174835,51.543799,,,Unknown,"(51.543799, -0.174835)",http://opendatacommunities.org/id/london-borough-council/camden,5331,21/12/2020 02:48:37 PM
1160006354,CAMDEN,1 Driver/Rider,1 Male,25-59,34,1,3 Slight,-2 Unknown,-2 N/A,4 Car,A41 J/W FINCHLEY ROAD,2,11/12/2016 07:45:00 PM,Sunday,19.45,1 TLRN,A,41,6 Single Cwy,2 30 MPH,3 T/Stag Jun,2 Auto Sig,A,598,0 No Xing Facility In 50m,2 Dark,1 Fine,2 Road-Wet,0 None,0 None,525070,186030,-0.197182,51.559297,,,Unknown,"(51.559297, -0.197182)",http://opendatacommunities.org/id/london-borough-council/camden,5765,21/12/2020 02:48:37 PM
1180098862,CAMDEN,1 Driver/Rider,1 Male,25-59,52,1,3 Slight,-2 Unknown,-2 N/A,3 Powered 2 Wheeler,BURRARD ROAD J/W FINCHLEY ROAD,2,28/03/2018 04:40:00 PM,Wednesday,16.40,1 TLRN,Unclassified,0,6 Single Cwy,2 30 MPH,9 Other Jun,4 Give Way/Uncontrolled,A,41,0 No Xing Facility In 50m,1 Daylight,1 Fine,1 Road-Dry,0 None,0 None,525320,185620,-0.193723,51.555557,,,Unknown,"(51.555557, -0.193723)",http://opendatacommunities.org/id/london-borough-council/camden,7849,21/12/2020 02:48:41 PM
1190163095,CAMDEN,3 PEDESTRIAN,1 MALE,25-59,28,1,3 SLIGHT,10 UNKNOWN OR OTHER,9 UNKNOWN OR OTHER,1 PEDESTRIAN,"On Fleet Road, near the junction with parkhill road.",1,13/02/2019 05:50:00 PM,Wednesday,17.50,3 BOR,B,518,2 ONE-WAY ST,20,03 T/STAG JUN,4 GIVE WAY/UNCONTROLLED,6,0,1 ZEBRA,2 DAYLIGHT,1 FINE,1 ROAD-DRY,0 NONE,0 NONE,527533,185430,-0.161888,51.553354,,,Unknown,"(51.553354, -0.161888)",http://opendatacommunities.org/id/london-borough-council/camden,8779,21/12/2020 02:48:43 PM
1160008729,CAMDEN,3 Pedestrian,1 Male,16-24,24,1,3 Slight,09 In Road - Not Crossing,7 In Rd Facing Traffic,1 Pedestrian,CAMDEN STREET J/W PLENDER STREET,1,25/12/2016 12:35:00 AM,Sunday,0.35,1 TLRN,A,400,2 One-Way St,1 <= 20 MPH,6 Crossroads,2 Auto Sig,Unclassified,0,5 Pedn Phase At Ats,2 Dark,1 Fine,1 Road-Dry,0 None,0 None,529320,183640,-0.136785,51.536861,,,Unknown,"(51.536861, -0.136785)",http://opendatacommunities.org/id/london-borough-council/camden,5804,21/12/2020 02:48:37 PM
1180136659,CAMDEN,1 Driver/Rider,1 Male,25-59,33,1,3 Slight,-2 Unknown,-2 N/A,3 Powered 2 Wheeler,FINCHLEY ROAD 500M S OF J/W ARKWRIGHT RD,2,03/10/2018 06:25:00 PM,Wednesday,18.25,1 TLRN,A,41,3 Dual Cwy,2 30 MPH,0 No Jun In 20m,-2 Not Applicable,-2 Not Applicable,0,0 No Xing Facility In 50m,2 Dark,1 Fine,1 Road-Dry,0 None,0 None,525960,185200,-0.184647,51.55164,,,Unknown,"(51.55164, -0.184647)",http://opendatacommunities.org/id/london-borough-council/camden,8374,21/12/2020 02:48:42 PM
0116EK40380,CAMDEN,1 Driver/Rider,1 Male,25-59,56,1,2 Serious,-2 Unknown,-2 N/A,5 Taxi,ENGLAND'S LANE 21M SOUTH WEST OF J/W CHALCOT GARDENS SLIP RD,2,24/05/2016 07:31:00 AM,Tuesday,7.31,3 Bor,C,0,6 Single Cwy,1 <= 20 MPH,0 No Jun In 20m,-2 Not Applicable,-2 Not Applicable,0,1 Zebra,1 Daylight,1 Fine,1 Road-Dry,0 None,0 None,527520,184590,-0.16238,51.545807,,,Unknown,"(51.545807, -0.16238)",http://opendatacommunities.org/id/london-borough-council/camden,6303,21/12/2020 02:48:38 PM
1190196176,CAMDEN,1 DRIVER/RIDER,1 MALE,25-59,27,1,3 SLIGHT,'-2 NOT APPLICABLE,5 IN RD NOT CROSSING,4 CAR,"On Arlington Road, near the junction with Delancey Street.",2,26/07/2019 11:30:00 PM,Friday,23.30,3 BOR,A,503,2 ONE-WAY ST,20,06 CROSSROADS,3 STOP SIGN,6,0,9 UNKNOWN (S/R),1 DARK,2 RAINING,2 ROAD-WET,9 UNKNOWN (S/R),0 NONE,528943,183622,-0.142224,51.536785,,,Unknown,"(51.536785, -0.142224)",http://opendatacommunities.org/id/london-borough-council/camden,9232,21/12/2020 02:48:44 PM
1160005025,CAMDEN,1 Driver/Rider,2 Female,16-24,24,1,3 Slight,-2 Unknown,-2 N/A,4 Car,KENTISH TOWN ROAD J/W KELLY STREET NW5,2,02/12/2016 08:31:00 PM,Friday,20.31,3 Bor,A,400,6 Single Cwy,1 <= 20 MPH,6 Crossroads,4 Give Way/Uncontrolled,Unclassified,0,0 No Xing Facility In 50m,2 Dark,1 Fine,2 Road-Wet,0 None,0 None,528950,184590,-0.141769,51.545483,,,Unknown,"(51.545483, -0.141769)",http://opendatacommunities.org/id/london-borough-council/camden,5733,21/12/2020 02:48:37 PM
0115EK40010,CAMDEN,3 Pedestrian,2 Female,60+,72,1,2 Serious,06 On Footpath - Verge,9 Unknown Or Other,1 Pedestrian,PARKWAY J/W CAMDEN HIGH STREET,2,14/01/2015 08:12:00 AM,Wednesday,8.12,1 TLRN,A,4201,6 Single Cwy,2 30 MPH,6 Crossroads,2 Auto Sig,A,400,5 Pedn Phase At Ats,1 Daylight,1 Fine,1 Road-Dry,0 None,0 None,528900,183860,-0.142757,51.538934,,,Unknown,"(51.538934, -0.142757)",http://opendatacommunities.org/id/london-borough-council/camden,4591,21/12/2020 02:48:35 PM
0116EK40570,CAMDEN,1 Driver/Rider,2 Female,25-59,46,1,3 Slight,-2 Unknown,-2 N/A,2 Pedal Cycle,PARKWAY 29M N OF J/W PRINCE ALBERT ROAD,2,21/07/2016 04:05:00 PM,Thursday,16.05,3 Bor,A,4201,6 Single Cwy,2 30 MPH,0 No Jun In 20m,-2 Not Applicable,-2 Not Applicable,0,5 Pedn Phase At Ats,1 Daylight,1 Fine,1 Road-Dry,0 None,0 None,528640,183560,-0.146613,51.536297,,,Unknown,"(51.536297, -0.146613)",http://opendatacommunities.org/id/london-borough-council/camden,6461,21/12/2020 02:48:39 PM
1170029311,CAMDEN,1 Driver/Rider,1 Male,25-59,30,1,3 Slight,-2 Unknown,-2 N/A,3 Powered 2 Wheeler,BURRARD ROAD J/W FINCHLEY ROAD,2,31/03/2017 02:42:00 PM,Friday,14.42,1 TLRN,Unclassified,0,3 Dual Cwy,3 40 MPH,3 T/Stag Jun,4 Give Way/Uncontrolled,A,41,4 Pelican Or Similar,1 Daylight,1 Fine,1 Road-Dry,0 None,0 None,525320,185620,-0.193723,51.555557,,,Unknown,"(51.555557, -0.193723)",http://opendatacommunities.org/id/london-borough-council/camden,6834,21/12/2020 02:48:39 PM
1180101075,CAMDEN,3 Pedestrian,2 Female,25-59,50,1,3 Slight,01 Crossing Road On Ped Xing,3 From Drivers O/Side,1 Pedestrian,MALDEN ROAD J/W PRINCE OF WALES ROAD,1,11/04/2018 09:14:00 AM,Wednesday,9.14,3 Bor,B,517,6 Single Cwy,1 <= 20 MPH,6 Crossroads,2 Auto Sig,C,0,4 Pelican Or Similar,1 Daylight,2 Raining,2 Road-Wet,0 None,0 None,528320,184620,-0.150838,51.545896,,,Unknown,"(51.545896, -0.150838)",http://opendatacommunities.org/id/london-borough-council/camden,7878,21/12/2020 02:48:41 PM
1170062465,CAMDEN,1 Driver/Rider,2 Female,25-59,31,1,3 Slight,-2 Unknown,-2 N/A,2 Pedal Cycle,SAINT GILES HIGH STREET 21M E OF J/W EARNSHAW STREET,2,12/09/2017 08:30:00 AM,Tuesday,8.30,3 Bor,A,40,2 One-Way St,2 30 MPH,0 No Jun In 20m,-2 Not Applicable,-2 Not Applicable,0,0 No Xing Facility In 50m,1 Daylight,9 Unknown,1 Road-Dry,0 None,0 None,529980,181290,-0.128141,51.51559,,,Unknown,"(51.51559, -0.128141)",http://opendatacommunities.org/id/london-borough-council/camden,7376,21/12/2020 02:48:40 PM
0115EK40663,CAMDEN,3 Pedestrian,2 Female,25-59,37,1,3 Slight,01 Crossing Road On Ped Xing,3 From Drivers O/Side,1 Pedestrian,HAMPSTEAD HIGH STREET J/W BIRD IN HAND YARD,1,02/08/2015 05:54:00 PM,Sunday,17.54,3 Bor,A,502,6 Single Cwy,2 30 MPH,3 T/Stag Jun,4 Give Way/Uncontrolled,Unclassified,0,1 Zebra,1 Daylight,1 Fine,1 Road-Dry,0 None,0 None,526430,185710,-0.177689,51.556118,,,Unknown,"(51.556118, -0.177689)",http://opendatacommunities.org/id/london-borough-council/camden,5137,21/12/2020 02:48:36 PM
1170031904,CAMDEN,1 Driver/Rider,1 Male,60+,60,1,2 Serious,-2 Unknown,-2 N/A,5 Taxi,FINCHLEY ROAD J/W FROGNAL COURT,2,12/04/2017 01:50:00 PM,Wednesday,13.50,1 TLRN,A,41,3 Dual Cwy,2 30 MPH,3 T/Stag Jun,2 Auto Sig,Unclassified,0,4 Pelican Or Similar,1 Daylight,1 Fine,1 Road-Dry,0 None,0 None,526230,184840,-0.180884,51.548344,,,Unknown,"(51.548344, -0.180884)",http://opendatacommunities.org/id/london-borough-council/camden,6876,21/12/2020 02:48:39 PM
1180146143,CAMDEN,3 Pedestrian,1 Male,25-59,57,1,3 Slight,01 Crossing Road On Ped Xing,3 From Drivers O/Side,1 Pedestrian,CANFIELD GARDENS J/W BROADHURST GARDENS,1,16/11/2018 07:19:00 PM,Friday,19.19,3 Bor,Unclassified,0,6 Single Cwy,1 <= 20 MPH,6 Crossroads,4 Give Way/Uncontrolled,C,0,1 Zebra,2 Dark,8 Other,2 Road-Wet,0 None,0 None,526250,184630,-0.180671,51.546452,,,Unknown,"(51.546452, -0.180671)",http://opendatacommunities.org/id/london-borough-council/camden,8523,21/12/2020 02:48:43 PM
1170040654,CAMDEN,1 Driver/Rider,1 Male,25-59,39,1,3 Slight,-2 Unknown,-2 N/A,3 Powered 2 Wheeler,GRAYS INN ROAD J/W ELM STREET,2,08/05/2017 06:30:00 AM,Monday,6.30,3 Bor,A,5200,6 Single Cwy,2 30 MPH,99 Unknown (S/R),9 Unknown (S/R),Unclassified,0,9 Unknown (S/R),1 Daylight,9 Unknown,9 Unknown (S/R),9 Unknown (S/R),9 Unknown (S/R),530920,182110,-0.114297,51.522743,,,Unknown,"(51.522743, -0.114297)",http://opendatacommunities.org/id/london-borough-council/camden,7009,21/12/2020 02:48:39 PM
1180146664,CAMDEN,2 Passenger,2 Female,25-59,47,1,3 Slight,-2 Unknown,-2 N/A,4 Car,FINCHLEY ROAD J/W BLACKBURN ROAD,2,19/11/2018 08:20:00 PM,Monday,20.20,1 TLRN,A,41,3 Dual Cwy,2 30 MPH,7 Multi Jun,2 Auto Sig,Unclassified,0,5 Pedn Phase At Ats,2 Dark,8 Other,2 Road-Wet,0 None,0 None,526225,184841,-0.180956,51.548354,,,Unknown,"(51.548354, -0.180956)",http://opendatacommunities.org/id/london-borough-council/camden,8532,21/12/2020 02:48:43 PM
1180126993,CAMDEN,2 Passenger,2 Female,25-59,33,1,3 Slight,-2 Unknown,-2 N/A,6 Bus Or Coach,A501 10M E OF J/W KINGS CROSS ROAD,2,14/08/2018 03:00:00 PM,Tuesday,15.00,1 TLRN,A,501,2 One-Way St,2 30 MPH,7 Multi Jun,2 Auto Sig,A,501,4 Pelican Or Similar,1 Daylight,1 Fine,1 Road-Dry,0 None,0 None,530540,183010,-0.119438,51.530919,,,Unknown,"(51.530919, -0.119438)",http://opendatacommunities.org/id/london-borough-council/camden,8247,21/12/2020 02:48:42 PM
1170042585,CAMDEN,1 Driver/Rider,1 Male,25-59,38,1,3 Slight,-2 Unknown,-2 N/A,2 Pedal Cycle,UPPER WOBURN PLACE J/W ENDSLEIGH PLACE,2,25/05/2017 09:00:00 AM,Thursday,9.00,3 Bor,A,4200,6 Single Cwy,2 30 MPH,6 Crossroads,4 Give Way/Uncontrolled,Unclassified,0,1 Zebra,1 Daylight,1 Fine,1 Road-Dry,0 None,0 None,529860,182450,-0.129442,51.526043,,,Unknown,"(51.526043, -0.129442)",http://opendatacommunities.org/id/london-borough-council/camden,7035,21/12/2020 02:48:39 PM
1170055312,CAMDEN,1 Driver/Rider,1 Male,16-24,19,1,3 Slight,-2 Unknown,-2 N/A,4 Car,ROYAL COLLEGE STREET J/W FARRIER STREET,2,21/08/2017 09:15:00 PM,Monday,21.15,3 Bor,A,5202,7 Slip Rd,1 <= 20 MPH,3 T/Stag Jun,1 Auth Person,A,5202,1 Zebra,2 Dark,1 Fine,1 Road-Dry,0 None,0 None,529060,184400,-0.140253,51.54375,,,Unknown,"(51.54375, -0.140253)",http://opendatacommunities.org/id/london-borough-council/camden,7263,21/12/2020 02:48:40 PM
1180147462,CAMDEN,3 Pedestrian,2 Female,25-59,27,1,3 Slight,01 Crossing Road On Ped Xing,3 From Drivers O/Side,1 Pedestrian,ADELAIDE ROAD J/W BRIDGE APPROACH,4,22/11/2018 06:40:00 PM,Thursday,18.40,3 Bor,B,509,6 Single Cwy,1 <= 20 MPH,7 Multi Jun,4 Give Way/Uncontrolled,Unclassified,0,1 Zebra,2 Dark,1 Fine,1 Road-Dry,0 None,0 None,528060,184390,-0.15467,51.543888,,,Unknown,"(51.543888, -0.15467)",http://opendatacommunities.org/id/london-borough-council/camden,8543,21/12/2020 02:48:43 PM
1160008859,CAMDEN,1 Driver/Rider,1 Male,25-59,30,1,3 Slight,-2 Unknown,-2 N/A,2 Pedal Cycle,HIGHGATE ROAD 10M S OF J/W GROVE TERRACE,4,27/12/2016 01:45:00 PM,Tuesday,13.45,3 Bor,C,0,6 Single Cwy,1 <= 20 MPH,3 T/Stag Jun,4 Give Way/Uncontrolled,Unclassified,0,4 Pelican Or Similar,1 Daylight,1 Fine,1 Road-Dry,0 None,0 None,528440,186030,-0.148594,51.55854,,,Unknown,"(51.55854, -0.148594)",http://opendatacommunities.org/id/london-borough-council/camden,5809,21/12/2020 02:48:37 PM
1170021074,CAMDEN,1 Driver/Rider,2 Female,25-59,27,1,3 Slight,-2 Unknown,-2 N/A,4 Car,FROGNAL RISE J/W LOWER TERRACE,2,25/02/2017 04:38:00 PM,Saturday,16.38,3 Bor,Unclassified,0,6 Single Cwy,1 <= 20 MPH,3 T/Stag Jun,4 Give Way/Uncontrolled,Unclassified,0,0 No Xing Facility In 50m,1 Daylight,2 Raining,2 Road-Wet,0 None,0 None,526140,186030,-0.181755,51.559059,,,Unknown,"(51.559059, -0.181755)",http://opendatacommunities.org/id/london-borough-council/camden,6715,21/12/2020 02:48:39 PM
1180103293,CAMDEN,3 Pedestrian,1 Male,0-15,3,1,3 Slight,05 Crossing Road (Not On Xing),9 Unknown Or Other,1 Pedestrian,KENTISH TOWN ROAD 12M N OF J/W PATSHULL ROAD NW5,1,22/04/2018 06:45:00 PM,Sunday,18.45,3 Bor,A,400,6 Single Cwy,1 <= 20 MPH,3 T/Stag Jun,2 Auto Sig,Unclassified,0,0 No Xing Facility In 50m,1 Daylight,1 Fine,1 Road-Dry,0 None,0 None,528960,184810,-0.141544,51.547458,,,Unknown,"(51.547458, -0.141544)",http://opendatacommunities.org/id/london-borough-council/camden,7920,21/12/2020 02:48:41 PM
0115EK40360,CAMDEN,1 Driver/Rider,1 Male,16-24,19,1,3 Slight,-2 Unknown,-2 N/A,3 Powered 2 Wheeler,CAMDEN STREET J/W CAMDEN ROAD,2,08/05/2015 09:13:00 PM,Friday,21.13,1 TLRN,A,400,6 Single Cwy,2 30 MPH,6 Crossroads,2 Auto Sig,A,503,5 Pedn Phase At Ats,2 Dark,8 Other,2 Road-Wet,0 None,0 None,529090,184030,-0.139957,51.540418,,,Unknown,"(51.540418, -0.139957)",http://opendatacommunities.org/id/london-borough-council/camden,4867,21/12/2020 02:48:36 PM
1170042029,CAMDEN,1 Driver/Rider,2 Female,25-59,26,1,3 Slight,-2 Unknown,-2 N/A,2 Pedal Cycle,CALTHORPE STREET WC1 J/W PHEONIX PLACE WC1,2,08/06/2017 10:30:00 PM,Thursday,22.30,3 Bor,B,502,6 Single Cwy,1 <= 20 MPH,3 T/Stag Jun,4 Give Way/Uncontrolled,C,0,0 No Xing Facility In 50m,2 Dark,2 Raining,2 Road-Wet,0 None,0 None,530910,182410,-0.11433,51.525441,,,Unknown,"(51.525441, -0.11433)",http://opendatacommunities.org/id/london-borough-council/camden,7026,21/12/2020 02:48:39 PM