Reference,London Borough Name,Casualty Class,Casualty Sex,Casualty Age Band,Casualty Age,Number Of Casualties,Casualty Severity,Pedestrian Location,Pedestrian Movement,Mode Of Travel,Attendant Location,Number Of Vehicles,Date,Day,Time,Highway,Road Class 1,Road Number 1,Road Type,Speed Limit,Junction Detail,Junction Control,Road Class 2,Road Number 2,Pedestrian Crossing,Light Condition Band,Weather,Road Surface,Special Conditions,Carriage Way Hazard,Easting,Northing,Longitude,Latitude,Ward Code,Ward Name,Spatial Accuracy,Location,Organisation URI,Socrata ID,Last Uploaded
0116EK40561,CAMDEN,1 Driver/Rider,1 Male,25-59,38,1,3 Slight,-2 Unknown,-2 N/A,2 Pedal Cycle,OUTER CIRCLE J/W CHESTER ROAD.,2,14/08/2016 07:40:00 PM,Sunday,19.40,3 Bor,Unclassified,0,6 Single Cwy,2 30 MPH,3 T/Stag Jun,4 Give Way/Uncontrolled,Unclassified,0,0 No Xing Facility In 50m,1 Daylight,1 Fine,1 Road-Dry,0 None,0 None,528700,182740,-0.146048,51.528914,,,Unknown,"(51.528914, -0.146048)",http://opendatacommunities.org/id/london-borough-council/camden,6453,21/12/2020 02:48:38 PM
0116EK40239,CAMDEN,3 Pedestrian,2 Female,16-24,22,1,2 Serious,05 Crossing Road (Not On Xing),4 From Drivers O/Side Msk,1 Pedestrian,FORTRESS ROAD 57M SOUTH J/W BRECKNOCK ROAD,1,14/01/2016 11:50:00 AM,Thursday,11.50,3 Bor,A,400,6 Single Cwy,2 30 MPH,0 No Jun In 20m,-2 Not Applicable,-2 Not Applicable,0,0 No Xing Facility In 50m,1 Daylight,1 Fine,1 Road-Dry,0 None,0 None,529120,185800,-0.138875,51.556318,,,Unknown,"(51.556318, -0.138875)",http://opendatacommunities.org/id/london-borough-council/camden,6177,21/12/2020 02:48:38 PM
1180108282,CAMDEN,1 Driver/Rider,2 Female,25-59,40,1,3 Slight,-2 Unknown,-2 N/A,2 Pedal Cycle,OAKLEY SQUARE J/W EVERSHOLT STREET,2,16/05/2018 08:56:00 AM,Wednesday,8.56,1 TLRN,A,400,2 One-Way St,1 <= 20 MPH,7 Multi Jun,2 Auto Sig,A,4200,5 Pedn Phase At Ats,1 Daylight,1 Fine,1 Road-Dry,0 None,0 None,529320,183220,-0.136939,51.533086,,,Unknown,"(51.533086, -0.136939)",http://opendatacommunities.org/id/london-borough-council/camden,7996,21/12/2020 02:48:42 PM
1170064483,CAMDEN,1 Driver/Rider,2 Female,25-59,28,1,3 Slight,-2 Unknown,-2 N/A,4 Car,FINCHLEY ROAD J/W HILGROVE ROAD,2,14/10/2017 10:58:00 AM,Saturday,10.58,1 TLRN,A,41,2 One-Way St,2 30 MPH,6 Crossroads,2 Auto Sig,B,509,5 Pedn Phase At Ats,1 Daylight,1 Fine,1 Road-Dry,0 None,0 None,526630,184100,-0.175384,51.541604,,,Unknown,"(51.541604, -0.175384)",http://opendatacommunities.org/id/london-borough-council/camden,7417,21/12/2020 02:48:40 PM
0115QK50703,CAMDEN,2 Passenger,2 Female,25-59,41,1,3 Slight,-2 Unknown,-2 N/A,6 Bus Or Coach,KILBURN HIGH RD 40M NORTH WEST OF J/W BIRCHINGTON RD,1,10/09/2015 12:30:00 PM,Thursday,12.30,3 Bor,A,5,6 Single Cwy,2 30 MPH,0 No Jun In 20m,-2 Not Applicable,-2 Not Applicable,0,0 No Xing Facility In 50m,1 Daylight,1 Fine,1 Road-Dry,0 None,0 None,525270,183800,-0.195092,51.539211,,,Unknown,"(51.539211, -0.195092)",http://opendatacommunities.org/id/london-borough-council/camden,5625,21/12/2020 02:48:37 PM
1190167487,CAMDEN,3 PEDESTRIAN,1 MALE,25-59,31,1,2 SERIOUS,05 CROSSING ROAD (NOT ON XING),1 FROM DRIVERS N/SIDE,1 PEDESTRIAN,"On Bloomsbury Way, 40 metres south of the junction with Bury Place.",1,07/03/2019 09:30:00 AM,Thursday,9.30,3 BOR,A,40,3 DUAL CWY,20,00 NO JUN IN 20M,,0,0,9 UNKNOWN (S/R),2 DAYLIGHT,1 FINE,1 ROAD-DRY,0 NONE,0 NONE,530259,181517,-0.124039,51.517566,,,Unknown,"(51.517566, -0.124039)",http://opendatacommunities.org/id/london-borough-council/camden,8826,21/12/2020 02:48:43 PM
1170050978,CAMDEN,1 Driver/Rider,1 Male,25-59,29,1,2 Serious,-2 Unknown,-2 N/A,3 Powered 2 Wheeler,KILBURN HIGH ROAD J/W KINGSGATE ROAD,2,28/07/2017 09:20:00 AM,Friday,9.20,3 Bor,A,5,6 Single Cwy,2 30 MPH,3 T/Stag Jun,4 Give Way/Uncontrolled,Unclassified,0,0 No Xing Facility In 50m,1 Daylight,1 Fine,1 Road-Dry,0 None,0 None,525100,184040,-0.197456,51.541406,,,Unknown,"(51.541406, -0.197456)",http://opendatacommunities.org/id/london-borough-council/camden,7197,21/12/2020 02:48:40 PM
0115EK40906,CAMDEN,1 Driver/Rider,1 Male,25-59,28,1,3 Slight,-2 Unknown,-2 N/A,4 Car,"FREIGHT LANE, 120 METRES WEST OF YORK WAY.",2,09/10/2015 02:40:00 PM,Friday,14.40,3 Bor,Unclassified,0,6 Single Cwy,2 30 MPH,8 Priv Drive,4 Give Way/Uncontrolled,Unclassified,0,0 No Xing Facility In 50m,1 Daylight,1 Fine,1 Road-Dry,0 None,0 None,530030,184030,-0.12641,51.540203,,,Unknown,"(51.540203, -0.12641)",http://opendatacommunities.org/id/london-borough-council/camden,5345,21/12/2020 02:48:37 PM
1190175816,CAMDEN,1 DRIVER/RIDER,1 MALE,25-59,47,1,3 SLIGHT,'-2 NOT APPLICABLE,'-2 NOT APPLICABLE,2 PEDAL CYCLE,"On Southampton Row, near the junction with Kingsway.",2,18/04/2019 12:55:00 PM,Thursday,12.55,3 BOR,A,401,2 ONE-WAY ST,20,06 CROSSROADS,2 AUTO SIG,A,4200,0 NO XING FACILITY IN 50M,2 DAYLIGHT,1 FINE,1 ROAD-DRY,0 NONE,0 NONE,530465,181684,-0.12101,51.519019,,,Unknown,"(51.519019, -0.12101)",http://opendatacommunities.org/id/london-borough-council/camden,8934,21/12/2020 02:48:44 PM
1190227001,CAMDEN,3 PEDESTRIAN,1 MALE,25-59,49,1,3 SLIGHT,01 CROSSING ROAD ON PED XING,'-2 NOT APPLICABLE,1 PEDESTRIAN,"On Chalk Farm Road, 25 metres south of the junction with Eton Park Road .",1,23/12/2019 05:10:00 PM,Monday,17.10,3 BOR,B,509,6 SINGLE CWY,20,00 NO JUN IN 20M,,0,0,1 ZEBRA,1 DARK,1 FINE,1 ROAD-DRY,0 NONE,0 NONE,528077,184397,-0.154422,51.543947,,,Unknown,"(51.543947, -0.154422)",http://opendatacommunities.org/id/london-borough-council/camden,9648,21/12/2020 02:48:45 PM
0116EK40137,CAMDEN,1 Driver/Rider,2 Female,25-59,28,1,3 Slight,-2 Unknown,-2 N/A,4 Car,EUSTON RD 112M NORTH EAST OF J/W EUSTON RD SLIP RD,2,10/03/2016 12:08:00 PM,Thursday,12.08,1 TLRN,A,501,3 Dual Cwy,2 30 MPH,0 No Jun In 20m,-2 Not Applicable,-2 Not Applicable,0,0 No Xing Facility In 50m,1 Daylight,1 Fine,1 Road-Dry,0 None,0 None,529170,182280,-0.139445,51.524673,,,Unknown,"(51.524673, -0.139445)",http://opendatacommunities.org/id/london-borough-council/camden,6095,21/12/2020 02:48:38 PM
1190211308,CAMDEN,3 PEDESTRIAN,1 MALE,16-24,24,1,3 SLIGHT,10 UNKNOWN OR OTHER,'-2 NOT APPLICABLE,1 PEDESTRIAN,"On Bartholomew Road, near the junction with GAISFORD ROAD.",1,13/10/2019 04:00:00 AM,Sunday,4.00,3 BOR,6,0,3 DUAL CWY,20,07 MULTI JUN,4 GIVE WAY/UNCONTROLLED,6,0,0 NO XING FACILITY IN 50M,1 DARK,2 RAINING,2 ROAD-WET,0 NONE,0 NONE,529401,184831,-0.13518,51.547546,,,Unknown,"(51.547546, -0.13518)",http://opendatacommunities.org/id/london-borough-council/camden,9428,21/12/2020 02:48:44 PM
1180135043,CAMDEN,1 Driver/Rider,1 Male,25-59,25,1,3 Slight,-2 Unknown,-2 N/A,2 Pedal Cycle,SOUTHAMPTON ROW J/W VERNON PLACE,2,26/09/2018 11:47:00 AM,Wednesday,11.47,3 Bor,A,4200,6 Single Cwy,1 <= 20 MPH,6 Crossroads,2 Auto Sig,A,401,5 Pedn Phase At Ats,1 Daylight,1 Fine,1 Road-Dry,0 None,0 None,530450,181650,-0.121238,51.518717,,,Unknown,"(51.518717, -0.121238)",http://opendatacommunities.org/id/london-borough-council/camden,8356,21/12/2020 02:48:42 PM
0116EK40482,CAMDEN,1 Driver/Rider,1 Male,25-59,34,1,3 Slight,-2 Unknown,-2 N/A,2 Pedal Cycle,PANCRAS ROAD 60M N OF J/W EUSTON ROAD,2,08/07/2016 07:52:00 AM,Friday,7.52,3 Bor,A,5202,6 Single Cwy,2 30 MPH,0 No Jun In 20m,-2 Not Applicable,-2 Not Applicable,0,0 No Xing Facility In 50m,1 Daylight,1 Fine,1 Road-Dry,0 None,0 None,530180,182950,-0.124647,51.530462,,,Unknown,"(51.530462, -0.124647)",http://opendatacommunities.org/id/london-borough-council/camden,6391,21/12/2020 02:48:38 PM
1160025677,CAMDEN,1 Driver/Rider,1 Male,25-59,30,1,3 Slight,-2 Unknown,-2 N/A,3 Powered 2 Wheeler,EUSTON ROAD 25M E OF J/W CONWAY STREET,2,17/10/2016 07:30:00 PM,Monday,19.30,1 TLRN,A,501,3 Dual Cwy,2 30 MPH,0 No Jun In 20m,-2 Not Applicable,-2 Not Applicable,0,4 Pelican Or Similar,2 Dark,1 Fine,1 Road-Dry,0 None,0 None,529050,182220,-0.141196,51.524161,,,Unknown,"(51.524161, -0.141196)",http://opendatacommunities.org/id/london-borough-council/camden,5952,21/12/2020 02:48:38 PM
1170037628,CAMDEN,1 Driver/Rider,1 Male,25-59,54,1,3 Slight,-2 Unknown,-2 N/A,2 Pedal Cycle,EUSTON ROAD J/W FITZROY STREET,2,11/05/2017 06:00:00 PM,Thursday,18.00,1 TLRN,A,501,7 Slip Rd,2 30 MPH,3 T/Stag Jun,4 Give Way/Uncontrolled,Unclassified,0,0 No Xing Facility In 50m,1 Daylight,9 Unknown,1 Road-Dry,0 None,9 Unknown (S/R),529090,182230,-0.140616,51.524242,,,Unknown,"(51.524242, -0.140616)",http://opendatacommunities.org/id/london-borough-council/camden,6968,21/12/2020 02:48:39 PM
0115EK40501,CAMDEN,2 Passenger,1 Male,60+,90,1,3 Slight,-2 Unknown,-2 N/A,6 Bus Or Coach,ADELAIDE ROAD 50M E OF J/W AVENEU ROAD,1,22/06/2015 04:22:00 PM,Monday,16.22,3 Bor,B,509,6 Single Cwy,2 30 MPH,0 No Jun In 20m,-2 Not Applicable,-2 Not Applicable,0,5 Pedn Phase At Ats,1 Daylight,1 Fine,1 Road-Dry,0 None,0 None,526820,184140,-0.172632,51.541921,,,Unknown,"(51.541921, -0.172632)",http://opendatacommunities.org/id/london-borough-council/camden,4992,21/12/2020 02:48:36 PM
0115EK40979,CAMDEN,1 Driver/Rider,1 Male,60+,66,1,3 Slight,-2 Unknown,-2 N/A,5 Taxi,CAMDEN ROAD J/W ROCHESTER PLACE.,2,04/11/2015 05:10:00 PM,Wednesday,17.10,1 TLRN,A,503,6 Single Cwy,2 30 MPH,3 T/Stag Jun,4 Give Way/Uncontrolled,Unclassified,0,5 Pedn Phase At Ats,2 Dark,1 Fine,1 Road-Dry,0 None,0 None,529280,184330,-0.137108,51.543071,,,Unknown,"(51.543071, -0.137108)",http://opendatacommunities.org/id/london-borough-council/camden,5409,21/12/2020 02:48:37 PM
0115EK41125,CAMDEN,3 Pedestrian,2 Female,25-59,55,1,3 Slight,01 Crossing Road On Ped Xing,3 From Drivers O/Side,1 Pedestrian,EVERSHOLT STREET J/W GRAFTON PLACE.,1,15/12/2015 05:45:00 PM,Tuesday,17.45,3 Bor,A,4200,6 Single Cwy,2 30 MPH,6 Crossroads,2 Auto Sig,A,4200,5 Pedn Phase At Ats,2 Dark,5 Raining/High Winds,2 Road-Wet,0 None,0 None,529710,182650,-0.13153,51.527874,,,Unknown,"(51.527874, -0.13153)",http://opendatacommunities.org/id/london-borough-council/camden,5536,21/12/2020 02:48:37 PM
1170021507,CAMDEN,3 Pedestrian,2 Female,25-59,30,1,3 Slight,01 Crossing Road On Ped Xing,3 From Drivers O/Side,1 Pedestrian,EUSTON ROAD 1M W OF J/W YORK WAY N1,1,27/02/2017 02:48:00 PM,Monday,14.48,1 TLRN,A,501,3 Dual Cwy,1 <= 20 MPH,3 T/Stag Jun,2 Auto Sig,A,5200,5 Pedn Phase At Ats,1 Daylight,4 Fine/High Winds,2 Road-Wet,0 None,0 None,530310,182960,-0.122771,51.530522,,,Unknown,"(51.530522, -0.122771)",http://opendatacommunities.org/id/london-borough-council/camden,6725,21/12/2020 02:48:39 PM
0115EK40325,CAMDEN,3 Pedestrian,1 Male,25-59,44,1,3 Slight,04 Crossing Road Within 50m Xing,3 From Drivers O/Side,1 Pedestrian,EUSTON ROAD J/W JUDD STREET,1,27/04/2015 08:20:00 PM,Monday,20.20,1 TLRN,A,501,6 Single Cwy,2 30 MPH,6 Crossroads,2 Auto Sig,B,504,5 Pedn Phase At Ats,2 Dark,1 Fine,1 Road-Dry,1 Traf Sig Out,0 None,530090,182800,-0.125999,51.529135,,,Unknown,"(51.529135, -0.125999)",http://opendatacommunities.org/id/london-borough-council/camden,4843,21/12/2020 02:48:36 PM
1190156461,CAMDEN,1 DRIVER/RIDER,1 MALE,25-59,30,1,3 SLIGHT,'-2 NOT APPLICABLE,'-2 NOT APPLICABLE,3 POWERED 2 WHEELER,"On Finchley Road, near the junction with HEATH DRIVE.",2,09/01/2019 08:40:00 AM,Wednesday,8.40,1 TLRN,A,41,3 DUAL CWY,30,03 T/STAG JUN,2 AUTO SIG,6,0,0 NO XING FACILITY IN 50M,2 DAYLIGHT,1 FINE,1 ROAD-DRY,0 NONE,0 NONE,525576,185427,-0.190102,51.553765,,,Unknown,"(51.553765, -0.190102)",http://opendatacommunities.org/id/london-borough-council/camden,8675,21/12/2020 02:48:43 PM
1190188415,CAMDEN,1 DRIVER/RIDER,2 FEMALE,25-59,53,1,2 SERIOUS,'-2 NOT APPLICABLE,'-2 NOT APPLICABLE,2 PEDAL CYCLE,"On Farringdon Road, near the junction with Greville.",3,19/06/2019 07:20:00 PM,Wednesday,19.20,1 TLRN,A,201,6 SINGLE CWY,30,99 UNKNOWN (S/R),9 UNKNOWN (S/R),6,0,1 ZEBRA,2 DAYLIGHT,1 FINE,1 ROAD-DRY,0 NONE,0 NONE,531519,181790,-0.105788,51.519728,,,Unknown,"(51.519728, -0.105788)",http://opendatacommunities.org/id/london-borough-council/camden,9118,21/12/2020 02:48:44 PM
1190227529,CAMDEN,3 PEDESTRIAN,1 MALE,60+,69,2,3 SLIGHT,05 CROSSING ROAD (NOT ON XING),'-2 NOT APPLICABLE,1 PEDESTRIAN,"On Kilburn High Road, near the junction with Brondesbury Villas.",1,28/12/2019 02:44:00 PM,Saturday,14.44,3 BOR,A,5,6 SINGLE CWY,30,03 T/STAG JUN,4 GIVE WAY/UNCONTROLLED,B,451,4 PELICAN OR SIMILAR,2 DAYLIGHT,1 FINE,1 ROAD-DRY,0 NONE,0 NONE,525329,183715,-0.194272,51.538434,,,Unknown,"(51.538434, -0.194272)",http://opendatacommunities.org/id/london-borough-council/camden,9652,21/12/2020 02:48:45 PM
0116EK40245,CAMDEN,1 Driver/Rider,1 Male,16-24,22,1,3 Slight,-2 Unknown,-2 N/A,3 Powered 2 Wheeler,CASTLEHAVEN ROAD J/W LEYBOURNE ROAD,2,17/01/2016 03:50:00 PM,Sunday,15.50,3 Bor,C,0,6 Single Cwy,2 30 MPH,3 T/Stag Jun,4 Give Way/Uncontrolled,Unclassified,0,0 No Xing Facility In 50m,1 Daylight,1 Fine,2 Road-Wet,0 None,0 None,528740,184240,-0.144924,51.542385,,,Unknown,"(51.542385, -0.144924)",http://opendatacommunities.org/id/london-borough-council/camden,6183,21/12/2020 02:48:38 PM
0115EK40125,CAMDEN,1 Driver/Rider,1 Male,16-24,21,1,3 Slight,-2 Unknown,-2 N/A,3 Powered 2 Wheeler,CAMDEN STREET J/W GREENLAND ROAD,1,09/02/2015 12:35:00 AM,Monday,0.35,1 TLRN,A,400,6 Single Cwy,2 30 MPH,3 T/Stag Jun,4 Give Way/Uncontrolled,Unclassified,0,0 No Xing Facility In 50m,2 Dark,1 Fine,1 Road-Dry,0 None,0 None,529130,183960,-0.139406,51.53978,,,Unknown,"(51.53978, -0.139406)",http://opendatacommunities.org/id/london-borough-council/camden,4677,21/12/2020 02:48:36 PM
1180124717,CAMDEN,1 Driver/Rider,1 Male,25-59,33,1,3 Slight,-2 Unknown,-2 N/A,3 Powered 2 Wheeler,CRESSY ROAD J/W AGINCOURT ROAD,2,14/07/2018 11:04:00 PM,Saturday,23.04,3 Bor,Unclassified,0,2 One-Way St,1 <= 20 MPH,3 T/Stag Jun,3 Stop Sign,C,0,0 No Xing Facility In 50m,2 Dark,1 Fine,1 Road-Dry,0 None,0 None,527589,185553,-0.161036,51.554446,,,Unknown,"(51.554446, -0.161036)",http://opendatacommunities.org/id/london-borough-council/camden,8220,21/12/2020 02:48:42 PM
0116EK40475,CAMDEN,1 Driver/Rider,2 Female,16-24,24,1,3 Slight,-2 Unknown,-2 N/A,2 Pedal Cycle,NFL- WEST END LANE 25M W OF J/W BLACKBURN ROAD,2,06/07/2016 07:29:00 PM,Wednesday,19.29,3 Bor,B,510,6 Single Cwy,2 30 MPH,0 No Jun In 20m,-2 Not Applicable,-2 Not Applicable,0,4 Pelican Or Similar,1 Daylight,1 Fine,1 Road-Dry,0 None,0 None,525520,184700,-0.191168,51.547244,,,Unknown,"(51.547244, -0.191168)",http://opendatacommunities.org/id/london-borough-council/camden,6383,21/12/2020 02:48:38 PM
1160006829,CAMDEN,1 Driver/Rider,1 Male,25-59,33,1,3 Slight,-2 Unknown,-2 N/A,3 Powered 2 Wheeler,FARRINGDON STREET J/W CHARTERHOUSE STREET,2,14/12/2016 07:00:00 AM,Wednesday,7.00,1 TLRN,A,201,6 Single Cwy,1 <= 20 MPH,6 Crossroads,2 Auto Sig,B,500,5 Pedn Phase At Ats,1 Daylight,1 Fine,1 Road-Dry,0 None,0 None,531550,181650,-0.105393,51.518463,,,Unknown,"(51.518463, -0.105393)",http://opendatacommunities.org/id/london-borough-council/camden,5773,21/12/2020 02:48:37 PM
1190158256,CAMDEN,1 DRIVER/RIDER,1 MALE,25-59,35,1,3 SLIGHT,'-2 NOT APPLICABLE,'-2 NOT APPLICABLE,3 POWERED 2 WHEELER,"On Cartwright Gardens, 15 metres north of the junction with Leigh Street.",2,18/01/2019 03:45:00 PM,Friday,15.45,3 BOR,6,0,3 DUAL CWY,20,07 MULTI JUN,4 GIVE WAY/UNCONTROLLED,6,0,0 NO XING FACILITY IN 50M,2 DAYLIGHT,1 FINE,1 ROAD-DRY,0 NONE,0 NONE,530046,182576,-0.126716,51.527132,,,Unknown,"(51.527132, -0.126716)",http://opendatacommunities.org/id/london-borough-council/camden,8703,21/12/2020 02:48:43 PM
0115EK40671,CAMDEN,1 Driver/Rider,1 Male,25-59,31,1,3 Slight,-2 Unknown,-2 N/A,3 Powered 2 Wheeler,KENTISH TOWN ROAD 35M N OF CAMDEN GARDENS,2,05/08/2015 06:00:00 PM,Wednesday,18.00,3 Bor,A,400,6 Single Cwy,2 30 MPH,0 No Jun In 20m,-2 Not Applicable,-2 Not Applicable,0,0 No Xing Facility In 50m,1 Daylight,2 Raining,2 Road-Wet,0 None,0 None,528940,184220,-0.142049,51.54216,,,Unknown,"(51.54216, -0.142049)",http://opendatacommunities.org/id/london-borough-council/camden,5145,21/12/2020 02:48:36 PM
1180098018,CAMDEN,3 Pedestrian,2 Female,25-59,47,1,3 Slight,05 Crossing Road (Not On Xing),1 From Drivers N/Side,1 Pedestrian,WEST END LANE 73M S OF J/W BLACKBURN ROAD,1,24/03/2018 02:00:00 AM,Saturday,2.00,3 Bor,B,510,3 Dual Cwy,1 <= 20 MPH,0 No Jun In 20m,-2 Not Applicable,-2 Not Applicable,0,5 Pedn Phase At Ats,2 Dark,2 Raining,2 Road-Wet,0 None,0 None,525520,184587,-0.191208,51.546228,,,Unknown,"(51.546228, -0.191208)",http://opendatacommunities.org/id/london-borough-council/camden,7836,21/12/2020 02:48:41 PM
1190166542,CAMDEN,1 DRIVER/RIDER,1 MALE,25-59,49,1,3 SLIGHT,'-2 NOT APPLICABLE,'-2 NOT APPLICABLE,3 POWERED 2 WHEELER,"On Loudoun Road, near the junction with alexandra road.",2,02/03/2019 10:10:00 PM,Saturday,22.10,3 BOR,6,0,6 SINGLE CWY,20,03 T/STAG JUN,4 GIVE WAY/UNCONTROLLED,6,0,0 NO XING FACILITY IN 50M,1 DARK,1 FINE,1 ROAD-DRY,0 NONE,0 NONE,526383,183995,-0.178982,51.540716,,,Unknown,"(51.540716, -0.178982)",http://opendatacommunities.org/id/london-borough-council/camden,8815,21/12/2020 02:48:43 PM
1170059196,CAMDEN,1 Driver/Rider,1 Male,25-59,30,1,3 Slight,-2 Unknown,-2 N/A,3 Powered 2 Wheeler,AVENUE ROAD J/W ELSWORTHY ROAD,2,15/09/2017 10:02:00 AM,Friday,10.02,3 Bor,B,525,6 Single Cwy,2 30 MPH,6 Crossroads,4 Give Way/Uncontrolled,Unclassified,0,0 No Xing Facility In 50m,1 Daylight,1 Fine,1 Road-Dry,0 None,0 None,526960,183830,-0.170726,51.539103,,,Unknown,"(51.539103, -0.170726)",http://opendatacommunities.org/id/london-borough-council/camden,7322,21/12/2020 02:48:40 PM
1160006367,CAMDEN,3 Pedestrian,2 Female,25-59,45,1,2 Serious,01 Crossing Road On Ped Xing,1 From Drivers N/Side,1 Pedestrian,EUSTON ROAD J/W YORK WAY,1,12/12/2016 06:17:00 AM,Monday,6.17,1 TLRN,A,501,3 Dual Cwy,2 30 MPH,7 Multi Jun,2 Auto Sig,A,501,4 Pelican Or Similar,2 Dark,1 Fine,1 Road-Dry,0 None,0 None,530310,182970,-0.122767,51.530612,,,Unknown,"(51.530612, -0.122767)",http://opendatacommunities.org/id/london-borough-council/camden,5766,21/12/2020 02:48:37 PM
1170020127,CAMDEN,1 Driver/Rider,1 Male,Unknown,0,1,3 Slight,-2 Unknown,-2 N/A,2 Pedal Cycle,CASTLEHAVEN ROAD J/W LEWIS STREET,2,21/02/2017 03:20:00 PM,Tuesday,15.20,3 Bor,C,0,2 One-Way St,2 30 MPH,6 Crossroads,4 Give Way/Uncontrolled,Unclassified,0,1 Zebra,1 Daylight,1 Fine,1 Road-Dry,0 None,0 None,528790,184510,-0.144104,51.5448,,,Unknown,"(51.5448, -0.144104)",http://opendatacommunities.org/id/london-borough-council/camden,6699,21/12/2020 02:48:39 PM
1190202290,CAMDEN,1 DRIVER/RIDER,1 MALE,25-59,44,1,3 SLIGHT,'-2 NOT APPLICABLE,'-2 NOT APPLICABLE,2 PEDAL CYCLE,"On Theobalds Road, near the junction with John Street.",2,30/08/2019 11:10:00 AM,Friday,11.10,3 BOR,A,401,3 DUAL CWY,20,03 T/STAG JUN,4 GIVE WAY/UNCONTROLLED,6,0,0 NO XING FACILITY IN 50M,2 DAYLIGHT,1 FINE,1 ROAD-DRY,0 NONE,0 NONE,530893,181934,-0.114752,51.521167,,,Unknown,"(51.521167, -0.114752)",http://opendatacommunities.org/id/london-borough-council/camden,9313,21/12/2020 02:48:44 PM
1170044448,CAMDEN,2 Passenger,2 Female,25-59,32,1,3 Slight,-2 Unknown,-2 N/A,4 Car,KENTISH TOWN ROAD 100M W OF J/W FARRIER STREET,2,22/06/2017 02:50:00 PM,Thursday,14.50,3 Bor,A,400,6 Single Cwy,1 <= 20 MPH,0 No Jun In 20m,-2 Not Applicable,-2 Not Applicable,0,0 No Xing Facility In 50m,1 Daylight,1 Fine,1 Road-Dry,0 None,0 None,528970,184460,-0.141528,51.54431,,,Unknown,"(51.54431, -0.141528)",http://opendatacommunities.org/id/london-borough-council/camden,7069,21/12/2020 02:48:40 PM
1170051207,CAMDEN,1 Driver/Rider,1 Male,16-24,18,1,2 Serious,-2 Unknown,-2 N/A,4 Car,STANHOPE STREET J/W VARNDELL STREET,2,30/07/2017 08:11:00 PM,Sunday,20.11,3 Bor,Unclassified,0,6 Single Cwy,1 <= 20 MPH,6 Crossroads,4 Give Way/Uncontrolled,Unclassified,0,0 No Xing Facility In 50m,1 Daylight,1 Fine,1 Road-Dry,0 None,0 None,528990,182590,-0.141925,51.5275,,,Unknown,"(51.5275, -0.141925)",http://opendatacommunities.org/id/london-borough-council/camden,7206,21/12/2020 02:48:40 PM
0115QK50169,CAMDEN,2 Passenger,2 Female,25-59,59,1,2 Serious,-2 Unknown,-2 N/A,6 Bus Or Coach,"KILBURN HIGH ROAD, J/W BIRCHINGTON ROAD",1,10/02/2015 03:56:00 PM,Tuesday,15.56,3 Bor,A,5,6 Single Cwy,2 30 MPH,3 T/Stag Jun,4 Give Way/Uncontrolled,Unclassified,0,4 Pelican Or Similar,1 Daylight,1 Fine,1 Road-Dry,0 None,0 None,525290,183780,-0.194811,51.539027,,,Unknown,"(51.539027, -0.194811)",http://opendatacommunities.org/id/london-borough-council/camden,5615,21/12/2020 02:48:37 PM
1180087052,CAMDEN,1 Driver/Rider,1 Male,25-59,30,1,3 Slight,-2 Unknown,-2 N/A,3 Powered 2 Wheeler,EVERSHOLT STREET 21M S OF J/W PHEONIX ROAD,2,31/01/2018 11:00:00 PM,Wednesday,23.00,3 Bor,A,4200,6 Single Cwy,1 <= 20 MPH,0 No Jun In 20m,-2 Not Applicable,-2 Not Applicable,0,1 Zebra,2 Dark,1 Fine,1 Road-Dry,0 None,0 None,529560,182870,-0.13361,51.529886,,,Unknown,"(51.529886, -0.13361)",http://opendatacommunities.org/id/london-borough-council/camden,7706,21/12/2020 02:48:41 PM
1180126134,CAMDEN,1 Driver/Rider,1 Male,25-59,40,1,3 Slight,-2 Unknown,-2 N/A,3 Powered 2 Wheeler,SUMATRA ROAD 50M S OF J/W MILL LANE,1,09/08/2018 08:50:00 PM,Thursday,20.50,3 Bor,Unclassified,0,6 Single Cwy,1 <= 20 MPH,0 No Jun In 20m,-2 Not Applicable,-2 Not Applicable,0,0 No Xing Facility In 50m,2 Dark,2 Raining,2 Road-Wet,0 None,0 None,525033,185135,-0.198033,51.551261,,,Unknown,"(51.551261, -0.198033)",http://opendatacommunities.org/id/london-borough-council/camden,8238,21/12/2020 02:48:42 PM
1180153019,CAMDEN,3 Pedestrian,2 Female,25-59,28,1,3 Slight,01 Crossing Road On Ped Xing,9 Unknown Or Other,1 Pedestrian,PANCRAS ROAD 50M S OF J/W ST PANCRAS WAY THE NEAREST CLASSIFIED RO,1,18/12/2018 07:25:00 PM,Tuesday,19.25,3 Bor,A,5202,6 Single Cwy,1 <= 20 MPH,0 No Jun In 20m,-2 Not Applicable,-2 Not Applicable,0,1 Zebra,2 Dark,2 Raining,2 Road-Wet,0 None,0 None,529657,183470,-0.131991,51.535256,,,Unknown,"(51.535256, -0.131991)",http://opendatacommunities.org/id/london-borough-council/camden,8627,21/12/2020 02:48:43 PM
1160024591,CAMDEN,1 Driver/Rider,1 Male,25-59,26,1,3 Slight,-2 Unknown,-2 N/A,3 Powered 2 Wheeler,KENTISH TOWN ROAD J/W BARTHOLOMEW ROAD,2,06/10/2016 05:22:00 PM,Thursday,17.22,3 Bor,A,400,6 Single Cwy,2 30 MPH,6 Crossroads,4 Give Way/Uncontrolled,Unclassified,0,0 No Xing Facility In 50m,1 Daylight,1 Fine,1 Road-Dry,0 None,0 None,528950,184610,-0.141762,51.545663,,,Unknown,"(51.545663, -0.141762)",http://opendatacommunities.org/id/london-borough-council/camden,5913,21/12/2020 02:48:38 PM