Reference,London Borough Name,Casualty Class,Casualty Sex,Casualty Age Band,Casualty Age,Number Of Casualties,Casualty Severity,Pedestrian Location,Pedestrian Movement,Mode Of Travel,Attendant Location,Number Of Vehicles,Date,Day,Time,Highway,Road Class 1,Road Number 1,Road Type,Speed Limit,Junction Detail,Junction Control,Road Class 2,Road Number 2,Pedestrian Crossing,Light Condition Band,Weather,Road Surface,Special Conditions,Carriage Way Hazard,Easting,Northing,Longitude,Latitude,Ward Code,Ward Name,Spatial Accuracy,Location,Organisation URI,Socrata ID,Last Uploaded
1180097806,CAMDEN,1 Driver/Rider,1 Male,25-59,43,1,3 Slight,-2 Unknown,-2 N/A,5 Taxi,ENGLAND'S LANE J/W PRIMROSE GARDENS,2,23/03/2018 05:20:00 AM,Friday,5.20,3 Bor,C,0,6 Single Cwy,1 <= 20 MPH,3 T/Stag Jun,4 Give Way/Uncontrolled,Unclassified,0,0 No Xing Facility In 50m,1 Daylight,1 Fine,1 Road-Dry,0 None,0 None,527540,184610,-0.162085,51.545983,,,Unknown,"(51.545983, -0.162085)",http://opendatacommunities.org/id/london-borough-council/camden,7832,21/12/2020 02:48:41 PM
1190159891,CAMDEN,1 DRIVER/RIDER,1 MALE,25-59,54,1,3 SLIGHT,'-2 NOT APPLICABLE,'-2 NOT APPLICABLE,2 PEDAL CYCLE,"On Camden Street, 50 metres south of the junction with Kentish Town Road.. The nearest classified road was the A400",2,27/01/2019 05:40:00 PM,Sunday,17.40,3 BOR,A,400,2 ONE-WAY ST,20,00 NO JUN IN 20M,,0,0,0 NO XING FACILITY IN 50M,1 DARK,1 FINE,1 ROAD-DRY,0 NONE,0 NONE,528991,184225,-0.141312,51.542193,,,Unknown,"(51.542193, -0.141312)",http://opendatacommunities.org/id/london-borough-council/camden,8731,21/12/2020 02:48:43 PM
1170037135,CAMDEN,1 Driver/Rider,1 Male,25-59,50,1,3 Slight,-2 Unknown,-2 N/A,4 Car,CHALK FARM ROAD J/W HARTLAND ROAD,2,12/05/2017 08:20:00 PM,Friday,20.20,3 Bor,A,502,6 Single Cwy,1 <= 20 MPH,3 T/Stag Jun,4 Give Way/Uncontrolled,Unclassified,0,8 Central Refuge,1 Daylight,1 Fine,1 Road-Dry,0 None,0 None,528520,184220,-0.148102,51.542256,,,Unknown,"(51.542256, -0.148102)",http://opendatacommunities.org/id/london-borough-council/camden,6956,21/12/2020 02:48:39 PM
0116EK40585,CAMDEN,3 Pedestrian,2 Female,25-59,50,1,3 Slight,04 Crossing Road Within 50m Xing,1 From Drivers N/Side,1 Pedestrian,KILBURN HIGH ROAD J/W QUEX ROAD.,1,11/08/2016 06:19:00 AM,Thursday,6.19,3 Bor,A,5,6 Single Cwy,2 30 MPH,3 T/Stag Jun,2 Auto Sig,B,510,5 Pedn Phase At Ats,1 Daylight,1 Fine,1 Road-Dry,0 None,0 None,525240,183850,-0.195506,51.539667,,,Unknown,"(51.539667, -0.195506)",http://opendatacommunities.org/id/london-borough-council/camden,6468,21/12/2020 02:48:39 PM
0115EK41176,CAMDEN,1 Driver/Rider,1 Male,16-24,22,1,3 Slight,-2 Unknown,-2 N/A,2 Pedal Cycle,SHAFTESBURY AVENUE J/W HIGH HOLBORN,2,22/12/2015 10:15:00 PM,Tuesday,22.15,3 Bor,A,401,6 Single Cwy,2 30 MPH,6 Crossroads,2 Auto Sig,A,40,5 Pedn Phase At Ats,2 Dark,2 Raining,2 Road-Wet,0 None,0 None,530080,181310,-0.126693,51.515747,,,Unknown,"(51.515747, -0.126693)",http://opendatacommunities.org/id/london-borough-council/camden,5570,21/12/2020 02:48:37 PM
1190207111,CAMDEN,1 DRIVER/RIDER,1 MALE,16-24,22,1,3 SLIGHT,'-2 NOT APPLICABLE,9 UNKNOWN OR OTHER,3 POWERED 2 WHEELER,"On Burrard Road, 20 metres west of the junction with Finchley Road.",2,21/09/2019 04:15:00 PM,Saturday,16.15,1 TLRN,A,41,9 UNKNOWN,30,03 T/STAG JUN,9 UNKNOWN (S/R),6,0,9 UNKNOWN (S/R),2 DAYLIGHT,1 FINE,1 ROAD-DRY,0 NONE,0 NONE,525323,185618,-0.193681,51.555538,,,Unknown,"(51.555538, -0.193681)",http://opendatacommunities.org/id/london-borough-council/camden,9380,21/12/2020 02:48:44 PM
0115EK40276,CAMDEN,1 Driver/Rider,1 Male,25-59,53,1,3 Slight,-2 Unknown,-2 N/A,2 Pedal Cycle,NFL- GORDON HOUSE ROAD 48M NE OF J/W OAK VILLAGE,2,05/01/2015 06:00:00 PM,Monday,18.00,3 Bor,B,518,6 Single Cwy,2 30 MPH,0 No Jun In 20m,-2 Not Applicable,-2 Not Applicable,0,1 Zebra,2 Dark,9 Unknown,1 Road-Dry,0 None,0 None,528320,185650,-0.150463,51.555152,,,Unknown,"(51.555152, -0.150463)",http://opendatacommunities.org/id/london-borough-council/camden,4802,21/12/2020 02:48:36 PM
1170012595,CAMDEN,3 Pedestrian,2 Female,16-24,16,1,3 Slight,01 Crossing Road On Ped Xing,3 From Drivers O/Side,1 Pedestrian,SOUTH END ROAD J/W HEATH HURST ROAD,1,18/01/2017 03:52:00 PM,Wednesday,15.52,3 Bor,C,0,6 Single Cwy,1 <= 20 MPH,6 Crossroads,4 Give Way/Uncontrolled,Unclassified,0,1 Zebra,1 Daylight,1 Fine,1 Road-Dry,0 None,0 None,527220,185630,-0.166328,51.555221,,,Unknown,"(51.555221, -0.166328)",http://opendatacommunities.org/id/london-borough-council/camden,6595,21/12/2020 02:48:39 PM
1190182960,CAMDEN,1 DRIVER/RIDER,1 MALE,25-59,49,1,2 SERIOUS,'-2 NOT APPLICABLE,'-2 NOT APPLICABLE,2 PEDAL CYCLE,"On Montague Street, 100 metres south of the junction with Russell Square.",2,24/05/2019 07:35:00 AM,Friday,7.35,3 BOR,5,0,6 SINGLE CWY,20,00 NO JUN IN 20M,,0,0,4 PELICAN OR SIMILAR,2 DAYLIGHT,1 FINE,1 ROAD-DRY,0 NONE,0 NONE,530160,181757,-0.125376,51.519746,,,Unknown,"(51.519746, -0.125376)",http://opendatacommunities.org/id/london-borough-council/camden,9037,21/12/2020 02:48:44 PM
1170068449,CAMDEN,1 Driver/Rider,2 Female,25-59,43,1,3 Slight,-2 Unknown,-2 N/A,4 Car,HIGHGATE ROAD J/W CHETWYND ROAD,3,06/11/2017 02:15:00 PM,Monday,14.15,3 Bor,C,0,6 Single Cwy,2 30 MPH,9 Other Jun,2 Auto Sig,C,0,5 Pedn Phase At Ats,1 Daylight,1 Fine,1 Road-Dry,0 None,0 None,528580,185840,-0.146645,51.556801,,,Unknown,"(51.556801, -0.146645)",http://opendatacommunities.org/id/london-borough-council/camden,7486,21/12/2020 02:48:41 PM
1170039908,CAMDEN,3 Pedestrian,2 Female,25-59,48,1,2 Serious,05 Crossing Road (Not On Xing),1 From Drivers N/Side,1 Pedestrian,FAIRHAZEL GARDENS J/W GOULDHURST TERRACE,1,26/05/2017 08:55:00 AM,Friday,8.55,3 Bor,Unclassified,0,2 One-Way St,2 30 MPH,6 Crossroads,4 Give Way/Uncontrolled,Unclassified,0,0 No Xing Facility In 50m,1 Daylight,1 Fine,1 Road-Dry,0 None,0 None,526210,184170,-0.181412,51.542327,,,Unknown,"(51.542327, -0.181412)",http://opendatacommunities.org/id/london-borough-council/camden,7002,21/12/2020 02:48:39 PM
1180099372,CAMDEN,1 Driver/Rider,1 Male,25-59,26,1,3 Slight,-2 Unknown,-2 N/A,2 Pedal Cycle,NFL GORDON SQUARE J/W WOBURN SQUARE,2,31/03/2018 12:50:00 PM,Saturday,12.50,3 Bor,C,0,2 One-Way St,1 <= 20 MPH,3 T/Stag Jun,9 Unknown (S/R),Unclassified,0,1 Zebra,1 Daylight,2 Raining,2 Road-Wet,0 None,0 None,529830,182200,-0.129966,51.523803,,,Unknown,"(51.523803, -0.129966)",http://opendatacommunities.org/id/london-borough-council/camden,7859,21/12/2020 02:48:41 PM
0115EK40163,CAMDEN,3 Pedestrian,1 Male,25-59,32,1,3 Slight,05 Crossing Road (Not On Xing),1 From Drivers N/Side,1 Pedestrian,CAMDEN HIGH STREET 62M NW OF J/W HAWLEY CRESCENT,1,21/02/2015 10:10:00 PM,Saturday,22.10,3 Bor,A,502,2 One-Way St,2 30 MPH,0 No Jun In 20m,-2 Not Applicable,-2 Not Applicable,0,0 No Xing Facility In 50m,2 Dark,1 Fine,1 Road-Dry,0 None,0 None,528740,184100,-0.144975,51.541127,,,Unknown,"(51.541127, -0.144975)",http://opendatacommunities.org/id/london-borough-council/camden,4705,21/12/2020 02:48:36 PM
1180116791,CAMDEN,1 Driver/Rider,2 Female,25-59,30,1,3 Slight,-2 Unknown,-2 N/A,2 Pedal Cycle,MURRAY STREET J/W CAMDEN ROAD,2,26/06/2018 08:42:00 AM,Tuesday,8.42,1 TLRN,Unclassified,0,2 One-Way St,3 40 MPH,3 T/Stag Jun,9 Unknown (S/R),A,503,9 Unknown (S/R),1 Daylight,1 Fine,1 Road-Dry,0 None,0 None,529440,184510,-0.134736,51.544652,,,Unknown,"(51.544652, -0.134736)",http://opendatacommunities.org/id/london-borough-council/camden,8122,21/12/2020 02:48:42 PM
1190226452,CAMDEN,3 PEDESTRIAN,2 FEMALE,60+,65,1,3 SLIGHT,01 CROSSING ROAD ON PED XING,'-2 NOT APPLICABLE,1 PEDESTRIAN,"On Pancras Road, 20 metres south of the junction with KINGS BULIVARD .",1,21/12/2019 06:25:00 AM,Saturday,6.25,3 BOR,A,5202,3 DUAL CWY,20,03 T/STAG JUN,2 AUTO SIG,6,0,5 PEDN PHASE AT ATS,1 DARK,2 RAINING,2 ROAD-WET,0 NONE,0 NONE,530116,183073,-0.125524,51.531583,,,Unknown,"(51.531583, -0.125524)",http://opendatacommunities.org/id/london-borough-council/camden,9643,21/12/2020 02:48:45 PM
0116EK40045,CAMDEN,3 Pedestrian,2 Female,0-15,13,1,3 Slight,04 Crossing Road Within 50m Xing,1 From Drivers N/Side,1 Pedestrian,"ROYAL COLLEGE STREET, 43 METRES SE OF KENTISH TOWN ROAD.",1,01/02/2016 04:00:00 PM,Monday,16.00,3 Bor,A,5202,6 Single Cwy,2 30 MPH,0 No Jun In 20m,-2 Not Applicable,-2 Not Applicable,0,5 Pedn Phase At Ats,1 Daylight,1 Fine,1 Road-Dry,4 Roadworks,0 None,528990,184500,-0.141226,51.544665,,,Unknown,"(51.544665, -0.141226)",http://opendatacommunities.org/id/london-borough-council/camden,6017,21/12/2020 02:48:38 PM
1190165232,CAMDEN,3 PEDESTRIAN,1 MALE,60+,73,1,2 SERIOUS,01 CROSSING ROAD ON PED XING,3 FROM DRIVERS O/SIDE,1 PEDESTRIAN,"On Lidlington Place, near the junction with Eversholt Street.",1,23/02/2019 06:02:00 PM,Saturday,18.02,1 TLRN,A,400,6 SINGLE CWY,20,06 CROSSROADS,2 AUTO SIG,A,4200,4 PELICAN OR SIMILAR,1 DARK,1 FINE,1 ROAD-DRY,0 NONE,0 NONE,529308,183220,-0.137112,51.533089,,,Unknown,"(51.533089, -0.137112)",http://opendatacommunities.org/id/london-borough-council/camden,8801,21/12/2020 02:48:43 PM
1180102282,CAMDEN,1 Driver/Rider,1 Male,25-59,43,1,3 Slight,-2 Unknown,-2 N/A,3 Powered 2 Wheeler,ADELAIDE ROAD NW3 J/W WINCHESTER ROAD NW3,1,14/04/2018 06:10:00 PM,Saturday,18.10,3 Bor,B,509,6 Single Cwy,1 <= 20 MPH,7 Multi Jun,2 Auto Sig,Unclassified,0,5 Pedn Phase At Ats,1 Daylight,1 Fine,1 Road-Dry,0 None,0 None,526900,184170,-0.171468,51.542173,,,Unknown,"(51.542173, -0.171468)",http://opendatacommunities.org/id/london-borough-council/camden,7900,21/12/2020 02:48:41 PM
1170014708,CAMDEN,1 Driver/Rider,1 Male,25-59,33,1,3 Slight,-2 Unknown,-2 N/A,3 Powered 2 Wheeler,FINCHLEY ROAD 50M N OF J/W LITHOS ROAD,1,27/01/2017 05:34:00 PM,Friday,17.34,1 TLRN,A,41,3 Dual Cwy,2 30 MPH,0 No Jun In 20m,-2 Not Applicable,-2 Not Applicable,0,0 No Xing Facility In 50m,2 Dark,1 Fine,2 Road-Wet,0 None,0 None,526080,185050,-0.182971,51.550265,,,Unknown,"(51.550265, -0.182971)",http://opendatacommunities.org/id/london-borough-council/camden,6617,21/12/2020 02:48:39 PM
1190213487,CAMDEN,1 DRIVER/RIDER,2 FEMALE,25-59,31,1,3 SLIGHT,'-2 NOT APPLICABLE,9 UNKNOWN OR OTHER,2 PEDAL CYCLE,"On Rosebery Avenue, 100 metres south of the junction with Farringdon Road.. The nearest classified road was the A201. The nearest classified road was the A201",2,23/10/2019 09:30:00 AM,Wednesday,9.30,3 BOR,A,401,6 SINGLE CWY,30,00 NO JUN IN 20M,,0,0,0 NO XING FACILITY IN 50M,2 DAYLIGHT,1 FINE,1 ROAD-DRY,0 NONE,0 NONE,531091,182122,-0.111829,51.522811,,,Unknown,"(51.522811, -0.111829)",http://opendatacommunities.org/id/london-borough-council/camden,9462,21/12/2020 02:48:44 PM
1180146297,CAMDEN,3 Pedestrian,2 Female,25-59,45,1,3 Slight,05 Crossing Road (Not On Xing),3 From Drivers O/Side,1 Pedestrian,TORRINGTON PLACE J/W HUNTLEY STREET,1,14/11/2018 01:20:00 PM,Wednesday,13.20,3 Bor,C,0,2 One-Way St,1 <= 20 MPH,3 T/Stag Jun,9 Unknown (S/R),Unclassified,0,0 No Xing Facility In 50m,1 Daylight,1 Fine,1 Road-Dry,0 None,0 None,529570,181990,-0.133789,51.521975,,,Unknown,"(51.521975, -0.133789)",http://opendatacommunities.org/id/london-borough-council/camden,8525,21/12/2020 02:48:43 PM
0115EK40080,CAMDEN,1 Driver/Rider,1 Male,25-59,32,1,3 Slight,-2 Unknown,-2 N/A,4 Car,HAVERSTOCK HILL J/W GLENLOCH ROAD,2,28/01/2015 11:50:00 AM,Wednesday,11.50,3 Bor,A,502,6 Single Cwy,2 30 MPH,3 T/Stag Jun,4 Give Way/Uncontrolled,Unclassified,0,4 Pelican Or Similar,1 Daylight,1 Fine,1 Road-Dry,0 None,0 None,527340,185090,-0.164794,51.550342,,,Unknown,"(51.550342, -0.164794)",http://opendatacommunities.org/id/london-borough-council/camden,4645,21/12/2020 02:48:35 PM
1170038650,CAMDEN,3 Pedestrian,2 Female,25-59,38,1,3 Slight,09 In Road - Not Crossing,9 Unknown Or Other,1 Pedestrian,PARKWAY NW1 30M N OF J/W ARLINGTON ROAD NW1,1,20/05/2017 02:30:00 PM,Saturday,14.30,3 Bor,A,4201,2 One-Way St,1 <= 20 MPH,0 No Jun In 20m,-2 Not Applicable,-2 Not Applicable,0,5 Pedn Phase At Ats,1 Daylight,2 Raining,2 Road-Wet,0 None,0 None,528817,183808,-0.143972,51.538485,,,Unknown,"(51.538485, -0.143972)",http://opendatacommunities.org/id/london-borough-council/camden,6988,21/12/2020 02:48:39 PM
1180112635,CAMDEN,2 Passenger,1 Male,25-59,57,1,3 Slight,-2 Unknown,-2 N/A,7 Goods Vehicle,CAMDEN ROAD J/W LYME STREET,2,07/06/2018 12:12:00 AM,Thursday,0.12,1 TLRN,A,503,3 Dual Cwy,1 <= 20 MPH,3 T/Stag Jun,1 Auth Person,Unclassified,0,0 No Xing Facility In 50m,2 Dark,1 Fine,1 Road-Dry,0 None,0 None,529120,184060,-0.139513,51.540681,,,Unknown,"(51.540681, -0.139513)",http://opendatacommunities.org/id/london-borough-council/camden,8054,21/12/2020 02:48:42 PM
1190188444,CAMDEN,1 DRIVER/RIDER,1 MALE,25-59,39,1,3 SLIGHT,'-2 NOT APPLICABLE,'-2 NOT APPLICABLE,3 POWERED 2 WHEELER,"On Parkway, 25 metres east of the junction with Arlington way .",2,18/06/2019 04:40:00 PM,Tuesday,16.40,3 BOR,A,4201,2 ONE-WAY ST,20,00 NO JUN IN 20M,,0,0,5 PEDN PHASE AT ATS,2 DAYLIGHT,2 RAINING,2 ROAD-WET,0 NONE,0 NONE,528811,183816,-0.144056,51.538559,,,Unknown,"(51.538559, -0.144056)",http://opendatacommunities.org/id/london-borough-council/camden,9119,21/12/2020 02:48:44 PM
1170036164,CAMDEN,1 Driver/Rider,1 Male,25-59,31,1,3 Slight,-2 Unknown,-2 N/A,2 Pedal Cycle,CUBITT STREET J/W AMPTON STREET,1,06/05/2017 03:30:00 PM,Saturday,15.30,3 Bor,Unclassified,0,6 Single Cwy,2 30 MPH,9 Other Jun,2 Auto Sig,Unclassified,0,9 Unknown (S/R),1 Daylight,1 Fine,1 Road-Dry,0 None,0 None,530770,182660,-0.116254,51.52772,,,Unknown,"(51.52772, -0.116254)",http://opendatacommunities.org/id/london-borough-council/camden,6946,21/12/2020 02:48:39 PM
1170060351,CAMDEN,1 Driver/Rider,1 Male,25-59,25,1,3 Slight,-2 Unknown,-2 N/A,4 Car,FINCHLEY ROAD J/W ALVANLEY GARDENS,2,08/05/2017 10:00:00 PM,Monday,22.00,1 TLRN,A,41,6 Single Cwy,3 40 MPH,3 T/Stag Jun,4 Give Way/Uncontrolled,Unclassified,0,9 Unknown (S/R),2 Dark,1 Fine,1 Road-Dry,0 None,0 None,525760,185300,-0.187494,51.552583,,,Unknown,"(51.552583, -0.187494)",http://opendatacommunities.org/id/london-borough-council/camden,7337,21/12/2020 02:48:40 PM
1170018410,CAMDEN,1 Driver/Rider,1 Male,25-59,41,1,3 Slight,-2 Unknown,-2 N/A,2 Pedal Cycle,REGENT SQUARE J/W TAVISTOCK PLACE,2,14/02/2017 04:15:00 PM,Tuesday,16.15,3 Bor,C,0,2 One-Way St,2 30 MPH,3 T/Stag Jun,9 Unknown (S/R),Unclassified,0,5 Pedn Phase At Ats,1 Daylight,1 Fine,1 Road-Dry,0 None,0 None,530360,182520,-0.122213,51.526557,,,Unknown,"(51.526557, -0.122213)",http://opendatacommunities.org/id/london-borough-council/camden,6675,21/12/2020 02:48:39 PM
1170050515,CAMDEN,2 Passenger,2 Female,Unknown,0,1,3 Slight,-2 Unknown,-2 N/A,6 Bus Or Coach,CLERKENWELL ROAD J/W CLERKENWELL ROAD,1,06/07/2017 05:50:00 PM,Thursday,17.50,3 Bor,A,401,6 Single Cwy,1 <= 20 MPH,3 T/Stag Jun,2 Auto Sig,Unclassified,0,0 No Xing Facility In 50m,1 Daylight,1 Fine,1 Road-Dry,0 None,0 None,531100,182070,-0.111719,51.522341,,,Unknown,"(51.522341, -0.111719)",http://opendatacommunities.org/id/london-borough-council/camden,7193,21/12/2020 02:48:40 PM
0116EK40238,CAMDEN,3 Pedestrian,1 Male,60+,72,1,3 Slight,05 Crossing Road (Not On Xing),1 From Drivers N/Side,1 Pedestrian,KILBURN HIGH ROAD J/W BIRCHINGTON ROAD,1,15/01/2016 03:50:00 PM,Friday,15.50,3 Bor,A,5,6 Single Cwy,2 30 MPH,3 T/Stag Jun,4 Give Way/Uncontrolled,Unclassified,0,0 No Xing Facility In 50m,1 Daylight,1 Fine,1 Road-Dry,0 None,0 None,525290,183790,-0.194807,51.539117,,,Unknown,"(51.539117, -0.194807)",http://opendatacommunities.org/id/london-borough-council/camden,6176,21/12/2020 02:48:38 PM
1170076451,CAMDEN,1 Driver/Rider,1 Male,16-24,19,1,3 Slight,-2 Unknown,-2 N/A,4 Car,QUEEN'S CRESCENT J/W MALDEN ROAD,2,08/12/2017 11:10:00 PM,Friday,23.10,3 Bor,Unclassified,0,9 Unknown,1 <= 20 MPH,6 Crossroads,4 Give Way/Uncontrolled,B,517,0 No Xing Facility In 50m,1 Daylight,1 Fine,2 Road-Wet,0 None,0 None,528160,184990,-0.15301,51.549257,,,Unknown,"(51.549257, -0.15301)",http://opendatacommunities.org/id/london-borough-council/camden,7597,21/12/2020 02:48:41 PM
1170018331,CAMDEN,3 Pedestrian,1 Male,60+,61,1,3 Slight,04 Crossing Road Within 50m Xing,1 From Drivers N/Side,1 Pedestrian,BLOOMSBURY WAY J/W BURY PLACE,1,14/02/2017 09:30:00 AM,Tuesday,9.30,3 Bor,Unclassified,0,2 One-Way St,1 <= 20 MPH,6 Crossroads,2 Auto Sig,Unclassified,0,4 Pelican Or Similar,1 Daylight,1 Fine,2 Road-Wet,0 None,0 None,530290,181550,-0.12358,51.517856,,,Unknown,"(51.517856, -0.12358)",http://opendatacommunities.org/id/london-borough-council/camden,6670,21/12/2020 02:48:39 PM
0115EK40137,CAMDEN,1 Driver/Rider,1 Male,25-59,29,1,3 Slight,-2 Unknown,-2 N/A,2 Pedal Cycle,OAKLEY SQUARE 92M NE OF J/W EVERSHOLT STREET,2,06/01/2015 07:00:00 PM,Tuesday,19.00,1 TLRN,A,400,6 Single Cwy,2 30 MPH,0 No Jun In 20m,-2 Not Applicable,-2 Not Applicable,0,0 No Xing Facility In 50m,2 Dark,1 Fine,1 Road-Dry,0 None,0 None,529370,183280,-0.136197,51.533614,,,Unknown,"(51.533614, -0.136197)",http://opendatacommunities.org/id/london-borough-council/camden,4688,21/12/2020 02:48:36 PM
0115EK40643,CAMDEN,1 Driver/Rider,1 Male,25-59,33,1,3 Slight,-2 Unknown,-2 N/A,4 Car,HAVERSTOCK HILL J/W ASPERN GROVE,2,18/07/2015 10:13:00 PM,Saturday,22.13,3 Bor,A,502,6 Single Cwy,2 30 MPH,3 T/Stag Jun,4 Give Way/Uncontrolled,Unclassified,0,4 Pelican Or Similar,2 Dark,1 Fine,1 Road-Dry,0 None,0 None,527260,185170,-0.165918,51.551079,,,Unknown,"(51.551079, -0.165918)",http://opendatacommunities.org/id/london-borough-council/camden,5121,21/12/2020 02:48:36 PM
1170067202,CAMDEN,1 Driver/Rider,1 Male,25-59,48,1,3 Slight,-2 Unknown,-2 N/A,2 Pedal Cycle,MABLEDON PLACE J/W BIDBOROUGH STREET,2,20/10/2017 08:25:00 PM,Friday,20.25,3 Bor,C,0,2 One-Way St,1 <= 20 MPH,6 Crossroads,4 Give Way/Uncontrolled,Unclassified,0,9 Unknown (S/R),2 Dark,1 Fine,9 Unknown (S/R),0 None,0 None,529990,182650,-0.127496,51.52781,,,Unknown,"(51.52781, -0.127496)",http://opendatacommunities.org/id/london-borough-council/camden,7468,21/12/2020 02:48:40 PM
0116EK40378,CAMDEN,1 Driver/Rider,1 Male,25-59,28,1,2 Serious,-2 Unknown,-2 N/A,2 Pedal Cycle,PARKWAY J/W ARLINGTON RD,2,13/05/2016 08:00:00 AM,Friday,8.00,3 Bor,A,4201,2 One-Way St,2 30 MPH,6 Crossroads,4 Give Way/Uncontrolled,Unclassified,0,1 Zebra,1 Daylight,1 Fine,1 Road-Dry,0 None,0 None,528800,183790,-0.144224,51.538328,,,Unknown,"(51.538328, -0.144224)",http://opendatacommunities.org/id/london-borough-council/camden,6300,21/12/2020 02:48:38 PM
0115EK40255,CAMDEN,3 Pedestrian,1 Male,25-59,48,1,3 Slight,04 Crossing Road Within 50m Xing,1 From Drivers N/Side,1 Pedestrian,SHAFTESBURY AVENUE J/W MONMOUTH STREET,1,05/04/2015 01:16:00 AM,Sunday,1.16,3 Bor,A,401,6 Single Cwy,2 30 MPH,3 T/Stag Jun,4 Give Way/Uncontrolled,B,404,1 Zebra,2 Dark,1 Fine,1 Road-Dry,0 None,0 None,530060,181230,-0.127011,51.515033,,,Unknown,"(51.515033, -0.127011)",http://opendatacommunities.org/id/london-borough-council/camden,4784,21/12/2020 02:48:36 PM
0115EK40316,CAMDEN,2 Passenger,1 Male,25-59,57,1,3 Slight,-2 Unknown,-2 N/A,4 Car,KING HENRY'S ROAD 190 M W OF J/W AINGER ROAD,3,25/04/2015 06:45:00 PM,Saturday,18.45,3 Bor,Unclassified,0,6 Single Cwy,2 30 MPH,8 Priv Drive,4 Give Way/Uncontrolled,Unclassified,0,0 No Xing Facility In 50m,1 Daylight,1 Fine,1 Road-Dry,0 None,0 None,527700,184230,-0.159916,51.542531,,,Unknown,"(51.542531, -0.159916)",http://opendatacommunities.org/id/london-borough-council/camden,4837,21/12/2020 02:48:36 PM
0115EK40844,CAMDEN,2 Passenger,2 Female,16-24,23,1,3 Slight,-2 Unknown,-2 N/A,4 Car,MAYGROVE ROAD J/W ARIEL ROAD,2,27/09/2015 02:00:00 PM,Sunday,14.00,3 Bor,C,0,6 Single Cwy,2 30 MPH,3 T/Stag Jun,4 Give Way/Uncontrolled,Unclassified,0,0 No Xing Facility In 50m,1 Daylight,1 Fine,1 Road-Dry,0 None,0 None,525030,184770,-0.198206,51.547982,,,Unknown,"(51.547982, -0.198206)",http://opendatacommunities.org/id/london-borough-council/camden,5296,21/12/2020 02:48:37 PM
1160024768,CAMDEN,1 Driver/Rider,1 Male,25-59,38,1,3 Slight,-2 Unknown,-2 N/A,3 Powered 2 Wheeler,MILL LANE J/W GONDAR GARDENS,3,30/10/2016 07:02:00 PM,Sunday,19.02,3 Bor,C,0,6 Single Cwy,2 30 MPH,3 T/Stag Jun,4 Give Way/Uncontrolled,Unclassified,0,4 Pelican Or Similar,2 Dark,1 Fine,1 Road-Dry,0 None,0 None,524810,185110,-0.201257,51.551086,,,Unknown,"(51.551086, -0.201257)",http://opendatacommunities.org/id/london-borough-council/camden,5932,21/12/2020 02:48:38 PM
0115SX20838,CAMDEN,1 Driver/Rider,1 Male,25-59,27,1,2 Serious,-2 Unknown,-2 N/A,7 Goods Vehicle,"WEST HEATH ROAD, 87M EAST OF J/W TEMPLEWOOD AVENUE",3,21/09/2015 11:53:00 AM,Monday,11.53,3 Bor,C,0,6 Single Cwy,2 30 MPH,0 No Jun In 20m,-2 Not Applicable,-2 Not Applicable,0,0 No Xing Facility In 50m,1 Daylight,2 Raining,2 Road-Wet,0 None,0 None,525930,186370,-0.184661,51.562161,,,Unknown,"(51.562161, -0.184661)",http://opendatacommunities.org/id/london-borough-council/camden,5633,21/12/2020 02:48:37 PM
1170072304,CAMDEN,3 Pedestrian,1 Male,60+,71,1,3 Slight,10 Unknown,9 Unknown Or Other,1 Pedestrian,KILBURN HIGH ROAD 2M S OF J/W WEST END LANE,1,23/11/2017 05:31:00 PM,Thursday,17.31,3 Bor,A,5,6 Single Cwy,1 <= 20 MPH,3 T/Stag Jun,9 Unknown (S/R),A,5,5 Pedn Phase At Ats,2 Dark,1 Fine,2 Road-Wet,0 None,0 None,525377,183687,-0.19359,51.538172,,,Unknown,"(51.538172, -0.19359)",http://opendatacommunities.org/id/london-borough-council/camden,7540,21/12/2020 02:48:41 PM
1180125150,CAMDEN,2 Passenger,2 Female,60+,80,1,3 Slight,-2 Unknown,-2 N/A,4 Car,LITHOS ROAD J/W LITHOS ROAD,2,04/08/2018 06:50:00 PM,Saturday,18.50,1 TLRN,A,41,6 Single Cwy,2 30 MPH,3 T/Stag Jun,4 Give Way/Uncontrolled,Unclassified,0,0 No Xing Facility In 50m,1 Daylight,1 Fine,1 Road-Dry,0 None,0 None,526120,185000,-0.182412,51.549806,,,Unknown,"(51.549806, -0.182412)",http://opendatacommunities.org/id/london-borough-council/camden,8222,21/12/2020 02:48:42 PM