Reference,London Borough Name,Casualty Class,Casualty Sex,Casualty Age Band,Casualty Age,Number Of Casualties,Casualty Severity,Pedestrian Location,Pedestrian Movement,Mode Of Travel,Attendant Location,Number Of Vehicles,Date,Day,Time,Highway,Road Class 1,Road Number 1,Road Type,Speed Limit,Junction Detail,Junction Control,Road Class 2,Road Number 2,Pedestrian Crossing,Light Condition Band,Weather,Road Surface,Special Conditions,Carriage Way Hazard,Easting,Northing,Longitude,Latitude,Ward Code,Ward Name,Spatial Accuracy,Location,Organisation URI,Socrata ID,Last Uploaded
1170035542,CAMDEN,1 Driver/Rider,1 Male,25-59,46,1,3 Slight,-2 Unknown,-2 N/A,5 Taxi,FINCHLEY ROAD J/W BURRARD ROAD,2,04/05/2017 03:15:00 PM,Thursday,15.15,1 TLRN,A,41,3 Dual Cwy,3 40 MPH,3 T/Stag Jun,4 Give Way/Uncontrolled,Unclassified,0,0 No Xing Facility In 50m,1 Daylight,1 Fine,1 Road-Dry,0 None,0 None,525330,185620,-0.193579,51.555554,,,Unknown,"(51.555554, -0.193579)",http://opendatacommunities.org/id/london-borough-council/camden,6939,21/12/2020 02:48:39 PM
0115EK40621,CAMDEN,1 Driver/Rider,1 Male,25-59,25,1,3 Slight,-2 Unknown,-2 N/A,3 Powered 2 Wheeler,KILBURN HIGH ROAD J/W KILBURN PARK ROAD,2,23/07/2015 08:12:00 AM,Thursday,8.12,3 Bor,A,5,6 Single Cwy,2 30 MPH,3 T/Stag Jun,4 Give Way/Uncontrolled,B,414,1 Zebra,1 Daylight,1 Fine,1 Road-Dry,0 None,0 None,525650,183360,-0.189772,51.535172,,,Unknown,"(51.535172, -0.189772)",http://opendatacommunities.org/id/london-borough-council/camden,5102,21/12/2020 02:48:36 PM
0115EK40931,CAMDEN,1 Driver/Rider,1 Male,16-24,21,1,3 Slight,-2 Unknown,-2 N/A,2 Pedal Cycle,BARTHOLOMEW ROAD J/W LEIGHTON ROAD,2,10/10/2015 08:50:00 PM,Saturday,20.50,3 Bor,C,0,6 Single Cwy,2 30 MPH,3 T/Stag Jun,4 Give Way/Uncontrolled,Unclassified,0,0 No Xing Facility In 50m,2 Dark,1 Fine,1 Road-Dry,0 None,0 None,529420,185170,-0.134782,51.550588,,,Unknown,"(51.550588, -0.134782)",http://opendatacommunities.org/id/london-borough-council/camden,5361,21/12/2020 02:48:37 PM
0116EK40185,CAMDEN,3 Pedestrian,2 Female,25-59,54,1,3 Slight,04 Crossing Road Within 50m Xing,1 From Drivers N/Side,1 Pedestrian,TOTTENHAM COURT ROAD J/W WARREN STREET,1,24/03/2016 06:26:00 PM,Thursday,18.26,3 Bor,A,400,2 One-Way St,2 30 MPH,3 T/Stag Jun,4 Give Way/Uncontrolled,Unclassified,0,5 Pedn Phase At Ats,2 Dark,2 Raining,2 Road-Wet,0 None,0 None,529270,182270,-0.138008,51.52456,,,Unknown,"(51.52456, -0.138008)",http://opendatacommunities.org/id/london-borough-council/camden,6131,21/12/2020 02:48:38 PM
0116EK40407,CAMDEN,3 Pedestrian,2 Female,0-15,11,1,3 Slight,01 Crossing Road On Ped Xing,1 From Drivers N/Side,1 Pedestrian,HIGHGATE ROAD J/W GORDON HOUSE ROAD,1,14/06/2016 08:15:00 AM,Tuesday,8.15,3 Bor,B,518,6 Single Cwy,2 30 MPH,3 T/Stag Jun,2 Auto Sig,B,518,5 Pedn Phase At Ats,1 Daylight,1 Fine,1 Road-Dry,0 None,0 None,528590,185810,-0.146512,51.556529,,,Unknown,"(51.556529, -0.146512)",http://opendatacommunities.org/id/london-borough-council/camden,6324,21/12/2020 02:48:38 PM
0116EK40290,CAMDEN,3 Pedestrian,1 Male,25-59,36,1,2 Serious,05 Crossing Road (Not On Xing),1 From Drivers N/Side,1 Pedestrian,NEW OXFORD STREET 22M W OF DYOTT STREET,1,28/04/2016 10:20:00 AM,Thursday,10.20,3 Bor,A,40,6 Single Cwy,2 30 MPH,0 No Jun In 20m,-2 Not Applicable,-2 Not Applicable,0,0 No Xing Facility In 50m,1 Daylight,1 Fine,1 Road-Dry,0 None,0 None,529990,181420,-0.127949,51.516756,,,Unknown,"(51.516756, -0.127949)",http://opendatacommunities.org/id/london-borough-council/camden,6225,21/12/2020 02:48:38 PM
1170047181,CAMDEN,1 Driver/Rider,2 Female,16-24,24,1,3 Slight,-2 Unknown,-2 N/A,2 Pedal Cycle,PLENDER STREET J/W BAYHAM STREET,2,07/07/2017 12:18:00 PM,Friday,12.18,3 Bor,C,0,2 One-Way St,1 <= 20 MPH,6 Crossroads,4 Give Way/Uncontrolled,Unclassified,0,1 Zebra,1 Daylight,1 Fine,1 Road-Dry,0 None,0 None,529190,183560,-0.138688,51.536172,,,Unknown,"(51.536172, -0.138688)",http://opendatacommunities.org/id/london-borough-council/camden,7126,21/12/2020 02:48:40 PM
1170023671,CAMDEN,3 Pedestrian,2 Female,25-59,25,1,3 Slight,01 Crossing Road On Ped Xing,1 From Drivers N/Side,1 Pedestrian,HIGH HOLBORN J/W KINGSWAY,1,08/03/2017 09:02:00 AM,Wednesday,9.02,3 Bor,A,40,6 Single Cwy,2 30 MPH,7 Multi Jun,2 Auto Sig,A,4200,5 Pedn Phase At Ats,1 Daylight,2 Raining,2 Road-Wet,0 None,0 None,530500,181520,-0.120566,51.517538,,,Unknown,"(51.517538, -0.120566)",http://opendatacommunities.org/id/london-borough-council/camden,6752,21/12/2020 02:48:39 PM
1190188358,CAMDEN,3 PEDESTRIAN,2 FEMALE,16-24,21,1,3 SLIGHT,04 CROSSING ROAD WITHIN 50M XING,3 FROM DRIVERS O/SIDE,1 PEDESTRIAN,"On Grays Inn Road, 60 metres north of the junction with Wren street .. The nearest classified road was the B502. The nearest classified road was the B502",1,19/06/2019 11:16:00 PM,Wednesday,23.16,3 BOR,A,5200,6 SINGLE CWY,20,00 NO JUN IN 20M,,0,0,1 ZEBRA,1 DARK,1 FINE,2 ROAD-WET,0 NONE,0 NONE,530723,182408,-0.117025,51.525466,,,Unknown,"(51.525466, -0.117025)",http://opendatacommunities.org/id/london-borough-council/camden,9117,21/12/2020 02:48:44 PM
1170055490,CAMDEN,1 Driver/Rider,1 Male,60+,67,1,3 Slight,-2 Unknown,-2 N/A,2 Pedal Cycle,HARLEY ROAD NW3 3BN 100M N OF J/W ADELIADE ROAD,2,22/08/2017 11:00:00 PM,Tuesday,23.00,3 Bor,Unclassified,0,6 Single Cwy,2 30 MPH,0 No Jun In 20m,-2 Not Applicable,-2 Not Applicable,0,0 No Xing Facility In 50m,2 Dark,2 Raining,2 Road-Wet,0 None,0 None,527000,184050,-0.17007,51.541072,,,Unknown,"(51.541072, -0.17007)",http://opendatacommunities.org/id/london-borough-council/camden,7267,21/12/2020 02:48:40 PM
1190158962,CAMDEN,1 DRIVER/RIDER,1 MALE,25-59,44,2,3 SLIGHT,'-2 NOT APPLICABLE,'-2 NOT APPLICABLE,4 CAR,"On Finchley Road, near the junction with Frognal Road.",2,03/01/2019 08:45:00 AM,Thursday,8.45,1 TLRN,A,41,3 DUAL CWY,40,09 OTHER JUN,2 AUTO SIG,5,0,5 PEDN PHASE AT ATS,2 DAYLIGHT,1 FINE,1 ROAD-DRY,0 NONE,0 NONE,525684,185315,-0.188585,51.552735,,,Unknown,"(51.552735, -0.188585)",http://opendatacommunities.org/id/london-borough-council/camden,8716,21/12/2020 02:48:43 PM
0115QK50911,CAMDEN,2 Passenger,2 Female,25-59,35,1,3 Slight,-2 Unknown,-2 N/A,7 Goods Vehicle,KILBURN HIGH RD 23M SOUTH EAST OF J/W QUEX RD,3,17/11/2015 10:11:00 AM,Tuesday,10.11,3 Bor,A,5,6 Single Cwy,2 30 MPH,0 No Jun In 20m,-2 Not Applicable,-2 Not Applicable,0,0 No Xing Facility In 50m,1 Daylight,9 Unknown,1 Road-Dry,0 None,0 None,525250,183830,-0.195369,51.539485,,,Unknown,"(51.539485, -0.195369)",http://opendatacommunities.org/id/london-borough-council/camden,5627,21/12/2020 02:48:37 PM
1170058836,CAMDEN,1 Driver/Rider,1 Male,25-59,30,1,3 Slight,-2 Unknown,-2 N/A,3 Powered 2 Wheeler,FLAXMAN TERRACE 15M W OF J/W MABLEDON PLACE,2,12/09/2017 02:00:00 PM,Tuesday,14.00,3 Bor,Unclassified,0,6 Single Cwy,1 <= 20 MPH,3 T/Stag Jun,4 Give Way/Uncontrolled,C,0,0 No Xing Facility In 50m,1 Daylight,1 Fine,1 Road-Dry,0 None,0 None,529970,182650,-0.127784,51.527815,,,Unknown,"(51.527815, -0.127784)",http://opendatacommunities.org/id/london-borough-council/camden,7319,21/12/2020 02:48:40 PM
1180102995,CAMDEN,3 Pedestrian,2 Female,25-59,27,1,3 Slight,05 Crossing Road (Not On Xing),1 From Drivers N/Side,1 Pedestrian,GRAY'S INN SQUARE J/W VERULAM STREET,1,20/04/2018 06:45:00 PM,Friday,18.45,3 Bor,A,5200,6 Single Cwy,1 <= 20 MPH,3 T/Stag Jun,4 Give Way/Uncontrolled,Unclassified,0,4 Pelican Or Similar,1 Daylight,1 Fine,1 Road-Dry,0 None,0 None,531060,181820,-0.112388,51.520104,,,Unknown,"(51.520104, -0.112388)",http://opendatacommunities.org/id/london-borough-council/camden,7914,21/12/2020 02:48:41 PM
0115EK41032,CAMDEN,1 Driver/Rider,2 Female,25-59,58,1,3 Slight,-2 Unknown,-2 N/A,4 Car,"NFL - EUSTON ROAD, 60 METRES SW OF EVERSHOLT STREET.",2,27/10/2015 03:00:00 PM,Tuesday,15.00,1 TLRN,A,501,3 Dual Cwy,2 30 MPH,0 No Jun In 20m,-2 Not Applicable,-2 Not Applicable,0,0 No Xing Facility In 50m,1 Daylight,1 Fine,1 Road-Dry,0 None,0 None,529700,182560,-0.131707,51.527068,,,Unknown,"(51.527068, -0.131707)",http://opendatacommunities.org/id/london-borough-council/camden,5451,21/12/2020 02:48:37 PM
1160004278,CAMDEN,3 Pedestrian,1 Male,25-59,51,1,2 Serious,01 Crossing Road On Ped Xing,3 From Drivers O/Side,1 Pedestrian,MANSFIELD ROAD J/W ESTELLE ROAD,1,30/11/2016 03:23:00 PM,Wednesday,15.23,3 Bor,B,518,6 Single Cwy,1 <= 20 MPH,3 T/Stag Jun,4 Give Way/Uncontrolled,Unclassified,0,1 Zebra,1 Daylight,1 Fine,1 Road-Dry,0 None,0 None,528050,185521,-0.154402,51.554054,,,Unknown,"(51.554054, -0.154402)",http://opendatacommunities.org/id/london-borough-council/camden,5713,21/12/2020 02:48:37 PM
0115EK40685,CAMDEN,2 Passenger,1 Male,Unknown,0,1,3 Slight,-2 Unknown,-2 N/A,4 Car,THEOBALD'S ROAD J/W GRAY'S INN ROAD,2,09/08/2015 05:50:00 AM,Sunday,5.50,3 Bor,A,401,6 Single Cwy,2 30 MPH,6 Crossroads,2 Auto Sig,A,5200,5 Pedn Phase At Ats,1 Daylight,1 Fine,1 Road-Dry,0 None,0 None,530980,181970,-0.113485,51.521471,,,Unknown,"(51.521471, -0.113485)",http://opendatacommunities.org/id/london-borough-council/camden,5159,21/12/2020 02:48:36 PM
0116EK40232,CAMDEN,1 Driver/Rider,1 Male,25-59,31,1,3 Slight,-2 Unknown,-2 N/A,3 Powered 2 Wheeler,WEST END LANE J/W DENNINGTON PARK ROAD,2,08/01/2016 08:40:00 PM,Friday,20.40,3 Bor,B,510,6 Single Cwy,2 30 MPH,3 T/Stag Jun,4 Give Way/Uncontrolled,Unclassified,0,0 No Xing Facility In 50m,2 Dark,1 Fine,1 Road-Dry,0 None,0 None,525490,185010,-0.19149,51.550037,,,Unknown,"(51.550037, -0.19149)",http://opendatacommunities.org/id/london-borough-council/camden,6172,21/12/2020 02:48:38 PM
0115EK40224,CAMDEN,1 Driver/Rider,1 Male,16-24,24,1,3 Slight,-2 Unknown,-2 N/A,4 Car,CAMDEN HIGH STREET J/W DELANCEY STREET,2,24/03/2015 09:45:00 PM,Tuesday,21.45,1 TLRN,A,502,6 Single Cwy,2 30 MPH,3 T/Stag Jun,2 Auto Sig,A,503,5 Pedn Phase At Ats,2 Dark,1 Fine,1 Road-Dry,0 None,0 None,529010,183660,-0.141245,51.537111,,,Unknown,"(51.537111, -0.141245)",http://opendatacommunities.org/id/london-borough-council/camden,4756,21/12/2020 02:48:36 PM
1170014390,CAMDEN,3 Pedestrian,2 Female,25-59,44,1,3 Slight,05 Crossing Road (Not On Xing),9 Unknown Or Other,1 Pedestrian,PARKWAY J/W ARLINGTON ROAD,1,20/01/2017 11:12:00 AM,Friday,11.12,3 Bor,A,4201,6 Single Cwy,2 30 MPH,3 T/Stag Jun,4 Give Way/Uncontrolled,Unclassified,0,0 No Xing Facility In 50m,1 Daylight,1 Fine,1 Road-Dry,0 None,0 None,528830,183810,-0.143784,51.5385,,,Unknown,"(51.5385, -0.143784)",http://opendatacommunities.org/id/london-borough-council/camden,6613,21/12/2020 02:48:39 PM
1170027105,CAMDEN,1 Driver/Rider,1 Male,25-59,54,1,2 Serious,-2 Unknown,-2 N/A,3 Powered 2 Wheeler,NORTHINGTON STREET J/W KINGS MEWS,2,22/03/2017 08:01:00 AM,Wednesday,8.01,3 Bor,Unclassified,0,2 One-Way St,1 <= 20 MPH,6 Crossroads,4 Give Way/Uncontrolled,Unclassified,0,0 No Xing Facility In 50m,1 Daylight,2 Raining,2 Road-Wet,0 None,0 None,530900,182040,-0.114611,51.522118,,,Unknown,"(51.522118, -0.114611)",http://opendatacommunities.org/id/london-borough-council/camden,6806,21/12/2020 02:48:39 PM
1170026708,CAMDEN,3 Pedestrian,1 Male,25-59,32,1,2 Serious,01 Crossing Road On Ped Xing,9 Unknown Or Other,1 Pedestrian,ADELAIDE ROAD J/W HARLEY ROAD,1,20/03/2017 06:00:00 PM,Monday,18.00,3 Bor,B,509,3 Dual Cwy,2 30 MPH,6 Crossroads,2 Auto Sig,Unclassified,0,4 Pelican Or Similar,2 Dark,1 Fine,2 Road-Wet,0 None,0 None,526910,184160,-0.171327,51.54208,,,Unknown,"(51.54208, -0.171327)",http://opendatacommunities.org/id/london-borough-council/camden,6800,21/12/2020 02:48:39 PM
1170032305,CAMDEN,2 Passenger,1 Male,0-15,2,1,3 Slight,-2 Unknown,-2 N/A,6 Bus Or Coach,FINCHLEY ROAD 10M S OF J/W PARSIFAL ROAD,1,16/04/2017 05:01:00 PM,Sunday,17.01,1 TLRN,A,41,3 Dual Cwy,2 30 MPH,3 T/Stag Jun,4 Give Way/Uncontrolled,Unclassified,0,0 No Xing Facility In 50m,1 Daylight,1 Fine,1 Road-Dry,0 None,0 None,525420,185530,-0.192314,51.554725,,,Unknown,"(51.554725, -0.192314)",http://opendatacommunities.org/id/london-borough-council/camden,6885,21/12/2020 02:48:39 PM
1190189495,CAMDEN,1 DRIVER/RIDER,1 MALE,U,,1,3 SLIGHT,'-2 NOT APPLICABLE,'-2 NOT APPLICABLE,4 CAR,"On Kilburn High Road, near the junction with Kilburn Park Road.",2,24/06/2019 05:50:00 PM,Monday,17.50,3 BOR,A,5,6 SINGLE CWY,30,03 T/STAG JUN,9 UNKNOWN (S/R),B,414,9 UNKNOWN (S/R),2 DAYLIGHT,1 FINE,1 ROAD-DRY,0 NONE,0 NONE,525627,183336,-0.190112,51.534962,,,Unknown,"(51.534962, -0.190112)",http://opendatacommunities.org/id/london-borough-council/camden,9129,21/12/2020 02:48:44 PM
1180142232,CAMDEN,1 Driver/Rider,1 Male,25-59,39,1,2 Serious,-2 Unknown,-2 N/A,3 Powered 2 Wheeler,TOTTENHAM COURT ROAD J/W OXFORD STREET,1,30/10/2018 12:41:00 PM,Tuesday,12.41,3 Bor,A,400,2 One-Way St,2 30 MPH,6 Crossroads,2 Auto Sig,A,40,4 Pelican Or Similar,1 Daylight,1 Fine,1 Road-Dry,0 None,0 None,529830,181350,-0.130279,51.516164,,,Unknown,"(51.516164, -0.130279)",http://opendatacommunities.org/id/london-borough-council/camden,8480,21/12/2020 02:48:43 PM
1190181486,CAMDEN,3 PEDESTRIAN,1 MALE,25-59,41,1,3 SLIGHT,05 CROSSING ROAD (NOT ON XING),1 FROM DRIVERS N/SIDE,1 PEDESTRIAN,"On Shaftesbury Avenue, 20 metres west of the junction with Neal Street.",2,15/05/2019 07:02:00 PM,Wednesday,19.02,3 BOR,A,401,2 ONE-WAY ST,30,03 T/STAG JUN,9 UNKNOWN (S/R),B,404,5 PEDN PHASE AT ATS,2 DAYLIGHT,1 FINE,1 ROAD-DRY,0 NONE,0 NONE,530041,181247,-0.127278,51.51519,,,Unknown,"(51.51519, -0.127278)",http://opendatacommunities.org/id/london-borough-council/camden,9015,21/12/2020 02:48:44 PM
0115EK41118,CAMDEN,1 Driver/Rider,2 Female,25-59,57,1,3 Slight,-2 Unknown,-2 N/A,4 Car,HILLWAY J/W MAKEPEACE AVENUE,2,14/12/2015 10:00:00 PM,Monday,22.00,3 Bor,Unclassified,0,6 Single Cwy,2 30 MPH,6 Crossroads,4 Give Way/Uncontrolled,Unclassified,0,0 No Xing Facility In 50m,2 Dark,1 Fine,2 Road-Wet,0 None,0 None,528370,186700,-0.149359,51.564577,,,Unknown,"(51.564577, -0.149359)",http://opendatacommunities.org/id/london-borough-council/camden,5529,21/12/2020 02:48:37 PM
0115EK40054,CAMDEN,1 Driver/Rider,1 Male,25-59,28,1,3 Slight,-2 Unknown,-2 N/A,3 Powered 2 Wheeler,FINCHLEY ROAD 32M NW OF J/W CANFIELD GARDENS,2,26/01/2015 07:15:00 PM,Monday,19.15,1 TLRN,A,41,6 Single Cwy,2 30 MPH,0 No Jun In 20m,-2 Not Applicable,-2 Not Applicable,0,5 Pedn Phase At Ats,2 Dark,1 Fine,1 Road-Dry,0 None,0 None,526310,184700,-0.179781,51.547068,,,Unknown,"(51.547068, -0.179781)",http://opendatacommunities.org/id/london-borough-council/camden,4623,21/12/2020 02:48:35 PM
0116EK40024,CAMDEN,1 Driver/Rider,1 Male,25-59,45,1,2 Serious,-2 Unknown,-2 N/A,2 Pedal Cycle,N.F.L WILLOW ROAD 22M E OF WILLOUGHBY ROAD,1,19/01/2016 05:10:00 PM,Tuesday,17.10,3 Bor,Unclassified,0,6 Single Cwy,2 30 MPH,0 No Jun In 20m,-2 Not Applicable,-2 Not Applicable,0,0 No Xing Facility In 50m,2 Dark,1 Fine,1 Road-Dry,0 None,0 None,526780,185880,-0.172581,51.557567,,,Unknown,"(51.557567, -0.172581)",http://opendatacommunities.org/id/london-borough-council/camden,6001,21/12/2020 02:48:38 PM
1190221839,CAMDEN,1 DRIVER/RIDER,1 MALE,25-59,33,1,3 SLIGHT,'-2 NOT APPLICABLE,'-2 NOT APPLICABLE,3 POWERED 2 WHEELER,"On West End Lane, near the junction with GASCONY AVENUE.",2,30/11/2019 04:03:00 PM,Saturday,16.03,3 BOR,B,510,6 SINGLE CWY,20,03 T/STAG JUN,4 GIVE WAY/UNCONTROLLED,6,0,0 NO XING FACILITY IN 50M,2 DAYLIGHT,1 FINE,1 ROAD-DRY,0 NONE,0 NONE,525397,184172,-0.193129,51.542526,,,Unknown,"(51.542526, -0.193129)",http://opendatacommunities.org/id/london-borough-council/camden,9563,21/12/2020 02:48:45 PM
1170076992,CAMDEN,1 Driver/Rider,1 Male,25-59,40,1,3 Slight,-2 Unknown,-2 N/A,4 Car,CAVERSHAM ROAD J/W WOLSEY MEWS,2,11/12/2017 11:15:00 AM,Monday,11.15,3 Bor,Unclassified,0,2 One-Way St,1 <= 20 MPH,6 Crossroads,9 Unknown (S/R),Unclassified,0,9 Unknown (S/R),1 Daylight,2 Raining,2 Road-Wet,0 None,0 None,529020,184960,-0.140625,51.548792,,,Unknown,"(51.548792, -0.140625)",http://opendatacommunities.org/id/london-borough-council/camden,7602,21/12/2020 02:48:41 PM
1190197359,CAMDEN,1 DRIVER/RIDER,1 MALE,25-59,51,1,3 SLIGHT,'-2 NOT APPLICABLE,'-2 NOT APPLICABLE,3 POWERED 2 WHEELER,"On KINGSWAY, near the junction with WILD COURT.",2,02/08/2019 11:30:00 AM,Friday,11.30,3 BOR,A,4200,3 DUAL CWY,20,09 OTHER JUN,4 GIVE WAY/UNCONTROLLED,6,0,4 PELICAN OR SIMILAR,2 DAYLIGHT,1 FINE,1 ROAD-DRY,0 NONE,0 NONE,530603,181303,-0.119163,51.515564,,,Unknown,"(51.515564, -0.119163)",http://opendatacommunities.org/id/london-borough-council/camden,9249,21/12/2020 02:48:44 PM
1180107933,CAMDEN,1 Driver/Rider,1 Male,16-24,21,1,3 Slight,-2 Unknown,-2 N/A,2 Pedal Cycle,PENTONVILLE ROAD J/W NORTHDOWN STREET,2,14/05/2018 07:00:00 PM,Monday,19.00,1 TLRN,A,501,3 Dual Cwy,1 <= 20 MPH,3 T/Stag Jun,2 Auto Sig,A,501,1 Zebra,1 Daylight,1 Fine,1 Road-Dry,0 None,0 None,530540,183010,-0.119438,51.530919,,,Unknown,"(51.530919, -0.119438)",http://opendatacommunities.org/id/london-borough-council/camden,7992,21/12/2020 02:48:42 PM
1170062915,CAMDEN,3 Pedestrian,1 Male,Unknown,0,1,3 Slight,05 Crossing Road (Not On Xing),9 Unknown Or Other,1 Pedestrian,CHURCH ROW 25M E OF J/W HEATH STREET,1,02/10/2017 08:50:00 AM,Monday,8.50,3 Bor,Unclassified,0,9 Unknown,2 30 MPH,0 No Jun In 20m,-2 Not Applicable,-2 Not Applicable,0,0 No Xing Facility In 50m,1 Daylight,9 Unknown,9 Unknown (S/R),0 None,0 None,526250,185630,-0.180312,51.555439,,,Unknown,"(51.555439, -0.180312)",http://opendatacommunities.org/id/london-borough-council/camden,7383,21/12/2020 02:48:40 PM
1170022117,CAMDEN,1 Driver/Rider,1 Male,25-59,32,1,3 Slight,-2 Unknown,-2 N/A,3 Powered 2 Wheeler,YORK WAY J/W WHARFDALE ROAD,2,01/03/2017 09:00:00 PM,Wednesday,21.00,3 Bor,A,5200,6 Single Cwy,1 <= 20 MPH,3 T/Stag Jun,2 Auto Sig,C,0,5 Pedn Phase At Ats,2 Dark,2 Raining,2 Road-Wet,0 None,0 None,530320,183280,-0.122508,51.533396,,,Unknown,"(51.533396, -0.122508)",http://opendatacommunities.org/id/london-borough-council/camden,6729,21/12/2020 02:48:39 PM
1170072968,CAMDEN,1 Driver/Rider,1 Male,16-24,23,1,3 Slight,-2 Unknown,-2 N/A,3 Powered 2 Wheeler,FINCHLEY ROAD 50M N OF J/W COLLEGE CRESENT THE NEAREST CLASSIFIED,1,26/11/2017 05:00:00 PM,Sunday,17.00,1 TLRN,A,41,3 Dual Cwy,2 30 MPH,0 No Jun In 20m,-2 Not Applicable,-2 Not Applicable,0,4 Pelican Or Similar,2 Dark,1 Fine,1 Road-Dry,0 None,6 Ped In Cwy (Not Inj),526610,184400,-0.175565,51.544305,,,Unknown,"(51.544305, -0.175565)",http://opendatacommunities.org/id/london-borough-council/camden,7551,21/12/2020 02:48:41 PM
1180129200,CAMDEN,1 Driver/Rider,1 Male,25-59,36,1,3 Slight,-2 Unknown,-2 N/A,4 Car,CAMDEN ROAD J/W ST PANCRAS WAY,2,24/08/2018 05:32:00 PM,Friday,17.32,1 TLRN,A,503,6 Single Cwy,2 30 MPH,3 T/Stag Jun,2 Auto Sig,A,5202,5 Pedn Phase At Ats,1 Daylight,1 Fine,1 Road-Dry,0 None,0 None,529254,184302,-0.137493,51.542825,,,Unknown,"(51.542825, -0.137493)",http://opendatacommunities.org/id/london-borough-council/camden,8280,21/12/2020 02:48:42 PM
1180121407,CAMDEN,1 Driver/Rider,2 Female,25-59,40,1,3 Slight,-2 Unknown,-2 N/A,2 Pedal Cycle,BOUNDARY ROAD J/W BUTTERMERE COURT,2,16/07/2018 06:10:00 PM,Monday,18.10,3 Bor,C,0,2 One-Way St,1 <= 20 MPH,3 T/Stag Jun,4 Give Way/Uncontrolled,Unclassified,0,0 No Xing Facility In 50m,1 Daylight,1 Fine,1 Road-Dry,0 None,0 None,526670,183860,-0.174894,51.539438,,,Unknown,"(51.539438, -0.174894)",http://opendatacommunities.org/id/london-borough-council/camden,8181,21/12/2020 02:48:42 PM
1170014564,CAMDEN,1 Driver/Rider,1 Male,25-59,53,1,3 Slight,-2 Unknown,-2 N/A,5 Taxi,KING HENRY'S ROAD J/W PRIMROSE HILL ROAD,2,18/01/2017 01:01:00 PM,Wednesday,13.01,3 Bor,Unclassified,0,6 Single Cwy,1 <= 20 MPH,3 T/Stag Jun,4 Give Way/Uncontrolled,Unclassified,0,0 No Xing Facility In 50m,1 Daylight,1 Fine,1 Road-Dry,0 None,0 None,527490,184200,-0.162954,51.542309,,,Unknown,"(51.542309, -0.162954)",http://opendatacommunities.org/id/london-borough-council/camden,6615,21/12/2020 02:48:39 PM
0115EK40493,CAMDEN,2 Passenger,1 Male,Unknown,0,1,3 Slight,-2 Unknown,-2 N/A,6 Bus Or Coach,ALBANY STREET 29*M S OF J/W CHESTER CLOSE NORTH,1,18/06/2015 06:56:00 PM,Thursday,18.56,3 Bor,A,4201,6 Single Cwy,2 30 MPH,0 No Jun In 20m,-2 Not Applicable,-2 Not Applicable,0,0 No Xing Facility In 50m,1 Daylight,1 Fine,1 Road-Dry,0 None,0 None,528810,182750,-0.14446,51.528979,,,Unknown,"(51.528979, -0.14446)",http://opendatacommunities.org/id/london-borough-council/camden,4984,21/12/2020 02:48:36 PM
1190186770,CAMDEN,3 PEDESTRIAN,2 FEMALE,16-24,23,2,3 SLIGHT,05 CROSSING ROAD (NOT ON XING),2 FROM DRIVERS N/SIDE MSK,1 PEDESTRIAN,"On Tottenham Court Road, 50 metres north of the junction with TORRINGTON PLACE.",1,12/06/2019 08:45:00 AM,Wednesday,8.45,3 BOR,A,400,6 SINGLE CWY,20,00 NO JUN IN 20M,,0,0,0 NO XING FACILITY IN 50M,2 DAYLIGHT,1 FINE,1 ROAD-DRY,0 NONE,0 NONE,529448,181975,-0.135552,51.521868,,,Unknown,"(51.521868, -0.135552)",http://opendatacommunities.org/id/london-borough-council/camden,9086,21/12/2020 02:48:44 PM
1170043816,CAMDEN,2 Passenger,1 Male,Unknown,0,1,3 Slight,-2 Unknown,-2 N/A,4 Car,CHENIES STREET J/W GOWER STREET,2,25/05/2017 02:40:00 PM,Thursday,14.40,3 Bor,B,506,6 Single Cwy,2 30 MPH,3 T/Stag Jun,2 Auto Sig,A,400,0 No Xing Facility In 50m,1 Daylight,1 Fine,1 Road-Dry,0 None,0 None,529710,181920,-0.131798,51.521314,,,Unknown,"(51.521314, -0.131798)",http://opendatacommunities.org/id/london-borough-council/camden,7058,21/12/2020 02:48:39 PM
0115EK40134,CAMDEN,1 Driver/Rider,1 Male,25-59,47,1,3 Slight,-2 Unknown,-2 N/A,4 Car,EUSTON ROAD 47M SW OF J/W GORDON STREET,2,04/02/2015 06:45:00 PM,Wednesday,18.45,1 TLRN,A,501,3 Dual Cwy,4 50 MPH,0 No Jun In 20m,-2 Not Applicable,-2 Not Applicable,0,5 Pedn Phase At Ats,2 Dark,1 Fine,1 Road-Dry,0 None,0 None,529530,182440,-0.1342,51.526028,,,Unknown,"(51.526028, -0.1342)",http://opendatacommunities.org/id/london-borough-council/camden,4685,21/12/2020 02:48:36 PM