Reference,London Borough Name,Casualty Class,Casualty Sex,Casualty Age Band,Casualty Age,Number Of Casualties,Casualty Severity,Pedestrian Location,Pedestrian Movement,Mode Of Travel,Attendant Location,Number Of Vehicles,Date,Day,Time,Highway,Road Class 1,Road Number 1,Road Type,Speed Limit,Junction Detail,Junction Control,Road Class 2,Road Number 2,Pedestrian Crossing,Light Condition Band,Weather,Road Surface,Special Conditions,Carriage Way Hazard,Easting,Northing,Longitude,Latitude,Ward Code,Ward Name,Spatial Accuracy,Location,Organisation URI,Socrata ID,Last Uploaded
1190157016,CAMDEN,1 DRIVER/RIDER,1 MALE,60+,79,1,3 SLIGHT,'-2 NOT APPLICABLE,'-2 NOT APPLICABLE,4 CAR,"NFL Finchley Road, jw Fairfax Rd",2,11/01/2019 07:03:00 PM,Friday,19.03,1 TLRN,A,41,3 DUAL CWY,30,09 OTHER JUN,2 AUTO SIG,A,41,0 NO XING FACILITY IN 50M,2 DAYLIGHT,1 FINE,1 ROAD-DRY,0 NONE,0 NONE,526427,184532,-0.178155,51.545532,,,Unknown,"(51.545532, -0.178155)",http://opendatacommunities.org/id/london-borough-council/camden,8684,21/12/2020 02:48:43 PM
0115QK50225,CAMDEN,2 Passenger,2 Female,16-24,20,1,3 Slight,-2 Unknown,-2 N/A,3 Powered 2 Wheeler,"KILBURN HIGH ROAD, J/W GASCONY AVENUE",2,10/03/2015 08:09:00 PM,Tuesday,20.09,3 Bor,A,5,6 Single Cwy,2 30 MPH,3 T/Stag Jun,2 Auto Sig,A,5,5 Pedn Phase At Ats,2 Dark,1 Fine,1 Road-Dry,0 None,0 None,525070,184080,-0.197875,51.541772,,,Unknown,"(51.541772, -0.197875)",http://opendatacommunities.org/id/london-borough-council/camden,5616,21/12/2020 02:48:37 PM
0116EK40477,CAMDEN,1 Driver/Rider,1 Male,60+,64,1,3 Slight,-2 Unknown,-2 N/A,2 Pedal Cycle,"AVENUE ROAD, 105 METRES NW OF ST EDMUND'S TERRACE.",2,20/06/2016 09:25:00 AM,Monday,9.25,3 Bor,B,525,6 Single Cwy,2 30 MPH,8 Priv Drive,4 Give Way/Uncontrolled,Unclassified,0,0 No Xing Facility In 50m,1 Daylight,2 Raining,2 Road-Wet,0 None,0 None,527300,183550,-0.165927,51.536511,,,Unknown,"(51.536511, -0.165927)",http://opendatacommunities.org/id/london-borough-council/camden,6385,21/12/2020 02:48:38 PM
1190222085,CAMDEN,3 PEDESTRIAN,2 FEMALE,16-24,21,1,2 SERIOUS,05 CROSSING ROAD (NOT ON XING),'-2 NOT APPLICABLE,1 PEDESTRIAN,"On Albany Street, 30 metres south of the junction with Longford Street.",1,01/12/2019 07:34:00 PM,Sunday,19.34,3 BOR,A,4201,6 SINGLE CWY,20,00 NO JUN IN 20M,,0,0,0 NO XING FACILITY IN 50M,1 DARK,1 FINE,1 ROAD-DRY,0 NONE,0 NONE,528837,182352,-0.144216,51.525396,,,Unknown,"(51.525396, -0.144216)",http://opendatacommunities.org/id/london-borough-council/camden,9570,21/12/2020 02:48:45 PM
1180098949,CAMDEN,3 Pedestrian,1 Male,25-59,25,1,2 Serious,01 Crossing Road On Ped Xing,3 From Drivers O/Side,1 Pedestrian,SAINT PANCRAS WAY J/W PRATT STREET,1,28/03/2018 08:40:00 AM,Wednesday,8.40,3 Bor,C,0,3 Dual Cwy,1 <= 20 MPH,3 T/Stag Jun,4 Give Way/Uncontrolled,C,0,1 Zebra,1 Daylight,2 Raining,2 Road-Wet,0 None,0 None,529430,183930,-0.135093,51.539442,,,Unknown,"(51.539442, -0.135093)",http://opendatacommunities.org/id/london-borough-council/camden,7853,21/12/2020 02:48:41 PM
1160012421,CAMDEN,2 Passenger,1 Male,16-24,24,1,3 Slight,-2 Unknown,-2 N/A,4 Car,"ON PLENDER STREET, NEAR THE JUNCTION WITH BAYHAM STREET .",2,17/09/2016 01:40:00 AM,Saturday,1.40,3 Bor,C,0,2 One-Way St,2 30 MPH,6 Crossroads,4 Give Way/Uncontrolled,Unclassified,0,1 Zebra,2 Dark,9 Unknown,1 Road-Dry,0 None,0 None,529190,183560,-0.138688,51.536172,,,Unknown,"(51.536172, -0.138688)",http://opendatacommunities.org/id/london-borough-council/camden,5831,21/12/2020 02:48:37 PM
1190192641,CAMDEN,1 DRIVER/RIDER,1 MALE,25-59,53,1,3 SLIGHT,'-2 NOT APPLICABLE,'-2 NOT APPLICABLE,2 PEDAL CYCLE,"On Hampstead High Street, 25 metres east of the junction with GAYTON RD.",2,10/07/2019 07:40:00 AM,Wednesday,7.40,3 BOR,A,502,6 SINGLE CWY,20,00 NO JUN IN 20M,,0,0,0 NO XING FACILITY IN 50M,2 DAYLIGHT,1 FINE,1 ROAD-DRY,0 NONE,0 NONE,526550,185659,-0.175977,51.555633,,,Unknown,"(51.555633, -0.175977)",http://opendatacommunities.org/id/london-borough-council/camden,9174,21/12/2020 02:48:44 PM
1180123163,CAMDEN,1 Driver/Rider,1 Male,25-59,39,1,3 Slight,-2 Unknown,-2 N/A,3 Powered 2 Wheeler,MAPLE STREET J/W FITZROY STREET,2,25/07/2018 11:30:00 AM,Wednesday,11.30,3 Bor,Unclassified,0,2 One-Way St,1 <= 20 MPH,6 Crossroads,4 Give Way/Uncontrolled,Unclassified,0,0 No Xing Facility In 50m,1 Daylight,1 Fine,1 Road-Dry,0 None,0 None,529230,182000,-0.138684,51.522143,,,Unknown,"(51.522143, -0.138684)",http://opendatacommunities.org/id/london-borough-council/camden,8202,21/12/2020 02:48:42 PM
1180119094,CAMDEN,3 Pedestrian,1 Male,25-59,45,1,2 Serious,01 Crossing Road On Ped Xing,3 From Drivers O/Side,1 Pedestrian,EUSTON ROAD J/W MABLEDON PLACE,1,05/07/2018 03:45:00 PM,Thursday,15.45,1 TLRN,A,501,2 One-Way St,1 <= 20 MPH,9 Other Jun,2 Auto Sig,Unclassified,0,5 Pedn Phase At Ats,1 Daylight,1 Fine,1 Road-Dry,0 None,0 None,529960,182710,-0.127906,51.528356,,,Unknown,"(51.528356, -0.127906)",http://opendatacommunities.org/id/london-borough-council/camden,8148,21/12/2020 02:48:42 PM
1180107640,CAMDEN,1 Driver/Rider,1 Male,16-24,23,1,3 Slight,-2 Unknown,-2 N/A,2 Pedal Cycle,GREAT QUEEN STREET 50M E OF J/W DRURY LANE,2,13/05/2018 02:30:00 PM,Sunday,14.30,3 Bor,B,402,2 One-Way St,2 30 MPH,0 No Jun In 20m,-2 Not Applicable,-2 Not Applicable,0,0 No Xing Facility In 50m,1 Daylight,1 Fine,1 Road-Dry,0 None,0 None,530443,181257,-0.121484,51.515187,,,Unknown,"(51.515187, -0.121484)",http://opendatacommunities.org/id/london-borough-council/camden,7990,21/12/2020 02:48:42 PM
1180155684,CAMDEN,1 Driver/Rider,1 Male,Unknown,0,1,3 Slight,-2 Unknown,-2 N/A,3 Powered 2 Wheeler,PANCRAS ROAD 30M S OF J/W CAMLEY STREET,2,27/12/2018 09:00:00 PM,Thursday,21.00,3 Bor,Unclassified,0,6 Single Cwy,2 30 MPH,0 No Jun In 20m,-2 Not Applicable,-2 Not Applicable,0,0 No Xing Facility In 50m,2 Dark,9 Unknown,1 Road-Dry,0 None,0 None,530010,183320,-0.12696,51.533827,,,Unknown,"(51.533827, -0.12696)",http://opendatacommunities.org/id/london-borough-council/camden,8656,21/12/2020 02:48:43 PM
0116EK40575,CAMDEN,1 Driver/Rider,1 Male,25-59,57,1,3 Slight,-2 Unknown,-2 N/A,4 Car,NORTH END WAY J/W INVERFORTH CLOSE,3,28/07/2016 04:00:00 AM,Thursday,4.00,3 Bor,A,502,6 Single Cwy,2 30 MPH,3 T/Stag Jun,4 Give Way/Uncontrolled,Unclassified,0,0 No Xing Facility In 50m,2 Dark,1 Fine,1 Road-Dry,0 None,0 None,526170,186740,-0.181068,51.565433,,,Unknown,"(51.565433, -0.181068)",http://opendatacommunities.org/id/london-borough-council/camden,6463,21/12/2020 02:48:39 PM
0116EK40217,CAMDEN,2 Passenger,2 Female,25-59,48,1,3 Slight,-2 Unknown,-2 N/A,6 Bus Or Coach,UPPER WOBURN PLACE J/W EUSTON ROAD,1,14/04/2016 07:15:00 PM,Thursday,19.15,1 TLRN,A,4200,6 Single Cwy,2 30 MPH,6 Crossroads,2 Auto Sig,A,501,5 Pedn Phase At Ats,2 Dark,1 Fine,1 Road-Dry,0 None,0 None,529760,182570,-0.130839,51.527144,,,Unknown,"(51.527144, -0.130839)",http://opendatacommunities.org/id/london-borough-council/camden,6161,21/12/2020 02:48:38 PM
1180119806,CAMDEN,1 Driver/Rider,1 Male,25-59,55,1,3 Slight,-2 Unknown,-2 N/A,4 Car,FINCHLEY ROAD 140M N OF J/W LITHOS ROAD,1,08/07/2018 03:30:00 PM,Sunday,15.30,1 TLRN,A,41,2 One-Way St,1 <= 20 MPH,0 No Jun In 20m,-2 Not Applicable,-2 Not Applicable,0,0 No Xing Facility In 50m,1 Daylight,1 Fine,1 Road-Dry,4 Roadworks,0 None,526070,185060,-0.183111,51.550357,,,Unknown,"(51.550357, -0.183111)",http://opendatacommunities.org/id/london-borough-council/camden,8157,21/12/2020 02:48:42 PM
1180097289,CAMDEN,1 Driver/Rider,2 Female,25-59,31,1,3 Slight,-2 Unknown,-2 N/A,4 Car,FITZJOHN'S AVENUE J/W NUTLEY TERRACE,2,20/03/2018 04:40:00 PM,Tuesday,16.40,3 Bor,B,511,6 Single Cwy,1 <= 20 MPH,6 Crossroads,4 Give Way/Uncontrolled,Unclassified,0,1 Zebra,1 Daylight,1 Fine,1 Road-Dry,0 None,0 None,526570,184980,-0.175933,51.549526,,,Unknown,"(51.549526, -0.175933)",http://opendatacommunities.org/id/london-borough-council/camden,7824,21/12/2020 02:48:41 PM
1180112635,CAMDEN,2 Passenger,1 Male,25-59,53,1,3 Slight,-2 Unknown,-2 N/A,7 Goods Vehicle,CAMDEN ROAD J/W LYME STREET,2,07/06/2018 12:12:00 AM,Thursday,0.12,1 TLRN,A,503,3 Dual Cwy,1 <= 20 MPH,3 T/Stag Jun,1 Auth Person,Unclassified,0,0 No Xing Facility In 50m,2 Dark,1 Fine,1 Road-Dry,0 None,0 None,529120,184060,-0.139513,51.540681,,,Unknown,"(51.540681, -0.139513)",http://opendatacommunities.org/id/london-borough-council/camden,8053,21/12/2020 02:48:42 PM
1180127080,CAMDEN,1 Driver/Rider,2 Female,16-24,23,1,2 Serious,-2 Unknown,-2 N/A,2 Pedal Cycle,ROYAL COLLEGE STREET 100M N OF J/W COLLEGE GROVE NW1,2,14/08/2018 07:02:00 PM,Tuesday,19.02,3 Bor,A,5202,6 Single Cwy,1 <= 20 MPH,0 No Jun In 20m,-2 Not Applicable,-2 Not Applicable,0,0 No Xing Facility In 50m,1 Daylight,1 Fine,1 Road-Dry,0 None,0 None,529400,183810,-0.13557,51.53837,,,Unknown,"(51.53837, -0.13557)",http://opendatacommunities.org/id/london-borough-council/camden,8249,21/12/2020 02:48:42 PM
0116EK40049,CAMDEN,1 Driver/Rider,2 Female,25-59,41,1,3 Slight,-2 Unknown,-2 N/A,2 Pedal Cycle,AVENUE ROAD 25M NW OF ST EDMUND'S TERRACE,2,01/02/2016 10:00:00 AM,Monday,10.00,3 Bor,B,525,6 Single Cwy,2 30 MPH,0 No Jun In 20m,-2 Not Applicable,-2 Not Applicable,0,1 Zebra,1 Daylight,4 Fine/High Winds,1 Road-Dry,0 None,0 None,527350,183490,-0.165228,51.53596,,,Unknown,"(51.53596, -0.165228)",http://opendatacommunities.org/id/london-borough-council/camden,6019,21/12/2020 02:48:38 PM
1170058090,CAMDEN,1 Driver/Rider,1 Male,16-24,24,1,2 Serious,-2 Unknown,-2 N/A,3 Powered 2 Wheeler,CAMDEN ROAD J/W N/A,2,09/09/2017 12:40:00 PM,Saturday,12.40,1 TLRN,A,503,6 Single Cwy,1 <= 20 MPH,8 Priv Drive,4 Give Way/Uncontrolled,Unclassified,0,0 No Xing Facility In 50m,1 Daylight,1 Fine,1 Road-Dry,0 None,0 None,529490,184590,-0.133986,51.545359,,,Unknown,"(51.545359, -0.133986)",http://opendatacommunities.org/id/london-borough-council/camden,7311,21/12/2020 02:48:40 PM
0115EK40572,CAMDEN,3 Pedestrian,1 Male,0-15,9,1,3 Slight,01 Crossing Road On Ped Xing,1 From Drivers N/Side,1 Pedestrian,KINGSWAY J/W HIGH HOLBORN,1,11/07/2015 05:18:00 PM,Saturday,17.18,3 Bor,A,4200,6 Single Cwy,2 30 MPH,6 Crossroads,2 Auto Sig,A,40,5 Pedn Phase At Ats,1 Daylight,1 Fine,1 Road-Dry,0 None,0 None,530510,181510,-0.120426,51.517445,,,Unknown,"(51.517445, -0.120426)",http://opendatacommunities.org/id/london-borough-council/camden,5062,21/12/2020 02:48:36 PM
0116EK40507,CAMDEN,1 Driver/Rider,1 Male,25-59,31,1,3 Slight,-2 Unknown,-2 N/A,3 Powered 2 Wheeler,CAMDEN ROAD 28M NE OF J/W SANDALL ROAD,2,15/07/2016 11:05:00 PM,Friday,23.05,1 TLRN,A,503,6 Single Cwy,2 30 MPH,0 No Jun In 20m,-2 Not Applicable,-2 Not Applicable,0,4 Pelican Or Similar,2 Dark,9 Unknown,1 Road-Dry,0 None,0 None,529490,184600,-0.133982,51.545449,,,Unknown,"(51.545449, -0.133982)",http://opendatacommunities.org/id/london-borough-council/camden,6415,21/12/2020 02:48:38 PM
0116EK40161,CAMDEN,1 Driver/Rider,1 Male,25-59,47,1,3 Slight,-2 Unknown,-2 N/A,3 Powered 2 Wheeler,FINCHLEY RD 33M NORTH OF J/W PLATT'S LANE,2,17/03/2016 11:42:00 AM,Thursday,11.42,1 TLRN,A,41,3 Dual Cwy,2 30 MPH,0 No Jun In 20m,-2 Not Applicable,-2 Not Applicable,0,5 Pedn Phase At Ats,1 Daylight,1 Fine,1 Road-Dry,0 None,0 None,525160,185890,-0.195934,51.558019,,,Unknown,"(51.558019, -0.195934)",http://opendatacommunities.org/id/london-borough-council/camden,6116,21/12/2020 02:48:38 PM
0116EK40038,CAMDEN,1 Driver/Rider,2 Female,16-24,23,1,3 Slight,-2 Unknown,-2 N/A,2 Pedal Cycle,CLERKENWELL ROAD J/W HATTON GARDEN,2,31/01/2016 10:30:00 AM,Sunday,10.30,3 Bor,A,5201,6 Single Cwy,2 30 MPH,3 T/Stag Jun,4 Give Way/Uncontrolled,B,521,1 Zebra,1 Daylight,2 Raining,2 Road-Wet,0 None,0 None,531250,182030,-0.109573,51.521947,,,Unknown,"(51.521947, -0.109573)",http://opendatacommunities.org/id/london-borough-council/camden,6013,21/12/2020 02:48:38 PM
1190211268,CAMDEN,1 DRIVER/RIDER,1 MALE,25-59,35,1,3 SLIGHT,'-2 NOT APPLICABLE,'-2 NOT APPLICABLE,4 CAR,"On Squire's Mount, near the junction with E Heath Road .",2,12/10/2019 06:50:00 PM,Saturday,18.50,3 BOR,5,0,9 UNKNOWN,20,03 T/STAG JUN,9 UNKNOWN (S/R),6,0,9 UNKNOWN (S/R),1 DARK,1 FINE,1 ROAD-DRY,0 NONE,0 NONE,526570,186241,-0.175479,51.560859,,,Unknown,"(51.560859, -0.175479)",http://opendatacommunities.org/id/london-borough-council/camden,9426,21/12/2020 02:48:44 PM
1190202632,CAMDEN,1 DRIVER/RIDER,1 MALE,16-24,23,1,3 SLIGHT,'-2 NOT APPLICABLE,'-2 NOT APPLICABLE,3 POWERED 2 WHEELER,"On Pratt Street, near the junction with Camden High Street.",3,31/08/2019 08:25:00 PM,Saturday,20.25,1 TLRN,A,502,2 ONE-WAY ST,20,03 T/STAG JUN,2 AUTO SIG,A,503,5 PEDN PHASE AT ATS,1 DARK,1 FINE,1 ROAD-DRY,0 NONE,0 NONE,529024,183664,-0.141042,51.537144,,,Unknown,"(51.537144, -0.141042)",http://opendatacommunities.org/id/london-borough-council/camden,9320,21/12/2020 02:48:44 PM
1190207267,CAMDEN,1 DRIVER/RIDER,1 MALE,25-59,39,1,3 SLIGHT,'-2 NOT APPLICABLE,'-2 NOT APPLICABLE,2 PEDAL CYCLE,"On Kilburn High Road, near the junction with The Terrace.",2,23/09/2019 05:00:00 PM,Monday,17.00,3 BOR,A,5,6 SINGLE CWY,30,03 T/STAG JUN,9 UNKNOWN (S/R),6,0,9 UNKNOWN (S/R),2 DAYLIGHT,2 RAINING,2 ROAD-WET,0 NONE,0 NONE,525152,183987,-0.196726,51.540918,,,Unknown,"(51.540918, -0.196726)",http://opendatacommunities.org/id/london-borough-council/camden,9383,21/12/2020 02:48:44 PM
1180114869,CAMDEN,2 Passenger,2 Female,25-59,36,1,3 Slight,-2 Unknown,-2 N/A,4 Car,WEST HEATH ROAD J/W BRANCH HILL,2,17/06/2018 02:40:00 PM,Sunday,14.40,3 Bor,C,0,6 Single Cwy,2 30 MPH,3 T/Stag Jun,4 Give Way/Uncontrolled,Unclassified,0,0 No Xing Facility In 50m,1 Daylight,1 Fine,1 Road-Dry,0 None,0 None,526010,186260,-0.183547,51.561155,,,Unknown,"(51.561155, -0.183547)",http://opendatacommunities.org/id/london-borough-council/camden,8082,21/12/2020 02:48:42 PM
1160001485,CAMDEN,3 Pedestrian,2 Female,0-15,14,1,3 Slight,05 Crossing Road (Not On Xing),1 From Drivers N/Side,1 Pedestrian,ALBANY STREET J/W CHESTER COURT,1,14/11/2016 08:01:00 AM,Monday,8.01,3 Bor,A,4201,6 Single Cwy,1 <= 20 MPH,9 Other Jun,4 Give Way/Uncontrolled,Unclassified,0,8 Central Refuge,1 Daylight,1 Fine,2 Road-Wet,0 None,0 None,528820,182700,-0.144334,51.528527,,,Unknown,"(51.528527, -0.144334)",http://opendatacommunities.org/id/london-borough-council/camden,5667,21/12/2020 02:48:37 PM
1180120629,CAMDEN,1 Driver/Rider,1 Male,25-59,41,1,3 Slight,-2 Unknown,-2 N/A,5 Taxi,DELANCEY STREET J/W PARKWAY NW1,2,12/07/2018 06:55:00 PM,Thursday,18.55,3 Bor,A,503,6 Single Cwy,1 <= 20 MPH,7 Multi Jun,2 Auto Sig,A,4201,5 Pedn Phase At Ats,1 Daylight,1 Fine,1 Road-Dry,0 None,0 None,528660,183600,-0.146311,51.536652,,,Unknown,"(51.536652, -0.146311)",http://opendatacommunities.org/id/london-borough-council/camden,8172,21/12/2020 02:48:42 PM
0116EK40040,CAMDEN,1 Driver/Rider,1 Male,25-59,28,1,2 Serious,-2 Unknown,-2 N/A,2 Pedal Cycle,ROYAL COLLEGE STREET J/W PLENDER STREET,2,18/01/2016 06:20:00 PM,Monday,18.20,3 Bor,A,5202,6 Single Cwy,2 30 MPH,3 T/Stag Jun,4 Give Way/Uncontrolled,Unclassified,0,0 No Xing Facility In 50m,2 Dark,1 Fine,1 Road-Dry,0 None,0 None,529450,183700,-0.13489,51.53737,,,Unknown,"(51.53737, -0.13489)",http://opendatacommunities.org/id/london-borough-council/camden,6015,21/12/2020 02:48:38 PM
1190157753,CAMDEN,1 DRIVER/RIDER,1 MALE,25-59,30,1,3 SLIGHT,'-2 NOT APPLICABLE,'-2 NOT APPLICABLE,3 POWERED 2 WHEELER,"On Avenue Road, near the junction with ACACIA ROAD.",2,16/01/2019 08:50:00 AM,Wednesday,8.50,3 BOR,5,0,6 SINGLE CWY,30,03 T/STAG JUN,1 AUTH PERSON,B,525,0 NO XING FACILITY IN 50M,2 DAYLIGHT,2 RAINING,2 ROAD-WET,0 NONE,0 NONE,527135,183693,-0.168253,51.537833,,,Unknown,"(51.537833, -0.168253)",http://opendatacommunities.org/id/london-borough-council/camden,8691,21/12/2020 02:48:43 PM
0115EK40520,CAMDEN,1 Driver/Rider,2 Female,25-59,54,1,3 Slight,-2 Unknown,-2 N/A,2 Pedal Cycle,GRAY'S INN ROAD J/W YORK WAY,2,29/06/2015 05:26:00 PM,Monday,17.26,1 TLRN,A,5200,3 Dual Cwy,2 30 MPH,9 Other Jun,2 Auto Sig,A,501,5 Pedn Phase At Ats,1 Daylight,1 Fine,1 Road-Dry,0 None,0 None,530330,182980,-0.122475,51.530697,,,Unknown,"(51.530697, -0.122475)",http://opendatacommunities.org/id/london-borough-council/camden,5010,21/12/2020 02:48:36 PM
0116EK40417,CAMDEN,1 Driver/Rider,2 Female,25-59,40,1,3 Slight,-2 Unknown,-2 N/A,4 Car,WILLOW ROAD J/W WELL WALK.,2,16/06/2016 09:46:00 AM,Thursday,9.46,3 Bor,Unclassified,0,6 Single Cwy,2 30 MPH,6 Crossroads,4 Give Way/Uncontrolled,Unclassified,0,0 No Xing Facility In 50m,1 Daylight,1 Fine,2 Road-Wet,0 None,0 None,526640,185890,-0.174596,51.557688,,,Unknown,"(51.557688, -0.174596)",http://opendatacommunities.org/id/london-borough-council/camden,6336,21/12/2020 02:48:38 PM
1160008435,CAMDEN,2 Passenger,2 Female,25-59,56,1,3 Slight,-2 Unknown,-2 N/A,6 Bus Or Coach,HAMPSTEAD ROAD 30M S OF J/W WILLIAM ROAD,1,22/12/2016 05:34:00 PM,Thursday,17.34,1 TLRN,A,400,6 Single Cwy,2 30 MPH,0 No Jun In 20m,-2 Not Applicable,-2 Not Applicable,0,1 Zebra,2 Dark,1 Fine,1 Road-Dry,0 None,0 None,529190,182550,-0.139058,51.527095,,,Unknown,"(51.527095, -0.139058)",http://opendatacommunities.org/id/london-borough-council/camden,5798,21/12/2020 02:48:37 PM
0115CW11692,CAMDEN,1 Driver/Rider,1 Male,25-59,59,1,3 Slight,-2 Unknown,-2 N/A,7 Goods Vehicle,TOTTENHAM COURT ROAD J/W OXFORD STREET,2,13/11/2015 04:50:00 AM,Friday,4.50,3 Bor,A,40,6 Single Cwy,2 30 MPH,6 Crossroads,2 Auto Sig,A,40,5 Pedn Phase At Ats,2 Dark,1 Fine,1 Road-Dry,0 None,0 None,529820,181370,-0.130416,51.516346,,,Unknown,"(51.516346, -0.130416)",http://opendatacommunities.org/id/london-borough-council/camden,4581,21/12/2020 02:48:35 PM
1190190891,CAMDEN,1 DRIVER/RIDER,1 MALE,25-59,37,2,3 SLIGHT,'-2 NOT APPLICABLE,'-2 NOT APPLICABLE,9 PRIVATE HIRE,"On Prince Albert Road, 30 metres north of the junction with St Marks Square.",2,29/06/2019 04:30:00 PM,Saturday,16.30,3 BOR,A,5205,3 DUAL CWY,20,00 NO JUN IN 20M,,0,0,0 NO XING FACILITY IN 50M,2 DAYLIGHT,1 FINE,1 ROAD-DRY,0 NONE,0 NONE,528160,183678,-0.153487,51.537467,,,Unknown,"(51.537467, -0.153487)",http://opendatacommunities.org/id/london-borough-council/camden,9149,21/12/2020 02:48:44 PM
0115EK41052,CAMDEN,1 Driver/Rider,2 Female,25-59,27,1,3 Slight,-2 Unknown,-2 N/A,4 Car,NFL - ADELAIDE ROAD J/W AVENUE ROAD.,2,13/11/2015 08:15:00 AM,Friday,8.15,1 TLRN,A,41,6 Single Cwy,2 30 MPH,6 Crossroads,2 Auto Sig,A,41,5 Pedn Phase At Ats,1 Daylight,1 Fine,1 Road-Dry,0 None,0 None,526750,184120,-0.173648,51.541757,,,Unknown,"(51.541757, -0.173648)",http://opendatacommunities.org/id/london-borough-council/camden,5467,21/12/2020 02:48:37 PM
1160024593,CAMDEN,3 Pedestrian,2 Female,0-15,12,1,3 Slight,05 Crossing Road (Not On Xing),1 From Drivers N/Side,1 Pedestrian,EVERSHOLT STREET 73M S OF J/W CROWNDALE ROAD,1,07/10/2016 03:35:00 PM,Friday,15.35,3 Bor,A,4200,6 Single Cwy,2 30 MPH,0 No Jun In 20m,-2 Not Applicable,-2 Not Applicable,0,0 No Xing Facility In 50m,1 Daylight,9 Unknown,1 Road-Dry,0 None,0 None,529240,183310,-0.138059,51.533913,,,Unknown,"(51.533913, -0.138059)",http://opendatacommunities.org/id/london-borough-council/camden,5914,21/12/2020 02:48:38 PM
1170034174,CAMDEN,1 Driver/Rider,2 Female,25-59,32,1,3 Slight,-2 Unknown,-2 N/A,2 Pedal Cycle,YORK WAY J/W YORK WAY,2,21/04/2017 09:55:00 AM,Friday,9.55,3 Bor,A,5200,6 Single Cwy,1 <= 20 MPH,3 T/Stag Jun,9 Unknown (S/R),Unclassified,0,9 Unknown (S/R),1 Daylight,1 Fine,1 Road-Dry,4 Roadworks,9 Unknown (S/R),530080,184230,-0.125615,51.541989,,,Unknown,"(51.541989, -0.125615)",http://opendatacommunities.org/id/london-borough-council/camden,6915,21/12/2020 02:48:39 PM
1190180245,CAMDEN,1 DRIVER/RIDER,1 MALE,25-59,47,1,3 SLIGHT,'-2 NOT APPLICABLE,'-2 NOT APPLICABLE,7 GOODS VEHICLE,"On Highgate Road, 10 metres south of the junction with Fortess Walk.",1,11/05/2019 03:50:00 PM,Saturday,15.50,3 BOR,B,518,6 SINGLE CWY,20,09 OTHER JUN,4 GIVE WAY/UNCONTROLLED,6,0,0 NO XING FACILITY IN 50M,2 DAYLIGHT,1 FINE,1 ROAD-DRY,0 NONE,0 NONE,528918,185398,-0.141934,51.552752,,,Unknown,"(51.552752, -0.141934)",http://opendatacommunities.org/id/london-borough-council/camden,8991,21/12/2020 02:48:44 PM
1190178545,CAMDEN,1 DRIVER/RIDER,1 MALE,25-59,32,2,3 SLIGHT,'-2 NOT APPLICABLE,'-2 NOT APPLICABLE,4 CAR,"On Kingsway, near the junction with Remnant Street.",2,03/05/2019 04:30:00 AM,Friday,4.30,3 BOR,A,4200,3 DUAL CWY,40,07 MULTI JUN,2 AUTO SIG,A,4200,5 PEDN PHASE AT ATS,1 DARK,1 FINE,1 ROAD-DRY,0 NONE,0 NONE,530577,181397,-0.119503,51.516414,,,Unknown,"(51.516414, -0.119503)",http://opendatacommunities.org/id/london-borough-council/camden,8974,21/12/2020 02:48:44 PM
1170045933,CAMDEN,3 Pedestrian,2 Female,25-59,32,1,3 Slight,05 Crossing Road (Not On Xing),1 From Drivers N/Side,1 Pedestrian,FISHER STREET J/W PROCTER STREET,1,30/06/2017 04:00:00 PM,Friday,16.00,3 Bor,Unclassified,0,3 Dual Cwy,2 30 MPH,9 Other Jun,4 Give Way/Uncontrolled,A,40,0 No Xing Facility In 50m,1 Daylight,1 Fine,1 Road-Dry,0 None,0 None,530560,181650,-0.119654,51.518692,,,Unknown,"(51.518692, -0.119654)",http://opendatacommunities.org/id/london-borough-council/camden,7103,21/12/2020 02:48:40 PM
0115EK40157,CAMDEN,1 Driver/Rider,1 Male,25-59,25,1,2 Serious,-2 Unknown,-2 N/A,3 Powered 2 Wheeler,NFL- KILBURN HIGH ROAD 33M NW OF J/W OXFORD ROAD,2,10/01/2015 12:43:00 PM,Saturday,12.43,3 Bor,A,5,6 Single Cwy,2 30 MPH,0 No Jun In 20m,-2 Not Applicable,-2 Not Applicable,0,1 Zebra,1 Daylight,1 Fine,1 Road-Dry,0 None,0 None,525500,183500,-0.191884,51.536464,,,Unknown,"(51.536464, -0.191884)",http://opendatacommunities.org/id/london-borough-council/camden,4704,21/12/2020 02:48:36 PM
1170075803,CAMDEN,1 Driver/Rider,1 Male,Unknown,0,1,3 Slight,-2 Unknown,-2 N/A,2 Pedal Cycle,BURGHLEY ROAD 25M N OF J/W LADY SOMERSET ROAD THE NEAREST CLASSIFI,2,06/12/2017 07:20:00 PM,Wednesday,19.20,3 Bor,Unclassified,0,6 Single Cwy,1 <= 20 MPH,0 No Jun In 20m,-2 Not Applicable,-2 Not Applicable,0,0 No Xing Facility In 50m,2 Dark,1 Fine,1 Road-Dry,4 Roadworks,0 None,528910,185670,-0.14195,51.555198,,,Unknown,"(51.555198, -0.14195)",http://opendatacommunities.org/id/london-borough-council/camden,7587,21/12/2020 02:48:41 PM