Reference,London Borough Name,Casualty Class,Casualty Sex,Casualty Age Band,Casualty Age,Number Of Casualties,Casualty Severity,Pedestrian Location,Pedestrian Movement,Mode Of Travel,Attendant Location,Number Of Vehicles,Date,Day,Time,Highway,Road Class 1,Road Number 1,Road Type,Speed Limit,Junction Detail,Junction Control,Road Class 2,Road Number 2,Pedestrian Crossing,Light Condition Band,Weather,Road Surface,Special Conditions,Carriage Way Hazard,Easting,Northing,Longitude,Latitude,Ward Code,Ward Name,Spatial Accuracy,Location,Organisation URI,Socrata ID,Last Uploaded
1180137251,CAMDEN,1 Driver/Rider,1 Male,25-59,36,1,3 Slight,-2 Unknown,-2 N/A,5 Taxi,WEST END LANE 60M N OF J/W COMPAYNE GARDENS,2,06/10/2018 01:33:00 AM,Saturday,1.33,3 Bor,B,510,6 Single Cwy,4 50 MPH,0 No Jun In 20m,-2 Not Applicable,-2 Not Applicable,0,5 Pedn Phase At Ats,2 Dark,8 Other,1 Road-Dry,0 None,0 None,525500,184520,-0.19152,51.545631,,,Unknown,"(51.545631, -0.19152)",http://opendatacommunities.org/id/london-borough-council/camden,8391,21/12/2020 02:48:42 PM
0115EK40015,CAMDEN,1 Driver/Rider,1 Male,25-59,38,1,3 Slight,-2 Unknown,-2 N/A,7 Goods Vehicle,HAMPSTEAD ROAD J/W DRUMMOND STREET,2,15/01/2015 02:02:00 PM,Thursday,14.02,1 TLRN,A,400,6 Single Cwy,2 30 MPH,6 Crossroads,2 Auto Sig,A,400,5 Pedn Phase At Ats,1 Daylight,1 Fine,1 Road-Dry,0 None,0 None,529220,182480,-0.138652,51.526459,,,Unknown,"(51.526459, -0.138652)",http://opendatacommunities.org/id/london-borough-council/camden,4596,21/12/2020 02:48:35 PM
0116EK40010,CAMDEN,1 Driver/Rider,1 Male,25-59,41,1,3 Slight,-2 Unknown,-2 N/A,3 Powered 2 Wheeler,TOTTENHAM COURT ROAD J/W HANWAY STREET,2,21/01/2016 03:22:00 PM,Thursday,15.22,3 Bor,A,400,6 Single Cwy,2 30 MPH,6 Crossroads,4 Give Way/Uncontrolled,A,400,4 Pelican Or Similar,1 Daylight,1 Fine,1 Road-Dry,0 None,0 None,529790,181450,-0.130819,51.517072,,,Unknown,"(51.517072, -0.130819)",http://opendatacommunities.org/id/london-borough-council/camden,5985,21/12/2020 02:48:38 PM
1190206185,CAMDEN,3 PEDESTRIAN,1 MALE,60+,77,1,2 SERIOUS,01 CROSSING ROAD ON PED XING,'-2 NOT APPLICABLE,1 PEDESTRIAN,"On A41, near the junction with CANFIELD GARDENS.",1,18/09/2019 07:33:00 PM,Wednesday,19.33,1 TLRN,A,41,3 DUAL CWY,30,03 T/STAG JUN,2 AUTO SIG,A,41,1 ZEBRA,1 DARK,1 FINE,1 ROAD-DRY,0 NONE,0 NONE,526330,184676,-0.179501,51.546848,,,Unknown,"(51.546848, -0.179501)",http://opendatacommunities.org/id/london-borough-council/camden,9370,21/12/2020 02:48:44 PM
1170041981,CAMDEN,1 Driver/Rider,1 Male,25-59,26,1,3 Slight,-2 Unknown,-2 N/A,2 Pedal Cycle,CAMDEN ROAD J/W ROYAL COLLEGE STREET,2,08/06/2017 09:00:00 AM,Thursday,9.00,1 TLRN,A,5202,6 Single Cwy,1 <= 20 MPH,6 Crossroads,2 Auto Sig,A,503,1 Zebra,1 Daylight,1 Fine,1 Road-Dry,0 None,0 None,529190,184190,-0.138457,51.541833,,,Unknown,"(51.541833, -0.138457)",http://opendatacommunities.org/id/london-borough-council/camden,7025,21/12/2020 02:48:39 PM
1190220293,CAMDEN,3 PEDESTRIAN,1 MALE,60+,85,1,3 SLIGHT,01 CROSSING ROAD ON PED XING,'-2 NOT APPLICABLE,1 PEDESTRIAN,"On Theobalds road, near the junction with Southampton Road.",1,23/11/2019 12:34:00 PM,Saturday,12.34,3 BOR,A,401,2 ONE-WAY ST,20,06 CROSSROADS,2 AUTO SIG,A,4200,5 PEDN PHASE AT ATS,1 DARK,2 RAINING,2 ROAD-WET,0 NONE,0 NONE,530476,181703,-0.120844,51.519188,,,Unknown,"(51.519188, -0.120844)",http://opendatacommunities.org/id/london-borough-council/camden,9541,21/12/2020 02:48:44 PM
0116QK50445,CAMDEN,3 Pedestrian,1 Male,25-59,47,1,3 Slight,01 Crossing Road On Ped Xing,3 From Drivers O/Side,1 Pedestrian,KILBURN HIGH ROAD J/W CAMBRIDGE AVENUE,1,11/05/2016 04:45:00 PM,Wednesday,16.45,3 Bor,A,5,6 Single Cwy,2 30 MPH,6 Crossroads,2 Auto Sig,C,0,5 Pedn Phase At Ats,1 Daylight,1 Fine,1 Road-Dry,0 None,0 None,525480,183540,-0.192158,51.536828,,,Unknown,"(51.536828, -0.192158)",http://opendatacommunities.org/id/london-borough-council/camden,6549,21/12/2020 02:48:39 PM
1190206594,CAMDEN,3 PEDESTRIAN,1 MALE,25-59,26,1,3 SLIGHT,01 CROSSING ROAD ON PED XING,'-2 NOT APPLICABLE,1 PEDESTRIAN,"On King's Cross Road, near the junction with PENTONVILLE ROAD .",1,20/09/2019 03:22:00 PM,Friday,15.22,1 TLRN,A,501,2 ONE-WAY ST,30,09 OTHER JUN,2 AUTO SIG,A,501,5 PEDN PHASE AT ATS,2 DAYLIGHT,1 FINE,1 ROAD-DRY,0 NONE,0 NONE,530568,182994,-0.119041,51.530768,,,Unknown,"(51.530768, -0.119041)",http://opendatacommunities.org/id/london-borough-council/camden,9377,21/12/2020 02:48:44 PM
1170059948,CAMDEN,1 Driver/Rider,1 Male,25-59,32,1,3 Slight,-2 Unknown,-2 N/A,2 Pedal Cycle,GRAYS INN ROAD J/W BIRKENHEAD ROAD,2,01/09/2017 08:35:00 AM,Friday,8.35,1 TLRN,A,501,2 One-Way St,2 30 MPH,3 T/Stag Jun,9 Unknown (S/R),A,501,0 No Xing Facility In 50m,1 Daylight,1 Fine,9 Unknown (S/R),9 Unknown (S/R),9 Unknown (S/R),530330,182960,-0.122482,51.530518,,,Unknown,"(51.530518, -0.122482)",http://opendatacommunities.org/id/london-borough-council/camden,7331,21/12/2020 02:48:40 PM
1170067645,CAMDEN,1 Driver/Rider,1 Male,25-59,27,1,3 Slight,-2 Unknown,-2 N/A,2 Pedal Cycle,HIGHGATE WEST HILL J/W MILLFIELD LANE,2,02/11/2017 06:10:00 AM,Thursday,6.10,3 Bor,C,0,6 Single Cwy,1 <= 20 MPH,3 T/Stag Jun,4 Give Way/Uncontrolled,Unclassified,0,1 Zebra,1 Daylight,1 Fine,1 Road-Dry,0 None,0 None,528150,186554,-0.152585,51.563315,,,Unknown,"(51.563315, -0.152585)",http://opendatacommunities.org/id/london-borough-council/camden,7474,21/12/2020 02:48:40 PM
1170075644,CAMDEN,2 Passenger,2 Female,60+,76,1,3 Slight,-2 Unknown,-2 N/A,6 Bus Or Coach,BAYHAM STREET J/W PLENDER STREET,1,06/12/2017 09:05:00 AM,Wednesday,9.05,3 Bor,C,0,2 One-Way St,1 <= 20 MPH,6 Crossroads,4 Give Way/Uncontrolled,Unclassified,0,8 Central Refuge,1 Daylight,1 Fine,1 Road-Dry,0 None,0 None,529190,183560,-0.138688,51.536172,,,Unknown,"(51.536172, -0.138688)",http://opendatacommunities.org/id/london-borough-council/camden,7586,21/12/2020 02:48:41 PM
1190196868,CAMDEN,3 PEDESTRIAN,2 FEMALE,25-59,30,1,3 SLIGHT,05 CROSSING ROAD (NOT ON XING),'-2 NOT APPLICABLE,1 PEDESTRIAN,"On Coram Street, 15 metres east of the junction with Marchmont street.",1,30/07/2019 07:40:00 PM,Tuesday,19.40,3 BOR,6,0,6 SINGLE CWY,30,03 T/STAG JUN,4 GIVE WAY/UNCONTROLLED,6,0,0 NO XING FACILITY IN 50M,2 DAYLIGHT,2 RAINING,2 ROAD-WET,0 NONE,0 NONE,530177,182264,-0.124944,51.524298,,,Unknown,"(51.524298, -0.124944)",http://opendatacommunities.org/id/london-borough-council/camden,9241,21/12/2020 02:48:44 PM
1180118089,CAMDEN,1 Driver/Rider,2 Female,25-59,33,1,3 Slight,-2 Unknown,-2 N/A,4 Car,GORDON HOUSE ROAD J/W HIGHGATE ROAD,3,02/07/2018 09:30:00 AM,Monday,9.30,3 Bor,B,518,6 Single Cwy,1 <= 20 MPH,7 Multi Jun,2 Auto Sig,B,518,5 Pedn Phase At Ats,1 Daylight,1 Fine,1 Road-Dry,4 Roadworks,2 Other Object In Cwy,528570,185800,-0.146804,51.556444,,,Unknown,"(51.556444, -0.146804)",http://opendatacommunities.org/id/london-borough-council/camden,8138,21/12/2020 02:48:42 PM
1170061892,CAMDEN,2 Passenger,1 Male,16-24,23,1,3 Slight,-2 Unknown,-2 N/A,4 Car,PLENDER STREET J/W BAYHAM STREET,2,30/09/2017 11:15:00 PM,Saturday,23.15,3 Bor,C,0,2 One-Way St,1 <= 20 MPH,6 Crossroads,4 Give Way/Uncontrolled,Unclassified,0,1 Zebra,2 Dark,1 Fine,2 Road-Wet,0 None,0 None,529190,183560,-0.138688,51.536172,,,Unknown,"(51.536172, -0.138688)",http://opendatacommunities.org/id/london-borough-council/camden,7366,21/12/2020 02:48:40 PM
0115EK40223,CAMDEN,1 Driver/Rider,1 Male,25-59,39,1,3 Slight,-2 Unknown,-2 N/A,3 Powered 2 Wheeler,FINCHLEY ROAD J/W PARSIFAL ROAD,2,24/03/2015 06:17:00 PM,Tuesday,18.17,1 TLRN,A,41,3 Dual Cwy,3 40 MPH,3 T/Stag Jun,4 Give Way/Uncontrolled,Unclassified,0,0 No Xing Facility In 50m,1 Daylight,1 Fine,1 Road-Dry,0 None,0 None,525390,185560,-0.192736,51.555002,,,Unknown,"(51.555002, -0.192736)",http://opendatacommunities.org/id/london-borough-council/camden,4755,21/12/2020 02:48:36 PM
0115EK40418,CAMDEN,1 Driver/Rider,2 Female,25-59,54,1,3 Slight,-2 Unknown,-2 N/A,2 Pedal Cycle,HIGH HOLBORN J/W SOUTHAMPTON ROW,1,27/05/2015 06:10:00 PM,Wednesday,18.10,3 Bor,A,40,6 Single Cwy,2 30 MPH,6 Crossroads,2 Auto Sig,A,4200,5 Pedn Phase At Ats,1 Daylight,1 Fine,1 Road-Dry,0 None,6 Ped In Cwy (Not Inj),530500,181530,-0.120562,51.517627,,,Unknown,"(51.517627, -0.120562)",http://opendatacommunities.org/id/london-borough-council/camden,4912,21/12/2020 02:48:36 PM
1180143519,CAMDEN,1 Driver/Rider,1 Male,25-59,27,1,3 Slight,-2 Unknown,-2 N/A,3 Powered 2 Wheeler,CALEDONIAN ROAD J/W PENTONVILLE ROAD,2,04/11/2018 01:50:00 AM,Sunday,1.50,1 TLRN,A,5203,2 One-Way St,1 <= 20 MPH,3 T/Stag Jun,2 Auto Sig,A,501,0 No Xing Facility In 50m,2 Dark,1 Fine,1 Road-Dry,0 None,0 None,530433,183006,-0.120981,51.530907,,,Unknown,"(51.530907, -0.120981)",http://opendatacommunities.org/id/london-borough-council/camden,8495,21/12/2020 02:48:43 PM
1190227916,CAMDEN,1 DRIVER/RIDER,1 MALE,16-24,20,1,3 SLIGHT,'-2 NOT APPLICABLE,1 FROM DRIVERS N/SIDE,3 POWERED 2 WHEELER,"On Camden Road, near the junction with Lyme Street .",2,31/12/2019 12:00:00 PM,Tuesday,12.00,1 TLRN,A,503,6 SINGLE CWY,20,03 T/STAG JUN,4 GIVE WAY/UNCONTROLLED,6,0,4 PELICAN OR SIMILAR,2 DAYLIGHT,1 FINE,2 ROAD-WET,0 NONE,0 NONE,529131,184065,-0.139353,51.540723,,,Unknown,"(51.540723, -0.139353)",http://opendatacommunities.org/id/london-borough-council/camden,9658,21/12/2020 02:48:45 PM
0115EK40007,CAMDEN,2 Passenger,2 Female,60+,79,1,3 Slight,-2 Unknown,-2 N/A,6 Bus Or Coach,HIGH HOLBORN J/W KINGSWAY,1,07/01/2015 05:00:00 PM,Wednesday,17.00,3 Bor,A,40,6 Single Cwy,2 30 MPH,6 Crossroads,2 Auto Sig,A,4200,5 Pedn Phase At Ats,2 Dark,1 Fine,1 Road-Dry,0 None,0 None,530510,181530,-0.120418,51.517625,,,Unknown,"(51.517625, -0.120418)",http://opendatacommunities.org/id/london-borough-council/camden,4589,21/12/2020 02:48:35 PM
0116EO40448,CAMDEN,2 Passenger,2 Female,25-59,53,1,3 Slight,-2 Unknown,-2 N/A,6 Bus Or Coach,PENTONVILLE RD J/W KING'S CROSS RD,1,06/05/2016 07:00:00 PM,Friday,19.00,1 TLRN,A,501,6 Single Cwy,1 <= 20 MPH,9 Other Jun,2 Auto Sig,A,501,0 No Xing Facility In 50m,1 Daylight,1 Fine,1 Road-Dry,0 None,6 Ped In Cwy (Not Inj),530530,183010,-0.119582,51.530921,,,Unknown,"(51.530921, -0.119582)",http://opendatacommunities.org/id/london-borough-council/camden,6536,21/12/2020 02:48:39 PM
1180129723,CAMDEN,1 Driver/Rider,1 Male,16-24,23,1,3 Slight,-2 Unknown,-2 N/A,4 Car,KENTISH TOWN ROAD J/W ISLIP STREET,4,30/08/2018 03:59:00 PM,Thursday,15.59,3 Bor,A,400,2 One-Way St,1 <= 20 MPH,3 T/Stag Jun,4 Give Way/Uncontrolled,Unclassified,0,0 No Xing Facility In 50m,1 Daylight,1 Fine,1 Road-Dry,0 None,0 None,529010,185050,-0.140736,51.549603,,,Unknown,"(51.549603, -0.140736)",http://opendatacommunities.org/id/london-borough-council/camden,8288,21/12/2020 02:48:42 PM
1180084739,CAMDEN,3 Pedestrian,1 Male,25-59,58,1,3 Slight,06 On Footpath - Verge,9 Unknown Or Other,1 Pedestrian,FINCHLEY ROAD 30M N OF J/W PLATT'S LANE,1,19/01/2018 11:55:00 AM,Friday,11.55,1 TLRN,A,41,3 Dual Cwy,2 30 MPH,0 No Jun In 20m,-2 Not Applicable,-2 Not Applicable,0,5 Pedn Phase At Ats,1 Daylight,1 Fine,1 Road-Dry,0 None,0 None,525140,185950,-0.196201,51.558562,,,Unknown,"(51.558562, -0.196201)",http://opendatacommunities.org/id/london-borough-council/camden,7682,21/12/2020 02:48:41 PM
1170045618,CAMDEN,1 Driver/Rider,1 Male,25-59,36,1,3 Slight,-2 Unknown,-2 N/A,7 Goods Vehicle,HEATH STREET J/W THE MOUNT,2,05/06/2017 07:00:00 AM,Monday,7.00,3 Bor,A,502,6 Single Cwy,2 30 MPH,99 Unknown (S/R),9 Unknown (S/R),Unclassified,0,9 Unknown (S/R),1 Daylight,1 Fine,1 Road-Dry,0 None,0 None,526370,185880,-0.178493,51.557659,,,Unknown,"(51.557659, -0.178493)",http://opendatacommunities.org/id/london-borough-council/camden,7094,21/12/2020 02:48:40 PM
1170053926,CAMDEN,1 Driver/Rider,1 Male,25-59,36,1,3 Slight,-2 Unknown,-2 N/A,3 Powered 2 Wheeler,PRINCE ALBERT ROAD 1M S OF J/W ST MARK'S SQUARE,2,15/08/2017 04:03:00 PM,Tuesday,16.03,3 Bor,A,5205,6 Single Cwy,1 <= 20 MPH,3 T/Stag Jun,2 Auto Sig,C,0,5 Pedn Phase At Ats,1 Daylight,1 Fine,1 Road-Dry,0 None,0 None,528210,183680,-0.152766,51.537473,,,Unknown,"(51.537473, -0.152766)",http://opendatacommunities.org/id/london-borough-council/camden,7250,21/12/2020 02:48:40 PM
0115YR90936,CAMDEN,3 Pedestrian,2 Female,25-59,48,1,3 Slight,01 Crossing Road On Ped Xing,1 From Drivers N/Side,1 Pedestrian,NORTH ROAD J/W WEST HILL,1,27/11/2015 08:30:00 PM,Friday,20.30,3 Bor,B,519,6 Single Cwy,2 30 MPH,3 T/Stag Jun,4 Give Way/Uncontrolled,C,0,1 Zebra,2 Dark,2 Raining,2 Road-Wet,0 None,0 None,528310,187460,-0.149947,51.571421,,,Unknown,"(51.571421, -0.149947)",http://opendatacommunities.org/id/london-borough-council/camden,5638,21/12/2020 02:48:37 PM
1170016543,CAMDEN,1 Driver/Rider,1 Male,25-59,55,1,3 Slight,-2 Unknown,-2 N/A,2 Pedal Cycle,OUTER CIRCLE J/W CHESTER GATE,2,07/02/2017 06:15:00 AM,Tuesday,6.15,3 Bor,Unclassified,0,6 Single Cwy,2 30 MPH,99 Unknown (S/R),4 Give Way/Uncontrolled,Unclassified,0,9 Unknown (S/R),2 Dark,2 Raining,2 Road-Wet,0 None,0 None,528720,182590,-0.145815,51.527561,,,Unknown,"(51.527561, -0.145815)",http://opendatacommunities.org/id/london-borough-council/camden,6651,21/12/2020 02:48:39 PM
0116EK40163,CAMDEN,1 Driver/Rider,1 Male,16-24,24,1,3 Slight,-2 Unknown,-2 N/A,2 Pedal Cycle,SOUTHAMPTON ROW J/W HIGH HOLBORN,2,17/03/2016 04:30:00 PM,Thursday,16.30,3 Bor,A,4200,3 Dual Cwy,1 <= 20 MPH,6 Crossroads,2 Auto Sig,A,40,5 Pedn Phase At Ats,1 Daylight,1 Fine,1 Road-Dry,0 None,0 None,530500,181530,-0.120562,51.517627,,,Unknown,"(51.517627, -0.120562)",http://opendatacommunities.org/id/london-borough-council/camden,6118,21/12/2020 02:48:38 PM
0115EK40673,CAMDEN,1 Driver/Rider,1 Male,25-59,40,1,3 Slight,-2 Unknown,-2 N/A,2 Pedal Cycle,SHAFTESBURY AVENUE 35M SW OF MONMOUTH STREET,2,05/08/2015 06:19:00 PM,Wednesday,18.19,3 Bor,A,401,6 Single Cwy,2 30 MPH,0 No Jun In 20m,-2 Not Applicable,-2 Not Applicable,0,0 No Xing Facility In 50m,1 Daylight,1 Fine,1 Road-Dry,0 None,0 None,530040,181200,-0.12731,51.514768,,,Unknown,"(51.514768, -0.12731)",http://opendatacommunities.org/id/london-borough-council/camden,5147,21/12/2020 02:48:36 PM
1190181001,CAMDEN,1 DRIVER/RIDER,1 MALE,60+,62,2,3 SLIGHT,'-2 NOT APPLICABLE,'-2 NOT APPLICABLE,4 CAR,"On Kentish Town Road, 25 metres north of the junction with Caversham Road NW5.",4,15/05/2019 11:19:00 AM,Wednesday,11.19,3 BOR,A,400,6 SINGLE CWY,20,00 NO JUN IN 20M,,0,0,4 PELICAN OR SIMILAR,2 DAYLIGHT,1 FINE,1 ROAD-DRY,0 NONE,0 NONE,528994,184987,-0.140989,51.549041,,,Unknown,"(51.549041, -0.140989)",http://opendatacommunities.org/id/london-borough-council/camden,9006,21/12/2020 02:48:44 PM
1180104074,CAMDEN,1 Driver/Rider,1 Male,25-59,47,1,3 Slight,-2 Unknown,-2 N/A,6 Bus Or Coach,NFL HIGHGATE ROAD J/W LITTLE GREEN STREET,2,25/04/2018 11:00:00 PM,Wednesday,23.00,3 Bor,B,518,6 Single Cwy,1 <= 20 MPH,3 T/Stag Jun,4 Give Way/Uncontrolled,Unclassified,0,1 Zebra,2 Dark,1 Fine,1 Road-Dry,0 None,0 None,528650,185700,-0.145687,51.555527,,,Unknown,"(51.555527, -0.145687)",http://opendatacommunities.org/id/london-borough-council/camden,7929,21/12/2020 02:48:41 PM
1170030941,CAMDEN,1 Driver/Rider,1 Male,25-59,32,1,3 Slight,-2 Unknown,-2 N/A,3 Powered 2 Wheeler,CAMDEN ROAD 10M S OF J/W MURRAY STREET,2,07/04/2017 10:18:00 AM,Friday,10.18,1 TLRN,A,503,3 Dual Cwy,2 30 MPH,8 Priv Drive,3 Stop Sign,Unclassified,0,0 No Xing Facility In 50m,1 Daylight,1 Fine,1 Road-Dry,0 None,0 None,529380,184460,-0.135619,51.544216,,,Unknown,"(51.544216, -0.135619)",http://opendatacommunities.org/id/london-borough-council/camden,6856,21/12/2020 02:48:39 PM
1180108111,CAMDEN,3 Pedestrian,1 Male,16-24,16,1,3 Slight,05 Crossing Road (Not On Xing),9 Unknown Or Other,1 Pedestrian,NORTH END WAY J/W HAMPSTEAD WAY,1,11/05/2018 10:18:00 AM,Friday,10.18,3 Bor,A,502,6 Single Cwy,1 <= 20 MPH,3 T/Stag Jun,4 Give Way/Uncontrolled,A,502,1 Zebra,1 Daylight,1 Fine,1 Road-Dry,0 None,0 None,525970,187030,-0.183848,51.568083,,,Unknown,"(51.568083, -0.183848)",http://opendatacommunities.org/id/london-borough-council/camden,7994,21/12/2020 02:48:42 PM
1180152525,CAMDEN,1 Driver/Rider,2 Female,60+,78,1,3 Slight,-2 Unknown,-2 N/A,4 Car,MAIDEN LANE 187M W OF J/W YORK WAY,2,15/12/2018 07:15:00 PM,Saturday,19.15,3 Bor,Unclassified,0,7 Slip Rd,2 30 MPH,0 No Jun In 20m,-2 Not Applicable,-2 Not Applicable,0,0 No Xing Facility In 50m,2 Dark,2 Raining,2 Road-Wet,0 None,0 None,529930,184300,-0.127751,51.542652,,,Unknown,"(51.542652, -0.127751)",http://opendatacommunities.org/id/london-borough-council/camden,8617,21/12/2020 02:48:43 PM
1190178545,CAMDEN,1 DRIVER/RIDER,1 MALE,25-59,37,2,3 SLIGHT,'-2 NOT APPLICABLE,'-2 NOT APPLICABLE,9 PRIVATE HIRE,"On Kingsway, near the junction with Remnant Street.",2,03/05/2019 04:30:00 AM,Friday,4.30,3 BOR,A,4200,3 DUAL CWY,40,07 MULTI JUN,2 AUTO SIG,A,4200,5 PEDN PHASE AT ATS,1 DARK,1 FINE,1 ROAD-DRY,0 NONE,0 NONE,530577,181397,-0.119503,51.516414,,,Unknown,"(51.516414, -0.119503)",http://opendatacommunities.org/id/london-borough-council/camden,8973,21/12/2020 02:48:44 PM
1180137121,CAMDEN,3 Pedestrian,1 Male,25-59,25,1,3 Slight,05 Crossing Road (Not On Xing),3 From Drivers O/Side,1 Pedestrian,HAMPSTEAD ROAD 150M S OF J/W HARRINGTON SQUARE,1,05/10/2018 05:00:00 PM,Friday,17.00,1 TLRN,A,400,3 Dual Cwy,2 30 MPH,0 No Jun In 20m,-2 Not Applicable,-2 Not Applicable,0,8 Central Refuge,1 Daylight,1 Fine,1 Road-Dry,0 None,0 None,529200,182940,-0.138771,51.530597,,,Unknown,"(51.530597, -0.138771)",http://opendatacommunities.org/id/london-borough-council/camden,8387,21/12/2020 02:48:42 PM
1190205242,CAMDEN,1 DRIVER/RIDER,1 MALE,25-59,27,1,3 SLIGHT,'-2 NOT APPLICABLE,'-2 NOT APPLICABLE,2 PEDAL CYCLE,"On Kingsway, near the junction with Great Queens Street.",2,13/09/2019 05:40:00 PM,Friday,17.40,3 BOR,A,4200,6 SINGLE CWY,20,06 CROSSROADS,2 AUTO SIG,B,402,5 PEDN PHASE AT ATS,2 DAYLIGHT,1 FINE,1 ROAD-DRY,0 NONE,0 NONE,530560,181385,-0.119752,51.51631,,,Unknown,"(51.51631, -0.119752)",http://opendatacommunities.org/id/london-borough-council/camden,9362,21/12/2020 02:48:44 PM
1190182796,CAMDEN,1 DRIVER/RIDER,1 MALE,25-59,25,2,3 SLIGHT,'-2 NOT APPLICABLE,'-2 NOT APPLICABLE,2 PEDAL CYCLE,"On Kilburn High Road, near the junction with Kilburn Priory.",2,23/05/2019 05:05:00 PM,Thursday,17.05,3 BOR,A,5,6 SINGLE CWY,30,03 T/STAG JUN,3 STOP SIGN,5,0,0 NO XING FACILITY IN 50M,2 DAYLIGHT,1 FINE,1 ROAD-DRY,0 NONE,0 NONE,525646,183373,-0.189825,51.53529,,,Unknown,"(51.53529, -0.189825)",http://opendatacommunities.org/id/london-borough-council/camden,9035,21/12/2020 02:48:44 PM
1170036875,CAMDEN,3 Pedestrian,2 Female,60+,60,1,3 Slight,05 Crossing Road (Not On Xing),3 From Drivers O/Side,1 Pedestrian,REDHILL STREET J/W CUMBERLAND MARKET NW1,1,11/05/2017 05:10:00 PM,Thursday,17.10,3 Bor,Unclassified,0,6 Single Cwy,1 <= 20 MPH,9 Other Jun,4 Give Way/Uncontrolled,Unclassified,0,0 No Xing Facility In 50m,1 Daylight,1 Fine,1 Road-Dry,0 None,0 None,528880,182820,-0.143426,51.529592,,,Unknown,"(51.529592, -0.143426)",http://opendatacommunities.org/id/london-borough-council/camden,6953,21/12/2020 02:48:39 PM
0116EK40093,CAMDEN,1 Driver/Rider,1 Male,25-59,38,1,3 Slight,-2 Unknown,-2 N/A,3 Powered 2 Wheeler,"NFL - EUSTON ROAD, 60 METRES NE OF GOWER STREET.",2,19/02/2016 02:30:00 PM,Friday,14.30,1 TLRN,A,501,3 Dual Cwy,3 40 MPH,0 No Jun In 20m,-2 Not Applicable,-2 Not Applicable,0,0 No Xing Facility In 50m,1 Daylight,1 Fine,1 Road-Dry,0 None,0 None,529460,182410,-0.13522,51.525775,,,Unknown,"(51.525775, -0.13522)",http://opendatacommunities.org/id/london-borough-council/camden,6051,21/12/2020 02:48:38 PM
1160005972,CAMDEN,1 Driver/Rider,1 Male,25-59,40,1,3 Slight,-2 Unknown,-2 N/A,3 Powered 2 Wheeler,HIGH HOLBORN J/W SHAFTESBURY AVENUE,2,09/12/2016 07:20:00 AM,Friday,7.20,3 Bor,A,401,2 One-Way St,2 30 MPH,6 Crossroads,2 Auto Sig,A,40,5 Pedn Phase At Ats,1 Daylight,1 Fine,2 Road-Wet,0 None,0 None,530090,181290,-0.126557,51.515565,,,Unknown,"(51.515565, -0.126557)",http://opendatacommunities.org/id/london-borough-council/camden,5752,21/12/2020 02:48:37 PM
1190167825,CAMDEN,3 PEDESTRIAN,1 MALE,60+,79,1,2 SERIOUS,06 ON FOOTPATH - VERGE,9 UNKNOWN OR OTHER,1 PEDESTRIAN,"On Camden High Street, 25 metres north of the junction with Pratt Street.",1,04/03/2019 02:00:00 PM,Monday,14.00,1 TLRN,A,502,6 SINGLE CWY,30,00 NO JUN IN 20M,,0,0,0 NO XING FACILITY IN 50M,2 DAYLIGHT,9 UNKNOWN,1 ROAD-DRY,0 NONE,0 NONE,529005,183720,-0.141295,51.537652,,,Unknown,"(51.537652, -0.141295)",http://opendatacommunities.org/id/london-borough-council/camden,8830,21/12/2020 02:48:43 PM
0115EK40833,CAMDEN,3 Pedestrian,2 Female,16-24,21,1,3 Slight,06 On Footpath - Verge,9 Unknown Or Other,1 Pedestrian,KENTISH TOWN ROAD J/W BUCK STREET.,1,19/09/2015 10:28:00 PM,Saturday,22.28,3 Bor,A,400,2 One-Way St,1 <= 20 MPH,3 T/Stag Jun,4 Give Way/Uncontrolled,Unclassified,0,0 No Xing Facility In 50m,2 Dark,1 Fine,1 Road-Dry,0 None,0 None,528930,183990,-0.142277,51.540095,,,Unknown,"(51.540095, -0.142277)",http://opendatacommunities.org/id/london-borough-council/camden,5288,21/12/2020 02:48:37 PM
1170045774,CAMDEN,1 Driver/Rider,1 Male,60+,65,1,3 Slight,-2 Unknown,-2 N/A,5 Taxi,EUSTON ROAD J/W HAMPSTEAD ROAD,2,29/06/2017 11:38:00 PM,Thursday,23.38,1 TLRN,A,501,6 Single Cwy,2 30 MPH,7 Multi Jun,2 Auto Sig,A,400,4 Pelican Or Similar,2 Dark,1 Fine,1 Road-Dry,0 None,0 None,529240,182330,-0.138418,51.525106,,,Unknown,"(51.525106, -0.138418)",http://opendatacommunities.org/id/london-borough-council/camden,7099,21/12/2020 02:48:40 PM
1170014979,CAMDEN,2 Passenger,2 Female,25-59,44,1,3 Slight,-2 Unknown,-2 N/A,6 Bus Or Coach,CAMDEN ROAD 20M W OF J/W ROYAL COLLEGE STREET NW1,1,28/01/2017 12:45:00 PM,Saturday,12.45,1 TLRN,A,503,6 Single Cwy,2 30 MPH,9 Other Jun,2 Auto Sig,Unclassified,0,0 No Xing Facility In 50m,1 Daylight,1 Fine,1 Road-Dry,0 None,0 None,529160,184130,-0.138911,51.541301,,,Unknown,"(51.541301, -0.138911)",http://opendatacommunities.org/id/london-borough-council/camden,6621,21/12/2020 02:48:39 PM