Reference,London Borough Name,Casualty Class,Casualty Sex,Casualty Age Band,Casualty Age,Number Of Casualties,Casualty Severity,Pedestrian Location,Pedestrian Movement,Mode Of Travel,Attendant Location,Number Of Vehicles,Date,Day,Time,Highway,Road Class 1,Road Number 1,Road Type,Speed Limit,Junction Detail,Junction Control,Road Class 2,Road Number 2,Pedestrian Crossing,Light Condition Band,Weather,Road Surface,Special Conditions,Carriage Way Hazard,Easting,Northing,Longitude,Latitude,Ward Code,Ward Name,Spatial Accuracy,Location,Organisation URI,Socrata ID,Last Uploaded
1190177364,CAMDEN,2 PASSENGER,1 MALE,25-59,47,1,3 SLIGHT,'-2 NOT APPLICABLE,'-2 NOT APPLICABLE,4 CAR,"On Haverstock Hill, near the junction with Prince of wales road.",2,26/04/2019 09:30:00 PM,Friday,21.30,3 BOR,5,0,6 SINGLE CWY,20,03 T/STAG JUN,2 AUTO SIG,A,502,5 PEDN PHASE AT ATS,1 DARK,1 FINE,1 ROAD-DRY,0 NONE,0 NONE,528002,184593,-0.155432,51.545725,,,Unknown,"(51.545725, -0.155432)",http://opendatacommunities.org/id/london-borough-council/camden,8948,21/12/2020 02:48:44 PM
1170024263,CAMDEN,3 Pedestrian,1 Male,25-59,27,1,3 Slight,06 On Footpath - Verge,9 Unknown Or Other,1 Pedestrian,FINCHLEY ROAD 46M S OF J/W FINCHLEY ROAD THE NEAREST CLASSIFIED RO,1,10/03/2017 08:17:00 AM,Friday,8.17,1 TLRN,A,41,3 Dual Cwy,1 <= 20 MPH,0 No Jun In 20m,-2 Not Applicable,-2 Not Applicable,0,0 No Xing Facility In 50m,1 Daylight,1 Fine,1 Road-Dry,0 None,0 None,526300,184720,-0.179918,51.54725,,,Unknown,"(51.54725, -0.179918)",http://opendatacommunities.org/id/london-borough-council/camden,6761,21/12/2020 02:48:39 PM
1180143548,CAMDEN,1 Driver/Rider,1 Male,25-59,25,1,3 Slight,-2 Unknown,-2 N/A,4 Car,NFL FITZJOHNS AVENUE 20M S OF J/W MARESFIELD GARDENS,2,03/11/2018 12:00:00 PM,Saturday,12.00,3 Bor,B,511,6 Single Cwy,2 30 MPH,3 T/Stag Jun,4 Give Way/Uncontrolled,Unclassified,0,0 No Xing Facility In 50m,1 Daylight,9 Unknown,1 Road-Dry,0 None,0 None,526570,184600,-0.176069,51.546111,,,Unknown,"(51.546111, -0.176069)",http://opendatacommunities.org/id/london-borough-council/camden,8496,21/12/2020 02:48:43 PM
0116EK40246,CAMDEN,3 Pedestrian,1 Male,25-59,52,1,3 Slight,05 Crossing Road (Not On Xing),3 From Drivers O/Side,1 Pedestrian,GREAT RUSSELL STREET J/W DYOTT STREET,1,12/01/2016 06:55:00 AM,Tuesday,6.55,3 Bor,C,0,2 One-Way St,1 <= 20 MPH,3 T/Stag Jun,4 Give Way/Uncontrolled,Unclassified,0,0 No Xing Facility In 50m,2 Dark,1 Fine,1 Road-Dry,0 None,0 None,529940,181510,-0.128636,51.517577,,,Unknown,"(51.517577, -0.128636)",http://opendatacommunities.org/id/london-borough-council/camden,6184,21/12/2020 02:48:38 PM
1160006884,CAMDEN,1 Driver/Rider,2 Female,25-59,30,1,3 Slight,-2 Unknown,-2 N/A,2 Pedal Cycle,HOWLAND STREET J/W FITZROY STREET,2,05/12/2016 09:40:00 AM,Monday,9.40,3 Bor,C,0,2 One-Way St,1 <= 20 MPH,6 Crossroads,9 Unknown (S/R),Unclassified,0,1 Zebra,1 Daylight,1 Fine,1 Road-Dry,0 None,0 None,529290,181920,-0.137849,51.52141,,,Unknown,"(51.52141, -0.137849)",http://opendatacommunities.org/id/london-borough-council/camden,5776,21/12/2020 02:48:37 PM
1170057633,CAMDEN,2 Passenger,2 Female,16-24,18,1,3 Slight,-2 Unknown,-2 N/A,6 Bus Or Coach,TOTTENHAM COURT ROAD 50M N OF J/W PERCY STREET,1,06/09/2017 03:25:00 PM,Wednesday,15.25,3 Bor,A,400,2 One-Way St,1 <= 20 MPH,0 No Jun In 20m,-2 Not Applicable,-2 Not Applicable,0,5 Pedn Phase At Ats,1 Daylight,1 Fine,1 Road-Dry,0 None,0 None,529650,181650,-0.132762,51.518901,,,Unknown,"(51.518901, -0.132762)",http://opendatacommunities.org/id/london-borough-council/camden,7302,21/12/2020 02:48:40 PM
0115EK40388,CAMDEN,3 Pedestrian,2 Female,25-59,32,1,2 Serious,10 Unknown,9 Unknown Or Other,1 Pedestrian,CAMDEN HIGH STREET J/W BUCK STREET,1,15/05/2015 11:27:00 PM,Friday,23.27,3 Bor,A,502,6 Single Cwy,2 30 MPH,3 T/Stag Jun,4 Give Way/Uncontrolled,Unclassified,0,0 No Xing Facility In 50m,2 Dark,2 Raining,2 Road-Wet,0 None,0 None,528840,183970,-0.143581,51.539936,,,Unknown,"(51.539936, -0.143581)",http://opendatacommunities.org/id/london-borough-council/camden,4890,21/12/2020 02:48:36 PM
1170066690,CAMDEN,1 Driver/Rider,1 Male,Unknown,0,1,3 Slight,-2 Unknown,-2 N/A,4 Car,AVENUE ROAD J/W ST STEPHENS CLOSE,1,26/10/2017 02:50:00 AM,Thursday,2.50,3 Bor,B,525,6 Single Cwy,2 30 MPH,3 T/Stag Jun,4 Give Way/Uncontrolled,Unclassified,0,1 Zebra,2 Dark,1 Fine,1 Road-Dry,0 None,2 Other Object In Cwy,527224,183629,-0.166994,51.537238,,,Unknown,"(51.537238, -0.166994)",http://opendatacommunities.org/id/london-borough-council/camden,7457,21/12/2020 02:48:40 PM
1170066226,CAMDEN,1 Driver/Rider,2 Female,25-59,51,1,3 Slight,-2 Unknown,-2 N/A,4 Car,ADELAIDE ROAD 200M N OF J/W PRIMROSE HILL ROAD,3,24/10/2017 01:30:00 PM,Tuesday,13.30,3 Bor,B,509,6 Single Cwy,2 30 MPH,0 No Jun In 20m,-2 Not Applicable,-2 Not Applicable,0,0 No Xing Facility In 50m,1 Daylight,1 Fine,1 Road-Dry,1 Traf Sig Out,0 None,527330,184290,-0.165227,51.543154,,,Unknown,"(51.543154, -0.165227)",http://opendatacommunities.org/id/london-borough-council/camden,7453,21/12/2020 02:48:40 PM
0115CW11053,CAMDEN,1 Driver/Rider,2 Female,25-59,26,1,3 Slight,-2 Unknown,-2 N/A,4 Car,PRINCE ALBERT ROAD J/W ALBERT TERRACE,2,09/07/2015 08:20:00 PM,Thursday,20.20,3 Bor,A,5205,6 Single Cwy,2 30 MPH,3 T/Stag Jun,2 Auto Sig,C,0,5 Pedn Phase At Ats,2 Dark,1 Fine,1 Road-Dry,0 None,0 None,528070,183650,-0.154795,51.537235,,,Unknown,"(51.537235, -0.154795)",http://opendatacommunities.org/id/london-borough-council/camden,4570,21/12/2020 02:48:35 PM
1170019787,CAMDEN,2 Passenger,1 Male,Unknown,0,1,3 Slight,-2 Unknown,-2 N/A,7 Goods Vehicle,CAMDEN HIGH STREET J/W GREENLAND STREET,2,05/02/2017 07:37:00 PM,Sunday,19.37,1 TLRN,A,502,9 Unknown,2 30 MPH,3 T/Stag Jun,9 Unknown (S/R),Unclassified,0,9 Unknown (S/R),2 Dark,9 Unknown,9 Unknown (S/R),9 Unknown (S/R),9 Unknown (S/R),528960,183750,-0.141933,51.537932,,,Unknown,"(51.537932, -0.141933)",http://opendatacommunities.org/id/london-borough-council/camden,6693,21/12/2020 02:48:39 PM
1190217577,CAMDEN,1 DRIVER/RIDER,1 MALE,25-59,49,1,3 SLIGHT,'-2 NOT APPLICABLE,'-2 NOT APPLICABLE,3 POWERED 2 WHEELER,"On Kilburn High Road, 25 metres south of the junction with Kingsgate Place .",2,08/11/2019 08:10:00 AM,Friday,8.10,3 BOR,A,5,6 SINGLE CWY,30,00 NO JUN IN 20M,,0,0,5 PEDN PHASE AT ATS,2 DAYLIGHT,4 FINE/HIGH WINDS,1 ROAD-DRY,9 UNKNOWN (S/R),0 NONE,525145,183976,-0.196831,51.54082,,,Unknown,"(51.54082, -0.196831)",http://opendatacommunities.org/id/london-borough-council/camden,9509,21/12/2020 02:48:44 PM
0116EK40453,CAMDEN,1 Driver/Rider,2 Female,25-59,56,1,2 Serious,-2 Unknown,-2 N/A,2 Pedal Cycle,HEATH STREET J/W HAMPSTEAD HIGH STREET,2,08/06/2016 04:30:00 PM,Wednesday,16.30,3 Bor,B,511,6 Single Cwy,2 30 MPH,6 Crossroads,2 Auto Sig,A,502,5 Pedn Phase At Ats,1 Daylight,1 Fine,1 Road-Dry,0 None,0 None,526360,185750,-0.178683,51.556493,,,Unknown,"(51.556493, -0.178683)",http://opendatacommunities.org/id/london-borough-council/camden,6364,21/12/2020 02:48:38 PM
1170031808,CAMDEN,1 Driver/Rider,1 Male,25-59,29,1,3 Slight,-2 Unknown,-2 N/A,3 Powered 2 Wheeler,FARRINGDON ROAD 70M N OF J/W CHARTERHOUSE STREET THE NEAREST CLASS,2,12/04/2017 08:53:00 AM,Wednesday,8.53,1 TLRN,A,201,6 Single Cwy,1 <= 20 MPH,0 No Jun In 20m,-2 Not Applicable,-2 Not Applicable,0,0 No Xing Facility In 50m,1 Daylight,1 Fine,1 Road-Dry,0 None,0 None,531510,181740,-0.105936,51.519281,,,Unknown,"(51.519281, -0.105936)",http://opendatacommunities.org/id/london-borough-council/camden,6875,21/12/2020 02:48:39 PM
1180120123,CAMDEN,2 Passenger,2 Female,25-59,43,1,3 Slight,-2 Unknown,-2 N/A,6 Bus Or Coach,EVERSHOLT STREET J/W LANCING STREET,1,10/07/2018 06:50:00 PM,Tuesday,18.50,3 Bor,A,4200,6 Single Cwy,1 <= 20 MPH,3 T/Stag Jun,4 Give Way/Uncontrolled,Unclassified,0,0 No Xing Facility In 50m,1 Daylight,1 Fine,1 Road-Dry,0 None,0 None,529670,182720,-0.13208,51.528513,,,Unknown,"(51.528513, -0.13208)",http://opendatacommunities.org/id/london-borough-council/camden,8163,21/12/2020 02:48:42 PM
1190155191,CAMDEN,2 PASSENGER,2 FEMALE,16-24,21,1,3 SLIGHT,'-2 NOT APPLICABLE,'-2 NOT APPLICABLE,2 PEDAL CYCLE,"On Judd Street, near the junction with Leight Street.",2,01/01/2019 01:50:00 AM,Tuesday,1.50,3 BOR,B,504,6 SINGLE CWY,30,03 T/STAG JUN,4 GIVE WAY/UNCONTROLLED,6,0,0 NO XING FACILITY IN 50M,1 DARK,1 FINE,1 ROAD-DRY,0 NONE,0 NONE,530222,182543,-0.124193,51.526795,,,Unknown,"(51.526795, -0.124193)",http://opendatacommunities.org/id/london-borough-council/camden,8665,21/12/2020 02:48:43 PM
1190222839,CAMDEN,3 PEDESTRIAN,1 MALE,25-59,53,1,2 SERIOUS,01 CROSSING ROAD ON PED XING,'-2 NOT APPLICABLE,1 PEDESTRIAN,"On Camden Road, near the junction with Kentish Town Rd.",1,04/12/2019 10:05:00 PM,Wednesday,22.05,1 TLRN,A,502,2 ONE-WAY ST,20,07 MULTI JUN,1 AUTH PERSON,A,400,4 PELICAN OR SIMILAR,1 DARK,1 FINE,1 ROAD-DRY,0 NONE,0 NONE,528921,183890,-0.142443,51.539199,,,Unknown,"(51.539199, -0.142443)",http://opendatacommunities.org/id/london-borough-council/camden,9583,21/12/2020 02:48:45 PM
0116EO40048,CAMDEN,1 Driver/Rider,1 Male,25-59,36,1,3 Slight,-2 Unknown,-2 N/A,4 Car,YORK WAY J/W VALE ROYAL,3,05/01/2016 08:45:00 AM,Tuesday,8.45,3 Bor,A,5200,6 Single Cwy,2 30 MPH,3 T/Stag Jun,4 Give Way/Uncontrolled,Unclassified,0,0 No Xing Facility In 50m,1 Daylight,1 Fine,1 Road-Dry,0 None,0 None,530090,184200,-0.125482,51.541717,,,Unknown,"(51.541717, -0.125482)",http://opendatacommunities.org/id/london-borough-council/camden,6519,21/12/2020 02:48:39 PM
1170033429,CAMDEN,3 Pedestrian,1 Male,60+,61,1,3 Slight,04 Crossing Road Within 50m Xing,2 From Drivers N/Side Msk,1 Pedestrian,GREENLAND ROAD J/W BAYHAM STREET NW1,1,23/04/2017 04:05:00 PM,Sunday,16.05,3 Bor,A,503,2 One-Way St,1 <= 20 MPH,3 T/Stag Jun,4 Give Way/Uncontrolled,Unclassified,0,4 Pelican Or Similar,1 Daylight,1 Fine,1 Road-Dry,0 None,0 None,528980,183880,-0.141597,51.539095,,,Unknown,"(51.539095, -0.141597)",http://opendatacommunities.org/id/london-borough-council/camden,6903,21/12/2020 02:48:39 PM
0115EK40472,CAMDEN,1 Driver/Rider,1 Male,16-24,24,1,3 Slight,-2 Unknown,-2 N/A,3 Powered 2 Wheeler,NFL- PRINCE OF WALES ROAD 59M E OF J/W HAVERSTOCK HILL,2,12/06/2015 02:48:00 PM,Friday,14.48,3 Bor,C,0,6 Single Cwy,2 30 MPH,0 No Jun In 20m,-2 Not Applicable,-2 Not Applicable,0,0 No Xing Facility In 50m,1 Daylight,1 Fine,1 Road-Dry,0 None,0 None,528020,184600,-0.15517,51.545784,,,Unknown,"(51.545784, -0.15517)",http://opendatacommunities.org/id/london-borough-council/camden,4963,21/12/2020 02:48:36 PM
1180083238,CAMDEN,3 Pedestrian,1 Male,16-24,20,1,3 Slight,10 Unknown,3 From Drivers O/Side,1 Pedestrian,GOODGE STREET J/W GOODGE PLACE,1,12/01/2018 07:15:00 PM,Friday,19.15,3 Bor,B,506,9 Unknown,2 30 MPH,3 T/Stag Jun,9 Unknown (S/R),Unclassified,0,5 Pedn Phase At Ats,2 Dark,1 Fine,2 Road-Wet,9 Unknown (S/R),9 Unknown (S/R),529410,181670,-0.136212,51.519136,,,Unknown,"(51.519136, -0.136212)",http://opendatacommunities.org/id/london-borough-council/camden,7661,21/12/2020 02:48:41 PM
1170032355,CAMDEN,1 Driver/Rider,2 Female,25-59,40,1,3 Slight,-2 Unknown,-2 N/A,4 Car,EUSTON ROAD J/W GORDON STREET,2,16/04/2017 11:10:00 AM,Sunday,11.10,1 TLRN,A,501,6 Single Cwy,2 30 MPH,6 Crossroads,2 Auto Sig,C,0,4 Pelican Or Similar,2 Dark,1 Fine,1 Road-Dry,0 None,0 None,529580,182470,-0.133469,51.526287,,,Unknown,"(51.526287, -0.133469)",http://opendatacommunities.org/id/london-borough-council/camden,6887,21/12/2020 02:48:39 PM
0115EK40053,CAMDEN,3 Pedestrian,2 Female,25-59,38,1,3 Slight,10 Unknown,9 Unknown Or Other,1 Pedestrian,FINCHLEY ROAD J/W LITHOS ROAD,2,22/01/2015 06:00:00 PM,Thursday,18.00,1 TLRN,A,41,6 Single Cwy,2 30 MPH,3 T/Stag Jun,4 Give Way/Uncontrolled,Unclassified,0,4 Pelican Or Similar,2 Dark,1 Fine,1 Road-Dry,0 None,0 None,526130,185000,-0.182268,51.549804,,,Unknown,"(51.549804, -0.182268)",http://opendatacommunities.org/id/london-borough-council/camden,4621,21/12/2020 02:48:35 PM
1160009233,CAMDEN,1 Driver/Rider,2 Female,25-59,35,1,3 Slight,-2 Unknown,-2 N/A,4 Car,FINCHLEY ROAD J/W HENDON WAY,2,30/12/2016 01:08:00 PM,Friday,13.08,1 TLRN,A,598,3 Dual Cwy,2 30 MPH,3 T/Stag Jun,2 Auto Sig,A,41,4 Pelican Or Similar,1 Daylight,1 Fine,2 Road-Wet,0 None,0 None,525080,186040,-0.197034,51.559384,,,Unknown,"(51.559384, -0.197034)",http://opendatacommunities.org/id/london-borough-council/camden,5814,21/12/2020 02:48:37 PM
1160005656,CAMDEN,1 Driver/Rider,1 Male,25-59,33,1,3 Slight,-2 Unknown,-2 N/A,8 Other Vehicle,PRINCE OF WALES ROAD J/W CRADDOCK STREET,2,07/12/2016 04:35:00 PM,Wednesday,16.35,3 Bor,C,0,6 Single Cwy,1 <= 20 MPH,3 T/Stag Jun,4 Give Way/Uncontrolled,Unclassified,0,1 Zebra,2 Dark,1 Fine,2 Road-Wet,0 None,0 None,528118,184607,-0.153755,51.545825,,,Unknown,"(51.545825, -0.153755)",http://opendatacommunities.org/id/london-borough-council/camden,5745,21/12/2020 02:48:37 PM
0115EK40279,CAMDEN,1 Driver/Rider,1 Male,Unknown,0,1,3 Slight,-2 Unknown,-2 N/A,5 Taxi,ACTON STREET J/W GRAY'S INN ROAD,2,01/04/2015 04:30:00 PM,Wednesday,16.30,1 TLRN,C,0,6 Single Cwy,2 30 MPH,3 T/Stag Jun,4 Give Way/Uncontrolled,A,5200,0 No Xing Facility In 50m,1 Daylight,1 Fine,1 Road-Dry,0 None,0 None,530580,182710,-0.118973,51.528213,,,Unknown,"(51.528213, -0.118973)",http://opendatacommunities.org/id/london-borough-council/camden,4804,21/12/2020 02:48:36 PM
1170076210,CAMDEN,1 Driver/Rider,1 Male,25-59,43,1,3 Slight,-2 Unknown,-2 N/A,4 Car,BLOOMSBURY WAY J/W BLOOMSBURY SQUARE,3,28/11/2017 03:30:00 PM,Tuesday,15.30,3 Bor,A,40,2 One-Way St,2 30 MPH,7 Multi Jun,2 Auto Sig,Unclassified,0,0 No Xing Facility In 50m,1 Daylight,1 Fine,1 Road-Dry,0 None,0 None,530320,181580,-0.123137,51.518118,,,Unknown,"(51.518118, -0.123137)",http://opendatacommunities.org/id/london-borough-council/camden,7593,21/12/2020 02:48:41 PM
48160095439,CAMDEN,3 Pedestrian,2 Female,60+,69,1,2 Serious,05 Crossing Road (Not On Xing),1 From Drivers N/Side,1 Pedestrian,CHARTERHOUSE STREET B500 ELY PLACE,1,21/07/2016 05:00:00 PM,Thursday,17.00,3 Bor,B,500,6 Single Cwy,1 <= 20 MPH,3 T/Stag Jun,4 Give Way/Uncontrolled,Unclassified,0,5 Pedn Phase At Ats,1 Daylight,1 Fine,1 Road-Dry,0 None,0 None,531440,181610,-0.106993,51.518129,,,Unknown,"(51.518129, -0.106993)",http://opendatacommunities.org/id/london-borough-council/camden,5960,21/12/2020 02:48:38 PM
1160004741,CAMDEN,1 Driver/Rider,1 Male,16-24,24,1,2 Serious,-2 Unknown,-2 N/A,3 Powered 2 Wheeler,EVERSHOLT STREET J/W GRAFTON PLACE,1,02/12/2016 06:20:00 PM,Friday,18.20,3 Bor,A,4200,6 Single Cwy,1 <= 20 MPH,3 T/Stag Jun,1 Auth Person,Unclassified,0,5 Pedn Phase At Ats,2 Dark,1 Fine,2 Road-Wet,0 None,0 None,529710,182670,-0.131522,51.528054,,,Unknown,"(51.528054, -0.131522)",http://opendatacommunities.org/id/london-borough-council/camden,5723,21/12/2020 02:48:37 PM
1180091259,CAMDEN,1 Driver/Rider,1 Male,25-59,31,1,3 Slight,-2 Unknown,-2 N/A,7 Goods Vehicle,PARSIFAL ROAD NW6 J/W FINCHLEY ROAD NW3,2,19/02/2018 03:00:00 PM,Monday,15.00,1 TLRN,Unclassified,0,6 Single Cwy,2 30 MPH,3 T/Stag Jun,4 Give Way/Uncontrolled,A,41,0 No Xing Facility In 50m,1 Daylight,1 Fine,1 Road-Dry,0 None,0 None,525390,185550,-0.192739,51.554912,,,Unknown,"(51.554912, -0.192739)",http://opendatacommunities.org/id/london-borough-council/camden,7762,21/12/2020 02:48:41 PM
1170064640,CAMDEN,1 Driver/Rider,1 Male,25-59,44,1,3 Slight,-2 Unknown,-2 N/A,2 Pedal Cycle,ROYAL COLLEGE STREET J/W BAYNES STREET,2,16/10/2017 08:15:00 AM,Monday,8.15,3 Bor,A,5202,2 One-Way St,1 <= 20 MPH,3 T/Stag Jun,3 Stop Sign,A,5202,1 Zebra,1 Daylight,1 Fine,1 Road-Dry,0 None,0 None,529250,184080,-0.137632,51.540831,,,Unknown,"(51.540831, -0.137632)",http://opendatacommunities.org/id/london-borough-council/camden,7426,21/12/2020 02:48:40 PM
0115EO40692,CAMDEN,3 Pedestrian,1 Male,25-59,41,1,3 Slight,09 In Road - Not Crossing,6 In Rd Not Crossing Msk,1 Pedestrian,FARRINGDON ROAD 25M NORTH J/W COWCROSS STREET,2,18/09/2015 10:35:00 AM,Friday,10.35,1 TLRN,A,201,6 Single Cwy,2 30 MPH,0 No Jun In 20m,-2 Not Applicable,-2 Not Applicable,0,0 No Xing Facility In 50m,1 Daylight,1 Fine,1 Road-Dry,0 None,0 None,531510,181820,-0.105906,51.52,,,Unknown,"(51.52, -0.105906)",http://opendatacommunities.org/id/london-borough-council/camden,5599,21/12/2020 02:48:37 PM
1190158102,CAMDEN,1 DRIVER/RIDER,1 MALE,25-59,29,1,3 SLIGHT,'-2 NOT APPLICABLE,'-2 NOT APPLICABLE,3 POWERED 2 WHEELER,NFL Tottenham Court Rd jw Euston Rd,2,17/01/2019 02:24:00 PM,Thursday,14.24,1 TLRN,A,501,6 SINGLE CWY,30,06 CROSSROADS,2 AUTO SIG,A,400,5 PEDN PHASE AT ATS,2 DAYLIGHT,1 FINE,1 ROAD-DRY,0 NONE,0 NONE,529254,182323,-0.138219,51.52504,,,Unknown,"(51.52504, -0.138219)",http://opendatacommunities.org/id/london-borough-council/camden,8699,21/12/2020 02:48:43 PM
1170014954,CAMDEN,3 Pedestrian,2 Female,16-24,18,1,3 Slight,05 Crossing Road (Not On Xing),1 From Drivers N/Side,1 Pedestrian,WEST END LANE 100M S OF J/W IVERSON ROAD,1,28/01/2017 11:30:00 PM,Saturday,23.30,3 Bor,B,510,6 Single Cwy,2 30 MPH,0 No Jun In 20m,-2 Not Applicable,-2 Not Applicable,0,4 Pelican Or Similar,2 Dark,8 Other,2 Road-Wet,0 None,0 None,525520,184710,-0.191164,51.547334,,,Unknown,"(51.547334, -0.191164)",http://opendatacommunities.org/id/london-borough-council/camden,6620,21/12/2020 02:48:39 PM
1170062081,CAMDEN,3 Pedestrian,1 Male,25-59,43,1,3 Slight,10 Unknown,9 Unknown Or Other,1 Pedestrian,BUCKLAND CRESCENT J/W COLLEGE CRESCENT,1,02/10/2017 12:20:00 PM,Monday,12.20,3 Bor,C,0,6 Single Cwy,2 30 MPH,3 T/Stag Jun,4 Give Way/Uncontrolled,B,511,0 No Xing Facility In 50m,1 Daylight,1 Fine,1 Road-Dry,0 None,0 None,526650,184440,-0.174974,51.544655,,,Unknown,"(51.544655, -0.174974)",http://opendatacommunities.org/id/london-borough-council/camden,7370,21/12/2020 02:48:40 PM
1170078290,CAMDEN,3 Pedestrian,1 Male,Unknown,0,1,3 Slight,10 Unknown,9 Unknown Or Other,1 Pedestrian,YORK WAY J/W CALEDONIA STREET,1,15/12/2017 10:35:00 PM,Friday,22.35,3 Bor,A,5200,2 One-Way St,1 <= 20 MPH,3 T/Stag Jun,4 Give Way/Uncontrolled,A,5210,5 Pedn Phase At Ats,2 Dark,1 Fine,1 Road-Dry,0 None,0 None,530320,183090,-0.122578,51.531688,,,Unknown,"(51.531688, -0.122578)",http://opendatacommunities.org/id/london-borough-council/camden,7616,21/12/2020 02:48:41 PM
0115EK40947,CAMDEN,3 Pedestrian,2 Female,16-24,19,1,3 Slight,01 Crossing Road On Ped Xing,4 From Drivers O/Side Msk,1 Pedestrian,CHALK FARM ROAD J/W FERDINAND STREET,1,26/10/2015 08:49:00 PM,Monday,20.49,3 Bor,A,502,6 Single Cwy,2 30 MPH,6 Crossroads,2 Auto Sig,B,517,5 Pedn Phase At Ats,2 Dark,1 Fine,1 Road-Dry,0 None,0 None,528450,184280,-0.149089,51.542811,,,Unknown,"(51.542811, -0.149089)",http://opendatacommunities.org/id/london-borough-council/camden,5377,21/12/2020 02:48:37 PM
1170046281,CAMDEN,3 Pedestrian,1 Male,25-59,46,1,3 Slight,01 Crossing Road On Ped Xing,9 Unknown Or Other,1 Pedestrian,OXFORD STREET J/W CHARING CROSS ROAD,1,02/07/2017 08:40:00 PM,Sunday,20.40,3 Bor,A,40,3 Dual Cwy,2 30 MPH,6 Crossroads,2 Auto Sig,A,40,5 Pedn Phase At Ats,1 Daylight,1 Fine,1 Road-Dry,0 None,0 None,529800,181350,-0.130712,51.516171,,,Unknown,"(51.516171, -0.130712)",http://opendatacommunities.org/id/london-borough-council/camden,7113,21/12/2020 02:48:40 PM
1180134695,CAMDEN,3 Pedestrian,1 Male,60+,87,1,3 Slight,05 Crossing Road (Not On Xing),1 From Drivers N/Side,1 Pedestrian,NFL CAMDEN HIGH STREET 30M N OF J/W BUCK STREET,1,24/09/2018 06:40:00 PM,Monday,18.40,3 Bor,A,502,2 One-Way St,1 <= 20 MPH,0 No Jun In 20m,-2 Not Applicable,-2 Not Applicable,0,5 Pedn Phase At Ats,1 Daylight,1 Fine,1 Road-Dry,0 None,0 None,528810,184010,-0.143999,51.540302,,,Unknown,"(51.540302, -0.143999)",http://opendatacommunities.org/id/london-borough-council/camden,8349,21/12/2020 02:48:42 PM
1170056258,CAMDEN,3 Pedestrian,1 Male,60+,70,1,3 Slight,05 Crossing Road (Not On Xing),3 From Drivers O/Side,1 Pedestrian,WEST END LANE NW6 J/W INGLEWOOD ROAD NW6,1,28/08/2017 03:30:00 PM,Monday,15.30,3 Bor,B,510,6 Single Cwy,1 <= 20 MPH,9 Other Jun,4 Give Way/Uncontrolled,Unclassified,0,0 No Xing Facility In 50m,1 Daylight,1 Fine,1 Road-Dry,0 None,0 None,525480,185090,-0.191606,51.550758,,,Unknown,"(51.550758, -0.191606)",http://opendatacommunities.org/id/london-borough-council/camden,7280,21/12/2020 02:48:40 PM
1170064483,CAMDEN,2 Passenger,2 Female,16-24,22,1,3 Slight,-2 Unknown,-2 N/A,6 Bus Or Coach,FINCHLEY ROAD J/W HILGROVE ROAD,2,14/10/2017 10:58:00 AM,Saturday,10.58,1 TLRN,A,41,2 One-Way St,2 30 MPH,6 Crossroads,2 Auto Sig,B,509,5 Pedn Phase At Ats,1 Daylight,1 Fine,1 Road-Dry,0 None,0 None,526630,184100,-0.175384,51.541604,,,Unknown,"(51.541604, -0.175384)",http://opendatacommunities.org/id/london-borough-council/camden,7420,21/12/2020 02:48:40 PM
1170043377,CAMDEN,1 Driver/Rider,1 Male,25-59,29,1,3 Slight,-2 Unknown,-2 N/A,2 Pedal Cycle,EYRE STREET HILL J/W CLERKWELL RROAD,2,16/05/2017 05:15:00 PM,Tuesday,17.15,3 Bor,A,5201,6 Single Cwy,1 <= 20 MPH,3 T/Stag Jun,4 Give Way/Uncontrolled,Unclassified,0,0 No Xing Facility In 50m,1 Daylight,1 Fine,1 Road-Dry,0 None,0 None,531200,182040,-0.11029,51.522049,,,Unknown,"(51.522049, -0.11029)",http://opendatacommunities.org/id/london-borough-council/camden,7051,21/12/2020 02:48:39 PM
0115EK41120,CAMDEN,1 Driver/Rider,2 Female,16-24,22,1,3 Slight,-2 Unknown,-2 N/A,2 Pedal Cycle,ROYAL COLLEGE STREET J/W PLENDER STREET.,2,12/12/2015 10:50:00 PM,Saturday,22.50,3 Bor,A,5202,2 One-Way St,2 30 MPH,3 T/Stag Jun,4 Give Way/Uncontrolled,Unclassified,0,1 Zebra,2 Dark,1 Fine,1 Road-Dry,0 None,0 None,529450,183700,-0.13489,51.53737,,,Unknown,"(51.53737, -0.13489)",http://opendatacommunities.org/id/london-borough-council/camden,5531,21/12/2020 02:48:37 PM
0115EK40027,CAMDEN,1 Driver/Rider,1 Male,25-59,32,1,3 Slight,-2 Unknown,-2 N/A,2 Pedal Cycle,CARTWRIGHT GARDENS J/W LEIGH STREET,2,16/01/2015 07:57:00 AM,Friday,7.57,3 Bor,Unclassified,0,6 Single Cwy,2 30 MPH,6 Crossroads,4 Give Way/Uncontrolled,Unclassified,0,0 No Xing Facility In 50m,2 Dark,8 Other,1 Road-Dry,0 None,0 None,530100,182480,-0.125973,51.526257,,,Unknown,"(51.526257, -0.125973)",http://opendatacommunities.org/id/london-borough-council/camden,4602,21/12/2020 02:48:35 PM