Reference,London Borough Name,Casualty Class,Casualty Sex,Casualty Age Band,Casualty Age,Number Of Casualties,Casualty Severity,Pedestrian Location,Pedestrian Movement,Mode Of Travel,Attendant Location,Number Of Vehicles,Date,Day,Time,Highway,Road Class 1,Road Number 1,Road Type,Speed Limit,Junction Detail,Junction Control,Road Class 2,Road Number 2,Pedestrian Crossing,Light Condition Band,Weather,Road Surface,Special Conditions,Carriage Way Hazard,Easting,Northing,Longitude,Latitude,Ward Code,Ward Name,Spatial Accuracy,Location,Organisation URI,Socrata ID,Last Uploaded
1160024597,CAMDEN,1 Driver/Rider,1 Male,25-59,35,1,3 Slight,-2 Unknown,-2 N/A,3 Powered 2 Wheeler,FINCHLEY ROAD J/W BURRARD ROAD,3,11/10/2016 02:45:00 PM,Tuesday,14.45,1 TLRN,A,41,6 Single Cwy,2 30 MPH,3 T/Stag Jun,4 Give Way/Uncontrolled,Unclassified,0,4 Pelican Or Similar,1 Daylight,1 Fine,1 Road-Dry,0 None,0 None,525330,185620,-0.193579,51.555554,,,Unknown,"(51.555554, -0.193579)",http://opendatacommunities.org/id/london-borough-council/camden,5916,21/12/2020 02:48:38 PM
0116EK40390,CAMDEN,2 Passenger,1 Male,Unknown,0,1,3 Slight,-2 Unknown,-2 N/A,6 Bus Or Coach,NFL- EVRESHOLT STREET J/W GRAFTON PLACE,2,24/05/2016 01:47:00 PM,Tuesday,13.47,3 Bor,A,4200,6 Single Cwy,2 30 MPH,9 Other Jun,2 Auto Sig,A,4200,5 Pedn Phase At Ats,1 Daylight,1 Fine,1 Road-Dry,0 None,0 None,529720,182640,-0.131389,51.527782,,,Unknown,"(51.527782, -0.131389)",http://opendatacommunities.org/id/london-borough-council/camden,6309,21/12/2020 02:48:38 PM
1190165881,CAMDEN,1 DRIVER/RIDER,1 MALE,25-59,33,1,3 SLIGHT,'-2 NOT APPLICABLE,'-2 NOT APPLICABLE,2 PEDAL CYCLE,"On Avenue Road, NW3, near the junction with ELSWORTHY ROAD, NW3.",2,27/02/2019 07:15:00 AM,Wednesday,7.15,3 BOR,B,525,6 SINGLE CWY,30,03 T/STAG JUN,4 GIVE WAY/UNCONTROLLED,6,0,0 NO XING FACILITY IN 50M,2 DAYLIGHT,1 FINE,1 ROAD-DRY,0 NONE,0 NONE,526978,183864,-0.170454,51.539405,,,Unknown,"(51.539405, -0.170454)",http://opendatacommunities.org/id/london-borough-council/camden,8808,21/12/2020 02:48:43 PM
0115EK40348,CAMDEN,2 Passenger,1 Male,25-59,37,1,3 Slight,-2 Unknown,-2 N/A,4 Car,WOBURN PLACE J/W TAVISTOCK SQUARE,3,06/05/2015 04:15:00 PM,Wednesday,16.15,3 Bor,A,4200,6 Single Cwy,2 30 MPH,6 Crossroads,2 Auto Sig,C,0,5 Pedn Phase At Ats,1 Daylight,2 Raining,2 Road-Wet,0 None,0 None,529970,182290,-0.127916,51.524579,,,Unknown,"(51.524579, -0.127916)",http://opendatacommunities.org/id/london-borough-council/camden,4857,21/12/2020 02:48:36 PM
1160006824,CAMDEN,2 Passenger,1 Male,25-59,49,1,3 Slight,-2 Unknown,-2 N/A,8 Other Vehicle,LEIGHTON ROAD J/W KENTISH TOWN ROAD,2,06/12/2016 07:50:00 AM,Tuesday,7.50,3 Bor,Unclassified,0,6 Single Cwy,1 <= 20 MPH,3 T/Stag Jun,2 Auto Sig,A,400,5 Pedn Phase At Ats,1 Daylight,9 Unknown,2 Road-Wet,0 None,0 None,529010,185180,-0.140688,51.550771,,,Unknown,"(51.550771, -0.140688)",http://opendatacommunities.org/id/london-borough-council/camden,5772,21/12/2020 02:48:37 PM
1160005690,CAMDEN,1 Driver/Rider,1 Male,16-24,22,1,3 Slight,-2 Unknown,-2 N/A,3 Powered 2 Wheeler,EUSTON ROAD 30M W OF J/W CHALTON STREET,2,07/12/2016 09:15:00 PM,Wednesday,21.15,1 TLRN,A,501,3 Dual Cwy,2 30 MPH,0 No Jun In 20m,-2 Not Applicable,-2 Not Applicable,0,0 No Xing Facility In 50m,2 Dark,1 Fine,1 Road-Dry,0 None,0 None,529880,182670,-0.129073,51.528015,,,Unknown,"(51.528015, -0.129073)",http://opendatacommunities.org/id/london-borough-council/camden,5747,21/12/2020 02:48:37 PM
1180121361,CAMDEN,1 Driver/Rider,1 Male,25-59,47,1,3 Slight,-2 Unknown,-2 N/A,2 Pedal Cycle,GRAYS INN ROAD J/W GUILFORD STREET,2,16/07/2018 03:50:00 PM,Monday,15.50,3 Bor,A,5200,6 Single Cwy,1 <= 20 MPH,6 Crossroads,2 Auto Sig,B,502,4 Pelican Or Similar,1 Daylight,1 Fine,1 Road-Dry,0 None,0 None,530800,182280,-0.115963,51.524298,,,Unknown,"(51.524298, -0.115963)",http://opendatacommunities.org/id/london-borough-council/camden,8180,21/12/2020 02:48:42 PM
1190204031,CAMDEN,1 DRIVER/RIDER,1 MALE,25-59,45,1,3 SLIGHT,'-2 NOT APPLICABLE,'-2 NOT APPLICABLE,2 PEDAL CYCLE,"On Shaftesbury Avenue, near the junction with High Holborn.",2,08/09/2019 11:00:00 AM,Sunday,11.00,3 BOR,A,401,6 SINGLE CWY,20,06 CROSSROADS,2 AUTO SIG,6,0,5 PEDN PHASE AT ATS,2 DAYLIGHT,1 FINE,1 ROAD-DRY,4 ROADWORKS,0 NONE,530113,181379,-0.126193,51.51636,,,Unknown,"(51.51636, -0.126193)",http://opendatacommunities.org/id/london-borough-council/camden,9342,21/12/2020 02:48:44 PM
0115EK40977,CAMDEN,1 Driver/Rider,1 Male,25-59,29,1,3 Slight,-2 Unknown,-2 N/A,5 Taxi,FINCHLEY ROAD J/W WEECH ROAD.,2,04/11/2015 02:29:00 PM,Wednesday,14.29,1 TLRN,A,41,3 Dual Cwy,2 30 MPH,3 T/Stag Jun,4 Give Way/Uncontrolled,Unclassified,0,0 No Xing Facility In 50m,1 Daylight,1 Fine,2 Road-Wet,0 None,0 None,525260,185680,-0.194567,51.556109,,,Unknown,"(51.556109, -0.194567)",http://opendatacommunities.org/id/london-borough-council/camden,5404,21/12/2020 02:48:37 PM
1180116920,CAMDEN,1 Driver/Rider,2 Female,16-24,23,1,3 Slight,-2 Unknown,-2 N/A,4 Car,EUSTON ROAD J/W EUSTON ROAD,2,26/06/2018 09:08:00 AM,Tuesday,9.08,1 TLRN,A,501,2 One-Way St,1 <= 20 MPH,3 T/Stag Jun,2 Auto Sig,A,501,5 Pedn Phase At Ats,1 Daylight,1 Fine,1 Road-Dry,0 None,0 None,530065,182822,-0.126351,51.529339,,,Unknown,"(51.529339, -0.126351)",http://opendatacommunities.org/id/london-borough-council/camden,8123,21/12/2020 02:48:42 PM
1170046543,CAMDEN,1 Driver/Rider,1 Male,16-24,18,1,3 Slight,-2 Unknown,-2 N/A,2 Pedal Cycle,EUSTON ROAD 10M E OF J/W MIDLAND ROAD,2,04/07/2017 05:30:00 PM,Tuesday,17.30,1 TLRN,A,501,3 Dual Cwy,2 30 MPH,6 Crossroads,2 Auto Sig,C,0,0 No Xing Facility In 50m,1 Daylight,1 Fine,1 Road-Dry,0 None,0 None,530080,182810,-0.12614,51.529227,,,Unknown,"(51.529227, -0.12614)",http://opendatacommunities.org/id/london-borough-council/camden,7117,21/12/2020 02:48:40 PM
1160001647,CAMDEN,1 Driver/Rider,1 Male,25-59,35,1,3 Slight,-2 Unknown,-2 N/A,3 Powered 2 Wheeler,BLOOMSBURY WAY J/W BURY PLACE,2,15/11/2016 07:20:00 AM,Tuesday,7.20,3 Bor,A,40,6 Single Cwy,2 30 MPH,9 Other Jun,4 Give Way/Uncontrolled,Unclassified,0,0 No Xing Facility In 50m,1 Daylight,1 Fine,2 Road-Wet,0 None,0 None,530270,181530,-0.123875,51.51768,,,Unknown,"(51.51768, -0.123875)",http://opendatacommunities.org/id/london-borough-council/camden,5670,21/12/2020 02:48:37 PM
1170062328,CAMDEN,1 Driver/Rider,1 Male,25-59,41,1,3 Slight,-2 Unknown,-2 N/A,2 Pedal Cycle,OUTER CIRCLE 50M S OF J/W CHESTER GATE,3,03/10/2017 01:50:00 PM,Tuesday,13.50,3 Bor,Unclassified,0,6 Single Cwy,2 30 MPH,0 No Jun In 20m,-2 Not Applicable,-2 Not Applicable,0,0 No Xing Facility In 50m,1 Daylight,1 Fine,1 Road-Dry,0 None,0 None,528720,182450,-0.145866,51.526303,,,Unknown,"(51.526303, -0.145866)",http://opendatacommunities.org/id/london-borough-council/camden,7374,21/12/2020 02:48:40 PM
0115EK40993,CAMDEN,1 Driver/Rider,2 Female,25-59,51,1,3 Slight,-2 Unknown,-2 N/A,4 Car,HAVERSTOCK HILL J/W UPPER PARK ROAD.,3,06/11/2015 03:43:00 PM,Friday,15.43,3 Bor,A,502,6 Single Cwy,2 30 MPH,3 T/Stag Jun,4 Give Way/Uncontrolled,Unclassified,0,0 No Xing Facility In 50m,1 Daylight,1 Fine,1 Road-Dry,0 None,0 None,527500,184960,-0.162534,51.549137,,,Unknown,"(51.549137, -0.162534)",http://opendatacommunities.org/id/london-borough-council/camden,5418,21/12/2020 02:48:37 PM
1160025627,CAMDEN,3 Pedestrian,2 Female,60+,60,1,3 Slight,01 Crossing Road On Ped Xing,1 From Drivers N/Side,1 Pedestrian,UPPER WOBURN PLACE 30M S OF J/W ENDSLEIGH GARDENS,1,17/10/2016 07:10:00 PM,Monday,19.10,3 Bor,A,4200,6 Single Cwy,2 30 MPH,0 No Jun In 20m,-2 Not Applicable,-2 Not Applicable,0,1 Zebra,2 Dark,1 Fine,1 Road-Dry,0 None,0 None,529820,182510,-0.129996,51.526591,,,Unknown,"(51.526591, -0.129996)",http://opendatacommunities.org/id/london-borough-council/camden,5951,21/12/2020 02:48:38 PM
1190227682,CAMDEN,1 DRIVER/RIDER,1 MALE,25-59,38,1,2 SERIOUS,'-2 NOT APPLICABLE,1 FROM DRIVERS N/SIDE,3 POWERED 2 WHEELER,"On Burrard Road, near the junction with Fincley Road.",2,29/12/2019 07:22:00 PM,Sunday,19.22,1 TLRN,6,0,6 SINGLE CWY,30,03 T/STAG JUN,4 GIVE WAY/UNCONTROLLED,A,41,4 PELICAN OR SIMILAR,1 DARK,1 FINE,1 ROAD-DRY,0 NONE,0 NONE,525326,185623,-0.193636,51.555582,,,Unknown,"(51.555582, -0.193636)",http://opendatacommunities.org/id/london-borough-council/camden,9654,21/12/2020 02:48:45 PM
1170023565,CAMDEN,1 Driver/Rider,2 Female,25-59,29,1,3 Slight,-2 Unknown,-2 N/A,4 Car,KINGSWEAR ROAD J/W KINGSWEAR ROAD,2,07/03/2017 03:33:00 PM,Tuesday,15.33,3 Bor,Unclassified,0,6 Single Cwy,1 <= 20 MPH,3 T/Stag Jun,4 Give Way/Uncontrolled,Unclassified,0,0 No Xing Facility In 50m,1 Daylight,1 Fine,1 Road-Dry,0 None,0 None,528630,186460,-0.145698,51.562361,,,Unknown,"(51.562361, -0.145698)",http://opendatacommunities.org/id/london-borough-council/camden,6750,21/12/2020 02:48:39 PM
0116EK40454,CAMDEN,3 Pedestrian,2 Female,25-59,55,1,3 Slight,04 Crossing Road Within 50m Xing,1 From Drivers N/Side,1 Pedestrian,NEW OXFORD STREET J/W CHARING CROSS ROAD.,1,25/06/2016 06:00:00 PM,Saturday,18.00,3 Bor,A,40,6 Single Cwy,2 30 MPH,6 Crossroads,2 Auto Sig,A,40,5 Pedn Phase At Ats,1 Daylight,1 Fine,2 Road-Wet,0 None,0 None,529840,181370,-0.130128,51.516341,,,Unknown,"(51.516341, -0.130128)",http://opendatacommunities.org/id/london-borough-council/camden,6365,21/12/2020 02:48:38 PM
0115EK40015,CAMDEN,1 Driver/Rider,1 Male,25-59,54,1,3 Slight,-2 Unknown,-2 N/A,6 Bus Or Coach,HAMPSTEAD ROAD J/W DRUMMOND STREET,2,15/01/2015 02:02:00 PM,Thursday,14.02,1 TLRN,A,400,6 Single Cwy,2 30 MPH,6 Crossroads,2 Auto Sig,A,400,5 Pedn Phase At Ats,1 Daylight,1 Fine,1 Road-Dry,0 None,0 None,529220,182480,-0.138652,51.526459,,,Unknown,"(51.526459, -0.138652)",http://opendatacommunities.org/id/london-borough-council/camden,4595,21/12/2020 02:48:35 PM
1180087972,CAMDEN,1 Driver/Rider,2 Female,60+,93,1,3 Slight,-2 Unknown,-2 N/A,4 Car,SAINT JOHN'S WOOD PARK 75M N OF J/W QUEENSMEAD,2,04/02/2018 04:28:00 PM,Sunday,16.28,3 Bor,Unclassified,0,6 Single Cwy,1 <= 20 MPH,0 No Jun In 20m,-2 Not Applicable,-2 Not Applicable,0,0 No Xing Facility In 50m,1 Daylight,1 Fine,1 Road-Dry,0 None,0 None,526740,183960,-0.173849,51.540321,,,Unknown,"(51.540321, -0.173849)",http://opendatacommunities.org/id/london-borough-council/camden,7723,21/12/2020 02:48:41 PM
1180086158,CAMDEN,1 Driver/Rider,2 Female,60+,74,1,3 Slight,-2 Unknown,-2 N/A,4 Car,KIDDERPORE AVENUE 25M W OF J/W KIDDERPORE GARDENS,1,26/01/2018 01:35:00 PM,Friday,13.35,3 Bor,Unclassified,0,6 Single Cwy,1 <= 20 MPH,0 No Jun In 20m,-2 Not Applicable,-2 Not Applicable,0,0 No Xing Facility In 50m,2 Dark,9 Unknown,1 Road-Dry,0 None,0 None,525430,185760,-0.192088,51.55679,,,Unknown,"(51.55679, -0.192088)",http://opendatacommunities.org/id/london-borough-council/camden,7696,21/12/2020 02:48:41 PM
1180110099,CAMDEN,2 Passenger,2 Female,0-15,7,1,3 Slight,-2 Unknown,-2 N/A,4 Car,BAYHAM STREET J/W PLENDER STREET,2,24/05/2018 08:56:00 AM,Thursday,8.56,3 Bor,C,0,2 One-Way St,1 <= 20 MPH,6 Crossroads,4 Give Way/Uncontrolled,Unclassified,0,1 Zebra,1 Daylight,2 Raining,2 Road-Wet,0 None,0 None,529190,183560,-0.138688,51.536172,,,Unknown,"(51.536172, -0.138688)",http://opendatacommunities.org/id/london-borough-council/camden,8019,21/12/2020 02:48:42 PM
1180132622,CAMDEN,1 Driver/Rider,2 Female,25-59,31,1,3 Slight,-2 Unknown,-2 N/A,2 Pedal Cycle,BLOOMSBURY WAY J/W BLOOMSBURY SQUARE,2,14/09/2018 06:49:00 PM,Friday,18.49,3 Bor,A,401,6 Single Cwy,2 30 MPH,3 T/Stag Jun,2 Auto Sig,C,0,0 No Xing Facility In 50m,1 Daylight,1 Fine,1 Road-Dry,0 None,0 None,530390,181630,-0.12211,51.518551,,,Unknown,"(51.518551, -0.12211)",http://opendatacommunities.org/id/london-borough-council/camden,8323,21/12/2020 02:48:42 PM
0116EK40326,CAMDEN,1 Driver/Rider,1 Male,25-59,34,1,3 Slight,-2 Unknown,-2 N/A,2 Pedal Cycle,HAMPSTEAD ROAD J/W ROBERT STREET.,2,06/05/2016 04:29:00 PM,Friday,16.29,1 TLRN,A,400,6 Single Cwy,2 30 MPH,3 T/Stag Jun,4 Give Way/Uncontrolled,Unclassified,0,0 No Xing Facility In 50m,1 Daylight,1 Fine,1 Road-Dry,0 None,0 None,529210,182710,-0.138711,51.528528,,,Unknown,"(51.528528, -0.138711)",http://opendatacommunities.org/id/london-borough-council/camden,6257,21/12/2020 02:48:38 PM
1190209657,CAMDEN,1 DRIVER/RIDER,2 FEMALE,16-24,23,1,3 SLIGHT,'-2 NOT APPLICABLE,'-2 NOT APPLICABLE,4 CAR,"On Euston Road, near the junction with Eversholt Street.",2,04/10/2019 09:15:00 PM,Friday,21.15,1 TLRN,A,501,3 DUAL CWY,20,06 CROSSROADS,2 AUTO SIG,A,4200,5 PEDN PHASE AT ATS,1 DARK,1 FINE,1 ROAD-DRY,0 NONE,0 NONE,529759,182584,-0.130848,51.52727,,,Unknown,"(51.52727, -0.130848)",http://opendatacommunities.org/id/london-borough-council/camden,9409,21/12/2020 02:48:44 PM
0115EK40449,CAMDEN,3 Pedestrian,1 Male,0-15,8,1,2 Serious,04 Crossing Road Within 50m Xing,2 From Drivers N/Side Msk,1 Pedestrian,NFL- KILBURN HIGH ROAD 23M SE OF J/W BELSIZE ROAD,1,08/06/2015 06:45:00 PM,Monday,18.45,3 Bor,A,5,6 Single Cwy,2 30 MPH,0 No Jun In 20m,-2 Not Applicable,-2 Not Applicable,0,5 Pedn Phase At Ats,1 Daylight,1 Fine,1 Road-Dry,0 None,0 None,525450,183570,-0.19258,51.537104,,,Unknown,"(51.537104, -0.19258)",http://opendatacommunities.org/id/london-borough-council/camden,4942,21/12/2020 02:48:36 PM
0115EK40113,CAMDEN,1 Driver/Rider,1 Male,16-24,24,1,3 Slight,-2 Unknown,-2 N/A,3 Powered 2 Wheeler,CAMDEN ROAD J/W ROYAL COLLEGE STREET,2,14/02/2015 07:00:00 AM,Saturday,7.00,1 TLRN,A,503,6 Single Cwy,2 30 MPH,6 Crossroads,2 Auto Sig,A,5202,5 Pedn Phase At Ats,1 Daylight,1 Fine,2 Road-Wet,0 None,0 None,529190,184190,-0.138457,51.541833,,,Unknown,"(51.541833, -0.138457)",http://opendatacommunities.org/id/london-borough-council/camden,4670,21/12/2020 02:48:36 PM
1170070253,CAMDEN,1 Driver/Rider,1 Male,25-59,41,1,3 Slight,-2 Unknown,-2 N/A,2 Pedal Cycle,ROYAL COLLEGE STREET J/W GEORGIANA STREET,2,13/11/2017 12:58:00 PM,Monday,12.58,3 Bor,A,5202,2 One-Way St,2 30 MPH,6 Crossroads,4 Give Way/Uncontrolled,Unclassified,0,0 No Xing Facility In 50m,1 Daylight,1 Fine,1 Road-Dry,0 None,0 None,529316,183975,-0.13672,51.539872,,,Unknown,"(51.539872, -0.13672)",http://opendatacommunities.org/id/london-borough-council/camden,7513,21/12/2020 02:48:41 PM
0116EO40403,CAMDEN,3 Pedestrian,2 Female,25-59,41,1,3 Slight,01 Crossing Road On Ped Xing,1 From Drivers N/Side,1 Pedestrian,PENTONVILLE RD J/W CALEDONIAN RD,1,19/05/2016 08:38:00 AM,Thursday,8.38,1 TLRN,A,501,2 One-Way St,1 <= 20 MPH,6 Crossroads,2 Auto Sig,A,5203,5 Pedn Phase At Ats,1 Daylight,1 Fine,1 Road-Dry,0 None,0 None,530410,183000,-0.121315,51.530859,,,Unknown,"(51.530859, -0.121315)",http://opendatacommunities.org/id/london-borough-council/camden,6533,21/12/2020 02:48:39 PM
1170042596,CAMDEN,3 Pedestrian,1 Male,25-59,56,1,3 Slight,01 Crossing Road On Ped Xing,9 Unknown Or Other,1 Pedestrian,FINCHLEY ROAD 25M S OF J/W BLACKBURN ROAD,1,28/05/2017 03:30:00 PM,Sunday,15.30,1 TLRN,A,41,6 Single Cwy,2 30 MPH,0 No Jun In 20m,-2 Not Applicable,-2 Not Applicable,0,1 Zebra,1 Daylight,1 Fine,1 Road-Dry,9 Unknown (S/R),0 None,526230,184820,-0.180891,51.548164,,,Unknown,"(51.548164, -0.180891)",http://opendatacommunities.org/id/london-borough-council/camden,7036,21/12/2020 02:48:39 PM
1180128546,CAMDEN,1 Driver/Rider,1 Male,16-24,18,1,3 Slight,-2 Unknown,-2 N/A,4 Car,LEIGHTON ROAD J/W LEVERTON STREET,2,23/08/2018 02:55:00 AM,Thursday,2.55,3 Bor,C,0,6 Single Cwy,1 <= 20 MPH,3 T/Stag Jun,4 Give Way/Uncontrolled,Unclassified,0,0 No Xing Facility In 50m,2 Dark,1 Fine,1 Road-Dry,0 None,0 None,529070,185190,-0.13982,51.550848,,,Unknown,"(51.550848, -0.13982)",http://opendatacommunities.org/id/london-borough-council/camden,8269,21/12/2020 02:48:42 PM
1170079727,CAMDEN,3 Pedestrian,1 Male,25-59,38,1,3 Slight,01 Crossing Road On Ped Xing,3 From Drivers O/Side,1 Pedestrian,SOUTH END ROAD J/W HEATH HURST ROAD,1,22/12/2017 07:40:00 AM,Friday,7.40,3 Bor,C,0,6 Single Cwy,1 <= 20 MPH,6 Crossroads,4 Give Way/Uncontrolled,Unclassified,0,1 Zebra,2 Dark,1 Fine,2 Road-Wet,0 None,0 None,527220,185620,-0.166332,51.555132,,,Unknown,"(51.555132, -0.166332)",http://opendatacommunities.org/id/london-borough-council/camden,7626,21/12/2020 02:48:41 PM
0115EK40348,CAMDEN,1 Driver/Rider,1 Male,25-59,38,1,3 Slight,-2 Unknown,-2 N/A,4 Car,WOBURN PLACE J/W TAVISTOCK SQUARE,3,06/05/2015 04:15:00 PM,Wednesday,16.15,3 Bor,A,4200,6 Single Cwy,2 30 MPH,6 Crossroads,2 Auto Sig,C,0,5 Pedn Phase At Ats,1 Daylight,2 Raining,2 Road-Wet,0 None,0 None,529970,182290,-0.127916,51.524579,,,Unknown,"(51.524579, -0.127916)",http://opendatacommunities.org/id/london-borough-council/camden,4858,21/12/2020 02:48:36 PM
1190206120,CAMDEN,1 DRIVER/RIDER,1 MALE,25-59,30,1,3 SLIGHT,'-2 NOT APPLICABLE,'-2 NOT APPLICABLE,4 CAR,"On WEST END LANE, 5 metres south of the junction with IVERSON ROAD.",2,18/09/2019 03:10:00 PM,Wednesday,15.10,3 BOR,B,510,6 SINGLE CWY,30,03 T/STAG JUN,2 AUTO SIG,B,510,4 PELICAN OR SIMILAR,2 DAYLIGHT,1 FINE,1 ROAD-DRY,0 NONE,0 NONE,525529,184756,-0.191018,51.547745,,,Unknown,"(51.547745, -0.191018)",http://opendatacommunities.org/id/london-borough-council/camden,9368,21/12/2020 02:48:44 PM
1180119303,CAMDEN,1 Driver/Rider,2 Female,25-59,27,1,3 Slight,-2 Unknown,-2 N/A,3 Powered 2 Wheeler,SWINTON STREET 35M SW OF J/W SWINTON PLACE,2,06/07/2018 01:53:00 PM,Friday,13.53,1 TLRN,A,501,6 Single Cwy,1 <= 20 MPH,0 No Jun In 20m,-2 Not Applicable,-2 Not Applicable,0,0 No Xing Facility In 50m,1 Daylight,1 Fine,1 Road-Dry,0 None,1 Vehicle Load In Cwy,530640,182790,-0.118079,51.528918,,,Unknown,"(51.528918, -0.118079)",http://opendatacommunities.org/id/london-borough-council/camden,8152,21/12/2020 02:48:42 PM
0116EK40449,CAMDEN,3 Pedestrian,2 Female,25-59,47,1,2 Serious,05 Crossing Road (Not On Xing),3 From Drivers O/Side,1 Pedestrian,KILBURN HIGH ROAD 22M NW OF OXFORD ROAD,1,24/06/2016 06:07:00 PM,Friday,18.07,3 Bor,A,5,6 Single Cwy,2 30 MPH,0 No Jun In 20m,-2 Not Applicable,-2 Not Applicable,0,0 No Xing Facility In 50m,1 Daylight,1 Fine,1 Road-Dry,0 None,0 None,525510,183490,-0.191743,51.536372,,,Unknown,"(51.536372, -0.191743)",http://opendatacommunities.org/id/london-borough-council/camden,6361,21/12/2020 02:48:38 PM
0115EK40156,CAMDEN,3 Pedestrian,1 Male,25-59,38,1,3 Slight,10 Unknown,9 Unknown Or Other,1 Pedestrian,NFL- ROWLAND HILL STREET 101M NE OF J/W HAMPSTEAD GREEN,1,05/01/2015 07:50:00 AM,Monday,7.50,3 Bor,Unclassified,0,6 Single Cwy,2 30 MPH,0 No Jun In 20m,-2 Not Applicable,-2 Not Applicable,0,0 No Xing Facility In 50m,1 Daylight,9 Unknown,1 Road-Dry,0 None,0 None,527250,185330,-0.166004,51.552519,,,Unknown,"(51.552519, -0.166004)",http://opendatacommunities.org/id/london-borough-council/camden,4703,21/12/2020 02:48:36 PM
1190157901,CAMDEN,1 DRIVER/RIDER,2 FEMALE,25-59,32,1,2 SERIOUS,'-2 NOT APPLICABLE,'-2 NOT APPLICABLE,3 POWERED 2 WHEELER,NFL Primrose Hill Road jw Adelaide Rd,2,16/01/2019 08:36:00 PM,Wednesday,20.36,3 BOR,B,509,3 DUAL CWY,20,06 CROSSROADS,2 AUTO SIG,5,0,5 PEDN PHASE AT ATS,1 DARK,8 OTHER,2 ROAD-WET,0 NONE,0 NONE,527513,184343,-0.16257,51.543589,,,Unknown,"(51.543589, -0.16257)",http://opendatacommunities.org/id/london-borough-council/camden,8696,21/12/2020 02:48:43 PM
0115EK40400,CAMDEN,2 Passenger,2 Female,25-59,56,1,3 Slight,-2 Unknown,-2 N/A,3 Powered 2 Wheeler,PRATT'S LANE J/W BRIARDALE GARDENS,2,21/05/2015 11:20:00 AM,Thursday,11.20,3 Bor,C,0,6 Single Cwy,2 30 MPH,3 T/Stag Jun,4 Give Way/Uncontrolled,Unclassified,0,0 No Xing Facility In 50m,1 Daylight,1 Fine,1 Road-Dry,0 None,0 None,525290,186070,-0.193996,51.559607,,,Unknown,"(51.559607, -0.193996)",http://opendatacommunities.org/id/london-borough-council/camden,4898,21/12/2020 02:48:36 PM
1180131201,CAMDEN,1 Driver/Rider,1 Male,25-59,38,1,2 Serious,-2 Unknown,-2 N/A,3 Powered 2 Wheeler,FARRINGDON ROAD J/W ST CROSS STREET,3,07/09/2018 05:08:00 PM,Friday,17.08,1 TLRN,A,201,6 Single Cwy,1 <= 20 MPH,3 T/Stag Jun,4 Give Way/Uncontrolled,Unclassified,0,0 No Xing Facility In 50m,1 Daylight,1 Fine,1 Road-Dry,0 None,0 None,531480,181930,-0.106297,51.520995,,,Unknown,"(51.520995, -0.106297)",http://opendatacommunities.org/id/london-borough-council/camden,8306,21/12/2020 02:48:42 PM
1170061486,CAMDEN,2 Passenger,2 Female,Unknown,0,1,3 Slight,-2 Unknown,-2 N/A,4 Car,FINCHLEY ROAD J/W PLATTS LANE,2,27/09/2017 01:15:00 PM,Wednesday,13.15,1 TLRN,A,41,7 Slip Rd,2 30 MPH,5 Slip Road,1 Auth Person,Unclassified,0,0 No Xing Facility In 50m,1 Daylight,1 Fine,1 Road-Dry,0 None,0 None,525160,185900,-0.195931,51.558108,,,Unknown,"(51.558108, -0.195931)",http://opendatacommunities.org/id/london-borough-council/camden,7354,21/12/2020 02:48:40 PM
1170054616,CAMDEN,1 Driver/Rider,1 Male,25-59,32,1,3 Slight,-2 Unknown,-2 N/A,2 Pedal Cycle,HOWLAND STREET 21M N OF J/W CHARLOTTE STREET,2,03/08/2017 10:45:00 AM,Thursday,10.45,3 Bor,C,0,2 One-Way St,2 30 MPH,0 No Jun In 20m,-2 Not Applicable,-2 Not Applicable,0,1 Zebra,1 Daylight,9 Unknown,9 Unknown (S/R),7 Mud,0 None,529310,181930,-0.137557,51.521496,,,Unknown,"(51.521496, -0.137557)",http://opendatacommunities.org/id/london-borough-council/camden,7256,21/12/2020 02:48:40 PM
1170045533,CAMDEN,3 Pedestrian,2 Female,25-59,58,1,3 Slight,10 Unknown,9 Unknown Or Other,1 Pedestrian,TORRIANO AVENUE J/W BUSBY PLACE,1,28/06/2017 03:40:00 PM,Wednesday,15.40,3 Bor,A,5200,2 One-Way St,1 <= 20 MPH,9 Other Jun,4 Give Way/Uncontrolled,Unclassified,0,0 No Xing Facility In 50m,1 Daylight,1 Fine,1 Road-Dry,0 None,0 None,529660,184920,-0.131414,51.548286,,,Unknown,"(51.548286, -0.131414)",http://opendatacommunities.org/id/london-borough-council/camden,7089,21/12/2020 02:48:40 PM
1190193756,CAMDEN,1 DRIVER/RIDER,1 MALE,25-59,30,1,3 SLIGHT,'-2 NOT APPLICABLE,'-2 NOT APPLICABLE,4 CAR,"On Euston Road, 30 metres south of the junction with Great Poertland Slip Road .",2,15/07/2019 09:40:00 AM,Monday,9.40,1 TLRN,A,501,3 DUAL CWY,30,00 NO JUN IN 20M,,0,0,5 PEDN PHASE AT ATS,2 DAYLIGHT,1 FINE,1 ROAD-DRY,0 NONE,0 NONE,528938,182189,-0.142821,51.523908,,,Unknown,"(51.523908, -0.142821)",http://opendatacommunities.org/id/london-borough-council/camden,9189,21/12/2020 02:48:44 PM