Reference,London Borough Name,Casualty Class,Casualty Sex,Casualty Age Band,Casualty Age,Number Of Casualties,Casualty Severity,Pedestrian Location,Pedestrian Movement,Mode Of Travel,Attendant Location,Number Of Vehicles,Date,Day,Time,Highway,Road Class 1,Road Number 1,Road Type,Speed Limit,Junction Detail,Junction Control,Road Class 2,Road Number 2,Pedestrian Crossing,Light Condition Band,Weather,Road Surface,Special Conditions,Carriage Way Hazard,Easting,Northing,Longitude,Latitude,Ward Code,Ward Name,Spatial Accuracy,Location,Organisation URI,Socrata ID,Last Uploaded
1160008323,CAMDEN,1 Driver/Rider,1 Male,25-59,27,1,3 Slight,-2 Unknown,-2 N/A,3 Powered 2 Wheeler,WEST END LANE J/W CREDITON HILL,2,15/12/2016 10:30:00 PM,Thursday,22.30,3 Bor,C,0,6 Single Cwy,2 30 MPH,3 T/Stag Jun,4 Give Way/Uncontrolled,Unclassified,0,0 No Xing Facility In 50m,2 Dark,1 Fine,1 Road-Dry,0 None,0 None,525610,185310,-0.189653,51.552706,,,Unknown,"(51.552706, -0.189653)",http://opendatacommunities.org/id/london-borough-council/camden,5797,21/12/2020 02:48:37 PM
1160009232,CAMDEN,1 Driver/Rider,1 Male,25-59,37,1,3 Slight,-2 Unknown,-2 N/A,3 Powered 2 Wheeler,EUSTON ROAD J/W CHALTON STREET,2,30/12/2016 06:56:00 AM,Friday,6.56,1 TLRN,A,501,3 Dual Cwy,2 30 MPH,3 T/Stag Jun,4 Give Way/Uncontrolled,Unclassified,0,0 No Xing Facility In 50m,2 Dark,7 Fog/Mist,2 Road-Wet,0 None,0 None,529900,182680,-0.128781,51.5281,,,Unknown,"(51.5281, -0.128781)",http://opendatacommunities.org/id/london-borough-council/camden,5812,21/12/2020 02:48:37 PM
1170010512,CAMDEN,1 Driver/Rider,1 Male,25-59,41,1,3 Slight,-2 Unknown,-2 N/A,2 Pedal Cycle,OUTER CIRCLE J/W CAMBRIDGE GATE,2,09/01/2017 12:40:00 PM,Monday,12.40,3 Bor,Unclassified,0,6 Single Cwy,2 30 MPH,3 T/Stag Jun,4 Give Way/Uncontrolled,Unclassified,0,0 No Xing Facility In 50m,1 Daylight,2 Raining,2 Road-Wet,0 None,0 None,528730,182420,-0.145733,51.526031,,,Unknown,"(51.526031, -0.145733)",http://opendatacommunities.org/id/london-borough-council/camden,6564,21/12/2020 02:48:39 PM
0116EK40107,CAMDEN,1 Driver/Rider,2 Female,25-59,26,1,3 Slight,-2 Unknown,-2 N/A,4 Car,HEATH STREET J/W HAMPSTEAD SQUARE,2,28/02/2016 03:40:00 PM,Sunday,15.40,3 Bor,A,502,6 Single Cwy,1 <= 20 MPH,3 T/Stag Jun,4 Give Way/Uncontrolled,Unclassified,0,0 No Xing Facility In 50m,1 Daylight,1 Fine,1 Road-Dry,0 None,0 None,526360,186080,-0.178565,51.559459,,,Unknown,"(51.559459, -0.178565)",http://opendatacommunities.org/id/london-borough-council/camden,6065,21/12/2020 02:48:38 PM
1180100635,CAMDEN,2 Passenger,2 Female,25-59,34,1,2 Serious,-2 Unknown,-2 N/A,6 Bus Or Coach,HAMPSTEAD ROAD 51M N OF J/W HAMPSTEAD ROAD THE NEAREST CLASSIFIED,1,08/04/2018 09:05:00 PM,Sunday,21.05,1 TLRN,A,400,6 Single Cwy,1 <= 20 MPH,0 No Jun In 20m,-2 Not Applicable,-2 Not Applicable,0,0 No Xing Facility In 50m,2 Dark,2 Raining,2 Road-Wet,0 None,0 None,529210,182420,-0.138818,51.525922,,,Unknown,"(51.525922, -0.138818)",http://opendatacommunities.org/id/london-borough-council/camden,7872,21/12/2020 02:48:41 PM
1190158730,CAMDEN,1 DRIVER/RIDER,1 MALE,25-59,38,1,3 SLIGHT,'-2 NOT APPLICABLE,'-2 NOT APPLICABLE,4 CAR,"On Finchley Road, 25 metres north of the junction with Platts Lane .",2,09/01/2019 10:42:00 AM,Wednesday,10.42,1 TLRN,A,41,6 SINGLE CWY,40,00 NO JUN IN 20M,,0,0,9 UNKNOWN (S/R),2 DAYLIGHT,1 FINE,1 ROAD-DRY,0 NONE,0 NONE,525157,185916,-0.195968,51.558253,,,Unknown,"(51.558253, -0.195968)",http://opendatacommunities.org/id/london-borough-council/camden,8710,21/12/2020 02:48:43 PM
1190185495,CAMDEN,1 DRIVER/RIDER,1 MALE,25-59,34,1,3 SLIGHT,'-2 NOT APPLICABLE,'-2 NOT APPLICABLE,3 POWERED 2 WHEELER,"On Camden Road, near the junction with Rochester Square.",2,06/06/2019 07:25:00 AM,Thursday,7.25,1 TLRN,A,503,6 SINGLE CWY,30,03 T/STAG JUN,4 GIVE WAY/UNCONTROLLED,6,0,0 NO XING FACILITY IN 50M,2 DAYLIGHT,1 FINE,1 ROAD-DRY,0 NONE,0 NONE,529448,184535,-0.134612,51.544875,,,Unknown,"(51.544875, -0.134612)",http://opendatacommunities.org/id/london-borough-council/camden,9068,21/12/2020 02:48:44 PM
0116EK40351,CAMDEN,1 Driver/Rider,1 Male,25-59,27,1,3 Slight,-2 Unknown,-2 N/A,3 Powered 2 Wheeler,ST PANCRAS WAY 70M SOUTH OF J/W GRANARY STREET,2,19/05/2016 03:15:00 PM,Thursday,15.15,3 Bor,A,5202,6 Single Cwy,1 <= 20 MPH,0 No Jun In 20m,-2 Not Applicable,-2 Not Applicable,0,1 Zebra,1 Daylight,1 Fine,1 Road-Dry,0 None,0 None,529600,183580,-0.132772,51.536257,,,Unknown,"(51.536257, -0.132772)",http://opendatacommunities.org/id/london-borough-council/camden,6279,21/12/2020 02:48:38 PM
1170040573,CAMDEN,3 Pedestrian,1 Male,25-59,42,1,3 Slight,08 In Centre Of Carriageway,9 Unknown Or Other,1 Pedestrian,EUSTON ROAD J/W TOTTENHAM COURT ROAD,1,20/05/2017 11:10:00 PM,Saturday,23.10,1 TLRN,A,501,6 Single Cwy,1 <= 20 MPH,6 Crossroads,2 Auto Sig,A,400,4 Pelican Or Similar,2 Dark,1 Fine,1 Road-Dry,0 None,0 None,529250,182330,-0.138274,51.525104,,,Unknown,"(51.525104, -0.138274)",http://opendatacommunities.org/id/london-borough-council/camden,7008,21/12/2020 02:48:39 PM
1160012397,CAMDEN,3 Pedestrian,2 Female,25-59,27,1,3 Slight,04 Crossing Road Within 50m Xing,3 From Drivers O/Side,1 Pedestrian,"ON WEST END LANE, NEAR THE JUNCTION WITH KILBURN HIGH ROAD .",1,22/09/2016 05:00:00 PM,Thursday,17.00,3 Bor,Unclassified,0,6 Single Cwy,2 30 MPH,3 T/Stag Jun,4 Give Way/Uncontrolled,A,5,5 Pedn Phase At Ats,1 Daylight,1 Fine,1 Road-Dry,0 None,0 None,525370,183690,-0.19369,51.5382,,,Unknown,"(51.5382, -0.19369)",http://opendatacommunities.org/id/london-borough-council/camden,5828,21/12/2020 02:48:37 PM
0116EK40301,CAMDEN,3 Pedestrian,1 Male,25-59,33,1,3 Slight,05 Crossing Road (Not On Xing),1 From Drivers N/Side,1 Pedestrian,EVERSHOLT STREET J/W BARNBY STREET.,1,01/05/2016 03:50:00 AM,Sunday,3.50,3 Bor,A,4200,6 Single Cwy,2 30 MPH,3 T/Stag Jun,4 Give Way/Uncontrolled,Unclassified,0,0 No Xing Facility In 50m,2 Dark,1 Fine,1 Road-Dry,0 None,0 None,529450,183010,-0.135143,51.531169,,,Unknown,"(51.531169, -0.135143)",http://opendatacommunities.org/id/london-borough-council/camden,6237,21/12/2020 02:48:38 PM
1180098292,CAMDEN,1 Driver/Rider,2 Female,25-59,52,1,3 Slight,-2 Unknown,-2 N/A,4 Car,LYMINGTON ROAD J/W CREDITON HILL,2,25/03/2018 03:21:00 PM,Sunday,15.21,3 Bor,C,0,6 Single Cwy,1 <= 20 MPH,3 T/Stag Jun,4 Give Way/Uncontrolled,Unclassified,0,0 No Xing Facility In 50m,1 Daylight,1 Fine,1 Road-Dry,0 None,1 Vehicle Load In Cwy,525660,184920,-0.189071,51.54919,,,Unknown,"(51.54919, -0.189071)",http://opendatacommunities.org/id/london-borough-council/camden,7839,21/12/2020 02:48:41 PM
1170050507,CAMDEN,1 Driver/Rider,1 Male,60+,63,1,2 Serious,-2 Unknown,-2 N/A,2 Pedal Cycle,GAYTON ROAD 50M N OF J/W HAMPSTEAD HIGH STREET,2,25/07/2017 03:21:00 PM,Tuesday,15.21,3 Bor,Unclassified,0,6 Single Cwy,1 <= 20 MPH,0 No Jun In 20m,-2 Not Applicable,-2 Not Applicable,0,0 No Xing Facility In 50m,1 Daylight,1 Fine,1 Road-Dry,0 None,0 None,526560,185710,-0.175814,51.556089,,,Unknown,"(51.556089, -0.175814)",http://opendatacommunities.org/id/london-borough-council/camden,7192,21/12/2020 02:48:40 PM
1170017957,CAMDEN,1 Driver/Rider,1 Male,25-59,29,1,3 Slight,-2 Unknown,-2 N/A,4 Car,SOUTHAMPTON ROW J/W THEOBALDS ROAD,2,31/01/2017 01:40:00 PM,Tuesday,13.40,3 Bor,A,4200,2 One-Way St,1 <= 20 MPH,3 T/Stag Jun,9 Unknown (S/R),A,401,5 Pedn Phase At Ats,1 Daylight,1 Fine,1 Road-Dry,9 Unknown (S/R),9 Unknown (S/R),530461,181683,-0.121068,51.519011,,,Unknown,"(51.519011, -0.121068)",http://opendatacommunities.org/id/london-borough-council/camden,6665,21/12/2020 02:48:39 PM
1180115055,CAMDEN,1 Driver/Rider,1 Male,25-59,26,1,3 Slight,-2 Unknown,-2 N/A,3 Powered 2 Wheeler,YORK WAY 25M N OF J/W PENTONVILLE ROAD,2,18/06/2018 08:03:00 AM,Monday,8.03,3 Bor,A,5200,2 One-Way St,2 30 MPH,0 No Jun In 20m,-2 Not Applicable,-2 Not Applicable,0,9 Unknown (S/R),1 Daylight,1 Fine,1 Road-Dry,0 None,0 None,530320,183010,-0.122608,51.530969,,,Unknown,"(51.530969, -0.122608)",http://opendatacommunities.org/id/london-borough-council/camden,8084,21/12/2020 02:48:42 PM
0115EK41033,CAMDEN,2 Passenger,2 Female,25-59,30,1,2 Serious,-2 Unknown,-2 N/A,5 Taxi,BAYHAM STREET J/W PLENDER STREET,2,01/11/2015 01:00:00 AM,Sunday,1.00,3 Bor,C,0,6 Single Cwy,2 30 MPH,6 Crossroads,2 Auto Sig,Unclassified,0,5 Pedn Phase At Ats,2 Dark,9 Unknown,1 Road-Dry,0 None,0 None,529190,183560,-0.138688,51.536172,,,Unknown,"(51.536172, -0.138688)",http://opendatacommunities.org/id/london-borough-council/camden,5452,21/12/2020 02:48:37 PM
1170053533,CAMDEN,1 Driver/Rider,1 Male,25-59,54,1,3 Slight,-2 Unknown,-2 N/A,2 Pedal Cycle,PRATT ST 62M E OF J/W CAMDEN HIGH ST THE NEAREST CLASSIFIED ROAD W,2,13/08/2017 01:30:00 PM,Sunday,13.30,3 Bor,C,0,6 Single Cwy,1 <= 20 MPH,0 No Jun In 20m,-2 Not Applicable,-2 Not Applicable,0,0 No Xing Facility In 50m,1 Daylight,1 Fine,1 Road-Dry,0 None,0 None,529080,183700,-0.140222,51.537455,,,Unknown,"(51.537455, -0.140222)",http://opendatacommunities.org/id/london-borough-council/camden,7238,21/12/2020 02:48:40 PM
1170014899,CAMDEN,1 Driver/Rider,1 Male,25-59,58,1,3 Slight,-2 Unknown,-2 N/A,8 Other Vehicle,KENTISH TOWN ROAD J/W CAVERSHAM ROAD,2,28/01/2017 12:10:00 PM,Saturday,12.10,3 Bor,A,400,6 Single Cwy,2 30 MPH,3 T/Stag Jun,4 Give Way/Uncontrolled,Unclassified,0,5 Pedn Phase At Ats,1 Daylight,1 Fine,1 Road-Dry,0 None,0 None,528990,184900,-0.141079,51.54826,,,Unknown,"(51.54826, -0.141079)",http://opendatacommunities.org/id/london-borough-council/camden,6618,21/12/2020 02:48:39 PM
0116EK40505,CAMDEN,3 Pedestrian,1 Male,16-24,22,1,3 Slight,04 Crossing Road Within 50m Xing,3 From Drivers O/Side,1 Pedestrian,HEATH STREET J/W HOLLY BUSH VALE,1,14/07/2016 05:20:00 PM,Thursday,17.20,3 Bor,B,511,6 Single Cwy,2 30 MPH,3 T/Stag Jun,4 Give Way/Uncontrolled,A,502,4 Pelican Or Similar,1 Daylight,1 Fine,1 Road-Dry,0 None,0 None,526360,185730,-0.178691,51.556313,,,Unknown,"(51.556313, -0.178691)",http://opendatacommunities.org/id/london-borough-council/camden,6414,21/12/2020 02:48:38 PM
1180129723,CAMDEN,1 Driver/Rider,1 Male,25-59,29,1,3 Slight,-2 Unknown,-2 N/A,3 Powered 2 Wheeler,KENTISH TOWN ROAD J/W ISLIP STREET,4,30/08/2018 03:59:00 PM,Thursday,15.59,3 Bor,A,400,2 One-Way St,1 <= 20 MPH,3 T/Stag Jun,4 Give Way/Uncontrolled,Unclassified,0,0 No Xing Facility In 50m,1 Daylight,1 Fine,1 Road-Dry,0 None,0 None,529010,185050,-0.140736,51.549603,,,Unknown,"(51.549603, -0.140736)",http://opendatacommunities.org/id/london-borough-council/camden,8286,21/12/2020 02:48:42 PM
1190186939,CAMDEN,3 PEDESTRIAN,2 FEMALE,25-59,34,1,2 SERIOUS,05 CROSSING ROAD (NOT ON XING),1 FROM DRIVERS N/SIDE,1 PEDESTRIAN,"On Pancras Road, 25 metres south of the junction with KINGS BOULEVARD.",1,13/06/2019 08:50:00 AM,Thursday,8.50,3 BOR,A,5202,3 DUAL CWY,20,00 NO JUN IN 20M,,0,0,0 NO XING FACILITY IN 50M,2 DAYLIGHT,2 RAINING,2 ROAD-WET,0 NONE,0 NONE,530124,183101,-0.125398,51.531832,,,Unknown,"(51.531832, -0.125398)",http://opendatacommunities.org/id/london-borough-council/camden,9089,21/12/2020 02:48:44 PM
0115EK40098,CAMDEN,3 Pedestrian,1 Male,16-24,22,1,2 Serious,09 In Road - Not Crossing,9 Unknown Or Other,1 Pedestrian,GRAY'S INN ROAD J/W BALDWIN'S GARDENS,1,09/02/2015 12:55:00 PM,Monday,12.55,3 Bor,A,5200,6 Single Cwy,2 30 MPH,3 T/Stag Jun,4 Give Way/Uncontrolled,Unclassified,0,1 Zebra,1 Daylight,1 Fine,1 Road-Dry,0 None,0 None,531070,181770,-0.112263,51.519652,,,Unknown,"(51.519652, -0.112263)",http://opendatacommunities.org/id/london-borough-council/camden,4658,21/12/2020 02:48:35 PM
1170071996,CAMDEN,1 Driver/Rider,1 Male,25-59,43,1,3 Slight,-2 Unknown,-2 N/A,3 Powered 2 Wheeler,MINSTER ROAD J/W FORDWYCH ROAD,2,22/11/2017 06:08:00 PM,Wednesday,18.08,3 Bor,Unclassified,0,6 Single Cwy,1 <= 20 MPH,6 Crossroads,3 Stop Sign,Unclassified,0,0 No Xing Facility In 50m,2 Dark,1 Fine,1 Road-Dry,0 None,0 None,524390,185180,-0.207286,51.551808,,,Unknown,"(51.551808, -0.207286)",http://opendatacommunities.org/id/london-borough-council/camden,7532,21/12/2020 02:48:41 PM
1180085375,CAMDEN,1 Driver/Rider,1 Male,25-59,27,1,3 Slight,-2 Unknown,-2 N/A,5 Taxi,GRAYS INN ROAD 25M E OF J/W GRAYS INN ROAD THE NEAREST CLASSIFIED,2,23/01/2018 08:30:00 PM,Tuesday,20.30,3 Bor,A,5200,2 One-Way St,2 30 MPH,0 No Jun In 20m,-2 Not Applicable,-2 Not Applicable,0,1 Zebra,2 Dark,1 Fine,1 Road-Dry,0 None,2 Other Object In Cwy,530770,182320,-0.11638,51.524665,,,Unknown,"(51.524665, -0.11638)",http://opendatacommunities.org/id/london-borough-council/camden,7689,21/12/2020 02:48:41 PM
0116EK40152,CAMDEN,1 Driver/Rider,1 Male,60+,65,1,3 Slight,-2 Unknown,-2 N/A,5 Taxi,ST PANCRAS WAY J/W GEORGIANA STREET,2,19/02/2016 06:32:00 PM,Friday,18.32,3 Bor,A,5202,2 One-Way St,1 <= 20 MPH,3 T/Stag Jun,4 Give Way/Uncontrolled,Unclassified,0,1 Zebra,2 Dark,2 Raining,2 Road-Wet,0 None,0 None,529390,184020,-0.135637,51.54026,,,Unknown,"(51.54026, -0.135637)",http://opendatacommunities.org/id/london-borough-council/camden,6107,21/12/2020 02:48:38 PM
0115EK40513,CAMDEN,1 Driver/Rider,1 Male,25-59,25,1,3 Slight,-2 Unknown,-2 N/A,4 Car,CHALK FARM ROAD J/W HARTLAND ROAD,2,27/06/2015 11:45:00 AM,Saturday,11.45,3 Bor,A,502,6 Single Cwy,2 30 MPH,3 T/Stag Jun,4 Give Way/Uncontrolled,Unclassified,0,1 Zebra,1 Daylight,1 Fine,1 Road-Dry,0 None,0 None,528570,184240,-0.147374,51.542424,,,Unknown,"(51.542424, -0.147374)",http://opendatacommunities.org/id/london-borough-council/camden,5002,21/12/2020 02:48:36 PM
0116EK40200,CAMDEN,1 Driver/Rider,1 Male,25-59,44,1,3 Slight,-2 Unknown,-2 N/A,2 Pedal Cycle,"HAMPSTEAD ROAD, 35 METRES NORTH OF EUSTON ROAD.",2,01/04/2016 11:02:00 AM,Friday,11.02,1 TLRN,A,400,6 Single Cwy,2 30 MPH,0 No Jun In 20m,-2 Not Applicable,-2 Not Applicable,0,5 Pedn Phase At Ats,1 Daylight,1 Fine,1 Road-Dry,0 None,0 None,529240,182370,-0.138404,51.525466,,,Unknown,"(51.525466, -0.138404)",http://opendatacommunities.org/id/london-borough-council/camden,6147,21/12/2020 02:48:38 PM
0115EK40893,CAMDEN,1 Driver/Rider,1 Male,25-59,40,1,3 Slight,-2 Unknown,-2 N/A,3 Powered 2 Wheeler,ALBANY STREET J/W CAMBRIDGE GATE MEWS,2,07/10/2015 07:55:00 AM,Wednesday,7.55,3 Bor,A,4201,6 Single Cwy,1 <= 20 MPH,3 T/Stag Jun,4 Give Way/Uncontrolled,Unclassified,0,0 No Xing Facility In 50m,1 Daylight,1 Fine,2 Road-Wet,0 None,0 None,528820,182480,-0.144414,51.52655,,,Unknown,"(51.52655, -0.144414)",http://opendatacommunities.org/id/london-borough-council/camden,5336,21/12/2020 02:48:37 PM
0115EK40788,CAMDEN,1 Driver/Rider,1 Male,25-59,42,1,2 Serious,-2 Unknown,-2 N/A,2 Pedal Cycle,THEOBALD'S ROAD J/W GRAY'S INN ROAD.,2,11/09/2015 10:02:00 PM,Friday,22.02,3 Bor,A,401,6 Single Cwy,2 30 MPH,6 Crossroads,2 Auto Sig,A,5200,5 Pedn Phase At Ats,2 Dark,1 Fine,1 Road-Dry,0 None,0 None,530980,181970,-0.113485,51.521471,,,Unknown,"(51.521471, -0.113485)",http://opendatacommunities.org/id/london-borough-council/camden,5255,21/12/2020 02:48:37 PM
0116EK40367,CAMDEN,1 Driver/Rider,1 Male,25-59,38,1,3 Slight,-2 Unknown,-2 N/A,3 Powered 2 Wheeler,FINCHLEY ROAD J/W HEATH DRIVE.,2,26/05/2016 09:10:00 AM,Thursday,9.10,1 TLRN,A,41,3 Dual Cwy,2 30 MPH,6 Crossroads,2 Auto Sig,Unclassified,0,5 Pedn Phase At Ats,1 Daylight,1 Fine,1 Road-Dry,0 None,0 None,525510,185480,-0.191034,51.554256,,,Unknown,"(51.554256, -0.191034)",http://opendatacommunities.org/id/london-borough-council/camden,6290,21/12/2020 02:48:38 PM
0115EK41073,CAMDEN,1 Driver/Rider,1 Male,25-59,49,1,3 Slight,-2 Unknown,-2 N/A,5 Taxi,ROSSLYN HILL J/W POND STREET.,2,29/10/2015 09:33:00 PM,Thursday,21.33,3 Bor,A,502,6 Single Cwy,2 30 MPH,6 Crossroads,2 Auto Sig,B,518,5 Pedn Phase At Ats,2 Dark,1 Fine,1 Road-Dry,0 None,0 None,527030,185400,-0.16915,51.553197,,,Unknown,"(51.553197, -0.16915)",http://opendatacommunities.org/id/london-borough-council/camden,5482,21/12/2020 02:48:37 PM
1190168533,CAMDEN,1 DRIVER/RIDER,1 MALE,25-59,32,1,3 SLIGHT,'-2 NOT APPLICABLE,'-2 NOT APPLICABLE,3 POWERED 2 WHEELER,"On Euston Road, near the junction with melton street.",2,12/03/2019 08:30:00 AM,Tuesday,8.30,1 TLRN,A,501,3 DUAL CWY,30,06 CROSSROADS,2 AUTO SIG,5,0,4 PELICAN OR SIMILAR,2 DAYLIGHT,5 RAINING/HIGH WINDS,2 ROAD-WET,0 NONE,0 NONE,529568,182478,-0.133639,51.526361,,,Unknown,"(51.526361, -0.133639)",http://opendatacommunities.org/id/london-borough-council/camden,8834,21/12/2020 02:48:43 PM
1190205154,CAMDEN,1 DRIVER/RIDER,1 MALE,25-59,44,1,3 SLIGHT,'-2 NOT APPLICABLE,3 FROM DRIVERS O/SIDE,2 PEDAL CYCLE,"On Highgate West Hill, near the junction with Highgate Road.",2,28/06/2019 07:15:00 PM,Friday,19.15,3 BOR,5,0,1 ROUNDABOUT,20,01 ROUNDABOUT,4 GIVE WAY/UNCONTROLLED,6,0,1 ZEBRA,2 DAYLIGHT,1 FINE,1 ROAD-DRY,0 NONE,0 NONE,528286,186333,-0.150704,51.561298,,,Unknown,"(51.561298, -0.150704)",http://opendatacommunities.org/id/london-borough-council/camden,9360,21/12/2020 02:48:44 PM
1170030753,CAMDEN,1 Driver/Rider,2 Female,25-59,34,1,2 Serious,-2 Unknown,-2 N/A,2 Pedal Cycle,GUILFORD STREET 10M W OF J/W MECKLENBURGH PLACE,2,06/04/2017 06:00:00 PM,Thursday,18.00,3 Bor,B,502,6 Single Cwy,1 <= 20 MPH,3 T/Stag Jun,4 Give Way/Uncontrolled,Unclassified,0,1 Zebra,1 Daylight,1 Fine,1 Road-Dry,4 Roadworks,0 None,530620,182210,-0.118582,51.523711,,,Unknown,"(51.523711, -0.118582)",http://opendatacommunities.org/id/london-borough-council/camden,6854,21/12/2020 02:48:39 PM
1170038070,CAMDEN,2 Passenger,2 Female,60+,74,1,3 Slight,-2 Unknown,-2 N/A,6 Bus Or Coach,EVERSHOLT STREET J/W PHOENIX ROAD,1,17/05/2017 04:20:00 PM,Wednesday,16.20,3 Bor,A,4200,6 Single Cwy,2 30 MPH,3 T/Stag Jun,4 Give Way/Uncontrolled,C,0,1 Zebra,1 Daylight,2 Raining,2 Road-Wet,0 None,2 Other Object In Cwy,529540,182890,-0.133891,51.53007,,,Unknown,"(51.53007, -0.133891)",http://opendatacommunities.org/id/london-borough-council/camden,6974,21/12/2020 02:48:39 PM
1170023644,CAMDEN,1 Driver/Rider,1 Male,25-59,47,1,3 Slight,-2 Unknown,-2 N/A,4 Car,HAMPSTEAD ROAD 20M E OF J/W EUSTON ROAD,2,23/02/2017 02:03:00 AM,Thursday,2.03,1 TLRN,A,400,6 Single Cwy,2 30 MPH,6 Crossroads,4 Give Way/Uncontrolled,A,501,5 Pedn Phase At Ats,2 Dark,1 Fine,1 Road-Dry,9 Unknown (S/R),9 Unknown (S/R),529260,182355,-0.138121,51.525326,,,Unknown,"(51.525326, -0.138121)",http://opendatacommunities.org/id/london-borough-council/camden,6751,21/12/2020 02:48:39 PM
0115EK40763,CAMDEN,2 Passenger,1 Male,0-15,3,1,3 Slight,-2 Unknown,-2 N/A,5 Taxi,"EUSTON ROAD, 200 METRES NE OF EUSTON ROAD SLIP ROAD.",4,01/09/2015 04:26:00 PM,Tuesday,16.26,1 TLRN,A,501,3 Dual Cwy,4 50 MPH,0 No Jun In 20m,-2 Not Applicable,-2 Not Applicable,0,0 No Xing Facility In 50m,1 Daylight,1 Fine,1 Road-Dry,0 None,0 None,529260,182330,-0.13813,51.525102,,,Unknown,"(51.525102, -0.13813)",http://opendatacommunities.org/id/london-borough-council/camden,5228,21/12/2020 02:48:37 PM
1190182431,CAMDEN,1 DRIVER/RIDER,1 MALE,25-59,35,1,3 SLIGHT,'-2 NOT APPLICABLE,'-2 NOT APPLICABLE,2 PEDAL CYCLE,Location uncertain Royal College Street jw Baynes St,2,22/05/2019 11:45:00 AM,Wednesday,11.45,3 BOR,A,5202,2 ONE-WAY ST,20,03 T/STAG JUN,4 GIVE WAY/UNCONTROLLED,6,0,0 NO XING FACILITY IN 50M,2 DAYLIGHT,1 FINE,1 ROAD-DRY,0 NONE,0 NONE,529248,184102,-0.137653,51.541029,,,Unknown,"(51.541029, -0.137653)",http://opendatacommunities.org/id/london-borough-council/camden,9030,21/12/2020 02:48:44 PM
1180118248,CAMDEN,1 Driver/Rider,2 Female,25-59,27,1,3 Slight,-2 Unknown,-2 N/A,4 Car,PRIORY PARK ROAD J/W KILBURN HIGH ROAD,2,02/07/2018 06:30:00 PM,Monday,18.30,3 Bor,A,5,6 Single Cwy,1 <= 20 MPH,3 T/Stag Jun,4 Give Way/Uncontrolled,Unclassified,0,0 No Xing Facility In 50m,1 Daylight,1 Fine,1 Road-Dry,0 None,0 None,525175,183946,-0.196409,51.540544,,,Unknown,"(51.540544, -0.196409)",http://opendatacommunities.org/id/london-borough-council/camden,8142,21/12/2020 02:48:42 PM
1190193661,CAMDEN,3 PEDESTRIAN,1 MALE,25-59,29,1,3 SLIGHT,01 CROSSING ROAD ON PED XING,'-2 NOT APPLICABLE,1 PEDESTRIAN,"On Camden Road, 50 metres east of the junction with Bayham St.",1,15/07/2019 11:50:00 AM,Monday,11.50,1 TLRN,A,503,6 SINGLE CWY,20,00 NO JUN IN 20M,,0,0,4 PELICAN OR SIMILAR,2 DAYLIGHT,1 FINE,1 ROAD-DRY,0 NONE,0 NONE,529008,183976,-0.141158,51.539952,,,Unknown,"(51.539952, -0.141158)",http://opendatacommunities.org/id/london-borough-council/camden,9187,21/12/2020 02:48:44 PM
0116EK40281,CAMDEN,1 Driver/Rider,1 Male,25-59,28,1,3 Slight,-2 Unknown,-2 N/A,4 Car,N.F.L KENTISH TOWN ROAD 25M S OF BUCK STREET,2,20/04/2016 05:37:00 PM,Wednesday,17.37,3 Bor,A,400,6 Single Cwy,1 <= 20 MPH,0 No Jun In 20m,-2 Not Applicable,-2 Not Applicable,0,0 No Xing Facility In 50m,1 Daylight,1 Fine,1 Road-Dry,0 None,0 None,528930,183980,-0.142281,51.540005,,,Unknown,"(51.540005, -0.142281)",http://opendatacommunities.org/id/london-borough-council/camden,6218,21/12/2020 02:48:38 PM
0115EK40771,CAMDEN,1 Driver/Rider,1 Male,25-59,28,1,3 Slight,-2 Unknown,-2 N/A,3 Powered 2 Wheeler,SOUTHAMPTON ROW J/W BLOOMSBURY PLACE,1,02/09/2015 09:15:00 AM,Wednesday,9.15,3 Bor,A,4200,6 Single Cwy,2 30 MPH,3 T/Stag Jun,2 Auto Sig,C,0,5 Pedn Phase At Ats,1 Daylight,1 Fine,1 Road-Dry,0 None,0 None,530380,181770,-0.122202,51.519812,,,Unknown,"(51.519812, -0.122202)",http://opendatacommunities.org/id/london-borough-council/camden,5239,21/12/2020 02:48:37 PM
1190208495,CAMDEN,1 DRIVER/RIDER,1 MALE,25-59,27,1,3 SLIGHT,'-2 NOT APPLICABLE,'-2 NOT APPLICABLE,4 CAR,"On Gascony Avenue, near the junction with Kingsgate Road.",2,29/09/2019 09:38:00 AM,Sunday,9.38,3 BOR,6,0,2 ONE-WAY ST,20,09 OTHER JUN,4 GIVE WAY/UNCONTROLLED,6,0,0 NO XING FACILITY IN 50M,2 DAYLIGHT,1 FINE,2 ROAD-WET,0 NONE,0 NONE,525246,184177,-0.195304,51.542605,,,Unknown,"(51.542605, -0.195304)",http://opendatacommunities.org/id/london-borough-council/camden,9393,21/12/2020 02:48:44 PM