Reference,London Borough Name,Casualty Class,Casualty Sex,Casualty Age Band,Casualty Age,Number Of Casualties,Casualty Severity,Pedestrian Location,Pedestrian Movement,Mode Of Travel,Attendant Location,Number Of Vehicles,Date,Day,Time,Highway,Road Class 1,Road Number 1,Road Type,Speed Limit,Junction Detail,Junction Control,Road Class 2,Road Number 2,Pedestrian Crossing,Light Condition Band,Weather,Road Surface,Special Conditions,Carriage Way Hazard,Easting,Northing,Longitude,Latitude,Ward Code,Ward Name,Spatial Accuracy,Location,Organisation URI,Socrata ID,Last Uploaded
1180091948,CAMDEN,2 Passenger,2 Female,60+,61,1,3 Slight,-2 Unknown,-2 N/A,6 Bus Or Coach,KILBURN HIGH ROAD  NW6 J/W SPRINGFIELD LANE NW6,1,22/02/2018 06:20:00 PM,Thursday,18.20,3 Bor,A,5,6 Single Cwy,2 30 MPH,6 Crossroads,2 Auto Sig,C,0,4 Pelican Or Similar,2 Dark,1 Fine,1 Road-Dry,0 None,0 None,525480,183540,-0.192158,51.536828,,,Unknown,"(51.536828, -0.192158)",http://opendatacommunities.org/id/london-borough-council/camden,7766,21/12/2020 02:48:41 PM
1190190823,CAMDEN,3 PEDESTRIAN,2 FEMALE,16-24,24,1,2 SERIOUS,01 CROSSING ROAD ON PED XING,3 FROM DRIVERS O/SIDE,1 PEDESTRIAN,"On Bloomsbury Way, near the junction with Bury Place.",1,01/07/2019 06:58:00 PM,Monday,18.58,3 BOR,A,40,2 ONE-WAY ST,20,03 T/STAG JUN,2 AUTO SIG,6,0,4 PELICAN OR SIMILAR,2 DAYLIGHT,1 FINE,1 ROAD-DRY,0 NONE,0 NONE,530281,181551,-0.123709,51.517867,,,Unknown,"(51.517867, -0.123709)",http://opendatacommunities.org/id/london-borough-council/camden,9147,21/12/2020 02:48:44 PM
1180122584,CAMDEN,3 Pedestrian,2 Female,25-59,30,1,3 Slight,01 Crossing Road On Ped Xing,1 From Drivers N/Side,1 Pedestrian,PROCTER STREET J/W HIGH HOLBORN,1,22/07/2018 07:45:00 PM,Sunday,19.45,3 Bor,A,40,2 One-Way St,2 30 MPH,3 T/Stag Jun,1 Auth Person,A,40,5 Pedn Phase At Ats,1 Daylight,1 Fine,1 Road-Dry,0 None,0 None,530590,181540,-0.119262,51.517696,,,Unknown,"(51.517696, -0.119262)",http://opendatacommunities.org/id/london-borough-council/camden,8195,21/12/2020 02:48:42 PM
0115EK40180,CAMDEN,1 Driver/Rider,1 Male,25-59,33,1,3 Slight,-2 Unknown,-2 N/A,2 Pedal Cycle,CAMDEN STREET J/W CAMDEN ROAD,2,24/02/2015 12:13:00 AM,Tuesday,0.13,1 TLRN,A,400,6 Single Cwy,2 30 MPH,6 Crossroads,2 Auto Sig,A,503,5 Pedn Phase At Ats,2 Dark,1 Fine,1 Road-Dry,0 None,0 None,529080,184030,-0.140101,51.540421,,,Unknown,"(51.540421, -0.140101)",http://opendatacommunities.org/id/london-borough-council/camden,4721,21/12/2020 02:48:36 PM
1170050369,CAMDEN,1 Driver/Rider,1 Male,25-59,45,1,2 Serious,-2 Unknown,-2 N/A,3 Powered 2 Wheeler,KILBURN HIGH ROAD J/W VICTORIA RD NW6,2,25/07/2017 02:11:00 PM,Tuesday,14.11,3 Bor,A,5,6 Single Cwy,2 30 MPH,3 T/Stag Jun,2 Auto Sig,A,5,4 Pelican Or Similar,1 Daylight,8 Other,1 Road-Dry,0 None,0 None,525240,183860,-0.195503,51.539757,,,Unknown,"(51.539757, -0.195503)",http://opendatacommunities.org/id/london-borough-council/camden,7189,21/12/2020 02:48:40 PM
0115EK40092,CAMDEN,3 Pedestrian,1 Male,25-59,30,1,3 Slight,01 Crossing Road On Ped Xing,3 From Drivers O/Side,1 Pedestrian,WOBURN PLACE J/W BERNARD STREET,1,07/02/2015 07:30:00 PM,Saturday,19.30,3 Bor,A,4200,6 Single Cwy,2 30 MPH,6 Crossroads,2 Auto Sig,B,504,5 Pedn Phase At Ats,2 Dark,1 Fine,1 Road-Dry,0 None,0 None,530120,182100,-0.125826,51.522837,,,Unknown,"(51.522837, -0.125826)",http://opendatacommunities.org/id/london-borough-council/camden,4653,21/12/2020 02:48:35 PM
1190225409,CAMDEN,1 DRIVER/RIDER,2 FEMALE,25-59,36,1,3 SLIGHT,'-2 NOT APPLICABLE,'-2 NOT APPLICABLE,2 PEDAL CYCLE,"On Kilburn High Road, London NW6, 20 metres north of the junction with kilburn park road .",2,16/12/2019 05:59:00 PM,Monday,17.59,3 BOR,A,5,3 DUAL CWY,30,03 T/STAG JUN,4 GIVE WAY/UNCONTROLLED,B,414,1 ZEBRA,1 DARK,1 FINE,2 ROAD-WET,0 NONE,0 NONE,525654,183358,-0.189715,51.535153,,,Unknown,"(51.535153, -0.189715)",http://opendatacommunities.org/id/london-borough-council/camden,9622,21/12/2020 02:48:45 PM
1170035488,CAMDEN,1 Driver/Rider,1 Male,25-59,26,1,3 Slight,-2 Unknown,-2 N/A,2 Pedal Cycle,PRINCE ALBERT ROAD J/W PARKWAY,2,04/05/2017 10:17:00 AM,Thursday,10.17,3 Bor,A,5205,6 Single Cwy,1 <= 20 MPH,6 Crossroads,2 Auto Sig,A,4201,4 Pelican Or Similar,1 Daylight,1 Fine,1 Road-Dry,0 None,0 None,528610,183550,-0.147049,51.536214,,,Unknown,"(51.536214, -0.147049)",http://opendatacommunities.org/id/london-borough-council/camden,6937,21/12/2020 02:48:39 PM
1190163488,CAMDEN,1 DRIVER/RIDER,2 FEMALE,25-59,49,3,3 SLIGHT,'-2 NOT APPLICABLE,'-2 NOT APPLICABLE,9 PRIVATE HIRE,"On SPANARD ROAD, near the junction with NORTH END WAY NW3.",2,14/02/2019 07:15:00 PM,Thursday,19.15,3 BOR,B,519,1 ROUNDABOUT,20,01 ROUNDABOUT,4 GIVE WAY/UNCONTROLLED,A,502,1 ZEBRA,1 DARK,1 FINE,1 ROAD-DRY,0 NONE,0 NONE,526284,186436,-0.179533,51.562675,,,Unknown,"(51.562675, -0.179533)",http://opendatacommunities.org/id/london-borough-council/camden,8783,21/12/2020 02:48:43 PM
0115EK40697,CAMDEN,3 Pedestrian,2 Female,16-24,21,1,3 Slight,01 Crossing Road On Ped Xing,3 From Drivers O/Side,1 Pedestrian,MANSFIELD ROAD J/W OAK VILLAGE,1,10/08/2015 07:40:00 PM,Monday,19.40,3 Bor,B,518,6 Single Cwy,2 30 MPH,3 T/Stag Jun,4 Give Way/Uncontrolled,C,0,4 Pelican Or Similar,1 Daylight,1 Fine,1 Road-Dry,0 None,0 None,528210,185600,-0.152067,51.554728,,,Unknown,"(51.554728, -0.152067)",http://opendatacommunities.org/id/london-borough-council/camden,5172,21/12/2020 02:48:36 PM
1190178488,CAMDEN,1 DRIVER/RIDER,1 MALE,25-59,42,2,3 SLIGHT,'-2 NOT APPLICABLE,'-2 NOT APPLICABLE,9 PRIVATE HIRE,"On Pancras Road, 5 metres south of the junction with St Pancras Way.",2,02/05/2019 05:05:00 PM,Thursday,17.05,3 BOR,A,5202,6 SINGLE CWY,20,03 T/STAG JUN,2 AUTO SIG,A,5202,5 PEDN PHASE AT ATS,2 DAYLIGHT,2 RAINING,2 ROAD-WET,0 NONE,0 NONE,529617,183490,-0.13256,51.535445,,,Unknown,"(51.535445, -0.13256)",http://opendatacommunities.org/id/london-borough-council/camden,8971,21/12/2020 02:48:44 PM
1170067186,CAMDEN,2 Passenger,2 Female,Unknown,0,1,3 Slight,-2 Unknown,-2 N/A,4 Car,BROADHURST GARDENS 21M N OF J/W GOLDHURST TERRACE,1,18/10/2017 09:55:00 PM,Wednesday,21.55,3 Bor,Unclassified,0,2 One-Way St,1 <= 20 MPH,0 No Jun In 20m,-2 Not Applicable,-2 Not Applicable,0,9 Unknown (S/R),2 Dark,8 Other,2 Road-Wet,0 None,0 None,526300,184580,-0.179968,51.545992,,,Unknown,"(51.545992, -0.179968)",http://opendatacommunities.org/id/london-borough-council/camden,7466,21/12/2020 02:48:40 PM
0116EK40486,CAMDEN,1 Driver/Rider,1 Male,25-59,56,1,3 Slight,-2 Unknown,-2 N/A,4 Car,ARLINGTON ROAD J/W UNDERHILL STREET,1,10/07/2016 02:59:00 PM,Sunday,14.59,3 Bor,Unclassified,0,6 Single Cwy,2 30 MPH,8 Priv Drive,4 Give Way/Uncontrolled,Unclassified,0,0 No Xing Facility In 50m,1 Daylight,1 Fine,1 Road-Dry,0 None,0 None,528860,183720,-0.143385,51.537685,,,Unknown,"(51.537685, -0.143385)",http://opendatacommunities.org/id/london-borough-council/camden,6397,21/12/2020 02:48:38 PM
1180132667,CAMDEN,3 Pedestrian,2 Female,25-59,28,1,3 Slight,09 In Road - Not Crossing,8 In Rd Back To Traffic,1 Pedestrian,CAMDEN HIGH STREET J/W PARKWAY,1,14/09/2018 10:17:00 PM,Friday,22.17,1 TLRN,A,502,2 One-Way St,1 <= 20 MPH,6 Crossroads,2 Auto Sig,A,503,4 Pelican Or Similar,2 Dark,8 Other,1 Road-Dry,0 None,0 None,528880,183890,-0.143034,51.539208,,,Unknown,"(51.539208, -0.143034)",http://opendatacommunities.org/id/london-borough-council/camden,8326,21/12/2020 02:48:42 PM
1180086370,CAMDEN,1 Driver/Rider,1 Male,25-59,27,1,3 Slight,-2 Unknown,-2 N/A,4 Car,CANTELOWES ROAD J/W SOUTH VILLAS NW1,2,28/01/2018 09:30:00 PM,Sunday,21.30,3 Bor,Unclassified,0,6 Single Cwy,2 30 MPH,6 Crossroads,4 Give Way/Uncontrolled,Unclassified,0,0 No Xing Facility In 50m,2 Dark,1 Fine,1 Road-Dry,0 None,0 None,529740,184590,-0.130383,51.545302,,,Unknown,"(51.545302, -0.130383)",http://opendatacommunities.org/id/london-borough-council/camden,7698,21/12/2020 02:48:41 PM
0116EK40335,CAMDEN,2 Passenger,1 Male,25-59,27,1,3 Slight,-2 Unknown,-2 N/A,4 Car,AVENUE RD 32M NORTH WEST OF J/W FINCHLEY RD SLIP RD,2,13/05/2016 11:38:00 PM,Friday,23.38,1 TLRN,A,41,3 Dual Cwy,2 30 MPH,9 Other Jun,2 Auto Sig,A,41,5 Pedn Phase At Ats,2 Dark,1 Fine,1 Road-Dry,0 None,0 None,526660,184310,-0.174876,51.543485,,,Unknown,"(51.543485, -0.174876)",http://opendatacommunities.org/id/london-borough-council/camden,6268,21/12/2020 02:48:38 PM
1170031156,CAMDEN,2 Passenger,2 Female,25-59,28,1,3 Slight,-2 Unknown,-2 N/A,4 Car,PRINCE ALBERT ROAD 150M W OF J/W ORMONDE TERRACE,3,09/04/2017 05:16:00 PM,Sunday,17.16,3 Bor,A,5205,3 Dual Cwy,2 30 MPH,0 No Jun In 20m,-2 Not Applicable,-2 Not Applicable,0,0 No Xing Facility In 50m,1 Daylight,1 Fine,1 Road-Dry,0 None,0 None,527870,183580,-0.157702,51.536652,,,Unknown,"(51.536652, -0.157702)",http://opendatacommunities.org/id/london-borough-council/camden,6868,21/12/2020 02:48:39 PM
0116EK40288,CAMDEN,1 Driver/Rider,1 Male,16-24,24,1,2 Serious,-2 Unknown,-2 N/A,2 Pedal Cycle,HIGHGATE ROAD J/W LADY SOMERSET ROAD,2,27/04/2016 08:20:00 PM,Wednesday,20.20,3 Bor,B,518,6 Single Cwy,2 30 MPH,3 T/Stag Jun,4 Give Way/Uncontrolled,Unclassified,0,0 No Xing Facility In 50m,2 Dark,1 Fine,1 Road-Dry,0 None,0 None,528740,185550,-0.144445,51.554158,,,Unknown,"(51.554158, -0.144445)",http://opendatacommunities.org/id/london-borough-council/camden,6224,21/12/2020 02:48:38 PM
0115EK40121,CAMDEN,1 Driver/Rider,2 Female,25-59,54,1,3 Slight,-2 Unknown,-2 N/A,2 Pedal Cycle,ROYAL COLLEGE STREET J/W PLENDER STREET,2,16/02/2015 04:47:00 PM,Monday,16.47,3 Bor,A,5202,6 Single Cwy,2 30 MPH,3 T/Stag Jun,4 Give Way/Uncontrolled,Unclassified,0,1 Zebra,1 Daylight,2 Raining,2 Road-Wet,0 None,0 None,529450,183700,-0.13489,51.53737,,,Unknown,"(51.53737, -0.13489)",http://opendatacommunities.org/id/london-borough-council/camden,4675,21/12/2020 02:48:36 PM
0115EK41087,CAMDEN,1 Driver/Rider,1 Male,25-59,37,1,3 Slight,-2 Unknown,-2 N/A,3 Powered 2 Wheeler,"NFL - SOUTHAMPTON ROW, 50 METRES SE OF RUSSELL SQUARE.",2,04/12/2015 10:30:00 PM,Friday,22.30,3 Bor,A,4200,6 Single Cwy,2 30 MPH,0 No Jun In 20m,-2 Not Applicable,-2 Not Applicable,0,1 Zebra,2 Dark,1 Fine,1 Road-Dry,0 None,0 None,530280,181910,-0.123591,51.521093,,,Unknown,"(51.521093, -0.123591)",http://opendatacommunities.org/id/london-borough-council/camden,5492,21/12/2020 02:48:37 PM
0115EK40273,CAMDEN,3 Pedestrian,2 Female,25-59,39,1,2 Serious,10 Unknown,9 Unknown Or Other,1 Pedestrian,NFL- BATTLE BRIDGE ROAD J/W GOODS WAY,1,18/03/2015 02:50:00 PM,Wednesday,14.50,3 Bor,C,0,6 Single Cwy,2 30 MPH,7 Multi Jun,2 Auto Sig,C,0,5 Pedn Phase At Ats,1 Daylight,1 Fine,1 Road-Dry,0 None,0 None,530020,183210,-0.126857,51.532836,,,Unknown,"(51.532836, -0.126857)",http://opendatacommunities.org/id/london-borough-council/camden,4799,21/12/2020 02:48:36 PM
1180139278,CAMDEN,2 Passenger,2 Female,25-59,33,1,3 Slight,-2 Unknown,-2 N/A,6 Bus Or Coach,GOWER STREET J/W UNIVERSITY STREET,2,16/10/2018 05:55:00 AM,Tuesday,5.55,3 Bor,A,400,2 One-Way St,1 <= 20 MPH,3 T/Stag Jun,4 Give Way/Uncontrolled,C,0,1 Zebra,2 Dark,1 Fine,2 Road-Wet,0 None,0 None,529520,182220,-0.134425,51.524054,,,Unknown,"(51.524054, -0.134425)",http://opendatacommunities.org/id/london-borough-council/camden,8437,21/12/2020 02:48:43 PM
1180150388,CAMDEN,1 Driver/Rider,1 Male,25-59,31,1,3 Slight,-2 Unknown,-2 N/A,3 Powered 2 Wheeler,PANCRAS ROAD J/W MIDLAND ROAD,2,06/12/2018 07:00:00 PM,Thursday,19.00,3 Bor,A,5202,6 Single Cwy,1 <= 20 MPH,3 T/Stag Jun,1 Auth Person,Unclassified,0,1 Zebra,2 Dark,1 Fine,2 Road-Wet,0 None,0 None,529880,183270,-0.128852,51.533407,,,Unknown,"(51.533407, -0.128852)",http://opendatacommunities.org/id/london-borough-council/camden,8589,21/12/2020 02:48:43 PM
1180087991,CAMDEN,3 Pedestrian,2 Female,60+,73,1,3 Slight,05 Crossing Road (Not On Xing),1 From Drivers N/Side,1 Pedestrian,NFL FORTESS ROAD 40M N OF J/W LADY SOMERSET ROAD,1,04/02/2018 06:28:00 PM,Sunday,18.28,3 Bor,A,400,6 Single Cwy,1 <= 20 MPH,0 No Jun In 20m,-2 Not Applicable,-2 Not Applicable,0,0 No Xing Facility In 50m,2 Dark,1 Fine,1 Road-Dry,0 None,0 None,529070,185710,-0.139629,51.555521,,,Unknown,"(51.555521, -0.139629)",http://opendatacommunities.org/id/london-borough-council/camden,7724,21/12/2020 02:48:41 PM
1190166411,CAMDEN,1 DRIVER/RIDER,1 MALE,25-59,49,2,2 SERIOUS,'-2 NOT APPLICABLE,'-2 NOT APPLICABLE,4 CAR,"On Crowndale Road, near the junction with camden road.",2,02/03/2019 06:15:00 AM,Saturday,6.15,1 TLRN,A,400,6 SINGLE CWY,20,06 CROSSROADS,2 AUTO SIG,B,512,4 PELICAN OR SIMILAR,1 DARK,1 FINE,2 ROAD-WET,0 NONE,0 NONE,529416,183467,-0.135465,51.535284,,,Unknown,"(51.535284, -0.135465)",http://opendatacommunities.org/id/london-borough-council/camden,8813,21/12/2020 02:48:43 PM
0115EK40335,CAMDEN,1 Driver/Rider,1 Male,25-59,27,1,2 Serious,-2 Unknown,-2 N/A,3 Powered 2 Wheeler,CAMDEN ROAD J/W SANDALL ROAD,2,01/05/2015 12:05:00 AM,Friday,0.05,1 TLRN,A,503,6 Single Cwy,2 30 MPH,3 T/Stag Jun,4 Give Way/Uncontrolled,Unclassified,0,4 Pelican Or Similar,2 Dark,1 Fine,1 Road-Dry,0 None,0 None,529500,184610,-0.133835,51.545537,,,Unknown,"(51.545537, -0.133835)",http://opendatacommunities.org/id/london-borough-council/camden,4846,21/12/2020 02:48:36 PM
1170052012,CAMDEN,1 Driver/Rider,2 Female,25-59,42,1,3 Slight,-2 Unknown,-2 N/A,4 Car,HEATH STREET J/W EAST HEATH ROAD,2,03/08/2017 04:40:00 PM,Thursday,16.40,3 Bor,A,502,6 Single Cwy,2 30 MPH,6 Crossroads,2 Auto Sig,C,0,0 No Xing Facility In 50m,1 Daylight,1 Fine,1 Road-Dry,0 None,0 None,526310,186240,-0.179228,51.560908,,,Unknown,"(51.560908, -0.179228)",http://opendatacommunities.org/id/london-borough-council/camden,7219,21/12/2020 02:48:40 PM
0115EK41045,CAMDEN,3 Pedestrian,2 Female,25-59,33,1,3 Slight,05 Crossing Road (Not On Xing),1 From Drivers N/Side,1 Pedestrian,CHENIES STREET J/W RIDGMOUNT STREET.,1,19/11/2015 04:45:00 PM,Thursday,16.45,3 Bor,B,506,6 Single Cwy,2 30 MPH,6 Crossroads,4 Give Way/Uncontrolled,Unclassified,0,0 No Xing Facility In 50m,2 Dark,2 Raining,2 Road-Wet,0 None,0 None,529680,181900,-0.132238,51.521141,,,Unknown,"(51.521141, -0.132238)",http://opendatacommunities.org/id/london-borough-council/camden,5461,21/12/2020 02:48:37 PM
0115EK41035,CAMDEN,2 Passenger,1 Male,60+,80,1,3 Slight,-2 Unknown,-2 N/A,6 Bus Or Coach,"HAMPSTEAD ROAD, 70 METRES SOUTH OF HAMPSTEAD ROAD.",1,22/11/2015 03:50:00 PM,Sunday,15.50,1 TLRN,A,400,6 Single Cwy,2 30 MPH,0 No Jun In 20m,-2 Not Applicable,-2 Not Applicable,0,0 No Xing Facility In 50m,1 Daylight,1 Fine,1 Road-Dry,0 None,0 None,529210,182930,-0.138631,51.530505,,,Unknown,"(51.530505, -0.138631)",http://opendatacommunities.org/id/london-borough-council/camden,5453,21/12/2020 02:48:37 PM
1180100983,CAMDEN,1 Driver/Rider,1 Male,16-24,23,1,3 Slight,-2 Unknown,-2 N/A,4 Car,MALDEN ROAD J/W MALDEN CRESCENT,1,10/04/2018 09:30:00 AM,Tuesday,9.30,3 Bor,B,517,6 Single Cwy,1 <= 20 MPH,6 Crossroads,9 Unknown (S/R),B,517,5 Pedn Phase At Ats,1 Daylight,1 Fine,1 Road-Dry,0 None,0 None,528330,184620,-0.150694,51.545894,,,Unknown,"(51.545894, -0.150694)",http://opendatacommunities.org/id/london-borough-council/camden,7877,21/12/2020 02:48:41 PM
1190158458,CAMDEN,1 DRIVER/RIDER,2 FEMALE,25-59,57,1,3 SLIGHT,'-2 NOT APPLICABLE,'-2 NOT APPLICABLE,4 CAR,"On Leybourne Street, 25 metres north of the junction with Castlehaven Street.",2,20/01/2019 09:00:00 AM,Sunday,9.00,3 BOR,6,0,6 SINGLE CWY,20,00 NO JUN IN 20M,,0,0,1 ZEBRA,2 DAYLIGHT,1 FINE,1 ROAD-DRY,0 NONE,0 NONE,528678,184225,-0.145823,51.542265,,,Unknown,"(51.542265, -0.145823)",http://opendatacommunities.org/id/london-borough-council/camden,8707,21/12/2020 02:48:43 PM
0115EK41043,CAMDEN,1 Driver/Rider,1 Male,25-59,42,1,3 Slight,-2 Unknown,-2 N/A,2 Pedal Cycle,EUSTON ROAD J/W NORTH GOWER STREET,2,24/11/2015 07:48:00 AM,Tuesday,7.48,1 TLRN,A,501,3 Dual Cwy,3 40 MPH,3 T/Stag Jun,2 Auto Sig,B,522,5 Pedn Phase At Ats,1 Daylight,2 Raining,2 Road-Wet,0 None,0 None,529380,182400,-0.136376,51.525703,,,Unknown,"(51.525703, -0.136376)",http://opendatacommunities.org/id/london-borough-council/camden,5460,21/12/2020 02:48:37 PM
1180139769,CAMDEN,1 Driver/Rider,1 Male,25-59,29,1,3 Slight,-2 Unknown,-2 N/A,2 Pedal Cycle,REGENT'S PARK ROAD J/W REGAL LANE,2,18/10/2018 05:40:00 AM,Thursday,5.40,3 Bor,C,0,6 Single Cwy,1 <= 20 MPH,3 T/Stag Jun,4 Give Way/Uncontrolled,Unclassified,0,0 No Xing Facility In 50m,2 Dark,1 Fine,1 Road-Dry,0 None,0 None,528440,183730,-0.149433,51.53787,,,Unknown,"(51.53787, -0.149433)",http://opendatacommunities.org/id/london-borough-council/camden,8441,21/12/2020 02:48:43 PM
1160008083,CAMDEN,2 Passenger,1 Male,16-24,20,1,3 Slight,-2 Unknown,-2 N/A,4 Car,GOODGE STREET J/W CHARLOTTE STREET,1,21/12/2016 03:05:00 AM,Wednesday,3.05,3 Bor,B,506,2 One-Way St,1 <= 20 MPH,6 Crossroads,2 Auto Sig,Unclassified,0,5 Pedn Phase At Ats,2 Dark,8 Other,2 Road-Wet,0 None,0 None,529440,181690,-0.135772,51.519309,,,Unknown,"(51.519309, -0.135772)",http://opendatacommunities.org/id/london-borough-council/camden,5790,21/12/2020 02:48:37 PM
0116EK40034,CAMDEN,1 Driver/Rider,1 Male,25-59,32,1,3 Slight,-2 Unknown,-2 N/A,2 Pedal Cycle,TAVISTOCK PLACE J/W HERBRAND STREET,2,28/01/2016 04:30:00 PM,Thursday,16.30,3 Bor,C,0,6 Single Cwy,2 30 MPH,3 T/Stag Jun,4 Give Way/Uncontrolled,Unclassified,0,0 No Xing Facility In 50m,1 Daylight,1 Fine,1 Road-Dry,0 None,0 None,530050,182360,-0.126738,51.52519,,,Unknown,"(51.52519, -0.126738)",http://opendatacommunities.org/id/london-borough-council/camden,6010,21/12/2020 02:48:38 PM
1170070839,CAMDEN,1 Driver/Rider,1 Male,16-24,24,1,3 Slight,-2 Unknown,-2 N/A,2 Pedal Cycle,HIGH HOLBORN 30M W OF J/W SMARTS PLACE,2,17/11/2017 01:52:00 PM,Friday,13.52,3 Bor,A,40,2 One-Way St,2 30 MPH,0 No Jun In 20m,-2 Not Applicable,-2 Not Applicable,0,5 Pedn Phase At Ats,1 Daylight,1 Fine,1 Road-Dry,0 None,0 None,530280,181410,-0.123776,51.5166,,,Unknown,"(51.5166, -0.123776)",http://opendatacommunities.org/id/london-borough-council/camden,7519,21/12/2020 02:48:41 PM
1180152062,CAMDEN,1 Driver/Rider,1 Male,16-24,19,1,3 Slight,-2 Unknown,-2 N/A,2 Pedal Cycle,YORK WAY N1 50M N OF J/W PENTONVILLE ROAD N1,2,14/12/2018 11:25:00 AM,Friday,11.25,3 Bor,A,5200,2 One-Way St,1 <= 20 MPH,0 No Jun In 20m,-2 Not Applicable,-2 Not Applicable,0,0 No Xing Facility In 50m,1 Daylight,1 Fine,1 Road-Dry,0 None,0 None,530340,183030,-0.122312,51.531145,,,Unknown,"(51.531145, -0.122312)",http://opendatacommunities.org/id/london-borough-council/camden,8609,21/12/2020 02:48:43 PM
1180095861,CAMDEN,1 Driver/Rider,1 Male,16-24,19,1,3 Slight,-2 Unknown,-2 N/A,2 Pedal Cycle,NFL HENDON WAY 20M W OF J/W FINCHLEY ROAD,2,08/03/2018 08:40:00 AM,Thursday,8.40,1 TLRN,A,41,3 Dual Cwy,3 40 MPH,3 T/Stag Jun,2 Auto Sig,A,598,1 Zebra,1 Daylight,2 Raining,2 Road-Wet,3 Road Sign Def,0 None,525037,186042,-0.197654,51.559412,,,Unknown,"(51.559412, -0.197654)",http://opendatacommunities.org/id/london-borough-council/camden,7811,21/12/2020 02:48:41 PM
1190204317,CAMDEN,1 DRIVER/RIDER,1 MALE,60+,63,1,3 SLIGHT,'-2 NOT APPLICABLE,'-2 NOT APPLICABLE,3 POWERED 2 WHEELER,"On Finchley Road, near the junction with Burrard Road.",2,09/09/2019 06:22:00 PM,Monday,18.22,1 TLRN,A,41,3 DUAL CWY,30,03 T/STAG JUN,4 GIVE WAY/UNCONTROLLED,6,0,0 NO XING FACILITY IN 50M,2 DAYLIGHT,1 FINE,1 ROAD-DRY,0 NONE,0 NONE,525330,185632,-0.193575,51.555662,,,Unknown,"(51.555662, -0.193575)",http://opendatacommunities.org/id/london-borough-council/camden,9352,21/12/2020 02:48:44 PM
1170072846,CAMDEN,2 Passenger,2 Female,25-59,47,1,3 Slight,-2 Unknown,-2 N/A,6 Bus Or Coach,HAWLEY CRESCENT J/W KENTISH TOWN ROAD,1,26/11/2017 03:21:00 AM,Sunday,3.21,3 Bor,Unclassified,0,3 Dual Cwy,1 <= 20 MPH,6 Crossroads,2 Auto Sig,A,400,5 Pedn Phase At Ats,2 Dark,1 Fine,1 Road-Dry,0 None,0 None,528930,184090,-0.14224,51.540994,,,Unknown,"(51.540994, -0.14224)",http://opendatacommunities.org/id/london-borough-council/camden,7548,21/12/2020 02:48:41 PM
1180128674,CAMDEN,1 Driver/Rider,1 Male,25-59,26,1,3 Slight,-2 Unknown,-2 N/A,2 Pedal Cycle,HIGHGATE ROAD J/W FORTESS WALK,2,23/08/2018 07:45:00 PM,Thursday,19.45,3 Bor,B,518,6 Single Cwy,2 30 MPH,3 T/Stag Jun,2 Auto Sig,Unclassified,0,5 Pedn Phase At Ats,1 Daylight,1 Fine,1 Road-Dry,0 None,0 None,528934,185345,-0.141723,51.552272,,,Unknown,"(51.552272, -0.141723)",http://opendatacommunities.org/id/london-borough-council/camden,8272,21/12/2020 02:48:42 PM
1190159644,CAMDEN,3 PEDESTRIAN,1 MALE,0-15,13,1,3 SLIGHT,05 CROSSING ROAD (NOT ON XING),1 FROM DRIVERS N/SIDE,1 PEDESTRIAN,"On Kentish Town Road, 15 metres south of the junction with Anglers lane.",1,25/01/2019 05:45:00 PM,Friday,17.45,3 BOR,A,400,6 SINGLE CWY,20,03 T/STAG JUN,4 GIVE WAY/UNCONTROLLED,6,0,5 PEDN PHASE AT ATS,1 DARK,1 FINE,2 ROAD-WET,0 NONE,0 NONE,528966,184829,-0.141451,51.547627,,,Unknown,"(51.547627, -0.141451)",http://opendatacommunities.org/id/london-borough-council/camden,8727,21/12/2020 02:48:43 PM
0115EK40562,CAMDEN,1 Driver/Rider,1 Male,16-24,19,1,3 Slight,-2 Unknown,-2 N/A,3 Powered 2 Wheeler,WEST END LANE J/W BROADHURST GARDENS.,2,09/07/2015 12:30:00 PM,Thursday,12.30,3 Bor,B,510,6 Single Cwy,2 30 MPH,3 T/Stag Jun,4 Give Way/Uncontrolled,C,0,4 Pelican Or Similar,1 Daylight,1 Fine,1 Road-Dry,0 None,0 None,525520,184600,-0.191204,51.546345,,,Unknown,"(51.546345, -0.191204)",http://opendatacommunities.org/id/london-borough-council/camden,5049,21/12/2020 02:48:36 PM
1170011583,CAMDEN,3 Pedestrian,1 Male,25-59,26,1,2 Serious,05 Crossing Road (Not On Xing),3 From Drivers O/Side,1 Pedestrian,CUBITT STREET J/W PAKENHAM STREET,1,13/01/2017 11:08:00 PM,Friday,23.08,3 Bor,Unclassified,0,6 Single Cwy,1 <= 20 MPH,3 T/Stag Jun,4 Give Way/Uncontrolled,Unclassified,0,0 No Xing Facility In 50m,2 Dark,1 Fine,1 Road-Dry,0 None,0 None,530850,182550,-0.115142,51.526713,,,Unknown,"(51.526713, -0.115142)",http://opendatacommunities.org/id/london-borough-council/camden,6583,21/12/2020 02:48:39 PM
1190169191,CAMDEN,1 DRIVER/RIDER,2 FEMALE,25-59,29,1,3 SLIGHT,'-2 NOT APPLICABLE,'-2 NOT APPLICABLE,2 PEDAL CYCLE,"On Baynes Street, near the junction with ROYAL COLLEGE STREET .",2,15/03/2019 07:50:00 AM,Friday,7.50,3 BOR,A,5202,2 ONE-WAY ST,20,03 T/STAG JUN,4 GIVE WAY/UNCONTROLLED,6,0,1 ZEBRA,2 DAYLIGHT,4 FINE/HIGH WINDS,2 ROAD-WET,1 TRAF SIG OUT,0 NONE,529263,184078,-0.137446,51.54081,,,Unknown,"(51.54081, -0.137446)",http://opendatacommunities.org/id/london-borough-council/camden,8846,21/12/2020 02:48:43 PM