Reference,London Borough Name,Casualty Class,Casualty Sex,Casualty Age Band,Casualty Age,Number Of Casualties,Casualty Severity,Pedestrian Location,Pedestrian Movement,Mode Of Travel,Attendant Location,Number Of Vehicles,Date,Day,Time,Highway,Road Class 1,Road Number 1,Road Type,Speed Limit,Junction Detail,Junction Control,Road Class 2,Road Number 2,Pedestrian Crossing,Light Condition Band,Weather,Road Surface,Special Conditions,Carriage Way Hazard,Easting,Northing,Longitude,Latitude,Ward Code,Ward Name,Spatial Accuracy,Location,Organisation URI,Socrata ID,Last Uploaded
0115EK41056,CAMDEN,3 Pedestrian,1 Male,25-59,53,1,3 Slight,01 Crossing Road On Ped Xing,1 From Drivers N/Side,1 Pedestrian,CAMDEN PARK ROAD J/W CLIFF VILLAS.,1,27/11/2015 07:05:00 PM,Friday,19.05,3 Bor,A,5200,2 One-Way St,2 30 MPH,3 T/Stag Jun,4 Give Way/Uncontrolled,Unclassified,0,1 Zebra,2 Dark,2 Raining,2 Road-Wet,0 None,0 None,529930,184690,-0.127607,51.546157,,,Unknown,"(51.546157, -0.127607)",http://opendatacommunities.org/id/london-borough-council/camden,5471,21/12/2020 02:48:37 PM
1170019128,CAMDEN,1 Driver/Rider,2 Female,25-59,37,1,3 Slight,-2 Unknown,-2 N/A,2 Pedal Cycle,TOTTENHAM COURT ROAD J/W GOODGE STREET,2,15/02/2017 08:14:00 AM,Wednesday,8.14,3 Bor,A,400,2 One-Way St,2 30 MPH,3 T/Stag Jun,2 Auto Sig,B,506,5 Pedn Phase At Ats,1 Daylight,9 Unknown,1 Road-Dry,0 None,0 None,529560,181780,-0.134011,51.52009,,,Unknown,"(51.52009, -0.134011)",http://opendatacommunities.org/id/london-borough-council/camden,6684,21/12/2020 02:48:39 PM
0115EK40617,CAMDEN,1 Driver/Rider,2 Female,60+,72,1,3 Slight,-2 Unknown,-2 N/A,4 Car,ETON ROAD J/W ETON VILLAS,2,07/07/2015 05:30:00 PM,Tuesday,17.30,3 Bor,Unclassified,0,6 Single Cwy,2 30 MPH,6 Crossroads,4 Give Way/Uncontrolled,Unclassified,0,0 No Xing Facility In 50m,1 Daylight,1 Fine,1 Road-Dry,0 None,0 None,527830,184540,-0.15793,51.545288,,,Unknown,"(51.545288, -0.15793)",http://opendatacommunities.org/id/london-borough-council/camden,5098,21/12/2020 02:48:36 PM
1180143477,CAMDEN,1 Driver/Rider,1 Male,25-59,52,1,3 Slight,-2 Unknown,-2 N/A,2 Pedal Cycle,KENTISH TOWN ROAD J/W ISLIP STREET,2,05/11/2018 12:20:00 PM,Monday,12.20,3 Bor,A,400,6 Single Cwy,1 <= 20 MPH,9 Other Jun,3 Stop Sign,Unclassified,0,5 Pedn Phase At Ats,1 Daylight,1 Fine,1 Road-Dry,0 None,0 None,529020,185030,-0.140599,51.549421,,,Unknown,"(51.549421, -0.140599)",http://opendatacommunities.org/id/london-borough-council/camden,8494,21/12/2020 02:48:43 PM
1190183438,CAMDEN,1 DRIVER/RIDER,1 MALE,25-59,27,1,3 SLIGHT,'-2 NOT APPLICABLE,'-2 NOT APPLICABLE,4 CAR,"On YORK WAY, 33 metres north of the junction with CANAL REACH.",2,27/05/2019 10:35:00 AM,Monday,10.35,3 BOR,A,5200,3 DUAL CWY,20,00 NO JUN IN 20M,,0,0,1 ZEBRA,2 DAYLIGHT,1 FINE,1 ROAD-DRY,0 NONE,0 NONE,530161,184006,-0.124531,51.539957,,,Unknown,"(51.539957, -0.124531)",http://opendatacommunities.org/id/london-borough-council/camden,9046,21/12/2020 02:48:44 PM
1170059062,CAMDEN,1 Driver/Rider,1 Male,16-24,20,1,3 Slight,-2 Unknown,-2 N/A,3 Powered 2 Wheeler,ETON ROAD NW3 J/W PROVOST ROAD NW3,2,14/09/2017 09:30:00 PM,Thursday,21.30,3 Bor,Unclassified,0,6 Single Cwy,1 <= 20 MPH,3 T/Stag Jun,4 Give Way/Uncontrolled,Unclassified,0,0 No Xing Facility In 50m,2 Dark,1 Fine,2 Road-Wet,0 None,0 None,527760,184460,-0.158968,51.544585,,,Unknown,"(51.544585, -0.158968)",http://opendatacommunities.org/id/london-borough-council/camden,7321,21/12/2020 02:48:40 PM
1170040680,CAMDEN,1 Driver/Rider,2 Female,25-59,35,1,3 Slight,-2 Unknown,-2 N/A,4 Car,SHAFTESBURY AVENUE 25M W OF J/W EARLHAM STREET,1,20/05/2017 03:45:00 AM,Saturday,3.45,3 Bor,A,401,6 Single Cwy,2 30 MPH,0 No Jun In 20m,-2 Not Applicable,-2 Not Applicable,0,0 No Xing Facility In 50m,2 Dark,9 Unknown,1 Road-Dry,0 None,0 None,529970,181100,-0.128355,51.513885,,,Unknown,"(51.513885, -0.128355)",http://opendatacommunities.org/id/london-borough-council/camden,7010,21/12/2020 02:48:39 PM
0116EK40133,CAMDEN,1 Driver/Rider,1 Male,25-59,48,1,3 Slight,-2 Unknown,-2 N/A,4 Car,FITZJOHN'S AVENUE J/W PRINCE ARTHUR RD,2,08/03/2016 10:30:00 PM,Tuesday,22.30,3 Bor,B,511,6 Single Cwy,2 30 MPH,6 Crossroads,4 Give Way/Uncontrolled,Unclassified,0,0 No Xing Facility In 50m,2 Dark,2 Raining,2 Road-Wet,0 None,0 None,526450,185510,-0.177472,51.554316,,,Unknown,"(51.554316, -0.177472)",http://opendatacommunities.org/id/london-borough-council/camden,6091,21/12/2020 02:48:38 PM
0116EK40250,CAMDEN,1 Driver/Rider,1 Male,Unknown,0,1,3 Slight,-2 Unknown,-2 N/A,3 Powered 2 Wheeler,SHAFTESBURY AVENUE J/W MONMOUTH STREET,2,02/01/2016 08:20:00 PM,Saturday,20.20,3 Bor,A,401,6 Single Cwy,2 30 MPH,3 T/Stag Jun,4 Give Way/Uncontrolled,B,404,1 Zebra,2 Dark,1 Fine,2 Road-Wet,0 None,0 None,530060,181240,-0.127007,51.515123,,,Unknown,"(51.515123, -0.127007)",http://opendatacommunities.org/id/london-borough-council/camden,6188,21/12/2020 02:48:38 PM
1170013463,CAMDEN,2 Passenger,1 Male,25-59,27,1,3 Slight,-2 Unknown,-2 N/A,5 Taxi,EUSTON ROAD 30M S OF J/W PANCRAS ROAD THE NEAREST CLASSIFIED ROAD,1,22/01/2017 01:52:00 AM,Sunday,1.52,1 TLRN,A,501,3 Dual Cwy,1 <= 20 MPH,0 No Jun In 20m,-2 Not Applicable,-2 Not Applicable,0,0 No Xing Facility In 50m,2 Dark,1 Fine,1 Road-Dry,0 None,0 None,530185,182858,-0.124609,51.529634,,,Unknown,"(51.529634, -0.124609)",http://opendatacommunities.org/id/london-borough-council/camden,6606,21/12/2020 02:48:39 PM
1180148568,CAMDEN,1 Driver/Rider,1 Male,16-24,20,1,2 Serious,-2 Unknown,-2 N/A,2 Pedal Cycle,CAMDEN HIGH STREET 40M S OF J/W PLATT STREET,2,28/11/2018 10:53:00 AM,Wednesday,10.53,1 TLRN,A,502,2 One-Way St,2 30 MPH,0 No Jun In 20m,-2 Not Applicable,-2 Not Applicable,0,9 Unknown (S/R),1 Daylight,1 Fine,1 Road-Dry,0 None,0 None,529040,183631,-0.140823,51.536844,,,Unknown,"(51.536844, -0.140823)",http://opendatacommunities.org/id/london-borough-council/camden,8570,21/12/2020 02:48:43 PM
1160012446,CAMDEN,1 Driver/Rider,1 Male,25-59,37,1,3 Slight,-2 Unknown,-2 N/A,3 Powered 2 Wheeler,"ON FINCHLEY ROAD , NEAR THE JUNCTION WITH FROGNAL LANE .",2,23/09/2016 10:50:00 PM,Friday,22.50,1 TLRN,A,41,3 Dual Cwy,2 30 MPH,6 Crossroads,2 Auto Sig,C,0,5 Pedn Phase At Ats,2 Dark,1 Fine,1 Road-Dry,0 None,0 None,525670,185330,-0.188781,51.552872,,,Unknown,"(51.552872, -0.188781)",http://opendatacommunities.org/id/london-borough-council/camden,5834,21/12/2020 02:48:38 PM
1190212027,CAMDEN,1 DRIVER/RIDER,1 MALE,25-59,57,1,3 SLIGHT,'-2 NOT APPLICABLE,'-2 NOT APPLICABLE,4 CAR,"On High Holborn, near the junction with Procter Street London W1.",2,08/10/2019 12:26:00 PM,Tuesday,12.26,3 BOR,A,40,9 UNKNOWN,20,03 T/STAG JUN,9 UNKNOWN (S/R),A,40,9 UNKNOWN (S/R),1 DARK,9 UNKNOWN,9 UNKNOWN (S/R),9 UNKNOWN (S/R),9 UNKNOWN (S/R),530613,181551,-0.118927,51.51779,,,Unknown,"(51.51779, -0.118927)",http://opendatacommunities.org/id/london-borough-council/camden,9443,21/12/2020 02:48:44 PM
1190201862,CAMDEN,3 PEDESTRIAN,1 MALE,25-59,41,1,3 SLIGHT,08 IN CENTRE OF CARRIAGEWAY,'-2 NOT APPLICABLE,1 PEDESTRIAN,Location uncertain Boundary Road jw Abbey Rd,1,27/08/2019 08:00:00 PM,Tuesday,20.00,3 BOR,B,507,3 DUAL CWY,20,03 T/STAG JUN,2 AUTO SIG,B,507,8 CENTRAL REFUGE,1 DARK,1 FINE,1 ROAD-DRY,0 NONE,0 NONE,525998,183655,-0.184652,51.537746,,,Unknown,"(51.537746, -0.184652)",http://opendatacommunities.org/id/london-borough-council/camden,9306,21/12/2020 02:48:44 PM
1180124620,CAMDEN,2 Passenger,2 Female,Unknown,0,1,3 Slight,-2 Unknown,-2 N/A,4 Car,ADELAIDE ROAD 20M E OF J/W LOWER MERTON ROAD,2,01/08/2018 09:18:00 PM,Wednesday,21.18,3 Bor,B,509,6 Single Cwy,2 30 MPH,3 T/Stag Jun,2 Auto Sig,Unclassified,0,5 Pedn Phase At Ats,1 Daylight,8 Other,1 Road-Dry,0 None,0 None,527240,184280,-0.166528,51.543085,,,Unknown,"(51.543085, -0.166528)",http://opendatacommunities.org/id/london-borough-council/camden,8215,21/12/2020 02:48:42 PM
0115CW11685,CAMDEN,1 Driver/Rider,1 Male,25-59,53,1,3 Slight,-2 Unknown,-2 N/A,5 Taxi,AVENUE ROAD J/W ACACIA ROAD,2,11/11/2015 05:20:00 PM,Wednesday,17.20,3 Bor,B,525,6 Single Cwy,2 30 MPH,3 T/Stag Jun,4 Give Way/Uncontrolled,C,0,1 Zebra,2 Dark,1 Fine,1 Road-Dry,4 Roadworks,0 None,527140,183700,-0.168179,51.537895,,,Unknown,"(51.537895, -0.168179)",http://opendatacommunities.org/id/london-borough-council/camden,4580,21/12/2020 02:48:35 PM
0115EK40987,CAMDEN,3 Pedestrian,2 Female,16-24,18,1,3 Slight,01 Crossing Road On Ped Xing,1 From Drivers N/Side,1 Pedestrian,AVENUE ROAD J/W ST EDMUND'S TERRACE.,1,05/11/2015 05:21:00 PM,Thursday,17.21,3 Bor,B,525,6 Single Cwy,2 30 MPH,6 Crossroads,4 Give Way/Uncontrolled,B,525,1 Zebra,2 Dark,2 Raining,2 Road-Wet,0 None,0 None,527360,183480,-0.165088,51.535868,,,Unknown,"(51.535868, -0.165088)",http://opendatacommunities.org/id/london-borough-council/camden,5416,21/12/2020 02:48:37 PM
1190224475,CAMDEN,3 PEDESTRIAN,1 MALE,U,,1,3 SLIGHT,10 UNKNOWN OR OTHER,'-2 NOT APPLICABLE,1 PEDESTRIAN,"On Gower Street, near the junction with Grafton Way .",1,03/11/2019 01:30:00 PM,Sunday,13.30,3 BOR,A,400,2 ONE-WAY ST,30,09 OTHER JUN,2 AUTO SIG,5,0,1 ZEBRA,2 DAYLIGHT,1 FINE,1 ROAD-DRY,0 NONE,0 NONE,529486,182277,-0.134894,51.524574,,,Unknown,"(51.524574, -0.134894)",http://opendatacommunities.org/id/london-borough-council/camden,9611,21/12/2020 02:48:45 PM
1170032234,CAMDEN,2 Passenger,2 Female,60+,77,1,3 Slight,-2 Unknown,-2 N/A,6 Bus Or Coach,BLACKBURN ROAD 70M S OF J/W FINCHLEY ROAD THE NEAREST CLASSIFIED R,1,15/04/2017 03:17:00 PM,Saturday,15.17,3 Bor,Unclassified,0,7 Slip Rd,2 30 MPH,0 No Jun In 20m,-2 Not Applicable,-2 Not Applicable,0,0 No Xing Facility In 50m,1 Daylight,1 Fine,1 Road-Dry,0 None,0 None,526050,184820,-0.183486,51.548204,,,Unknown,"(51.548204, -0.183486)",http://opendatacommunities.org/id/london-borough-council/camden,6883,21/12/2020 02:48:39 PM
1190223280,CAMDEN,1 DRIVER/RIDER,1 MALE,25-59,45,1,3 SLIGHT,'-2 NOT APPLICABLE,'-2 NOT APPLICABLE,2 PEDAL CYCLE,"On Regis Road, near the junction with Kentish Town Road.",2,03/12/2019 06:45:00 PM,Tuesday,18.45,3 BOR,6,0,6 SINGLE CWY,30,05 SLIP ROAD,9 UNKNOWN (S/R),6,0,8 CENTRAL REFUGE,2 DAYLIGHT,1 FINE,1 ROAD-DRY,0 NONE,0 NONE,528893,185078,-0.142412,51.549882,,,Unknown,"(51.549882, -0.142412)",http://opendatacommunities.org/id/london-borough-council/camden,9597,21/12/2020 02:48:45 PM
0115EK40475,CAMDEN,3 Pedestrian,1 Male,0-15,4,1,3 Slight,05 Crossing Road (Not On Xing),3 From Drivers O/Side,1 Pedestrian,CROFTDOWN ROAD 64M SW CHESTER ROAD,1,13/06/2015 03:45:00 PM,Saturday,15.45,3 Bor,Unclassified,0,6 Single Cwy,2 30 MPH,0 No Jun In 20m,-2 Not Applicable,-2 Not Applicable,0,0 No Xing Facility In 50m,1 Daylight,1 Fine,1 Road-Dry,0 None,0 None,528740,186570,-0.144072,51.563325,,,Unknown,"(51.563325, -0.144072)",http://opendatacommunities.org/id/london-borough-council/camden,4966,21/12/2020 02:48:36 PM
0116EK40280,CAMDEN,1 Driver/Rider,2 Female,25-59,57,1,3 Slight,-2 Unknown,-2 N/A,4 Car,EUSTON ROAD J/W MELTON STREET,2,16/04/2016 02:15:00 AM,Saturday,2.15,1 TLRN,A,501,3 Dual Cwy,2 30 MPH,6 Crossroads,2 Auto Sig,C,0,5 Pedn Phase At Ats,2 Dark,1 Fine,1 Road-Dry,0 None,0 None,529570,182480,-0.133609,51.526379,,,Unknown,"(51.526379, -0.133609)",http://opendatacommunities.org/id/london-borough-council/camden,6217,21/12/2020 02:48:38 PM
1170024869,CAMDEN,1 Driver/Rider,1 Male,25-59,27,1,3 Slight,-2 Unknown,-2 N/A,4 Car,FINCHLEY ROAD J/W HENDON WAY,2,13/03/2017 01:10:00 PM,Monday,13.10,1 TLRN,A,598,3 Dual Cwy,2 30 MPH,7 Multi Jun,2 Auto Sig,A,41,0 No Xing Facility In 50m,1 Daylight,1 Fine,1 Road-Dry,0 None,0 None,525080,186050,-0.197031,51.559474,,,Unknown,"(51.559474, -0.197031)",http://opendatacommunities.org/id/london-borough-council/camden,6777,21/12/2020 02:48:39 PM
1180081618,CAMDEN,3 Pedestrian,1 Male,60+,63,1,3 Slight,05 Crossing Road (Not On Xing),4 From Drivers O/Side Msk,1 Pedestrian,"KILBURN HIGH ROAD NEAR THE JUNCTION WITH,PRIORY  PARK ROAD",1,04/01/2018 10:26:00 PM,Thursday,22.26,3 Bor,A,5,6 Single Cwy,2 30 MPH,3 T/Stag Jun,4 Give Way/Uncontrolled,Unclassified,0,0 No Xing Facility In 50m,2 Dark,5 Raining/High Winds,2 Road-Wet,0 None,0 None,525177,183948,-0.196379,51.540562,,,Unknown,"(51.540562, -0.196379)",http://opendatacommunities.org/id/london-borough-council/camden,7650,21/12/2020 02:48:41 PM
1180108265,CAMDEN,1 Driver/Rider,1 Male,25-59,42,1,2 Serious,-2 Unknown,-2 N/A,2 Pedal Cycle,BELSIZE ROAD J/W PRIORY TERRACE,2,16/05/2018 07:20:00 AM,Wednesday,7.20,3 Bor,B,509,6 Single Cwy,1 <= 20 MPH,3 T/Stag Jun,4 Give Way/Uncontrolled,Unclassified,0,8 Central Refuge,1 Daylight,1 Fine,1 Road-Dry,0 None,0 None,525650,183770,-0.189626,51.538857,,,Unknown,"(51.538857, -0.189626)",http://opendatacommunities.org/id/london-borough-council/camden,7995,21/12/2020 02:48:42 PM
1190208764,CAMDEN,3 PEDESTRIAN,1 MALE,25-59,56,1,3 SLIGHT,01 CROSSING ROAD ON PED XING,3 FROM DRIVERS O/SIDE,1 PEDESTRIAN,"On Remnant Street, near the junction with Kingsway.",1,01/10/2019 11:10:00 AM,Tuesday,11.10,3 BOR,A,4200,6 SINGLE CWY,20,06 CROSSROADS,2 AUTO SIG,A,4200,5 PEDN PHASE AT ATS,2 DAYLIGHT,2 RAINING,2 ROAD-WET,0 NONE,0 NONE,530585,181398,-0.119387,51.516421,,,Unknown,"(51.516421, -0.119387)",http://opendatacommunities.org/id/london-borough-council/camden,9395,21/12/2020 02:48:44 PM
1180105153,CAMDEN,3 Pedestrian,1 Male,25-59,35,1,2 Serious,05 Crossing Road (Not On Xing),2 From Drivers N/Side Msk,1 Pedestrian,RUSSELL SQUARE J/W GUILDFORD STREET,1,01/05/2018 02:43:00 PM,Tuesday,14.43,3 Bor,A,4200,6 Single Cwy,1 <= 20 MPH,9 Other Jun,2 Auto Sig,B,502,4 Pelican Or Similar,1 Daylight,1 Fine,1 Road-Dry,0 None,0 None,530160,182040,-0.125272,51.522289,,,Unknown,"(51.522289, -0.125272)",http://opendatacommunities.org/id/london-borough-council/camden,7944,21/12/2020 02:48:41 PM
0116EK40380,CAMDEN,1 Driver/Rider,1 Male,25-59,32,1,3 Slight,-2 Unknown,-2 N/A,4 Car,ENGLAND'S LANE 21M SOUTH WEST OF J/W CHALCOT GARDENS SLIP RD,2,24/05/2016 07:31:00 AM,Tuesday,7.31,3 Bor,C,0,6 Single Cwy,1 <= 20 MPH,0 No Jun In 20m,-2 Not Applicable,-2 Not Applicable,0,1 Zebra,1 Daylight,1 Fine,1 Road-Dry,0 None,0 None,527520,184590,-0.16238,51.545807,,,Unknown,"(51.545807, -0.16238)",http://opendatacommunities.org/id/london-borough-council/camden,6302,21/12/2020 02:48:38 PM
1180140653,CAMDEN,1 Driver/Rider,1 Male,25-59,37,1,3 Slight,-2 Unknown,-2 N/A,3 Powered 2 Wheeler,ADELAIDE ROAD J/W PRIMROSE HILL ROAD,2,22/10/2018 05:05:00 PM,Monday,17.05,3 Bor,B,509,6 Single Cwy,1 <= 20 MPH,6 Crossroads,2 Auto Sig,C,0,5 Pedn Phase At Ats,1 Daylight,1 Fine,1 Road-Dry,0 None,0 None,527510,184340,-0.162615,51.543563,,,Unknown,"(51.543563, -0.162615)",http://opendatacommunities.org/id/london-borough-council/camden,8456,21/12/2020 02:48:43 PM
1180140798,CAMDEN,1 Driver/Rider,1 Male,60+,81,1,3 Slight,-2 Unknown,-2 N/A,4 Car,ARLINGTON ROAD J/W DELANCEY STREET,3,23/10/2018 11:50:00 AM,Tuesday,11.50,3 Bor,Unclassified,0,2 One-Way St,1 <= 20 MPH,6 Crossroads,4 Give Way/Uncontrolled,A,503,5 Pedn Phase At Ats,1 Daylight,1 Fine,1 Road-Dry,0 None,0 None,528930,183610,-0.142416,51.53668,,,Unknown,"(51.53668, -0.142416)",http://opendatacommunities.org/id/london-borough-council/camden,8460,21/12/2020 02:48:43 PM
1190223086,CAMDEN,3 PEDESTRIAN,2 FEMALE,16-24,19,1,3 SLIGHT,05 CROSSING ROAD (NOT ON XING),'-2 NOT APPLICABLE,1 PEDESTRIAN,"On Lyme Street, near the junction with camden road.",1,05/12/2019 04:30:00 PM,Thursday,16.30,1 TLRN,A,503,3 DUAL CWY,20,03 T/STAG JUN,4 GIVE WAY/UNCONTROLLED,6,0,0 NO XING FACILITY IN 50M,1 DARK,1 FINE,1 ROAD-DRY,0 NONE,0 NONE,529139,184055,-0.139241,51.540632,,,Unknown,"(51.540632, -0.139241)",http://opendatacommunities.org/id/london-borough-council/camden,9592,21/12/2020 02:48:45 PM
0115EK40497,CAMDEN,3 Pedestrian,1 Male,0-15,2,1,3 Slight,01 Crossing Road On Ped Xing,3 From Drivers O/Side,1 Pedestrian,CROWNDALE ROAD J/W ROYAL COLLEGE STREET,1,20/06/2015 03:52:00 PM,Saturday,15.52,3 Bor,B,512,3 Dual Cwy,3 40 MPH,3 T/Stag Jun,2 Auto Sig,A,5202,5 Pedn Phase At Ats,1 Daylight,1 Fine,1 Road-Dry,0 None,0 None,529550,183490,-0.133526,51.53546,,,Unknown,"(51.53546, -0.133526)",http://opendatacommunities.org/id/london-borough-council/camden,4988,21/12/2020 02:48:36 PM
1170057249,CAMDEN,3 Pedestrian,1 Male,25-59,39,1,3 Slight,10 Unknown,9 Unknown Or Other,1 Pedestrian,EUSTON ROAD J/W PANCRAS ROAD,1,05/09/2017 06:20:00 AM,Tuesday,6.20,1 TLRN,A,501,3 Dual Cwy,2 30 MPH,3 T/Stag Jun,2 Auto Sig,A,501,0 No Xing Facility In 50m,1 Daylight,1 Fine,1 Road-Dry,0 None,0 None,530240,182920,-0.123794,51.530179,,,Unknown,"(51.530179, -0.123794)",http://opendatacommunities.org/id/london-borough-council/camden,7291,21/12/2020 02:48:40 PM
1170032460,CAMDEN,2 Passenger,2 Female,Unknown,0,1,3 Slight,-2 Unknown,-2 N/A,4 Car,QUEEN'S CRESCENT J/W MALDEN ROAD,2,14/04/2017 05:15:00 PM,Friday,17.15,3 Bor,Unclassified,0,6 Single Cwy,1 <= 20 MPH,99 Unknown (S/R),9 Unknown (S/R),B,517,0 No Xing Facility In 50m,1 Daylight,1 Fine,1 Road-Dry,0 None,0 None,528140,184970,-0.153305,51.549082,,,Unknown,"(51.549082, -0.153305)",http://opendatacommunities.org/id/london-borough-council/camden,6890,21/12/2020 02:48:39 PM
0115EK41051,CAMDEN,1 Driver/Rider,1 Male,25-59,48,1,3 Slight,-2 Unknown,-2 N/A,2 Pedal Cycle,EUSTON ROAD J/W PANCRAS ROAD.,2,25/11/2015 09:45:00 AM,Wednesday,9.45,1 TLRN,A,501,3 Dual Cwy,1 <= 20 MPH,6 Crossroads,2 Auto Sig,A,5202,5 Pedn Phase At Ats,1 Daylight,1 Fine,2 Road-Wet,0 None,0 None,530250,182910,-0.123653,51.530087,,,Unknown,"(51.530087, -0.123653)",http://opendatacommunities.org/id/london-borough-council/camden,5466,21/12/2020 02:48:37 PM
1180154621,CAMDEN,1 Driver/Rider,1 Male,25-59,27,1,3 Slight,-2 Unknown,-2 N/A,3 Powered 2 Wheeler,CAMDEN ROAD 50M S OF J/W MURRAY STREET,2,27/12/2018 09:55:00 PM,Thursday,21.55,1 TLRN,A,503,6 Single Cwy,1 <= 20 MPH,0 No Jun In 20m,-2 Not Applicable,-2 Not Applicable,0,0 No Xing Facility In 50m,2 Dark,1 Fine,1 Road-Dry,0 None,0 None,529400,184480,-0.135324,51.544391,,,Unknown,"(51.544391, -0.135324)",http://opendatacommunities.org/id/london-borough-council/camden,8645,21/12/2020 02:48:43 PM
0115EK41041,CAMDEN,1 Driver/Rider,1 Male,25-59,40,1,3 Slight,-2 Unknown,-2 N/A,3 Powered 2 Wheeler,UPPER WOBURN PLACE J/W TAVISTOCK SQUARE.,2,24/11/2015 09:20:00 AM,Tuesday,9.20,3 Bor,A,4200,6 Single Cwy,2 30 MPH,3 T/Stag Jun,4 Give Way/Uncontrolled,Unclassified,0,1 Zebra,1 Daylight,1 Fine,1 Road-Dry,0 None,0 None,529880,182420,-0.129165,51.525768,,,Unknown,"(51.525768, -0.129165)",http://opendatacommunities.org/id/london-borough-council/camden,5458,21/12/2020 02:48:37 PM
1180117894,CAMDEN,1 Driver/Rider,1 Male,60+,60,1,3 Slight,-2 Unknown,-2 N/A,5 Taxi,EUSTON ROAD 229M E OF J/W EUSTON SQUARE,3,01/07/2018 02:45:00 AM,Sunday,2.45,1 TLRN,A,501,3 Dual Cwy,2 30 MPH,0 No Jun In 20m,-2 Not Applicable,-2 Not Applicable,0,0 No Xing Facility In 50m,2 Dark,1 Fine,1 Road-Dry,0 None,0 None,529360,182380,-0.136671,51.525528,,,Unknown,"(51.525528, -0.136671)",http://opendatacommunities.org/id/london-borough-council/camden,8134,21/12/2020 02:48:42 PM
1170060718,CAMDEN,3 Pedestrian,2 Female,25-59,42,1,3 Slight,01 Crossing Road On Ped Xing,3 From Drivers O/Side,1 Pedestrian,FINCHLEY ROAD J/W GOLDHURST TERRACE,1,25/09/2017 08:10:00 AM,Monday,8.10,1 TLRN,A,41,3 Dual Cwy,2 30 MPH,9 Other Jun,2 Auto Sig,Unclassified,0,5 Pedn Phase At Ats,1 Daylight,2 Raining,2 Road-Wet,0 None,0 None,526390,184590,-0.178667,51.546061,,,Unknown,"(51.546061, -0.178667)",http://opendatacommunities.org/id/london-borough-council/camden,7341,21/12/2020 02:48:40 PM
0115EK40612,CAMDEN,1 Driver/Rider,1 Male,25-59,46,1,3 Slight,-2 Unknown,-2 N/A,3 Powered 2 Wheeler,HAMPSTEAD ROAD J/W EUSTON ROAD,2,10/07/2015 06:55:00 AM,Friday,6.55,1 TLRN,A,400,3 Dual Cwy,2 30 MPH,7 Multi Jun,2 Auto Sig,A,501,5 Pedn Phase At Ats,1 Daylight,1 Fine,1 Road-Dry,0 None,0 None,529250,182340,-0.138271,51.525194,,,Unknown,"(51.525194, -0.138271)",http://opendatacommunities.org/id/london-borough-council/camden,5095,21/12/2020 02:48:36 PM
0115EK40578,CAMDEN,1 Driver/Rider,1 Male,25-59,32,1,3 Slight,-2 Unknown,-2 N/A,3 Powered 2 Wheeler,EUSTON ROAD J/W EVERSHOLT STREET,2,19/06/2015 05:30:00 PM,Friday,17.30,1 TLRN,A,501,3 Dual Cwy,2 30 MPH,6 Crossroads,2 Auto Sig,A,4200,5 Pedn Phase At Ats,1 Daylight,1 Fine,1 Road-Dry,0 None,0 None,529740,182580,-0.131123,51.527238,,,Unknown,"(51.527238, -0.131123)",http://opendatacommunities.org/id/london-borough-council/camden,5066,21/12/2020 02:48:36 PM
0115EK40309,CAMDEN,1 Driver/Rider,1 Male,25-59,31,1,3 Slight,-2 Unknown,-2 N/A,4 Car,WESTBERE ROAD 23M NW OF J/W MINSTER ROAD,3,23/04/2015 12:50:00 PM,Thursday,12.50,3 Bor,Unclassified,0,6 Single Cwy,2 30 MPH,0 No Jun In 20m,-2 Not Applicable,-2 Not Applicable,0,0 No Xing Facility In 50m,1 Daylight,1 Fine,1 Road-Dry,0 None,0 None,524500,185300,-0.205658,51.552862,,,Unknown,"(51.552862, -0.205658)",http://opendatacommunities.org/id/london-borough-council/camden,4830,21/12/2020 02:48:36 PM
0115EK40740,CAMDEN,1 Driver/Rider,1 Male,25-59,40,1,3 Slight,-2 Unknown,-2 N/A,2 Pedal Cycle,HEATH STREET J/W NEW END,2,04/08/2015 08:40:00 AM,Tuesday,8.40,3 Bor,A,502,6 Single Cwy,2 30 MPH,3 T/Stag Jun,4 Give Way/Uncontrolled,Unclassified,0,1 Zebra,1 Daylight,1 Fine,1 Road-Dry,0 None,0 None,526360,186000,-0.178594,51.55874,,,Unknown,"(51.55874, -0.178594)",http://opendatacommunities.org/id/london-borough-council/camden,5208,21/12/2020 02:48:37 PM
1180121998,CAMDEN,1 Driver/Rider,2 Female,25-59,42,1,3 Slight,-2 Unknown,-2 N/A,2 Pedal Cycle,FINCHLEY ROAD J/W PLATTS LANE,2,13/07/2018 11:30:00 PM,Friday,23.30,1 TLRN,A,41,6 Single Cwy,2 30 MPH,7 Multi Jun,2 Auto Sig,C,0,5 Pedn Phase At Ats,2 Dark,1 Fine,2 Road-Wet,0 None,0 None,525170,185850,-0.195804,51.557657,,,Unknown,"(51.557657, -0.195804)",http://opendatacommunities.org/id/london-borough-council/camden,8188,21/12/2020 02:48:42 PM