Reference,London Borough Name,Casualty Class,Casualty Sex,Casualty Age Band,Casualty Age,Number Of Casualties,Casualty Severity,Pedestrian Location,Pedestrian Movement,Mode Of Travel,Attendant Location,Number Of Vehicles,Date,Day,Time,Highway,Road Class 1,Road Number 1,Road Type,Speed Limit,Junction Detail,Junction Control,Road Class 2,Road Number 2,Pedestrian Crossing,Light Condition Band,Weather,Road Surface,Special Conditions,Carriage Way Hazard,Easting,Northing,Longitude,Latitude,Ward Code,Ward Name,Spatial Accuracy,Location,Organisation URI,Socrata ID,Last Uploaded
0115EK41068,CAMDEN,1 Driver/Rider,1 Male,25-59,49,1,3 Slight,-2 Unknown,-2 N/A,4 Car,N.F.L FINCHLEY ROAD 25M NW OF FROGNAL LANE,2,30/11/2015 07:10:00 AM,Monday,7.10,1 TLRN,A,41,6 Single Cwy,2 30 MPH,0 No Jun In 20m,-2 Not Applicable,-2 Not Applicable,0,0 No Xing Facility In 50m,1 Daylight,1 Fine,1 Road-Dry,4 Roadworks,0 None,525650,185350,-0.189062,51.553057,,,Unknown,"(51.553057, -0.189062)",http://opendatacommunities.org/id/london-borough-council/camden,5480,21/12/2020 02:48:37 PM
1180105955,CAMDEN,1 Driver/Rider,2 Female,25-59,28,1,2 Serious,-2 Unknown,-2 N/A,2 Pedal Cycle,CLERKENWELL ROAD 15M W OF J/W SAFFRON HILL,2,04/05/2018 12:11:00 PM,Friday,12.11,3 Bor,A,5201,6 Single Cwy,1 <= 20 MPH,3 T/Stag Jun,4 Give Way/Uncontrolled,A,5201,1 Zebra,1 Daylight,1 Fine,1 Road-Dry,0 None,0 None,531320,182040,-0.108561,51.522021,,,Unknown,"(51.522021, -0.108561)",http://opendatacommunities.org/id/london-borough-council/camden,7961,21/12/2020 02:48:42 PM
0115EK40412,CAMDEN,2 Passenger,1 Male,25-59,37,1,3 Slight,-2 Unknown,-2 N/A,6 Bus Or Coach,EUSTON ROAD J/W MIDLAND ROAD,1,26/05/2015 08:20:00 AM,Tuesday,8.20,1 TLRN,A,501,3 Dual Cwy,3 40 MPH,6 Crossroads,2 Auto Sig,C,0,5 Pedn Phase At Ats,1 Daylight,1 Fine,1 Road-Dry,0 None,0 None,530080,182810,-0.12614,51.529227,,,Unknown,"(51.529227, -0.12614)",http://opendatacommunities.org/id/london-borough-council/camden,4907,21/12/2020 02:48:36 PM
0115EO40850,CAMDEN,1 Driver/Rider,1 Male,16-24,24,1,3 Slight,-2 Unknown,-2 N/A,4 Car,NFL - YORK WAY J/W CANAL REACH,2,01/11/2015 07:45:00 AM,Sunday,7.45,3 Bor,A,5200,6 Single Cwy,2 30 MPH,3 T/Stag Jun,4 Give Way/Uncontrolled,Unclassified,0,8 Central Refuge,1 Daylight,7 Fog/Mist,1 Road-Dry,0 None,0 None,530180,183970,-0.12427,51.539629,,,Unknown,"(51.539629, -0.12427)",http://opendatacommunities.org/id/london-borough-council/camden,5607,21/12/2020 02:48:37 PM
1170032310,CAMDEN,1 Driver/Rider,1 Male,16-24,21,1,3 Slight,-2 Unknown,-2 N/A,3 Powered 2 Wheeler,CHALK FARM ROAD 20M W OF J/W FREDRICK STREET NW1,2,16/04/2017 05:08:00 PM,Sunday,17.08,3 Bor,A,502,6 Single Cwy,1 <= 20 MPH,7 Multi Jun,2 Auto Sig,B,517,5 Pedn Phase At Ats,1 Daylight,1 Fine,1 Road-Dry,0 None,0 None,528420,184300,-0.149514,51.542997,,,Unknown,"(51.542997, -0.149514)",http://opendatacommunities.org/id/london-borough-council/camden,6886,21/12/2020 02:48:39 PM
1170069465,CAMDEN,1 Driver/Rider,1 Male,25-59,42,1,3 Slight,-2 Unknown,-2 N/A,2 Pedal Cycle,HEATH STREET J/W HAMPSTEAD HIGH STREET,2,11/11/2017 07:20:00 AM,Saturday,7.20,3 Bor,A,502,6 Single Cwy,1 <= 20 MPH,6 Crossroads,2 Auto Sig,A,502,5 Pedn Phase At Ats,1 Daylight,2 Raining,2 Road-Wet,0 None,0 None,526360,185760,-0.17868,51.556583,,,Unknown,"(51.556583, -0.17868)",http://opendatacommunities.org/id/london-borough-council/camden,7504,21/12/2020 02:48:41 PM
0116EK40294,CAMDEN,2 Passenger,2 Female,25-59,48,1,2 Serious,-2 Unknown,-2 N/A,5 Taxi,CAMDEN ROAD 22M SW OF CAMDEN STREET,1,14/04/2016 11:40:00 AM,Thursday,11.40,1 TLRN,A,503,6 Single Cwy,2 30 MPH,0 No Jun In 20m,-2 Not Applicable,-2 Not Applicable,0,0 No Xing Facility In 50m,1 Daylight,1 Fine,1 Road-Dry,0 None,0 None,529070,184020,-0.140248,51.540333,,,Unknown,"(51.540333, -0.140248)",http://opendatacommunities.org/id/london-borough-council/camden,6230,21/12/2020 02:48:38 PM
1170078917,CAMDEN,1 Driver/Rider,1 Male,25-59,37,1,2 Serious,-2 Unknown,-2 N/A,3 Powered 2 Wheeler,PLENDER STREET J/W CAMDEN STREET,1,19/12/2017 12:40:00 PM,Tuesday,12.40,1 TLRN,Unclassified,0,6 Single Cwy,1 <= 20 MPH,6 Crossroads,2 Auto Sig,A,400,5 Pedn Phase At Ats,2 Dark,1 Fine,2 Road-Wet,0 None,0 None,529330,183640,-0.136641,51.536859,,,Unknown,"(51.536859, -0.136641)",http://opendatacommunities.org/id/london-borough-council/camden,7620,21/12/2020 02:48:41 PM
0115EK40452,CAMDEN,1 Driver/Rider,1 Male,Unknown,0,1,3 Slight,-2 Unknown,-2 N/A,4 Car,COLLEGE CRESCENT J/W AVENUE ROAD,2,17/05/2015 11:50:00 PM,Sunday,23.50,1 TLRN,B,511,3 Dual Cwy,3 40 MPH,9 Other Jun,2 Auto Sig,A,41,5 Pedn Phase At Ats,2 Dark,1 Fine,1 Road-Dry,0 None,0 None,526662,184347,-0.174834,51.543817,,,Unknown,"(51.543817, -0.174834)",http://opendatacommunities.org/id/london-borough-council/camden,4946,21/12/2020 02:48:36 PM
0115CW10127,CAMDEN,2 Passenger,2 Female,25-59,34,1,2 Serious,-2 Unknown,-2 N/A,6 Bus Or Coach,"TOTTENHAM COURT ROAD, 40 METRES NORTH OF GREAT RUSSELL STREET.",1,04/02/2015 01:45:00 PM,Wednesday,13.45,3 Bor,A,400,6 Single Cwy,2 30 MPH,0 No Jun In 20m,-2 Not Applicable,-2 Not Applicable,0,0 No Xing Facility In 50m,1 Daylight,1 Fine,1 Road-Dry,0 None,0 None,529800,181410,-0.13069,51.51671,,,Unknown,"(51.51671, -0.13069)",http://opendatacommunities.org/id/london-borough-council/camden,4554,21/12/2020 02:48:35 PM
1170035859,CAMDEN,1 Driver/Rider,1 Male,16-24,23,1,3 Slight,-2 Unknown,-2 N/A,3 Powered 2 Wheeler,ROYAL COLLEGE STREET J/W IVOR STREET,2,06/05/2017 02:30:00 PM,Saturday,14.30,3 Bor,A,5202,2 One-Way St,1 <= 20 MPH,3 T/Stag Jun,4 Give Way/Uncontrolled,Unclassified,0,0 No Xing Facility In 50m,1 Daylight,1 Fine,1 Road-Dry,0 None,0 None,529138,184288,-0.13917,51.542726,,,Unknown,"(51.542726, -0.13917)",http://opendatacommunities.org/id/london-borough-council/camden,6941,21/12/2020 02:48:39 PM
1190159281,CAMDEN,2 PASSENGER,1 MALE,25-59,29,2,3 SLIGHT,'-2 NOT APPLICABLE,'-2 NOT APPLICABLE,6 BUS OR COACH,"On Kingsway WC1, 15 metres east of the junction with HIGH HOLBORN.",2,24/01/2019 09:20:00 AM,Thursday,9.20,3 BOR,A,4200,3 DUAL CWY,20,06 CROSSROADS,2 AUTO SIG,A,40,4 PELICAN OR SIMILAR,2 DAYLIGHT,2 RAINING,2 ROAD-WET,0 NONE,0 NONE,530511,181505,-0.120413,51.5174,,,Unknown,"(51.5174, -0.120413)",http://opendatacommunities.org/id/london-borough-council/camden,8720,21/12/2020 02:48:43 PM
1190186375,CAMDEN,3 PEDESTRIAN,2 FEMALE,25-59,46,1,3 SLIGHT,01 CROSSING ROAD ON PED XING,9 UNKNOWN OR OTHER,1 PEDESTRIAN,"On Chetwynd Road, near the junction with York Rise.",1,10/06/2019 09:45:00 AM,Monday,9.45,3 BOR,5,0,9 UNKNOWN,20,06 CROSSROADS,2 AUTO SIG,6,0,5 PEDN PHASE AT ATS,2 DAYLIGHT,2 RAINING,2 ROAD-WET,9 UNKNOWN (S/R),9 UNKNOWN (S/R),528803,186007,-0.143369,51.558251,,,Unknown,"(51.558251, -0.143369)",http://opendatacommunities.org/id/london-borough-council/camden,9082,21/12/2020 02:48:44 PM
1160024455,CAMDEN,1 Driver/Rider,1 Male,25-59,43,1,3 Slight,-2 Unknown,-2 N/A,3 Powered 2 Wheeler,WEST END LANE J/W BROADHURST GARDENS,2,24/10/2016 08:13:00 PM,Monday,20.13,3 Bor,B,510,6 Single Cwy,2 30 MPH,3 T/Stag Jun,2 Auto Sig,C,0,5 Pedn Phase At Ats,2 Dark,1 Fine,1 Road-Dry,0 None,0 None,525520,184600,-0.191204,51.546345,,,Unknown,"(51.546345, -0.191204)",http://opendatacommunities.org/id/london-borough-council/camden,5907,21/12/2020 02:48:38 PM
1170030503,CAMDEN,1 Driver/Rider,1 Male,25-59,41,1,3 Slight,-2 Unknown,-2 N/A,3 Powered 2 Wheeler,GRAYS INN ROAD J/W SIDMOUTH STREET,2,05/04/2017 05:50:00 PM,Wednesday,17.50,3 Bor,A,5200,6 Single Cwy,1 <= 20 MPH,3 T/Stag Jun,2 Auto Sig,C,0,5 Pedn Phase At Ats,1 Daylight,1 Fine,1 Road-Dry,0 None,0 None,530610,182590,-0.118585,51.527128,,,Unknown,"(51.527128, -0.118585)",http://opendatacommunities.org/id/london-borough-council/camden,6848,21/12/2020 02:48:39 PM
0115EK40302,CAMDEN,1 Driver/Rider,1 Male,25-59,30,1,3 Slight,-2 Unknown,-2 N/A,2 Pedal Cycle,BRUNSWICK SQUARE J/W BERNARD STREET,2,21/04/2015 05:30:00 PM,Tuesday,17.30,3 Bor,B,504,1 Roundabout,2 30 MPH,1 Roundabout,4 Give Way/Uncontrolled,B,504,0 No Xing Facility In 50m,1 Daylight,1 Fine,1 Road-Dry,0 None,0 None,530400,182210,-0.121751,51.523761,,,Unknown,"(51.523761, -0.121751)",http://opendatacommunities.org/id/london-borough-council/camden,4821,21/12/2020 02:48:36 PM
0115EK40713,CAMDEN,1 Driver/Rider,1 Male,25-59,29,1,3 Slight,-2 Unknown,-2 N/A,2 Pedal Cycle,MIDLAND ROAD 60M N OF EUSTON ROAD,2,06/08/2015 04:50:00 PM,Thursday,16.50,3 Bor,C,0,6 Single Cwy,2 30 MPH,0 No Jun In 20m,-2 Not Applicable,-2 Not Applicable,0,0 No Xing Facility In 50m,1 Daylight,1 Fine,1 Road-Dry,0 None,0 None,530050,182850,-0.126557,51.529594,,,Unknown,"(51.529594, -0.126557)",http://opendatacommunities.org/id/london-borough-council/camden,5185,21/12/2020 02:48:37 PM
1180107057,CAMDEN,1 Driver/Rider,1 Male,25-59,33,1,3 Slight,-2 Unknown,-2 N/A,7 Goods Vehicle,ROYAL COLLEGE STREET/ST PANCRAS WAY J/W FARRIER STREET,2,10/05/2018 01:00:00 PM,Thursday,13.00,3 Bor,A,5202,6 Single Cwy,1 <= 20 MPH,3 T/Stag Jun,4 Give Way/Uncontrolled,A,5202,1 Zebra,1 Daylight,1 Fine,1 Road-Dry,0 None,0 None,529060,184400,-0.140253,51.54375,,,Unknown,"(51.54375, -0.140253)",http://opendatacommunities.org/id/london-borough-council/camden,7980,21/12/2020 02:48:42 PM
1170039612,CAMDEN,1 Driver/Rider,2 Female,25-59,34,1,3 Slight,-2 Unknown,-2 N/A,2 Pedal Cycle,FORTESS ROAD 25M N OF J/W HIGHGATE ROAD,1,21/05/2017 05:30:00 PM,Sunday,17.30,3 Bor,A,400,6 Single Cwy,2 30 MPH,0 No Jun In 20m,-2 Not Applicable,-2 Not Applicable,0,0 No Xing Facility In 50m,1 Daylight,1 Fine,1 Road-Dry,0 None,9 Unknown (S/R),528985,185354,-0.140985,51.552341,,,Unknown,"(51.552341, -0.140985)",http://opendatacommunities.org/id/london-borough-council/camden,6998,21/12/2020 02:48:39 PM
1180135802,CAMDEN,3 Pedestrian,1 Male,60+,60,1,1 Fatal,06 On Footpath - Verge,9 Unknown Or Other,1 Pedestrian,KILBURN HIGH ROAD 10M E OF J/W QUEX ROAD,1,29/09/2018 12:45:00 PM,Saturday,12.45,3 Bor,A,5,3 Dual Cwy,1 <= 20 MPH,3 T/Stag Jun,2 Auto Sig,B,510,0 No Xing Facility In 50m,1 Daylight,1 Fine,1 Road-Dry,0 None,0 None,525260,183870,-0.195211,51.539842,,,Unknown,"(51.539842, -0.195211)",http://opendatacommunities.org/id/london-borough-council/camden,8365,21/12/2020 02:48:42 PM
1170028687,CAMDEN,3 Pedestrian,2 Female,25-59,54,1,3 Slight,05 Crossing Road (Not On Xing),9 Unknown Or Other,1 Pedestrian,CHARTERHOUSE STREET J/W FARRINGDON STREET,1,08/03/2017 08:55:00 AM,Wednesday,8.55,1 TLRN,A,201,6 Single Cwy,2 30 MPH,3 T/Stag Jun,9 Unknown (S/R),B,400,9 Unknown (S/R),1 Daylight,9 Unknown,9 Unknown (S/R),9 Unknown (S/R),9 Unknown (S/R),531540,181650,-0.105537,51.518465,,,Unknown,"(51.518465, -0.105537)",http://opendatacommunities.org/id/london-borough-council/camden,6827,21/12/2020 02:48:39 PM
1190184634,CAMDEN,1 DRIVER/RIDER,1 MALE,25-59,29,1,3 SLIGHT,'-2 NOT APPLICABLE,'-2 NOT APPLICABLE,3 POWERED 2 WHEELER,"On Frognal Way, near the junction with frognal.",2,02/06/2019 02:43:00 PM,Sunday,14.43,3 BOR,6,0,3 DUAL CWY,20,07 MULTI JUN,4 GIVE WAY/UNCONTROLLED,6,0,0 NO XING FACILITY IN 50M,2 DAYLIGHT,1 FINE,1 ROAD-DRY,0 NONE,0 NONE,526101,185518,-0.1825,51.554466,,,Unknown,"(51.554466, -0.1825)",http://opendatacommunities.org/id/london-borough-council/camden,9058,21/12/2020 02:48:44 PM
1190165622,CAMDEN,1 DRIVER/RIDER,1 MALE,25-59,56,1,3 SLIGHT,'-2 NOT APPLICABLE,'-2 NOT APPLICABLE,5 TAXI,"On Finchley Rd, 50 metres south of the junction with College Crescent.",2,25/02/2019 01:22:00 PM,Monday,13.22,1 TLRN,A,41,7 SLIP RD,30,00 NO JUN IN 20M,,0,0,9 UNKNOWN (S/R),1 DARK,1 FINE,1 ROAD-DRY,9 UNKNOWN (S/R),9 UNKNOWN (S/R),526651,184261,-0.175024,51.543046,,,Unknown,"(51.543046, -0.175024)",http://opendatacommunities.org/id/london-borough-council/camden,8804,21/12/2020 02:48:43 PM
1180118506,CAMDEN,3 Pedestrian,1 Male,0-15,11,1,3 Slight,05 Crossing Road (Not On Xing),1 From Drivers N/Side,1 Pedestrian,ACTON STREET 25M E OF J/W GRAYS INN ROAD THE NEAREST CLASSIFIED RO,1,03/07/2018 03:50:00 PM,Tuesday,15.50,1 TLRN,C,0,2 One-Way St,1 <= 20 MPH,0 No Jun In 20m,-2 Not Applicable,-2 Not Applicable,0,0 No Xing Facility In 50m,1 Daylight,1 Fine,1 Road-Dry,0 None,0 None,530599,182719,-0.118696,51.52829,,,Unknown,"(51.52829, -0.118696)",http://opendatacommunities.org/id/london-borough-council/camden,8144,21/12/2020 02:48:42 PM
1190201156,CAMDEN,1 DRIVER/RIDER,1 MALE,16-24,22,1,3 SLIGHT,'-2 NOT APPLICABLE,1 FROM DRIVERS N/SIDE,3 POWERED 2 WHEELER,"On Iverson Road, near the junction with West End Lane (Side road).",2,23/08/2019 06:05:00 PM,Friday,18.05,3 BOR,B,520,3 DUAL CWY,20,03 T/STAG JUN,2 AUTO SIG,6,0,4 PELICAN OR SIMILAR,2 DAYLIGHT,8 OTHER,1 ROAD-DRY,0 NONE,0 NONE,525533,184785,-0.19095,51.548005,,,Unknown,"(51.548005, -0.19095)",http://opendatacommunities.org/id/london-borough-council/camden,9294,21/12/2020 02:48:44 PM
0116EK40130,CAMDEN,1 Driver/Rider,1 Male,25-59,26,1,3 Slight,-2 Unknown,-2 N/A,3 Powered 2 Wheeler,CHARLOTTE STREET J/W RATHBONE STREET,1,04/03/2016 09:55:00 PM,Friday,21.55,3 Bor,Unclassified,0,6 Single Cwy,1 <= 20 MPH,3 T/Stag Jun,4 Give Way/Uncontrolled,Unclassified,0,0 No Xing Facility In 50m,2 Dark,1 Fine,1 Road-Dry,0 None,0 None,529480,181640,-0.135214,51.51885,,,Unknown,"(51.51885, -0.135214)",http://opendatacommunities.org/id/london-borough-council/camden,6087,21/12/2020 02:48:38 PM
0116EK40283,CAMDEN,1 Driver/Rider,1 Male,25-59,28,1,3 Slight,-2 Unknown,-2 N/A,3 Powered 2 Wheeler,CHARTERHOUSE STREET J/W ELY PLACE,2,15/04/2016 02:05:00 PM,Friday,14.05,3 Bor,B,500,6 Single Cwy,2 30 MPH,3 T/Stag Jun,4 Give Way/Uncontrolled,Unclassified,0,0 No Xing Facility In 50m,1 Daylight,1 Fine,1 Road-Dry,0 None,0 None,531440,181600,-0.106996,51.518039,,,Unknown,"(51.518039, -0.106996)",http://opendatacommunities.org/id/london-borough-council/camden,6220,21/12/2020 02:48:38 PM
1170034357,CAMDEN,3 Pedestrian,1 Male,60+,63,1,3 Slight,09 In Road - Not Crossing,5 In Rd Not Crossing,1 Pedestrian,BLOOMSBURY PLACE J/W BURY PLACE,1,28/04/2017 01:57:00 AM,Friday,1.57,3 Bor,A,40,6 Single Cwy,1 <= 20 MPH,3 T/Stag Jun,4 Give Way/Uncontrolled,Unclassified,0,5 Pedn Phase At Ats,2 Dark,1 Fine,1 Road-Dry,0 None,0 None,530290,181560,-0.123576,51.517945,,,Unknown,"(51.517945, -0.123576)",http://opendatacommunities.org/id/london-borough-council/camden,6920,21/12/2020 02:48:39 PM
0115EK40732,CAMDEN,1 Driver/Rider,1 Male,16-24,20,1,3 Slight,-2 Unknown,-2 N/A,3 Powered 2 Wheeler,FITZJOHN'S AVENUE J/W PRINCE ARTHUR ROAD,2,23/08/2015 09:35:00 PM,Sunday,21.35,3 Bor,B,511,6 Single Cwy,2 30 MPH,6 Crossroads,4 Give Way/Uncontrolled,Unclassified,0,0 No Xing Facility In 50m,2 Dark,1 Fine,1 Road-Dry,0 None,0 None,526450,185500,-0.177476,51.554226,,,Unknown,"(51.554226, -0.177476)",http://opendatacommunities.org/id/london-borough-council/camden,5199,21/12/2020 02:48:37 PM
1190220222,CAMDEN,2 PASSENGER,1 MALE,16-24,24,1,3 SLIGHT,'-2 NOT APPLICABLE,'-2 NOT APPLICABLE,4 CAR,"On Euston Road, near the junction with MIDLAND ROAD.",3,23/11/2019 01:45:00 AM,Saturday,1.45,1 TLRN,A,501,2 ONE-WAY ST,20,03 T/STAG JUN,2 AUTO SIG,5,0,5 PEDN PHASE AT ATS,1 DARK,2 RAINING,2 ROAD-WET,0 NONE,0 NONE,530064,182815,-0.126368,51.529276,,,Unknown,"(51.529276, -0.126368)",http://opendatacommunities.org/id/london-borough-council/camden,9540,21/12/2020 02:48:44 PM
1180118958,CAMDEN,1 Driver/Rider,1 Male,25-59,30,1,3 Slight,-2 Unknown,-2 N/A,2 Pedal Cycle,HIGH HOLBORN 120M E OF J/W SOUTHAMPTON ROW THE NEAREST CLASSIFIED,2,04/07/2018 07:45:00 AM,Wednesday,7.45,3 Bor,A,40,6 Single Cwy,2 30 MPH,0 No Jun In 20m,-2 Not Applicable,-2 Not Applicable,0,9 Unknown (S/R),1 Daylight,1 Fine,1 Road-Dry,9 Unknown (S/R),9 Unknown (S/R),530680,181560,-0.117959,51.517855,,,Unknown,"(51.517855, -0.117959)",http://opendatacommunities.org/id/london-borough-council/camden,8146,21/12/2020 02:48:42 PM
1180092511,CAMDEN,3 Pedestrian,2 Female,60+,61,1,3 Slight,09 In Road - Not Crossing,8 In Rd Back To Traffic,1 Pedestrian,SPRINGFIELD LANE 30M E OF J/W KILBURN HIGH ROAD,1,25/02/2018 04:00:00 PM,Sunday,16.00,3 Bor,Unclassified,0,2 One-Way St,1 <= 20 MPH,0 No Jun In 20m,-2 Not Applicable,-2 Not Applicable,0,0 No Xing Facility In 50m,2 Dark,8 Other,1 Road-Dry,0 None,0 None,525500,183560,-0.191863,51.537003,,,Unknown,"(51.537003, -0.191863)",http://opendatacommunities.org/id/london-borough-council/camden,7775,21/12/2020 02:48:41 PM
1180140406,CAMDEN,1 Driver/Rider,1 Male,25-59,39,1,3 Slight,-2 Unknown,-2 N/A,4 Car,HIGHGATE ROAD 35M E OF J/W GORDON HOUSE ROAD,2,20/10/2018 07:00:00 PM,Saturday,19.00,3 Bor,B,518,9 Unknown,2 30 MPH,0 No Jun In 20m,-2 Not Applicable,-2 Not Applicable,0,5 Pedn Phase At Ats,1 Daylight,1 Fine,1 Road-Dry,0 None,0 None,528600,185790,-0.146375,51.556347,,,Unknown,"(51.556347, -0.146375)",http://opendatacommunities.org/id/london-borough-council/camden,8448,21/12/2020 02:48:43 PM
0115EK40763,CAMDEN,1 Driver/Rider,1 Male,16-24,24,1,3 Slight,-2 Unknown,-2 N/A,4 Car,"EUSTON ROAD, 200 METRES NE OF EUSTON ROAD SLIP ROAD.",4,01/09/2015 04:26:00 PM,Tuesday,16.26,1 TLRN,A,501,3 Dual Cwy,4 50 MPH,0 No Jun In 20m,-2 Not Applicable,-2 Not Applicable,0,0 No Xing Facility In 50m,1 Daylight,1 Fine,1 Road-Dry,0 None,0 None,529260,182330,-0.13813,51.525102,,,Unknown,"(51.525102, -0.13813)",http://opendatacommunities.org/id/london-borough-council/camden,5225,21/12/2020 02:48:37 PM
1190181001,CAMDEN,1 DRIVER/RIDER,2 FEMALE,25-59,51,2,3 SLIGHT,'-2 NOT APPLICABLE,'-2 NOT APPLICABLE,4 CAR,"On Kentish Town Road, 25 metres north of the junction with Caversham Road NW5.",4,15/05/2019 11:19:00 AM,Wednesday,11.19,3 BOR,A,400,6 SINGLE CWY,20,00 NO JUN IN 20M,,0,0,4 PELICAN OR SIMILAR,2 DAYLIGHT,1 FINE,1 ROAD-DRY,0 NONE,0 NONE,528994,184987,-0.140989,51.549041,,,Unknown,"(51.549041, -0.140989)",http://opendatacommunities.org/id/london-borough-council/camden,9005,21/12/2020 02:48:44 PM
1170077694,CAMDEN,3 Pedestrian,2 Female,0-15,15,1,3 Slight,04 Crossing Road Within 50m Xing,1 From Drivers N/Side,1 Pedestrian,ABBEY ROAD 10M W OF J/W ROWLEY WAY ESTATE,1,13/12/2017 05:20:00 PM,Wednesday,17.20,3 Bor,B,507,3 Dual Cwy,1 <= 20 MPH,9 Other Jun,2 Auto Sig,Unclassified,0,1 Zebra,2 Dark,2 Raining,2 Road-Wet,0 None,0 None,525900,183840,-0.185998,51.53943,,,Unknown,"(51.53943, -0.185998)",http://opendatacommunities.org/id/london-borough-council/camden,7608,21/12/2020 02:48:41 PM
1170017303,CAMDEN,1 Driver/Rider,1 Male,25-59,29,1,3 Slight,-2 Unknown,-2 N/A,2 Pedal Cycle,CAMDEN ROAD J/W CAMDEN STREET,2,06/02/2017 07:50:00 PM,Monday,19.50,1 TLRN,A,503,3 Dual Cwy,2 30 MPH,3 T/Stag Jun,9 Unknown (S/R),A,400,9 Unknown (S/R),2 Dark,2 Raining,2 Road-Wet,0 None,0 None,529110,184040,-0.139665,51.540504,,,Unknown,"(51.540504, -0.139665)",http://opendatacommunities.org/id/london-borough-council/camden,6661,21/12/2020 02:48:39 PM
0115EK40243,CAMDEN,1 Driver/Rider,1 Male,25-59,54,1,3 Slight,-2 Unknown,-2 N/A,4 Car,HAMPSTEAD ROAD J/W CARDINGTON STREET,2,29/03/2015 05:24:00 AM,Sunday,5.24,1 TLRN,A,400,6 Single Cwy,2 30 MPH,3 T/Stag Jun,4 Give Way/Uncontrolled,C,0,0 No Xing Facility In 50m,2 Dark,1 Fine,2 Road-Wet,0 None,0 None,529210,182770,-0.138689,51.529067,,,Unknown,"(51.529067, -0.138689)",http://opendatacommunities.org/id/london-borough-council/camden,4772,21/12/2020 02:48:36 PM
1180122763,CAMDEN,1 Driver/Rider,2 Female,25-59,25,1,2 Serious,-2 Unknown,-2 N/A,2 Pedal Cycle,PRINCE OF WALES ROAD J/W MALDEN ROAD,2,23/07/2018 06:30:00 PM,Monday,18.30,3 Bor,B,517,6 Single Cwy,1 <= 20 MPH,6 Crossroads,2 Auto Sig,B,517,5 Pedn Phase At Ats,1 Daylight,1 Fine,1 Road-Dry,1 Traf Sig Out,0 None,528320,184620,-0.150838,51.545896,,,Unknown,"(51.545896, -0.150838)",http://opendatacommunities.org/id/london-borough-council/camden,8198,21/12/2020 02:48:42 PM
1180155118,CAMDEN,2 Passenger,2 Female,Unknown,0,1,3 Slight,-2 Unknown,-2 N/A,4 Car,YORK WAY J/W AGAR GROVE,2,30/12/2018 01:40:00 PM,Sunday,13.40,3 Bor,A,5200,9 Unknown,1 <= 20 MPH,3 T/Stag Jun,2 Auto Sig,C,0,9 Unknown (S/R),1 Daylight,1 Fine,1 Road-Dry,0 None,0 None,530050,184370,-0.125996,51.543254,,,Unknown,"(51.543254, -0.125996)",http://opendatacommunities.org/id/london-borough-council/camden,8654,21/12/2020 02:48:43 PM
1190194793,CAMDEN,1 DRIVER/RIDER,2 FEMALE,25-59,30,1,3 SLIGHT,'-2 NOT APPLICABLE,1 FROM DRIVERS N/SIDE,3 POWERED 2 WHEELER,"On Camden High Street, near the junction with CAMDEN HIGH STREET.",3,19/07/2019 05:54:00 PM,Friday,17.54,1 TLRN,A,4201,2 ONE-WAY ST,20,03 T/STAG JUN,2 AUTO SIG,A,400,5 PEDN PHASE AT ATS,2 DAYLIGHT,1 FINE,1 ROAD-DRY,0 NONE,0 NONE,528896,183847,-0.142819,51.538818,,,Unknown,"(51.538818, -0.142819)",http://opendatacommunities.org/id/london-borough-council/camden,9202,21/12/2020 02:48:44 PM
1170077963,CAMDEN,3 Pedestrian,2 Female,0-15,6,1,2 Serious,08 In Centre Of Carriageway,1 From Drivers N/Side,1 Pedestrian,FORTESS WALK J/W HIGHGATE ROAD,1,14/12/2017 04:40:00 PM,Thursday,16.40,3 Bor,Unclassified,0,6 Single Cwy,1 <= 20 MPH,6 Crossroads,4 Give Way/Uncontrolled,B,518,0 No Xing Facility In 50m,2 Dark,1 Fine,1 Road-Dry,0 None,0 None,528930,185360,-0.141775,51.552407,,,Unknown,"(51.552407, -0.141775)",http://opendatacommunities.org/id/london-borough-council/camden,7612,21/12/2020 02:48:41 PM
1190180522,CAMDEN,1 DRIVER/RIDER,2 FEMALE,U,,1,3 SLIGHT,'-2 NOT APPLICABLE,'-2 NOT APPLICABLE,3 POWERED 2 WHEELER,"On Harrison Street, 90 metres west of the junction with Grays Inn Road.. The nearest classified road was the A5200. The nearest classified road was the A5200",2,11/05/2019 01:40:00 PM,Saturday,13.40,3 BOR,6,0,9 UNKNOWN,20,00 NO JUN IN 20M,,0,0,0 NO XING FACILITY IN 50M,2 DAYLIGHT,8 OTHER,2 ROAD-WET,0 NONE,0 NONE,530342,182606,-0.12244,51.527334,,,Unknown,"(51.527334, -0.12244)",http://opendatacommunities.org/id/london-borough-council/camden,8999,21/12/2020 02:48:44 PM