Reference,London Borough Name,Casualty Class,Casualty Sex,Casualty Age Band,Casualty Age,Number Of Casualties,Casualty Severity,Pedestrian Location,Pedestrian Movement,Mode Of Travel,Attendant Location,Number Of Vehicles,Date,Day,Time,Highway,Road Class 1,Road Number 1,Road Type,Speed Limit,Junction Detail,Junction Control,Road Class 2,Road Number 2,Pedestrian Crossing,Light Condition Band,Weather,Road Surface,Special Conditions,Carriage Way Hazard,Easting,Northing,Longitude,Latitude,Ward Code,Ward Name,Spatial Accuracy,Location,Organisation URI,Socrata ID,Last Uploaded
1160004913,CAMDEN,2 Passenger,2 Female,25-59,58,1,3 Slight,-2 Unknown,-2 N/A,6 Bus Or Coach,PENTONVILLE ROAD J/W EUSTON ROAD,1,03/12/2016 11:00:00 AM,Saturday,11.00,1 TLRN,A,501,3 Dual Cwy,2 30 MPH,6 Crossroads,2 Auto Sig,A,501,4 Pelican Or Similar,1 Daylight,1 Fine,1 Road-Dry,0 None,0 None,530320,182970,-0.122623,51.53061,,,Unknown,"(51.53061, -0.122623)",http://opendatacommunities.org/id/london-borough-council/camden,5726,21/12/2020 02:48:37 PM
1190181352,CAMDEN,1 DRIVER/RIDER,2 FEMALE,25-59,37,1,3 SLIGHT,'-2 NOT APPLICABLE,'-2 NOT APPLICABLE,2 PEDAL CYCLE,"On Hampstead Road, 25 metres south of the junction with Robert Street.",2,16/05/2019 12:35:00 PM,Thursday,12.35,1 TLRN,A,400,6 SINGLE CWY,30,00 NO JUN IN 20M,,0,0,5 PEDN PHASE AT ATS,2 DAYLIGHT,1 FINE,1 ROAD-DRY,9 UNKNOWN (S/R),2 OTHER OBJECT IN CWY,529216,182681,-0.138636,51.528266,,,Unknown,"(51.528266, -0.138636)",http://opendatacommunities.org/id/london-borough-council/camden,9014,21/12/2020 02:48:44 PM
1180106578,CAMDEN,1 Driver/Rider,1 Male,16-24,19,1,3 Slight,-2 Unknown,-2 N/A,3 Powered 2 Wheeler,KENTISH TOWN ROAD 25M S OF J/W HOLMES ROAD,2,06/05/2018 10:45:00 PM,Sunday,22.45,3 Bor,A,400,6 Single Cwy,1 <= 20 MPH,0 No Jun In 20m,-2 Not Applicable,-2 Not Applicable,0,9 Unknown (S/R),2 Dark,1 Fine,1 Road-Dry,0 None,0 None,528990,185020,-0.141035,51.549338,,,Unknown,"(51.549338, -0.141035)",http://opendatacommunities.org/id/london-borough-council/camden,7969,21/12/2020 02:48:42 PM
1170067067,CAMDEN,1 Driver/Rider,1 Male,Unknown,0,1,3 Slight,-2 Unknown,-2 N/A,4 Car,EUSTON ROAD J/W EVERSHOLT STREET,2,30/10/2017 02:15:00 AM,Monday,2.15,1 TLRN,A,501,3 Dual Cwy,2 30 MPH,9 Other Jun,2 Auto Sig,A,4200,5 Pedn Phase At Ats,2 Dark,1 Fine,1 Road-Dry,0 None,0 None,529740,182580,-0.131123,51.527238,,,Unknown,"(51.527238, -0.131123)",http://opendatacommunities.org/id/london-borough-council/camden,7462,21/12/2020 02:48:40 PM
1180093252,CAMDEN,3 Pedestrian,2 Female,25-59,36,1,3 Slight,01 Crossing Road On Ped Xing,1 From Drivers N/Side,1 Pedestrian,CHARLOTTE STREET 25M N OF J/W SCALA STREET,1,05/02/2018 07:32:00 AM,Monday,7.32,3 Bor,Unclassified,0,9 Unknown,1 <= 20 MPH,0 No Jun In 20m,-2 Not Applicable,-2 Not Applicable,0,1 Zebra,1 Daylight,3 Snowing,4 Road-Frost/Ice,0 None,0 None,529402,181763,-0.136293,51.519974,,,Unknown,"(51.519974, -0.136293)",http://opendatacommunities.org/id/london-borough-council/camden,7785,21/12/2020 02:48:41 PM
0115EK40296,CAMDEN,1 Driver/Rider,2 Female,25-59,39,1,3 Slight,-2 Unknown,-2 N/A,2 Pedal Cycle,GORDON SQUARE J/W GORDON SQUARE,2,16/04/2015 06:30:00 AM,Thursday,6.30,3 Bor,C,0,6 Single Cwy,2 30 MPH,3 T/Stag Jun,4 Give Way/Uncontrolled,C,0,0 No Xing Facility In 50m,1 Daylight,1 Fine,1 Road-Dry,0 None,0 None,529770,182160,-0.130846,51.523457,,,Unknown,"(51.523457, -0.130846)",http://opendatacommunities.org/id/london-borough-council/camden,4817,21/12/2020 02:48:36 PM
1190194802,CAMDEN,1 DRIVER/RIDER,1 MALE,25-59,27,1,3 SLIGHT,'-2 NOT APPLICABLE,'-2 NOT APPLICABLE,4 CAR,"On Weedington Road, near the junction with Weedington Road.",3,20/07/2019 02:13:00 PM,Saturday,14.13,3 BOR,6,0,6 SINGLE CWY,20,03 T/STAG JUN,4 GIVE WAY/UNCONTROLLED,6,0,0 NO XING FACILITY IN 50M,2 DAYLIGHT,1 FINE,1 ROAD-DRY,0 NONE,0 NONE,528197,185323,-0.152355,51.552242,,,Unknown,"(51.552242, -0.152355)",http://opendatacommunities.org/id/london-borough-council/camden,9203,21/12/2020 02:48:44 PM
1180133995,CAMDEN,1 Driver/Rider,1 Male,25-59,53,1,3 Slight,-2 Unknown,-2 N/A,2 Pedal Cycle,CAMDEN ROAD J/W SANDAL ROAD,2,20/09/2018 04:30:00 PM,Thursday,16.30,1 TLRN,A,503,3 Dual Cwy,2 30 MPH,3 T/Stag Jun,3 Stop Sign,Unclassified,0,9 Unknown (S/R),1 Daylight,1 Fine,1 Road-Dry,9 Unknown (S/R),0 None,529510,184620,-0.133687,51.545624,,,Unknown,"(51.545624, -0.133687)",http://opendatacommunities.org/id/london-borough-council/camden,8341,21/12/2020 02:48:42 PM
1170038290,CAMDEN,1 Driver/Rider,1 Male,16-24,21,1,3 Slight,-2 Unknown,-2 N/A,3 Powered 2 Wheeler,HIGHGATE HILL J/W CHOLMELEY PARK,2,17/05/2017 02:50:00 PM,Wednesday,14.50,3 Bor,B,519,6 Single Cwy,1 <= 20 MPH,9 Other Jun,4 Give Way/Uncontrolled,Unclassified,0,0 No Xing Facility In 50m,1 Daylight,2 Raining,2 Road-Wet,0 None,0 None,528670,187320,-0.144807,51.570081,,,Unknown,"(51.570081, -0.144807)",http://opendatacommunities.org/id/london-borough-council/camden,6981,21/12/2020 02:48:39 PM
1190215351,CAMDEN,1 DRIVER/RIDER,1 MALE,25-59,38,2,3 SLIGHT,'-2 NOT APPLICABLE,'-2 NOT APPLICABLE,7 GOODS VEHICLE,"On Avenue Road, 60 metres north of the junction with St Edmund Terrace.",3,01/11/2019 07:45:00 AM,Friday,7.45,3 BOR,B,525,6 SINGLE CWY,20,00 NO JUN IN 20M,,0,0,0 NO XING FACILITY IN 50M,2 DAYLIGHT,2 RAINING,2 ROAD-WET,0 NONE,0 NONE,527277,183571,-0.166251,51.536704,,,Unknown,"(51.536704, -0.166251)",http://opendatacommunities.org/id/london-borough-council/camden,9484,21/12/2020 02:48:44 PM
0115EK40293,CAMDEN,3 Pedestrian,1 Male,60+,84,1,3 Slight,05 Crossing Road (Not On Xing),9 Unknown Or Other,1 Pedestrian,FARRINGDON ROAD 62M N OF J/W GREVILLE STREET,1,17/04/2015 09:37:00 PM,Friday,21.37,1 TLRN,A,201,6 Single Cwy,2 30 MPH,0 No Jun In 20m,-2 Not Applicable,-2 Not Applicable,0,0 No Xing Facility In 50m,2 Dark,1 Fine,1 Road-Dry,0 None,0 None,531510,181850,-0.105895,51.520269,,,Unknown,"(51.520269, -0.105895)",http://opendatacommunities.org/id/london-borough-council/camden,4815,21/12/2020 02:48:36 PM
1190172818,CAMDEN,3 PEDESTRIAN,2 FEMALE,25-59,33,1,3 SLIGHT,04 CROSSING ROAD WITHIN 50M XING,2 FROM DRIVERS N/SIDE MSK,1 PEDESTRIAN,"On Pancras Road, 40 metres south of the junction with Goods Way.",1,02/04/2019 12:24:00 PM,Tuesday,12.24,3 BOR,5,0,6 SINGLE CWY,20,03 T/STAG JUN,4 GIVE WAY/UNCONTROLLED,A,5202,1 ZEBRA,2 DAYLIGHT,2 RAINING,2 ROAD-WET,0 NONE,0 NONE,530052,183239,-0.126385,51.533089,,,Unknown,"(51.533089, -0.126385)",http://opendatacommunities.org/id/london-borough-council/camden,8899,21/12/2020 02:48:44 PM
1180103208,CAMDEN,2 Passenger,2 Female,25-59,42,1,3 Slight,-2 Unknown,-2 N/A,3 Powered 2 Wheeler,CHARTERHOUSE STREET J/W FARINGDON ROAD,2,21/04/2018 10:30:00 PM,Saturday,22.30,1 TLRN,B,400,6 Single Cwy,1 <= 20 MPH,6 Crossroads,2 Auto Sig,A,201,5 Pedn Phase At Ats,2 Dark,1 Fine,1 Road-Dry,0 None,0 None,531550,181650,-0.105393,51.518463,,,Unknown,"(51.518463, -0.105393)",http://opendatacommunities.org/id/london-borough-council/camden,7918,21/12/2020 02:48:41 PM
0115EK40437,CAMDEN,1 Driver/Rider,1 Male,16-24,18,1,3 Slight,-2 Unknown,-2 N/A,4 Car,PLENDER STREET J/W COLLEGE PLACE,2,05/06/2015 03:20:00 PM,Friday,15.20,3 Bor,Unclassified,0,6 Single Cwy,2 30 MPH,3 T/Stag Jun,4 Give Way/Uncontrolled,Unclassified,0,0 No Xing Facility In 50m,1 Daylight,1 Fine,1 Road-Dry,0 None,0 None,529400,183680,-0.135618,51.537202,,,Unknown,"(51.537202, -0.135618)",http://opendatacommunities.org/id/london-borough-council/camden,4930,21/12/2020 02:48:36 PM
0116EK40323,CAMDEN,2 Passenger,2 Female,16-24,23,1,3 Slight,-2 Unknown,-2 N/A,4 Car,FINCHLEY ROAD J/W STUDHOLME COURT,2,07/05/2016 08:07:00 PM,Saturday,20.07,1 TLRN,A,41,6 Single Cwy,2 30 MPH,3 T/Stag Jun,4 Give Way/Uncontrolled,Unclassified,0,0 No Xing Facility In 50m,2 Dark,1 Fine,1 Road-Dry,0 None,0 None,525430,185530,-0.19217,51.554723,,,Unknown,"(51.554723, -0.19217)",http://opendatacommunities.org/id/london-borough-council/camden,6253,21/12/2020 02:48:38 PM
0115EK40077,CAMDEN,3 Pedestrian,1 Male,25-59,35,1,3 Slight,01 Crossing Road On Ped Xing,3 From Drivers O/Side,1 Pedestrian,THEOBALD'S ROAD J/W PROCTER STREET,1,01/02/2015 11:46:00 PM,Sunday,23.46,3 Bor,A,401,6 Single Cwy,2 30 MPH,3 T/Stag Jun,4 Give Way/Uncontrolled,A,40,4 Pelican Or Similar,2 Dark,1 Fine,1 Road-Dry,0 None,0 None,530500,181720,-0.120492,51.519335,,,Unknown,"(51.519335, -0.120492)",http://opendatacommunities.org/id/london-borough-council/camden,4643,21/12/2020 02:48:35 PM
1160012160,CAMDEN,1 Driver/Rider,1 Male,16-24,22,1,3 Slight,-2 Unknown,-2 N/A,3 Powered 2 Wheeler,"ON SAINT LEONARD'S SQUARE, NEAR THE JUNCTION WITH MALDEN ROAD .",3,12/09/2016 07:10:00 PM,Monday,19.10,3 Bor,Unclassified,0,6 Single Cwy,2 30 MPH,3 T/Stag Jun,4 Give Way/Uncontrolled,B,517,0 No Xing Facility In 50m,1 Daylight,9 Unknown,1 Road-Dry,0 None,0 None,528310,184690,-0.150957,51.546527,,,Unknown,"(51.546527, -0.150957)",http://opendatacommunities.org/id/london-borough-council/camden,5823,21/12/2020 02:48:37 PM
0115EK40041,CAMDEN,1 Driver/Rider,1 Male,25-59,56,1,2 Serious,-2 Unknown,-2 N/A,3 Powered 2 Wheeler,ELM STREET J/W GRAY'S INN ROAD,2,20/01/2015 12:40:00 PM,Tuesday,12.40,3 Bor,Unclassified,0,6 Single Cwy,2 30 MPH,3 T/Stag Jun,4 Give Way/Uncontrolled,A,5200,1 Zebra,1 Daylight,1 Fine,1 Road-Dry,0 None,6 Ped In Cwy (Not Inj),530930,182080,-0.114164,51.522471,,,Unknown,"(51.522471, -0.114164)",http://opendatacommunities.org/id/london-borough-council/camden,4612,21/12/2020 02:48:35 PM
1170075591,CAMDEN,2 Passenger,2 Female,25-59,33,1,3 Slight,-2 Unknown,-2 N/A,6 Bus Or Coach,CAMDEN HIGH STREET 30M N OF J/W DELANCY STREET,1,06/12/2017 05:48:00 AM,Wednesday,5.48,1 TLRN,A,502,6 Single Cwy,1 <= 20 MPH,0 No Jun In 20m,-2 Not Applicable,-2 Not Applicable,0,0 No Xing Facility In 50m,2 Dark,1 Fine,1 Road-Dry,0 None,0 None,529002,183694,-0.141348,51.537419,,,Unknown,"(51.537419, -0.141348)",http://opendatacommunities.org/id/london-borough-council/camden,7585,21/12/2020 02:48:41 PM
1190210512,CAMDEN,1 DRIVER/RIDER,1 MALE,25-59,46,1,3 SLIGHT,'-2 NOT APPLICABLE,'-2 NOT APPLICABLE,3 POWERED 2 WHEELER,"On Mercer Street, near the junction with Shelton Street.",2,08/10/2019 07:15:00 PM,Tuesday,19.15,3 BOR,6,0,2 ONE-WAY ST,20,03 T/STAG JUN,9 UNKNOWN (S/R),6,0,0 NO XING FACILITY IN 50M,1 DARK,1 FINE,1 ROAD-DRY,0 NONE,0 NONE,530109,181039,-0.126376,51.513305,,,Unknown,"(51.513305, -0.126376)",http://opendatacommunities.org/id/london-borough-council/camden,9417,21/12/2020 02:48:44 PM
1190175812,CAMDEN,1 DRIVER/RIDER,1 MALE,25-59,30,1,3 SLIGHT,'-2 NOT APPLICABLE,'-2 NOT APPLICABLE,3 POWERED 2 WHEELER,"On Kingsway, near the junction with Great Queen Street.",2,18/04/2019 01:40:00 PM,Thursday,13.40,3 BOR,B,402,3 DUAL CWY,30,06 CROSSROADS,2 AUTO SIG,A,4200,0 NO XING FACILITY IN 50M,2 DAYLIGHT,1 FINE,1 ROAD-DRY,0 NONE,0 NONE,530571,181379,-0.119596,51.516254,,,Unknown,"(51.516254, -0.119596)",http://opendatacommunities.org/id/london-borough-council/camden,8933,21/12/2020 02:48:44 PM
1190212510,CAMDEN,1 DRIVER/RIDER,2 FEMALE,25-59,30,1,3 SLIGHT,'-2 NOT APPLICABLE,'-2 NOT APPLICABLE,2 PEDAL CYCLE,"On Drury Lane, 25 metres north of the junction with Shelton Street.",2,20/09/2019 06:55:00 AM,Friday,6.55,3 BOR,5,0,2 ONE-WAY ST,20,00 NO JUN IN 20M,,0,0,9 UNKNOWN (S/R),2 DAYLIGHT,1 FINE,1 ROAD-DRY,9 UNKNOWN (S/R),9 UNKNOWN (S/R),530331,181256,-0.123098,51.515204,,,Unknown,"(51.515204, -0.123098)",http://opendatacommunities.org/id/london-borough-council/camden,9450,21/12/2020 02:48:44 PM
0115EK40476,CAMDEN,1 Driver/Rider,1 Male,60+,68,1,3 Slight,-2 Unknown,-2 N/A,5 Taxi,RUSSELL SQUARE J/W BERNARD ROAD,2,12/06/2015 06:40:00 AM,Friday,6.40,3 Bor,A,4200,6 Single Cwy,2 30 MPH,6 Crossroads,2 Auto Sig,B,504,5 Pedn Phase At Ats,1 Daylight,1 Fine,1 Road-Dry,0 None,0 None,530120,182090,-0.125829,51.522748,,,Unknown,"(51.522748, -0.125829)",http://opendatacommunities.org/id/london-borough-council/camden,4968,21/12/2020 02:48:36 PM
0116EK40372,CAMDEN,3 Pedestrian,1 Male,60+,67,1,2 Serious,05 Crossing Road (Not On Xing),1 From Drivers N/Side,1 Pedestrian,EVERSHOLT STREET J/W CRANLEIGH STREET,1,27/05/2016 04:18:00 PM,Friday,16.18,3 Bor,A,4200,6 Single Cwy,2 30 MPH,3 T/Stag Jun,4 Give Way/Uncontrolled,Unclassified,0,0 No Xing Facility In 50m,1 Daylight,1 Fine,1 Road-Dry,0 None,0 None,529360,183150,-0.136389,51.532448,,,Unknown,"(51.532448, -0.136389)",http://opendatacommunities.org/id/london-borough-council/camden,6293,21/12/2020 02:48:38 PM
0116EK40118,CAMDEN,3 Pedestrian,2 Female,25-59,42,1,3 Slight,01 Crossing Road On Ped Xing,3 From Drivers O/Side,1 Pedestrian,CAMDEN HIGH STREET J/W GREENLAND ROAD,1,17/02/2016 09:18:00 PM,Wednesday,21.18,1 TLRN,A,400,2 One-Way St,1 <= 20 MPH,7 Multi Jun,2 Auto Sig,A,4201,5 Pedn Phase At Ats,2 Dark,2 Raining,2 Road-Wet,0 None,0 None,528920,183870,-0.142465,51.539019,,,Unknown,"(51.539019, -0.142465)",http://opendatacommunities.org/id/london-borough-council/camden,6074,21/12/2020 02:48:38 PM
1160024977,CAMDEN,1 Driver/Rider,2 Female,25-59,26,1,3 Slight,-2 Unknown,-2 N/A,4 Car,OUTER CIRCLE 25M S OF J/W GLOUCESTER GATE,1,10/10/2016 01:30:00 PM,Monday,13.30,3 Bor,Unclassified,0,6 Single Cwy,2 30 MPH,0 No Jun In 20m,-2 Not Applicable,-2 Not Applicable,0,0 No Xing Facility In 50m,1 Daylight,1 Fine,1 Road-Dry,0 None,0 None,528550,183400,-0.147969,51.53488,,,Unknown,"(51.53488, -0.147969)",http://opendatacommunities.org/id/london-borough-council/camden,5939,21/12/2020 02:48:38 PM
1180134962,CAMDEN,1 Driver/Rider,1 Male,25-59,31,1,2 Serious,-2 Unknown,-2 N/A,3 Powered 2 Wheeler,CAMDEN HIGH STREET J/W BUCK STREET,2,25/09/2018 09:48:00 PM,Tuesday,21.48,3 Bor,A,502,2 One-Way St,1 <= 20 MPH,3 T/Stag Jun,4 Give Way/Uncontrolled,Unclassified,0,0 No Xing Facility In 50m,2 Dark,1 Fine,1 Road-Dry,0 None,0 None,528840,183980,-0.143578,51.540026,,,Unknown,"(51.540026, -0.143578)",http://opendatacommunities.org/id/london-borough-council/camden,8354,21/12/2020 02:48:42 PM
0115EK40405,CAMDEN,3 Pedestrian,1 Male,25-59,42,1,3 Slight,09 In Road - Not Crossing,9 Unknown Or Other,1 Pedestrian,NFL- MELTON STREET J/W DRUMMOND STREET,1,23/05/2015 04:30:00 PM,Saturday,16.30,3 Bor,C,0,6 Single Cwy,2 30 MPH,3 T/Stag Jun,4 Give Way/Uncontrolled,C,0,0 No Xing Facility In 50m,1 Daylight,1 Fine,1 Road-Dry,0 None,0 None,529470,182610,-0.135002,51.52757,,,Unknown,"(51.52757, -0.135002)",http://opendatacommunities.org/id/london-borough-council/camden,4901,21/12/2020 02:48:36 PM
0115EK40811,CAMDEN,1 Driver/Rider,1 Male,60+,73,1,3 Slight,-2 Unknown,-2 N/A,2 Pedal Cycle,KENTISH TOWN ROAD J/W REGIS ROAD,2,26/08/2015 05:55:00 PM,Wednesday,17.55,3 Bor,A,400,6 Single Cwy,2 30 MPH,6 Crossroads,2 Auto Sig,A,400,5 Pedn Phase At Ats,1 Daylight,1 Fine,1 Road-Dry,0 None,0 None,529010,185170,-0.140692,51.550682,,,Unknown,"(51.550682, -0.140692)",http://opendatacommunities.org/id/london-borough-council/camden,5269,21/12/2020 02:48:37 PM
1170027566,CAMDEN,1 Driver/Rider,1 Male,25-59,27,1,3 Slight,-2 Unknown,-2 N/A,3 Powered 2 Wheeler,ROSEBERY AVENUE 100M S OF J/W MOUNT PLEASANT,2,23/03/2017 04:40:00 PM,Thursday,16.40,3 Bor,A,401,6 Single Cwy,1 <= 20 MPH,0 No Jun In 20m,-2 Not Applicable,-2 Not Applicable,0,0 No Xing Facility In 50m,1 Daylight,1 Fine,1 Road-Dry,0 None,0 None,531109,182150,-0.11156,51.523058,,,Unknown,"(51.523058, -0.11156)",http://opendatacommunities.org/id/london-borough-council/camden,6811,21/12/2020 02:48:39 PM
1160025046,CAMDEN,1 Driver/Rider,1 Male,25-59,54,1,3 Slight,-2 Unknown,-2 N/A,7 Goods Vehicle,FINCHLEY ROAD J/W FROGNAL LANE,2,28/10/2016 03:14:00 PM,Friday,15.14,1 TLRN,A,41,6 Single Cwy,2 30 MPH,6 Crossroads,2 Auto Sig,C,0,5 Pedn Phase At Ats,1 Daylight,1 Fine,1 Road-Dry,0 None,0 None,525660,185350,-0.188918,51.553054,,,Unknown,"(51.553054, -0.188918)",http://opendatacommunities.org/id/london-borough-council/camden,5943,21/12/2020 02:48:38 PM
1170038332,CAMDEN,1 Driver/Rider,2 Female,25-59,33,1,3 Slight,-2 Unknown,-2 N/A,3 Powered 2 Wheeler,PLATT'S LANE J/W ROSECROFT AVENUE,2,17/05/2017 06:30:00 PM,Wednesday,18.30,3 Bor,C,0,1 Roundabout,2 30 MPH,2 Mini,4 Give Way/Uncontrolled,Unclassified,0,0 No Xing Facility In 50m,1 Daylight,2 Raining,2 Road-Wet,0 None,0 None,525410,186280,-0.192191,51.561468,,,Unknown,"(51.561468, -0.192191)",http://opendatacommunities.org/id/london-borough-council/camden,6982,21/12/2020 02:48:39 PM
0116EK40202,CAMDEN,1 Driver/Rider,1 Male,25-59,43,1,3 Slight,-2 Unknown,-2 N/A,2 Pedal Cycle,N.F.L EUSTON ROAD 25M SW OF MELTON STREET,2,03/04/2016 07:30:00 PM,Sunday,19.30,1 TLRN,A,501,3 Dual Cwy,2 30 MPH,0 No Jun In 20m,-2 Not Applicable,-2 Not Applicable,0,0 No Xing Facility In 50m,1 Daylight,1 Fine,1 Road-Dry,0 None,0 None,529540,182460,-0.134049,51.526206,,,Unknown,"(51.526206, -0.134049)",http://opendatacommunities.org/id/london-borough-council/camden,6149,21/12/2020 02:48:38 PM
1180096919,CAMDEN,1 Driver/Rider,1 Male,25-59,39,1,3 Slight,-2 Unknown,-2 N/A,2 Pedal Cycle,GRAYS INN ROAD 25M W OF J/W ELM STREET,2,08/03/2018 06:15:00 AM,Thursday,6.15,3 Bor,A,5200,6 Single Cwy,2 30 MPH,0 No Jun In 20m,-2 Not Applicable,-2 Not Applicable,0,9 Unknown (S/R),1 Daylight,1 Fine,1 Road-Dry,0 None,0 None,530920,182100,-0.114301,51.522653,,,Unknown,"(51.522653, -0.114301)",http://opendatacommunities.org/id/london-borough-council/camden,7821,21/12/2020 02:48:41 PM
1170052338,CAMDEN,1 Driver/Rider,1 Male,25-59,29,1,3 Slight,-2 Unknown,-2 N/A,2 Pedal Cycle,CAMDEN ROAD J/W MURRAY STREET,1,13/07/2017 06:25:00 PM,Thursday,18.25,1 TLRN,A,503,6 Single Cwy,2 30 MPH,3 T/Stag Jun,4 Give Way/Uncontrolled,Unclassified,0,0 No Xing Facility In 50m,1 Daylight,1 Fine,1 Road-Dry,0 None,0 None,529440,184530,-0.134729,51.544832,,,Unknown,"(51.544832, -0.134729)",http://opendatacommunities.org/id/london-borough-council/camden,7229,21/12/2020 02:48:40 PM
1180107401,CAMDEN,1 Driver/Rider,1 Male,25-59,27,1,3 Slight,-2 Unknown,-2 N/A,3 Powered 2 Wheeler,EVERSHOLT STREET J/W OAKLEY SQUARE,2,11/05/2018 10:40:00 PM,Friday,22.40,1 TLRN,A,4200,6 Single Cwy,1 <= 20 MPH,3 T/Stag Jun,4 Give Way/Uncontrolled,A,400,0 No Xing Facility In 50m,2 Dark,1 Fine,2 Road-Wet,1 Traf Sig Out,0 None,529290,183240,-0.137364,51.533273,,,Unknown,"(51.533273, -0.137364)",http://opendatacommunities.org/id/london-borough-council/camden,7987,21/12/2020 02:48:42 PM
1180126315,CAMDEN,1 Driver/Rider,2 Female,25-59,33,1,3 Slight,-2 Unknown,-2 N/A,5 Taxi,A40 25M N OF J/W A40 THE NEAREST CLASSIFIED ROAD WAS THE A40,1,10/08/2018 04:30:00 PM,Friday,16.30,3 Bor,A,40,2 One-Way St,1 <= 20 MPH,0 No Jun In 20m,-2 Not Applicable,-2 Not Applicable,0,1 Zebra,1 Daylight,2 Raining,9 Unknown (S/R),0 None,0 None,530300,181560,-0.123432,51.517943,,,Unknown,"(51.517943, -0.123432)",http://opendatacommunities.org/id/london-borough-council/camden,8241,21/12/2020 02:48:42 PM
1160024611,CAMDEN,1 Driver/Rider,1 Male,16-24,24,1,3 Slight,-2 Unknown,-2 N/A,2 Pedal Cycle,LEIGHTON ROAD J/W LADY MARGARET ROAD,2,11/10/2016 07:16:00 PM,Tuesday,19.16,3 Bor,C,0,6 Single Cwy,2 30 MPH,3 T/Stag Jun,4 Give Way/Uncontrolled,Unclassified,0,1 Zebra,2 Dark,9 Unknown,1 Road-Dry,0 None,0 None,529190,185190,-0.13809,51.55082,,,Unknown,"(51.55082, -0.13809)",http://opendatacommunities.org/id/london-borough-council/camden,5920,21/12/2020 02:48:38 PM
1160008256,CAMDEN,1 Driver/Rider,1 Male,25-59,59,1,2 Serious,-2 Unknown,-2 N/A,2 Pedal Cycle,EUSTON ROAD NW1 50M W OF J/W HAMPSTEAD ROAD NW1,2,21/12/2016 08:25:00 PM,Wednesday,20.25,1 TLRN,A,501,3 Dual Cwy,2 30 MPH,0 No Jun In 20m,-2 Not Applicable,-2 Not Applicable,0,0 No Xing Facility In 50m,2 Dark,1 Fine,1 Road-Dry,0 None,0 None,529176,182290,-0.139355,51.524761,,,Unknown,"(51.524761, -0.139355)",http://opendatacommunities.org/id/london-borough-council/camden,5795,21/12/2020 02:48:37 PM
1180098557,CAMDEN,1 Driver/Rider,2 Female,25-59,28,1,3 Slight,-2 Unknown,-2 N/A,2 Pedal Cycle,WARNER YARD J/W WARNER YARD,2,27/03/2018 09:00:00 AM,Tuesday,9.00,3 Bor,Unclassified,0,6 Single Cwy,1 <= 20 MPH,3 T/Stag Jun,4 Give Way/Uncontrolled,Unclassified,0,5 Pedn Phase At Ats,1 Daylight,2 Raining,2 Road-Wet,0 None,0 None,531120,182150,-0.111401,51.523056,,,Unknown,"(51.523056, -0.111401)",http://opendatacommunities.org/id/london-borough-council/camden,7844,21/12/2020 02:48:41 PM
0115CW10808,CAMDEN,1 Driver/Rider,1 Male,25-59,46,1,3 Slight,-2 Unknown,-2 N/A,2 Pedal Cycle,"OUTER CIRCLE, 50 METRES NORTH OF CHESTER GATE.",2,15/06/2015 07:35:00 AM,Monday,7.35,3 Bor,Unclassified,0,6 Single Cwy,2 30 MPH,0 No Jun In 20m,-2 Not Applicable,-2 Not Applicable,0,0 No Xing Facility In 50m,1 Daylight,1 Fine,1 Road-Dry,0 None,0 None,528710,182650,-0.145937,51.528103,,,Unknown,"(51.528103, -0.145937)",http://opendatacommunities.org/id/london-borough-council/camden,4564,21/12/2020 02:48:35 PM
1170078864,CAMDEN,3 Pedestrian,2 Female,16-24,23,1,2 Serious,04 Crossing Road Within 50m Xing,9 Unknown Or Other,1 Pedestrian,CAMDEN PARK ROAD J/W YORK WAY,1,18/12/2017 06:25:00 PM,Monday,18.25,3 Bor,A,5200,2 One-Way St,1 <= 20 MPH,3 T/Stag Jun,4 Give Way/Uncontrolled,A,5200,1 Zebra,2 Dark,1 Fine,2 Road-Wet,0 None,0 None,529980,184660,-0.126898,51.545876,,,Unknown,"(51.545876, -0.126898)",http://opendatacommunities.org/id/london-borough-council/camden,7619,21/12/2020 02:48:41 PM
1180140798,CAMDEN,1 Driver/Rider,2 Female,60+,72,1,3 Slight,-2 Unknown,-2 N/A,4 Car,ARLINGTON ROAD J/W DELANCEY STREET,3,23/10/2018 11:50:00 AM,Tuesday,11.50,3 Bor,Unclassified,0,2 One-Way St,1 <= 20 MPH,6 Crossroads,4 Give Way/Uncontrolled,A,503,5 Pedn Phase At Ats,1 Daylight,1 Fine,1 Road-Dry,0 None,0 None,528930,183610,-0.142416,51.53668,,,Unknown,"(51.53668, -0.142416)",http://opendatacommunities.org/id/london-borough-council/camden,8459,21/12/2020 02:48:43 PM
0116EK40278,CAMDEN,1 Driver/Rider,1 Male,25-59,30,1,3 Slight,-2 Unknown,-2 N/A,2 Pedal Cycle,CAMDEN ROAD J/W MURRAY STREET,2,25/04/2016 08:40:00 AM,Monday,8.40,1 TLRN,A,503,6 Single Cwy,2 30 MPH,3 T/Stag Jun,4 Give Way/Uncontrolled,Unclassified,0,0 No Xing Facility In 50m,1 Daylight,1 Fine,1 Road-Dry,0 None,0 None,529440,184520,-0.134732,51.544742,,,Unknown,"(51.544742, -0.134732)",http://opendatacommunities.org/id/london-borough-council/camden,6215,21/12/2020 02:48:38 PM