Reference,London Borough Name,Casualty Class,Casualty Sex,Casualty Age Band,Casualty Age,Number Of Casualties,Casualty Severity,Pedestrian Location,Pedestrian Movement,Mode Of Travel,Attendant Location,Number Of Vehicles,Date,Day,Time,Highway,Road Class 1,Road Number 1,Road Type,Speed Limit,Junction Detail,Junction Control,Road Class 2,Road Number 2,Pedestrian Crossing,Light Condition Band,Weather,Road Surface,Special Conditions,Carriage Way Hazard,Easting,Northing,Longitude,Latitude,Ward Code,Ward Name,Spatial Accuracy,Location,Organisation URI,Socrata ID,Last Uploaded
1180129949,CAMDEN,1 Driver/Rider,1 Male,25-59,35,1,2 Serious,-2 Unknown,-2 N/A,4 Car,A41 50M E OF J/W FROGNAL LANE,3,31/08/2018 10:51:00 PM,Friday,22.51,1 TLRN,A,41,3 Dual Cwy,2 30 MPH,0 No Jun In 20m,-2 Not Applicable,-2 Not Applicable,0,0 No Xing Facility In 50m,2 Dark,1 Fine,1 Road-Dry,0 None,0 None,525770,185290,-0.187354,51.552491,,,Unknown,"(51.552491, -0.187354)",http://opendatacommunities.org/id/london-borough-council/camden,8293,21/12/2020 02:48:42 PM
1180103825,CAMDEN,2 Passenger,1 Male,16-24,20,1,2 Serious,-2 Unknown,-2 N/A,4 Car,AGAR GROVE 100M W OF J/W MURRAY STREET,4,25/04/2018 01:07:00 AM,Wednesday,1.07,3 Bor,C,0,6 Single Cwy,1 <= 20 MPH,0 No Jun In 20m,-2 Not Applicable,-2 Not Applicable,0,0 No Xing Facility In 50m,2 Dark,1 Fine,2 Road-Wet,0 None,0 None,529520,184280,-0.133668,51.542567,,,Unknown,"(51.542567, -0.133668)",http://opendatacommunities.org/id/london-borough-council/camden,7926,21/12/2020 02:48:41 PM
1170061040,CAMDEN,1 Driver/Rider,1 Male,25-59,37,1,3 Slight,-2 Unknown,-2 N/A,4 Car,WOBURN PLACE 25M S OF J/W TAVISTOCK SQUARE,6,26/09/2017 01:19:00 PM,Tuesday,13.19,3 Bor,A,4200,3 Dual Cwy,1 <= 20 MPH,0 No Jun In 20m,-2 Not Applicable,-2 Not Applicable,0,5 Pedn Phase At Ats,1 Daylight,1 Fine,1 Road-Dry,0 None,0 None,529988,182283,-0.12766,51.524512,,,Unknown,"(51.524512, -0.12766)",http://opendatacommunities.org/id/london-borough-council/camden,7347,21/12/2020 02:48:40 PM
1180097995,CAMDEN,3 Pedestrian,1 Male,25-59,54,1,3 Slight,01 Crossing Road On Ped Xing,9 Unknown Or Other,1 Pedestrian,CAMDEN HIGH STREET J/W CASTLEHAVEN ROAD,1,23/03/2018 10:55:00 PM,Friday,22.55,3 Bor,C,0,2 One-Way St,1 <= 20 MPH,5 Slip Road,2 Auto Sig,A,502,5 Pedn Phase At Ats,2 Dark,2 Raining,2 Road-Wet,0 None,0 None,528690,184170,-0.14567,51.541768,,,Unknown,"(51.541768, -0.14567)",http://opendatacommunities.org/id/london-borough-council/camden,7834,21/12/2020 02:48:41 PM
1170050387,CAMDEN,1 Driver/Rider,2 Female,16-24,18,1,3 Slight,-2 Unknown,-2 N/A,4 Car,MILL LANE J/W FORDWYCH ROAD,2,25/07/2017 05:45:00 PM,Tuesday,17.45,3 Bor,C,0,6 Single Cwy,1 <= 20 MPH,6 Crossroads,4 Give Way/Uncontrolled,Unclassified,0,1 Zebra,1 Daylight,1 Fine,1 Road-Dry,0 None,0 None,524480,185060,-0.206031,51.550709,,,Unknown,"(51.550709, -0.206031)",http://opendatacommunities.org/id/london-borough-council/camden,7190,21/12/2020 02:48:40 PM
0116EO40332,CAMDEN,3 Pedestrian,2 Female,16-24,19,1,3 Slight,01 Crossing Road On Ped Xing,1 From Drivers N/Side,1 Pedestrian,PENTONVILLE RD J/W KING'S CROSS RD,1,06/05/2016 11:30:00 AM,Friday,11.30,1 TLRN,A,501,6 Single Cwy,1 <= 20 MPH,9 Other Jun,2 Auto Sig,A,501,5 Pedn Phase At Ats,1 Daylight,1 Fine,1 Road-Dry,0 None,0 None,530540,183010,-0.119438,51.530919,,,Unknown,"(51.530919, -0.119438)",http://opendatacommunities.org/id/london-borough-council/camden,6531,21/12/2020 02:48:39 PM
1180129128,CAMDEN,1 Driver/Rider,1 Male,25-59,51,1,3 Slight,-2 Unknown,-2 N/A,3 Powered 2 Wheeler,KILBURN HIGH ROAD J/W GREVILLE ROAD,2,26/08/2018 10:19:00 PM,Sunday,22.19,3 Bor,A,5,6 Single Cwy,2 30 MPH,3 T/Stag Jun,4 Give Way/Uncontrolled,Unclassified,0,1 Zebra,2 Dark,2 Raining,2 Road-Wet,0 None,0 None,525540,183460,-0.191322,51.536095,,,Unknown,"(51.536095, -0.191322)",http://opendatacommunities.org/id/london-borough-council/camden,8275,21/12/2020 02:48:42 PM
0115EK40526,CAMDEN,1 Driver/Rider,1 Male,25-59,39,1,3 Slight,-2 Unknown,-2 N/A,3 Powered 2 Wheeler,GRAY'S INN ROAD J/W ELM STREET,2,01/07/2015 06:50:00 AM,Wednesday,6.50,3 Bor,A,5200,6 Single Cwy,2 30 MPH,3 T/Stag Jun,4 Give Way/Uncontrolled,Unclassified,0,1 Zebra,1 Daylight,1 Fine,1 Road-Dry,0 None,0 None,530920,182100,-0.114301,51.522653,,,Unknown,"(51.522653, -0.114301)",http://opendatacommunities.org/id/london-borough-council/camden,5015,21/12/2020 02:48:36 PM
0115CW10761,CAMDEN,1 Driver/Rider,1 Male,25-59,51,1,3 Slight,-2 Unknown,-2 N/A,5 Taxi,OXFORD STREET J/W TOTTENHAM COURT ROAD & CHARING X ROAD,2,25/04/2015 10:40:00 AM,Saturday,10.40,3 Bor,A,40,6 Single Cwy,2 30 MPH,6 Crossroads,2 Auto Sig,A,400,5 Pedn Phase At Ats,1 Daylight,1 Fine,1 Road-Dry,0 None,0 None,529820,181370,-0.130416,51.516346,,,Unknown,"(51.516346, -0.130416)",http://opendatacommunities.org/id/london-borough-council/camden,4563,21/12/2020 02:48:35 PM
1170045541,CAMDEN,1 Driver/Rider,1 Male,16-24,24,1,3 Slight,-2 Unknown,-2 N/A,4 Car,PENTONVILLE ROAD 30M E OF J/W YORK WAY,2,28/06/2017 06:55:00 PM,Wednesday,18.55,1 TLRN,A,501,3 Dual Cwy,1 <= 20 MPH,0 No Jun In 20m,-2 Not Applicable,-2 Not Applicable,0,5 Pedn Phase At Ats,1 Daylight,1 Fine,1 Road-Dry,4 Roadworks,0 None,530360,182990,-0.122039,51.53078,,,Unknown,"(51.53078, -0.122039)",http://opendatacommunities.org/id/london-borough-council/camden,7090,21/12/2020 02:48:40 PM
1190176316,CAMDEN,3 PEDESTRIAN,2 FEMALE,25-59,48,1,3 SLIGHT,04 CROSSING ROAD WITHIN 50M XING,3 FROM DRIVERS O/SIDE,1 PEDESTRIAN,"On Kilburn High Road, 55 metres south of the junction with Willesden Lane.. The nearest classified road was the A4003",1,21/03/2019 07:50:00 PM,Thursday,19.50,3 BOR,A,5,6 SINGLE CWY,20,00 NO JUN IN 20M,,0,0,4 PELICAN OR SIMILAR,2 DAYLIGHT,1 FINE,1 ROAD-DRY,0 NONE,0 NONE,525104,184049,-0.197396,51.541486,,,Unknown,"(51.541486, -0.197396)",http://opendatacommunities.org/id/london-borough-council/camden,8939,21/12/2020 02:48:44 PM
0115EK40441,CAMDEN,1 Driver/Rider,1 Male,25-59,33,1,3 Slight,-2 Unknown,-2 N/A,4 Car,NFL- SPANIARDS ROAD 343M NE OF J/W NORTH END WAY,2,07/06/2015 09:50:00 PM,Sunday,21.50,3 Bor,B,519,6 Single Cwy,2 30 MPH,0 No Jun In 20m,-2 Not Applicable,-2 Not Applicable,0,0 No Xing Facility In 50m,2 Dark,1 Fine,1 Road-Dry,0 None,0 None,526410,186740,-0.177607,51.565379,,,Unknown,"(51.565379, -0.177607)",http://opendatacommunities.org/id/london-borough-council/camden,4933,21/12/2020 02:48:36 PM
0115EK40812,CAMDEN,3 Pedestrian,1 Male,16-24,19,1,3 Slight,05 Crossing Road (Not On Xing),1 From Drivers N/Side,1 Pedestrian,"TAVISTOCK SQUARE, 40 METRES SE OF ENDSLEIGH PLACE.",1,17/09/2015 03:34:00 PM,Thursday,15.34,3 Bor,Unclassified,0,6 Single Cwy,2 30 MPH,0 No Jun In 20m,-2 Not Applicable,-2 Not Applicable,0,0 No Xing Facility In 50m,1 Daylight,1 Fine,1 Road-Dry,0 None,0 None,529840,182340,-0.129771,51.525059,,,Unknown,"(51.525059, -0.129771)",http://opendatacommunities.org/id/london-borough-council/camden,5270,21/12/2020 02:48:37 PM
1190188029,CAMDEN,1 DRIVER/RIDER,2 FEMALE,25-59,39,1,3 SLIGHT,'-2 NOT APPLICABLE,'-2 NOT APPLICABLE,2 PEDAL CYCLE,"On Plender Street, near the junction with Royal College Street.",2,18/06/2019 05:10:00 PM,Tuesday,17.10,3 BOR,A,5202,2 ONE-WAY ST,20,03 T/STAG JUN,3 STOP SIGN,6,0,1 ZEBRA,2 DAYLIGHT,2 RAINING,2 ROAD-WET,0 NONE,0 NONE,529454,183707,-0.13483,51.537432,,,Unknown,"(51.537432, -0.13483)",http://opendatacommunities.org/id/london-borough-council/camden,9112,21/12/2020 02:48:44 PM
1170016320,CAMDEN,1 Driver/Rider,1 Male,25-59,47,1,3 Slight,-2 Unknown,-2 N/A,5 Taxi,AVENUE ROAD 45M S OF J/W ADLAIDE ROAD THE NEAREST CLASSIFIED ROAD,6,05/02/2017 12:30:00 PM,Sunday,12.30,3 Bor,B,525,6 Single Cwy,2 30 MPH,0 No Jun In 20m,-2 Not Applicable,-2 Not Applicable,0,0 No Xing Facility In 50m,1 Daylight,1 Fine,1 Road-Dry,0 None,0 None,526802,184085,-0.172911,51.541431,,,Unknown,"(51.541431, -0.172911)",http://opendatacommunities.org/id/london-borough-council/camden,6645,21/12/2020 02:48:39 PM
1190182184,CAMDEN,1 DRIVER/RIDER,1 MALE,25-59,30,1,3 SLIGHT,'-2 NOT APPLICABLE,'-2 NOT APPLICABLE,3 POWERED 2 WHEELER,"On Finchley Road, near the junction with HEATH DRIVE.",2,21/05/2019 08:30:00 AM,Tuesday,8.30,1 TLRN,A,41,3 DUAL CWY,30,06 CROSSROADS,2 AUTO SIG,6,0,0 NO XING FACILITY IN 50M,2 DAYLIGHT,1 FINE,1 ROAD-DRY,0 NONE,0 NONE,525512,185480,-0.191005,51.554256,,,Unknown,"(51.554256, -0.191005)",http://opendatacommunities.org/id/london-borough-council/camden,9027,21/12/2020 02:48:44 PM
1170051692,CAMDEN,1 Driver/Rider,1 Male,25-59,42,1,3 Slight,-2 Unknown,-2 N/A,4 Car,EUSTON ROAD J/W MIDLAND ROAD,2,03/07/2017 09:51:00 AM,Monday,9.51,1 TLRN,A,501,6 Single Cwy,2 30 MPH,6 Crossroads,4 Give Way/Uncontrolled,C,0,0 No Xing Facility In 50m,1 Daylight,1 Fine,1 Road-Dry,0 None,0 None,530070,182790,-0.126291,51.52905,,,Unknown,"(51.52905, -0.126291)",http://opendatacommunities.org/id/london-borough-council/camden,7213,21/12/2020 02:48:40 PM
1170065245,CAMDEN,2 Passenger,2 Female,Unknown,0,1,3 Slight,-2 Unknown,-2 N/A,4 Car,CAMDEN ROAD J/W CAMDEN PARK ROAD,3,18/10/2017 12:26:00 PM,Wednesday,12.26,1 TLRN,A,503,3 Dual Cwy,5 60 MPH,6 Crossroads,2 Auto Sig,A,5200,1 Zebra,1 Daylight,2 Raining,2 Road-Wet,0 None,0 None,529719,184867,-0.130583,51.547796,,,Unknown,"(51.547796, -0.130583)",http://opendatacommunities.org/id/london-borough-council/camden,7435,21/12/2020 02:48:40 PM
1170050387,CAMDEN,1 Driver/Rider,2 Female,Unknown,0,1,3 Slight,-2 Unknown,-2 N/A,4 Car,MILL LANE J/W FORDWYCH ROAD,2,25/07/2017 05:45:00 PM,Tuesday,17.45,3 Bor,C,0,6 Single Cwy,1 <= 20 MPH,6 Crossroads,4 Give Way/Uncontrolled,Unclassified,0,1 Zebra,1 Daylight,1 Fine,1 Road-Dry,0 None,0 None,524480,185060,-0.206031,51.550709,,,Unknown,"(51.550709, -0.206031)",http://opendatacommunities.org/id/london-borough-council/camden,7191,21/12/2020 02:48:40 PM
0116EK40186,CAMDEN,1 Driver/Rider,1 Male,25-59,39,1,3 Slight,-2 Unknown,-2 N/A,3 Powered 2 Wheeler,BEDFORD WAY 60M SOUTH J/W TAVISTOCK SQUARE,2,24/03/2016 11:45:00 AM,Thursday,11.45,3 Bor,C,0,6 Single Cwy,1 <= 20 MPH,0 No Jun In 20m,-2 Not Applicable,-2 Not Applicable,0,0 No Xing Facility In 50m,1 Daylight,1 Fine,1 Road-Dry,0 None,0 None,529930,182200,-0.128526,51.52378,,,Unknown,"(51.52378, -0.128526)",http://opendatacommunities.org/id/london-borough-council/camden,6132,21/12/2020 02:48:38 PM
1160012381,CAMDEN,3 Pedestrian,1 Male,16-24,24,1,3 Slight,04 Crossing Road Within 50m Xing,1 From Drivers N/Side,1 Pedestrian,"ON EUSTON ROAD, NEAR THE JUNCTION WITH OSSULTON STREET .",1,28/09/2016 03:08:00 PM,Wednesday,15.08,1 TLRN,A,501,6 Single Cwy,2 30 MPH,3 T/Stag Jun,2 Auto Sig,C,0,5 Pedn Phase At Ats,1 Daylight,1 Fine,1 Road-Dry,0 None,0 None,529970,182730,-0.127754,51.528534,,,Unknown,"(51.528534, -0.127754)",http://opendatacommunities.org/id/london-borough-council/camden,5824,21/12/2020 02:48:37 PM
1190229544,CAMDEN,3 PEDESTRIAN,2 FEMALE,0-15,10,2,3 SLIGHT,04 CROSSING ROAD WITHIN 50M XING,9 UNKNOWN OR OTHER,1 PEDESTRIAN,"On Chalk Farm Road, near the junction with Ferdinand Street .",1,29/10/2019 04:30:00 PM,Tuesday,16.30,3 BOR,A,502,6 SINGLE CWY,20,03 T/STAG JUN,2 AUTO SIG,B,517,1 ZEBRA,2 DAYLIGHT,1 FINE,1 ROAD-DRY,0 NONE,0 NONE,528466,184289,-0.148855,51.542888,,,Unknown,"(51.542888, -0.148855)",http://opendatacommunities.org/id/london-borough-council/camden,9664,21/12/2020 02:48:45 PM
1160025601,CAMDEN,1 Driver/Rider,1 Male,16-24,24,1,3 Slight,-2 Unknown,-2 N/A,2 Pedal Cycle,FORTESS ROAD 30M S OF J/W BELINA MEWS,2,18/10/2016 03:13:00 PM,Tuesday,15.13,3 Bor,A,400,6 Single Cwy,2 30 MPH,0 No Jun In 20m,-2 Not Applicable,-2 Not Applicable,0,0 No Xing Facility In 50m,1 Daylight,1 Fine,1 Road-Dry,0 None,0 None,529030,185570,-0.140257,51.554272,,,Unknown,"(51.554272, -0.140257)",http://opendatacommunities.org/id/london-borough-council/camden,5950,21/12/2020 02:48:38 PM
1170044997,CAMDEN,2 Passenger,1 Male,16-24,17,1,3 Slight,-2 Unknown,-2 N/A,3 Powered 2 Wheeler,YORK WAY J/W BREWERY ROAD,2,26/06/2017 03:25:00 PM,Monday,15.25,3 Bor,A,5200,6 Single Cwy,2 30 MPH,3 T/Stag Jun,4 Give Way/Uncontrolled,Unclassified,0,0 No Xing Facility In 50m,1 Daylight,1 Fine,1 Road-Dry,0 None,0 None,530040,184470,-0.126103,51.544155,,,Unknown,"(51.544155, -0.126103)",http://opendatacommunities.org/id/london-borough-council/camden,7085,21/12/2020 02:48:40 PM
1160001049,CAMDEN,3 Pedestrian,1 Male,25-59,40,1,3 Slight,01 Crossing Road On Ped Xing,1 From Drivers N/Side,1 Pedestrian,SOUTH END ROAD J/W SOUTH END GREEN,1,10/11/2016 05:30:00 PM,Thursday,17.30,3 Bor,C,0,6 Single Cwy,1 <= 20 MPH,6 Crossroads,4 Give Way/Uncontrolled,Unclassified,0,1 Zebra,2 Dark,1 Fine,2 Road-Wet,0 None,0 None,527270,185550,-0.165636,51.554491,,,Unknown,"(51.554491, -0.165636)",http://opendatacommunities.org/id/london-borough-council/camden,5656,21/12/2020 02:48:37 PM
0115EK41117,CAMDEN,1 Driver/Rider,1 Male,25-59,30,1,3 Slight,-2 Unknown,-2 N/A,3 Powered 2 Wheeler,MALDEN ROAD J/W PRINCE OF WALES ROAD,2,13/12/2015 11:33:00 PM,Sunday,23.33,3 Bor,B,517,6 Single Cwy,1 <= 20 MPH,7 Multi Jun,2 Auto Sig,C,0,5 Pedn Phase At Ats,2 Dark,1 Fine,1 Road-Dry,0 None,0 None,528320,184620,-0.150838,51.545896,,,Unknown,"(51.545896, -0.150838)",http://opendatacommunities.org/id/london-borough-council/camden,5528,21/12/2020 02:48:37 PM
0115EK41075,CAMDEN,1 Driver/Rider,2 Female,25-59,27,1,3 Slight,-2 Unknown,-2 N/A,2 Pedal Cycle,GLOUCESTER GATE BRIDGE J/W PARK VILLAGE EAST,2,21/11/2015 05:15:00 PM,Saturday,17.15,3 Bor,A,4201,2 One-Way St,2 30 MPH,6 Crossroads,2 Auto Sig,C,0,5 Pedn Phase At Ats,2 Dark,1 Fine,1 Road-Dry,0 None,0 None,528620,183510,-0.14692,51.535852,,,Unknown,"(51.535852, -0.14692)",http://opendatacommunities.org/id/london-borough-council/camden,5485,21/12/2020 02:48:37 PM
1190193424,CAMDEN,3 PEDESTRIAN,1 MALE,25-59,34,1,3 SLIGHT,01 CROSSING ROAD ON PED XING,'-2 NOT APPLICABLE,1 PEDESTRIAN,"Location uncertain. On Tavistock Square, 20 metres north of the junction with TAVISTOCK SQUARE.",1,12/07/2019 04:20:00 PM,Friday,16.20,3 BOR,A,4200,6 SINGLE CWY,20,09 OTHER JUN,2 AUTO SIG,6,0,1 ZEBRA,2 DAYLIGHT,1 FINE,1 ROAD-DRY,0 NONE,0 NONE,529868,182444,-0.129329,51.525987,,,Unknown,"(51.525987, -0.129329)",http://opendatacommunities.org/id/london-borough-council/camden,9184,21/12/2020 02:48:44 PM
1170031059,CAMDEN,3 Pedestrian,2 Female,25-59,46,1,3 Slight,02 Crossing Road In Zig-Zag App,3 From Drivers O/Side,1 Pedestrian,CANFIELD GARDENS J/W BROADHURST GARDENS,1,08/04/2017 07:52:00 PM,Saturday,19.52,3 Bor,Unclassified,0,6 Single Cwy,1 <= 20 MPH,7 Multi Jun,1 Auth Person,Unclassified,0,1 Zebra,2 Dark,1 Fine,1 Road-Dry,0 None,0 None,525980,184820,-0.184495,51.54822,,,Unknown,"(51.54822, -0.184495)",http://opendatacommunities.org/id/london-borough-council/camden,6861,21/12/2020 02:48:39 PM
1160004753,CAMDEN,3 Pedestrian,2 Female,60+,66,1,2 Serious,09 In Road - Not Crossing,5 In Rd Not Crossing,1 Pedestrian,POND SQUARE 25M N OF J/W SOUTH GROVE,1,02/12/2016 01:58:00 PM,Friday,13.58,3 Bor,Unclassified,0,2 One-Way St,1 <= 20 MPH,0 No Jun In 20m,-2 Not Applicable,-2 Not Applicable,0,0 No Xing Facility In 50m,1 Daylight,1 Fine,2 Road-Wet,0 None,0 None,528400,187370,-0.148682,51.570591,,,Unknown,"(51.570591, -0.148682)",http://opendatacommunities.org/id/london-borough-council/camden,5725,21/12/2020 02:48:37 PM
0115EK41091,CAMDEN,1 Driver/Rider,1 Male,25-59,28,1,3 Slight,-2 Unknown,-2 N/A,2 Pedal Cycle,"HIGHGATE WEST HILL, 100 METRES SW OF SOUTH GROVE.",2,07/12/2015 08:15:00 PM,Monday,20.15,3 Bor,C,0,6 Single Cwy,2 30 MPH,0 No Jun In 20m,-2 Not Applicable,-2 Not Applicable,0,0 No Xing Facility In 50m,2 Dark,1 Fine,1 Road-Dry,0 None,0 None,528130,187130,-0.152663,51.568496,,,Unknown,"(51.568496, -0.152663)",http://opendatacommunities.org/id/london-borough-council/camden,5496,21/12/2020 02:48:37 PM
0116EK40513,CAMDEN,1 Driver/Rider,1 Male,25-59,30,1,3 Slight,-2 Unknown,-2 N/A,4 Car,HIGHGATE HIGH STREET J/W BISHAM GARDENS,2,06/07/2016 07:25:00 AM,Wednesday,7.25,3 Bor,B,519,6 Single Cwy,2 30 MPH,3 T/Stag Jun,4 Give Way/Uncontrolled,Unclassified,0,4 Pelican Or Similar,1 Daylight,1 Fine,1 Road-Dry,0 None,0 None,528590,187350,-0.145949,51.570368,,,Unknown,"(51.570368, -0.145949)",http://opendatacommunities.org/id/london-borough-council/camden,6421,21/12/2020 02:48:38 PM
0115EK40980,CAMDEN,1 Driver/Rider,1 Male,25-59,53,1,2 Serious,-2 Unknown,-2 N/A,2 Pedal Cycle,HIGHGATE WEST HILL J/W SOUTH GROVE.,2,23/10/2015 07:15:00 PM,Friday,19.15,3 Bor,C,0,6 Single Cwy,1 <= 20 MPH,3 T/Stag Jun,4 Give Way/Uncontrolled,Unclassified,0,1 Zebra,2 Dark,1 Fine,1 Road-Dry,0 None,0 None,528220,187270,-0.151314,51.569734,,,Unknown,"(51.569734, -0.151314)",http://opendatacommunities.org/id/london-borough-council/camden,5411,21/12/2020 02:48:37 PM
1190155454,CAMDEN,1 DRIVER/RIDER,1 MALE,25-59,49,2,3 SLIGHT,'-2 NOT APPLICABLE,'-2 NOT APPLICABLE,4 CAR,"On Grays Inn Road, near the junction with ST CHAD'S PLACE, NW1.",4,02/01/2019 06:38:00 PM,Wednesday,18.38,1 TLRN,A,5203,2 ONE-WAY ST,30,09 OTHER JUN,2 AUTO SIG,A,501,0 NO XING FACILITY IN 50M,1 DARK,1 FINE,1 ROAD-DRY,0 NONE,0 NONE,530455,182926,-0.120694,51.530183,,,Unknown,"(51.530183, -0.120694)",http://opendatacommunities.org/id/london-borough-council/camden,8667,21/12/2020 02:48:43 PM
1180137856,CAMDEN,3 Pedestrian,2 Female,25-59,35,1,2 Serious,05 Crossing Road (Not On Xing),1 From Drivers N/Side,1 Pedestrian,CLERKENWELL ROAD 25M E OF J/W SAFFRON HILL,1,09/10/2018 03:38:00 PM,Tuesday,15.38,3 Bor,A,5201,6 Single Cwy,1 <= 20 MPH,0 No Jun In 20m,-2 Not Applicable,-2 Not Applicable,0,0 No Xing Facility In 50m,1 Daylight,1 Fine,1 Road-Dry,0 None,0 None,531370,182050,-0.107837,51.522099,,,Unknown,"(51.522099, -0.107837)",http://opendatacommunities.org/id/london-borough-council/camden,8405,21/12/2020 02:48:42 PM
1180096996,CAMDEN,3 Pedestrian,2 Female,25-59,28,1,2 Serious,04 Crossing Road Within 50m Xing,2 From Drivers N/Side Msk,1 Pedestrian,KENTISH TOWN ROAD J/W ISLIP STREET,1,19/03/2018 07:10:00 AM,Monday,7.10,3 Bor,A,400,6 Single Cwy,1 <= 20 MPH,3 T/Stag Jun,4 Give Way/Uncontrolled,Unclassified,0,5 Pedn Phase At Ats,1 Daylight,1 Fine,2 Road-Wet,0 None,0 None,529000,185060,-0.140876,51.549695,,,Unknown,"(51.549695, -0.140876)",http://opendatacommunities.org/id/london-borough-council/camden,7823,21/12/2020 02:48:41 PM
1190174946,CAMDEN,3 PEDESTRIAN,1 MALE,60+,78,1,2 SERIOUS,04 CROSSING ROAD WITHIN 50M XING,9 UNKNOWN OR OTHER,1 PEDESTRIAN,"On Guilford Place, near the junction with Guildford Street.",1,13/04/2019 03:50:00 PM,Saturday,15.50,3 BOR,B,502,6 SINGLE CWY,20,03 T/STAG JUN,4 GIVE WAY/UNCONTROLLED,5,0,8 CENTRAL REFUGE,2 DAYLIGHT,1 FINE,1 ROAD-DRY,4 ROADWORKS,0 NONE,530566,182193,-0.119366,51.52357,,,Unknown,"(51.52357, -0.119366)",http://opendatacommunities.org/id/london-borough-council/camden,8923,21/12/2020 02:48:44 PM
1180100970,CAMDEN,3 Pedestrian,1 Male,Unknown,0,1,3 Slight,10 Unknown,9 Unknown Or Other,1 Pedestrian,HIGH HOLBORN 25M W OF J/W MUSEUM STREET,1,09/04/2018 12:35:00 PM,Monday,12.35,3 Bor,A,40,2 One-Way St,2 30 MPH,0 No Jun In 20m,-2 Not Applicable,-2 Not Applicable,0,9 Unknown (S/R),1 Daylight,2 Raining,2 Road-Wet,9 Unknown (S/R),0 None,530260,181410,-0.124064,51.516604,,,Unknown,"(51.516604, -0.124064)",http://opendatacommunities.org/id/london-borough-council/camden,7875,21/12/2020 02:48:41 PM
0115EK40446,CAMDEN,3 Pedestrian,1 Male,25-59,27,1,3 Slight,04 Crossing Road Within 50m Xing,2 From Drivers N/Side Msk,1 Pedestrian,ADELAIDE ROAD J/W AVENUE ROAD,1,07/06/2015 12:26:00 AM,Sunday,0.26,1 TLRN,B,509,6 Single Cwy,2 30 MPH,6 Crossroads,2 Auto Sig,B,525,5 Pedn Phase At Ats,2 Dark,1 Fine,1 Road-Dry,0 None,0 None,526790,184130,-0.173068,51.541838,,,Unknown,"(51.541838, -0.173068)",http://opendatacommunities.org/id/london-borough-council/camden,4939,21/12/2020 02:48:36 PM
1170065837,CAMDEN,3 Pedestrian,1 Male,25-59,33,1,3 Slight,05 Crossing Road (Not On Xing),9 Unknown Or Other,1 Pedestrian,TAVISTOCK PLACE J/W HERBRAND STREET,1,21/10/2017 06:30:00 PM,Saturday,18.30,3 Bor,C,0,6 Single Cwy,1 <= 20 MPH,3 T/Stag Jun,4 Give Way/Uncontrolled,Unclassified,0,0 No Xing Facility In 50m,2 Dark,2 Raining,2 Road-Wet,0 None,0 None,530054,182363,-0.126679,51.525216,,,Unknown,"(51.525216, -0.126679)",http://opendatacommunities.org/id/london-borough-council/camden,7449,21/12/2020 02:48:40 PM
1180098311,CAMDEN,1 Driver/Rider,1 Male,16-24,19,1,3 Slight,-2 Unknown,-2 N/A,3 Powered 2 Wheeler,RAYDON STREET J/W BALMORE STREET,2,26/03/2018 01:44:00 AM,Monday,1.44,3 Bor,Unclassified,0,2 One-Way St,2 30 MPH,3 T/Stag Jun,4 Give Way/Uncontrolled,Unclassified,0,0 No Xing Facility In 50m,2 Dark,1 Fine,1 Road-Dry,0 None,0 None,528870,186630,-0.142175,51.563834,,,Unknown,"(51.563834, -0.142175)",http://opendatacommunities.org/id/london-borough-council/camden,7841,21/12/2020 02:48:41 PM
0116EK40211,CAMDEN,1 Driver/Rider,1 Male,16-24,21,1,3 Slight,-2 Unknown,-2 N/A,3 Powered 2 Wheeler,CAMDEN PARK ROAD J/W CAMDEN ROAD,2,09/04/2016 12:01:00 PM,Saturday,12.01,1 TLRN,A,5200,6 Single Cwy,2 30 MPH,6 Crossroads,2 Auto Sig,A,503,5 Pedn Phase At Ats,1 Daylight,1 Fine,1 Road-Dry,0 None,0 None,529730,184860,-0.130427,51.547731,,,Unknown,"(51.547731, -0.130427)",http://opendatacommunities.org/id/london-borough-council/camden,6157,21/12/2020 02:48:38 PM
1190202844,CAMDEN,1 DRIVER/RIDER,1 MALE,16-24,22,1,2 SERIOUS,'-2 NOT APPLICABLE,'-2 NOT APPLICABLE,2 PEDAL CYCLE,"On Tottenham Court Road, near the junction with New Oxford Street.",2,30/08/2019 06:40:00 PM,Friday,18.40,3 BOR,A,400,6 SINGLE CWY,30,06 CROSSROADS,2 AUTO SIG,A,40,5 PEDN PHASE AT ATS,2 DAYLIGHT,1 FINE,1 ROAD-DRY,0 NONE,0 NONE,529817,181389,-0.130452,51.516517,,,Unknown,"(51.516517, -0.130452)",http://opendatacommunities.org/id/london-borough-council/camden,9322,21/12/2020 02:48:44 PM