Reference,London Borough Name,Casualty Class,Casualty Sex,Casualty Age Band,Casualty Age,Number Of Casualties,Casualty Severity,Pedestrian Location,Pedestrian Movement,Mode Of Travel,Attendant Location,Number Of Vehicles,Date,Day,Time,Highway,Road Class 1,Road Number 1,Road Type,Speed Limit,Junction Detail,Junction Control,Road Class 2,Road Number 2,Pedestrian Crossing,Light Condition Band,Weather,Road Surface,Special Conditions,Carriage Way Hazard,Easting,Northing,Longitude,Latitude,Ward Code,Ward Name,Spatial Accuracy,Location,Organisation URI,Socrata ID,Last Uploaded
1180102448,CAMDEN,1 Driver/Rider,1 Male,16-24,24,1,3 Slight,-2 Unknown,-2 N/A,3 Powered 2 Wheeler,LITHOS ROAD J/W FINCHLEY ROAD,2,18/04/2018 03:18:00 PM,Wednesday,15.18,1 TLRN,Unclassified,0,3 Dual Cwy,2 30 MPH,3 T/Stag Jun,1 Auth Person,A,41,0 No Xing Facility In 50m,1 Daylight,1 Fine,1 Road-Dry,0 None,0 None,526120,185000,-0.182412,51.549806,,,Unknown,"(51.549806, -0.182412)",http://opendatacommunities.org/id/london-borough-council/camden,7903,21/12/2020 02:48:41 PM
0116EK40266,CAMDEN,1 Driver/Rider,1 Male,25-59,41,1,3 Slight,-2 Unknown,-2 N/A,2 Pedal Cycle,BYNG PLACE J/W TORRINGTON SQUARE,2,19/04/2016 10:00:00 AM,Tuesday,10.00,3 Bor,C,0,2 One-Way St,1 <= 20 MPH,3 T/Stag Jun,4 Give Way/Uncontrolled,Unclassified,0,0 No Xing Facility In 50m,1 Daylight,1 Fine,1 Road-Dry,0 None,0 None,529750,182140,-0.131141,51.523282,,,Unknown,"(51.523282, -0.131141)",http://opendatacommunities.org/id/london-borough-council/camden,6205,21/12/2020 02:48:38 PM
1180080971,CAMDEN,1 Driver/Rider,1 Male,25-59,48,1,3 Slight,-2 Unknown,-2 N/A,5 Taxi,EUSTON ROAD 80M E OF J/W FITZROY STREET,2,01/01/2018 01:30:00 AM,Monday,1.30,1 TLRN,A,501,3 Dual Cwy,2 30 MPH,0 No Jun In 20m,-2 Not Applicable,-2 Not Applicable,0,0 No Xing Facility In 50m,2 Dark,1 Fine,1 Road-Dry,0 None,0 None,529150,182270,-0.139737,51.524588,,,Unknown,"(51.524588, -0.139737)",http://opendatacommunities.org/id/london-borough-council/camden,7641,21/12/2020 02:48:41 PM
1180148093,CAMDEN,2 Passenger,2 Female,60+,79,1,2 Serious,-2 Unknown,-2 N/A,6 Bus Or Coach,YORK WAY J/W COPENHAGEN STREET,1,26/11/2018 08:58:00 AM,Monday,8.58,3 Bor,A,5200,6 Single Cwy,1 <= 20 MPH,6 Crossroads,2 Auto Sig,B,154,4 Pelican Or Similar,1 Daylight,1 Fine,1 Road-Dry,4 Roadworks,2 Other Object In Cwy,530310,183670,-0.122508,51.536903,,,Unknown,"(51.536903, -0.122508)",http://opendatacommunities.org/id/london-borough-council/camden,8555,21/12/2020 02:48:43 PM
1190203288,CAMDEN,2 PASSENGER,2 FEMALE,U,,3,3 SLIGHT,'-2 NOT APPLICABLE,9 UNKNOWN OR OTHER,5 TAXI,Location uncertain Arkwright Road jw Finchley Rd,2,04/09/2019 02:40:00 PM,Wednesday,14.40,1 TLRN,A,41,3 DUAL CWY,30,07 MULTI JUN,2 AUTO SIG,5,0,0 NO XING FACILITY IN 50M,2 DAYLIGHT,1 FINE,1 ROAD-DRY,0 NONE,0 NONE,526020,185119,-0.183811,51.550898,,,Unknown,"(51.550898, -0.183811)",http://opendatacommunities.org/id/london-borough-council/camden,9331,21/12/2020 02:48:44 PM
1170037243,CAMDEN,3 Pedestrian,2 Female,60+,65,1,3 Slight,04 Crossing Road Within 50m Xing,9 Unknown Or Other,1 Pedestrian,PANCRAS ROAD J/W KINGS CROSS BOULEVARD N1C,1,21/03/2017 01:50:00 PM,Tuesday,13.50,3 Bor,A,5202,6 Single Cwy,1 <= 20 MPH,9 Other Jun,4 Give Way/Uncontrolled,Unclassified,0,4 Pelican Or Similar,1 Daylight,1 Fine,1 Road-Dry,0 None,0 None,530110,183090,-0.125604,51.531737,,,Unknown,"(51.531737, -0.125604)",http://opendatacommunities.org/id/london-borough-council/camden,6961,21/12/2020 02:48:39 PM
0115EK40460,CAMDEN,1 Driver/Rider,1 Male,25-59,43,1,3 Slight,-2 Unknown,-2 N/A,2 Pedal Cycle,HAMPSTEAD ROAD J/W GRANBY TERRACE,2,10/06/2015 07:28:00 PM,Wednesday,19.28,1 TLRN,A,400,3 Dual Cwy,3 40 MPH,3 T/Stag Jun,2 Auto Sig,C,0,5 Pedn Phase At Ats,1 Daylight,1 Fine,1 Road-Dry,0 None,0 None,529170,183060,-0.139159,51.531683,,,Unknown,"(51.531683, -0.139159)",http://opendatacommunities.org/id/london-borough-council/camden,4952,21/12/2020 02:48:36 PM
1170030663,CAMDEN,1 Driver/Rider,1 Male,25-59,45,1,3 Slight,-2 Unknown,-2 N/A,5 Taxi,EVERSHOLT STREET J/W LIDLINGTON PLACE,2,06/04/2017 12:25:00 PM,Thursday,12.25,1 TLRN,A,4200,3 Dual Cwy,1 <= 20 MPH,9 Other Jun,2 Auto Sig,A,400,5 Pedn Phase At Ats,1 Daylight,1 Fine,1 Road-Dry,0 None,0 None,529305,183236,-0.13715,51.533234,,,Unknown,"(51.533234, -0.13715)",http://opendatacommunities.org/id/london-borough-council/camden,6851,21/12/2020 02:48:39 PM
0116EK40111,CAMDEN,3 Pedestrian,1 Male,60+,96,1,3 Slight,09 In Road - Not Crossing,5 In Rd Not Crossing,1 Pedestrian,FORTUNE GREEN ROAD J/W PARSIFAL ROAD,1,29/02/2016 04:33:00 PM,Monday,16.33,3 Bor,B,510,6 Single Cwy,1 <= 20 MPH,3 T/Stag Jun,4 Give Way/Uncontrolled,Unclassified,0,0 No Xing Facility In 50m,1 Daylight,1 Fine,1 Road-Dry,0 None,0 None,525250,185360,-0.194825,51.553235,,,Unknown,"(51.553235, -0.194825)",http://opendatacommunities.org/id/london-borough-council/camden,6069,21/12/2020 02:48:38 PM
1170043176,CAMDEN,1 Driver/Rider,2 Female,25-59,33,1,3 Slight,-2 Unknown,-2 N/A,4 Car,THE MOUNT J/W HEATH STREET,2,15/06/2017 03:52:00 PM,Thursday,15.52,3 Bor,Unclassified,0,6 Single Cwy,1 <= 20 MPH,3 T/Stag Jun,4 Give Way/Uncontrolled,A,502,1 Zebra,2 Dark,1 Fine,1 Road-Dry,0 None,0 None,526340,185980,-0.178889,51.558564,,,Unknown,"(51.558564, -0.178889)",http://opendatacommunities.org/id/london-borough-council/camden,7047,21/12/2020 02:48:39 PM
1190222273,CAMDEN,3 PEDESTRIAN,2 FEMALE,25-59,51,2,3 SLIGHT,04 CROSSING ROAD WITHIN 50M XING,'-2 NOT APPLICABLE,1 PEDESTRIAN,"On Woburn Place, near the junction with Coram Street.",1,02/12/2019 07:18:00 PM,Monday,19.18,3 BOR,A,4200,6 SINGLE CWY,20,03 T/STAG JUN,4 GIVE WAY/UNCONTROLLED,6,0,4 PELICAN OR SIMILAR,1 DARK,1 FINE,1 ROAD-DRY,0 NONE,0 NONE,530041,182208,-0.126924,51.523826,,,Unknown,"(51.523826, -0.126924)",http://opendatacommunities.org/id/london-borough-council/camden,9574,21/12/2020 02:48:45 PM
0115EK40300,CAMDEN,1 Driver/Rider,1 Male,25-59,26,1,3 Slight,-2 Unknown,-2 N/A,2 Pedal Cycle,TOTTENHAM COURT ROAD J/W TORRINGTON PLACE,2,20/04/2015 08:00:00 AM,Monday,8.00,3 Bor,A,400,6 Single Cwy,2 30 MPH,3 T/Stag Jun,2 Auto Sig,C,0,5 Pedn Phase At Ats,1 Daylight,1 Fine,1 Road-Dry,0 None,0 None,529480,181910,-0.135115,51.521277,,,Unknown,"(51.521277, -0.135115)",http://opendatacommunities.org/id/london-borough-council/camden,4819,21/12/2020 02:48:36 PM
1170057591,CAMDEN,3 Pedestrian,2 Female,25-59,53,1,3 Slight,04 Crossing Road Within 50m Xing,1 From Drivers N/Side,1 Pedestrian,KENTISH TOWN ROAD J/W HOLMES ROAD,1,06/09/2017 11:01:00 AM,Wednesday,11.01,3 Bor,A,400,6 Single Cwy,1 <= 20 MPH,3 T/Stag Jun,4 Give Way/Uncontrolled,Unclassified,0,8 Central Refuge,1 Daylight,1 Fine,1 Road-Dry,0 None,2 Other Object In Cwy,528990,184980,-0.14105,51.548979,,,Unknown,"(51.548979, -0.14105)",http://opendatacommunities.org/id/london-borough-council/camden,7297,21/12/2020 02:48:40 PM
1160010903,CAMDEN,1 Driver/Rider,2 Female,25-59,45,1,3 Slight,-2 Unknown,-2 N/A,4 Car,NEW END SQUARE J/W NEW ROAD,2,12/12/2016 09:00:00 AM,Monday,9.00,3 Bor,Unclassified,0,6 Single Cwy,2 30 MPH,6 Crossroads,2 Auto Sig,Unclassified,0,9 Unknown (S/R),2 Dark,1 Fine,2 Road-Wet,9 Unknown (S/R),0 None,526520,185980,-0.176294,51.558524,,,Unknown,"(51.558524, -0.176294)",http://opendatacommunities.org/id/london-borough-council/camden,5819,21/12/2020 02:48:37 PM
1180102995,CAMDEN,1 Driver/Rider,1 Male,25-59,31,1,3 Slight,-2 Unknown,-2 N/A,2 Pedal Cycle,GRAY'S INN SQUARE J/W VERULAM STREET,1,20/04/2018 06:45:00 PM,Friday,18.45,3 Bor,A,5200,6 Single Cwy,1 <= 20 MPH,3 T/Stag Jun,4 Give Way/Uncontrolled,Unclassified,0,4 Pelican Or Similar,1 Daylight,1 Fine,1 Road-Dry,0 None,0 None,531060,181820,-0.112388,51.520104,,,Unknown,"(51.520104, -0.112388)",http://opendatacommunities.org/id/london-borough-council/camden,7915,21/12/2020 02:48:41 PM
1180132146,CAMDEN,3 Pedestrian,1 Male,0-15,11,1,3 Slight,01 Crossing Road On Ped Xing,9 Unknown Or Other,1 Pedestrian,MALDEN ROAD 45M S OF J/W MARSDEN STREET,1,12/09/2018 08:20:00 AM,Wednesday,8.20,3 Bor,B,517,6 Single Cwy,1 <= 20 MPH,0 No Jun In 20m,-2 Not Applicable,-2 Not Applicable,0,8 Central Refuge,1 Daylight,1 Fine,1 Road-Dry,0 None,0 None,528280,184720,-0.151379,51.546804,,,Unknown,"(51.546804, -0.151379)",http://opendatacommunities.org/id/london-borough-council/camden,8316,21/12/2020 02:48:42 PM
0115EK40420,CAMDEN,1 Driver/Rider,1 Male,25-59,52,1,3 Slight,-2 Unknown,-2 N/A,2 Pedal Cycle,WEST END LANE J/W BROADHURST GARDENS,2,15/05/2015 05:15:00 PM,Friday,17.15,3 Bor,B,510,6 Single Cwy,2 30 MPH,3 T/Stag Jun,4 Give Way/Uncontrolled,C,0,4 Pelican Or Similar,1 Daylight,1 Fine,1 Road-Dry,0 None,0 None,525520,184600,-0.191204,51.546345,,,Unknown,"(51.546345, -0.191204)",http://opendatacommunities.org/id/london-borough-council/camden,4913,21/12/2020 02:48:36 PM
1170027023,CAMDEN,3 Pedestrian,1 Male,25-59,30,1,3 Slight,05 Crossing Road (Not On Xing),1 From Drivers N/Side,1 Pedestrian,KINGSWAY 10M N OF J/W WILD CT,1,21/03/2017 10:10:00 PM,Tuesday,22.10,3 Bor,A,4200,3 Dual Cwy,1 <= 20 MPH,9 Other Jun,4 Give Way/Uncontrolled,Unclassified,0,8 Central Refuge,2 Dark,1 Fine,1 Road-Dry,0 None,0 None,530600,181310,-0.119203,51.515627,,,Unknown,"(51.515627, -0.119203)",http://opendatacommunities.org/id/london-borough-council/camden,6805,21/12/2020 02:48:39 PM
1190167895,CAMDEN,1 DRIVER/RIDER,2 FEMALE,25-59,46,1,3 SLIGHT,'-2 NOT APPLICABLE,'-2 NOT APPLICABLE,2 PEDAL CYCLE,"On Endell Street, near the junction with Shorts Gardens.",2,08/03/2019 06:45:00 PM,Friday,18.45,3 BOR,B,401,2 ONE-WAY ST,20,06 CROSSROADS,9 UNKNOWN (S/R),6,0,1 ZEBRA,1 DARK,2 RAINING,2 ROAD-WET,9 UNKNOWN (S/R),0 NONE,530202,181211,-0.124973,51.514829,,,Unknown,"(51.514829, -0.124973)",http://opendatacommunities.org/id/london-borough-council/camden,8831,21/12/2020 02:48:43 PM
1170028207,CAMDEN,1 Driver/Rider,2 Female,Unknown,0,1,3 Slight,-2 Unknown,-2 N/A,2 Pedal Cycle,SAINT PANCRAS WAY J/W CAMDEN ROAD,2,23/03/2017 08:24:00 AM,Thursday,8.24,1 TLRN,A,503,6 Single Cwy,2 30 MPH,3 T/Stag Jun,2 Auto Sig,A,5202,5 Pedn Phase At Ats,1 Daylight,1 Fine,1 Road-Dry,0 None,0 None,529250,184300,-0.137552,51.542808,,,Unknown,"(51.542808, -0.137552)",http://opendatacommunities.org/id/london-borough-council/camden,6821,21/12/2020 02:48:39 PM
1170043573,CAMDEN,1 Driver/Rider,2 Female,25-59,37,1,3 Slight,-2 Unknown,-2 N/A,3 Powered 2 Wheeler,SAINT GILES HIGH STREET J/W SHAFTESBURY AVENUE,2,18/06/2017 08:20:00 PM,Sunday,20.20,3 Bor,A,401,2 One-Way St,1 <= 20 MPH,6 Crossroads,2 Auto Sig,A,40,4 Pelican Or Similar,1 Daylight,1 Fine,1 Road-Dry,0 None,0 None,530070,181300,-0.126841,51.515659,,,Unknown,"(51.515659, -0.126841)",http://opendatacommunities.org/id/london-borough-council/camden,7054,21/12/2020 02:48:39 PM
1190194211,CAMDEN,1 DRIVER/RIDER,1 MALE,25-59,28,1,3 SLIGHT,'-2 NOT APPLICABLE,'-2 NOT APPLICABLE,2 PEDAL CYCLE,"On Frognal, 50 metres west of the junction with Reddington Road.",2,17/07/2019 07:18:00 AM,Wednesday,7.18,3 BOR,6,0,7 SLIP RD,20,00 NO JUN IN 20M,,0,0,0 NO XING FACILITY IN 50M,2 DAYLIGHT,1 FINE,1 ROAD-DRY,0 NONE,0 NONE,526075,185697,-0.182811,51.55608,,,Unknown,"(51.55608, -0.182811)",http://opendatacommunities.org/id/london-borough-council/camden,9195,21/12/2020 02:48:44 PM
1170065883,CAMDEN,3 Pedestrian,1 Male,25-59,45,1,2 Serious,05 Crossing Road (Not On Xing),1 From Drivers N/Side,1 Pedestrian,KILBURN HIGH ROAD J/W BRONDESBURY ROAD,1,22/10/2017 03:51:00 PM,Sunday,15.51,3 Bor,A,5,6 Single Cwy,2 30 MPH,3 T/Stag Jun,4 Give Way/Uncontrolled,B,451,0 No Xing Facility In 50m,1 Daylight,1 Fine,1 Road-Dry,0 None,0 None,525346,183726,-0.194023,51.538529,,,Unknown,"(51.538529, -0.194023)",http://opendatacommunities.org/id/london-borough-council/camden,7450,21/12/2020 02:48:40 PM
1170016061,CAMDEN,3 Pedestrian,2 Female,25-59,30,1,3 Slight,01 Crossing Road On Ped Xing,9 Unknown Or Other,1 Pedestrian,HIGH HOLBORN J/W KINGSWAY,1,03/02/2017 08:00:00 PM,Friday,20.00,3 Bor,A,40,3 Dual Cwy,2 30 MPH,6 Crossroads,2 Auto Sig,A,4200,4 Pelican Or Similar,2 Dark,9 Unknown,9 Unknown (S/R),1 Traf Sig Out,0 None,530490,181530,-0.120706,51.51763,,,Unknown,"(51.51763, -0.120706)",http://opendatacommunities.org/id/london-borough-council/camden,6643,21/12/2020 02:48:39 PM
0115EK40235,CAMDEN,1 Driver/Rider,2 Female,16-24,24,1,3 Slight,-2 Unknown,-2 N/A,2 Pedal Cycle,CASTLEHAVEN ROAD J/W HAWLEY ROAD,2,27/03/2015 07:19:00 AM,Friday,7.19,3 Bor,A,502,2 One-Way St,2 30 MPH,3 T/Stag Jun,4 Give Way/Uncontrolled,A,502,0 No Xing Facility In 50m,1 Daylight,1 Fine,1 Road-Dry,0 None,0 None,528780,184290,-0.144329,51.542826,,,Unknown,"(51.542826, -0.144329)",http://opendatacommunities.org/id/london-borough-council/camden,4764,21/12/2020 02:48:36 PM
1170057002,CAMDEN,1 Driver/Rider,1 Male,25-59,36,1,3 Slight,-2 Unknown,-2 N/A,4 Car,NEW OXFORD STREET J/W COPTIC STREET,1,03/09/2017 04:10:00 AM,Sunday,4.10,3 Bor,A,40,2 One-Way St,1 <= 20 MPH,7 Multi Jun,2 Auto Sig,C,0,0 No Xing Facility In 50m,2 Dark,1 Fine,1 Road-Dry,0 None,0 None,530140,181450,-0.125777,51.516991,,,Unknown,"(51.516991, -0.125777)",http://opendatacommunities.org/id/london-borough-council/camden,7289,21/12/2020 02:48:40 PM
1190206466,CAMDEN,2 PASSENGER,2 FEMALE,25-59,26,1,3 SLIGHT,'-2 NOT APPLICABLE,'-2 NOT APPLICABLE,4 CAR,"On Parkway, near the junction with ARLINGTON ROAD NW1.",2,19/09/2019 10:08:00 PM,Thursday,22.08,3 BOR,A,4201,3 DUAL CWY,20,03 T/STAG JUN,2 AUTO SIG,6,0,5 PEDN PHASE AT ATS,1 DARK,1 FINE,1 ROAD-DRY,0 NONE,0 NONE,528816,183810,-0.143986,51.538504,,,Unknown,"(51.538504, -0.143986)",http://opendatacommunities.org/id/london-borough-council/camden,9373,21/12/2020 02:48:44 PM
1190168342,CAMDEN,1 DRIVER/RIDER,1 MALE,25-59,37,1,3 SLIGHT,'-2 NOT APPLICABLE,'-2 NOT APPLICABLE,3 POWERED 2 WHEELER,"On Charlotte Street, near the junction with Percy Street.",2,04/03/2019 11:45:00 AM,Monday,11.45,3 BOR,6,0,9 UNKNOWN,20,03 T/STAG JUN,4 GIVE WAY/UNCONTROLLED,6,0,9 UNKNOWN (S/R),2 DAYLIGHT,1 FINE,1 ROAD-DRY,0 NONE,9 UNKNOWN (S/R),529458,181647,-0.135529,51.518918,,,Unknown,"(51.518918, -0.135529)",http://opendatacommunities.org/id/london-borough-council/camden,8833,21/12/2020 02:48:43 PM
1190194647,CAMDEN,1 DRIVER/RIDER,1 MALE,25-59,30,1,2 SERIOUS,'-2 NOT APPLICABLE,9 UNKNOWN OR OTHER,2 PEDAL CYCLE,"On Minster Road, 25 metres south of the junction with Fordwych Road.",2,18/07/2019 05:18:00 PM,Thursday,17.18,3 BOR,6,0,7 SLIP RD,20,00 NO JUN IN 20M,,0,0,0 NO XING FACILITY IN 50M,2 DAYLIGHT,1 FINE,1 ROAD-DRY,0 NONE,0 NONE,524378,185168,-0.207464,51.551703,,,Unknown,"(51.551703, -0.207464)",http://opendatacommunities.org/id/london-borough-council/camden,9201,21/12/2020 02:48:44 PM
1180111048,CAMDEN,3 Pedestrian,1 Male,25-59,39,1,3 Slight,10 Unknown,9 Unknown Or Other,1 Pedestrian,GOLDHURST TERRACE 114M W OF J/W FAIRHAZEL GARDENS,1,08/05/2018 07:40:00 PM,Tuesday,19.40,3 Bor,Unclassified,0,3 Dual Cwy,2 30 MPH,0 No Jun In 20m,-2 Not Applicable,-2 Not Applicable,0,9 Unknown (S/R),1 Daylight,9 Unknown,9 Unknown (S/R),9 Unknown (S/R),7 Animal in Cwy (Not Ridden Horse),526070,184100,-0.183455,51.541729,,,Unknown,"(51.541729, -0.183455)",http://opendatacommunities.org/id/london-borough-council/camden,8034,21/12/2020 02:48:42 PM
1180148480,CAMDEN,1 Driver/Rider,1 Male,Unknown,0,1,3 Slight,-2 Unknown,-2 N/A,2 Pedal Cycle,YORK WAY 24M N OF J/W EUSTON ROAD THE NEAREST CLASSIFIED ROAD WAS,2,26/11/2018 03:30:00 PM,Monday,15.30,3 Bor,A,5200,2 One-Way St,1 <= 20 MPH,0 No Jun In 20m,-2 Not Applicable,-2 Not Applicable,0,9 Unknown (S/R),1 Daylight,9 Unknown,2 Road-Wet,9 Unknown (S/R),0 None,530320,183000,-0.122612,51.53088,,,Unknown,"(51.53088, -0.122612)",http://opendatacommunities.org/id/london-borough-council/camden,8569,21/12/2020 02:48:43 PM
1170048630,CAMDEN,1 Driver/Rider,1 Male,16-24,21,1,3 Slight,-2 Unknown,-2 N/A,2 Pedal Cycle,SPANIARDS ROAD J/W COLUMBAS DRIVE,2,16/07/2017 01:23:00 PM,Sunday,13.23,3 Bor,B,519,6 Single Cwy,2 30 MPH,3 T/Stag Jun,4 Give Way/Uncontrolled,Unclassified,0,0 No Xing Facility In 50m,1 Daylight,1 Fine,1 Road-Dry,0 None,0 None,526550,187060,-0.175473,51.568223,,,Unknown,"(51.568223, -0.175473)",http://opendatacommunities.org/id/london-borough-council/camden,7156,21/12/2020 02:48:40 PM
0115EK40751,CAMDEN,1 Driver/Rider,1 Male,16-24,23,1,3 Slight,-2 Unknown,-2 N/A,3 Powered 2 Wheeler,DELANCEY STREET J/W ARLINGTON ROAD,2,26/08/2015 09:48:00 PM,Wednesday,21.48,3 Bor,A,503,6 Single Cwy,2 30 MPH,6 Crossroads,4 Give Way/Uncontrolled,Unclassified,0,0 No Xing Facility In 50m,2 Dark,1 Fine,1 Road-Dry,0 None,0 None,528930,183620,-0.142413,51.53677,,,Unknown,"(51.53677, -0.142413)",http://opendatacommunities.org/id/london-borough-council/camden,5215,21/12/2020 02:48:37 PM
1170070403,CAMDEN,1 Driver/Rider,2 Female,25-59,50,1,3 Slight,-2 Unknown,-2 N/A,3 Powered 2 Wheeler,HIGH HOLBORN J/W ENDELL STREET,2,15/11/2017 05:40:00 PM,Wednesday,17.40,3 Bor,A,401,3 Dual Cwy,2 30 MPH,6 Crossroads,2 Auto Sig,B,401,4 Pelican Or Similar,2 Dark,1 Fine,1 Road-Dry,0 None,0 None,530110,181310,-0.126261,51.51574,,,Unknown,"(51.51574, -0.126261)",http://opendatacommunities.org/id/london-borough-council/camden,7514,21/12/2020 02:48:41 PM
0115EK40179,CAMDEN,1 Driver/Rider,1 Male,25-59,52,1,3 Slight,-2 Unknown,-2 N/A,4 Car,FINCHLEY ROAD J/W REDINGTON GARDENS,3,01/03/2015 03:12:00 AM,Sunday,3.12,1 TLRN,A,41,6 Single Cwy,2 30 MPH,6 Crossroads,2 Auto Sig,Unclassified,0,5 Pedn Phase At Ats,2 Dark,1 Fine,2 Road-Wet,0 None,0 None,525500,185480,-0.191178,51.554258,,,Unknown,"(51.554258, -0.191178)",http://opendatacommunities.org/id/london-borough-council/camden,4718,21/12/2020 02:48:36 PM
0115EK40918,CAMDEN,1 Driver/Rider,1 Male,25-59,26,1,2 Serious,-2 Unknown,-2 N/A,3 Powered 2 Wheeler,HAMPSTEAD ROAD J/W HARRINGTON SQUARE,1,18/10/2015 04:54:00 AM,Sunday,4.54,1 TLRN,A,400,3 Dual Cwy,2 30 MPH,3 T/Stag Jun,4 Give Way/Uncontrolled,A,400,8 Central Refuge,2 Dark,1 Fine,1 Road-Dry,0 None,0 None,529160,183300,-0.139215,51.533842,,,Unknown,"(51.533842, -0.139215)",http://opendatacommunities.org/id/london-borough-council/camden,5353,21/12/2020 02:48:37 PM
1160009543,CAMDEN,3 Pedestrian,1 Male,25-59,26,1,3 Slight,06 On Footpath - Verge,9 Unknown Or Other,1 Pedestrian,YORK WAY J/W CRINAN STREET,1,01/12/2016 04:00:00 PM,Thursday,16.00,3 Bor,A,5200,9 Unknown,2 30 MPH,3 T/Stag Jun,4 Give Way/Uncontrolled,Unclassified,0,9 Unknown (S/R),1 Daylight,9 Unknown,9 Unknown (S/R),9 Unknown (S/R),9 Unknown (S/R),530330,183408,-0.122317,51.534544,,,Unknown,"(51.534544, -0.122317)",http://opendatacommunities.org/id/london-borough-council/camden,5818,21/12/2020 02:48:37 PM
1180108969,CAMDEN,3 Pedestrian,1 Male,25-59,31,1,2 Serious,06 On Footpath - Verge,9 Unknown Or Other,1 Pedestrian,YORK WAY 54M N OF J/W WHARFDALE ROAD THE NEAREST CLASSIFIED ROAD W,1,19/05/2018 09:20:00 AM,Saturday,9.20,3 Bor,A,5200,2 One-Way St,1 <= 20 MPH,0 No Jun In 20m,-2 Not Applicable,-2 Not Applicable,0,0 No Xing Facility In 50m,1 Daylight,1 Fine,1 Road-Dry,0 None,0 None,530330,183360,-0.122334,51.534112,,,Unknown,"(51.534112, -0.122334)",http://opendatacommunities.org/id/london-borough-council/camden,8007,21/12/2020 02:48:42 PM
1190201467,CAMDEN,1 DRIVER/RIDER,1 MALE,16-24,23,3,3 SLIGHT,'-2 NOT APPLICABLE,'-2 NOT APPLICABLE,4 CAR,"On Camden Street, near the junction with Kentish Town Road.",2,25/08/2019 04:34:00 PM,Sunday,16.34,3 BOR,A,400,3 DUAL CWY,20,06 CROSSROADS,2 AUTO SIG,A,400,5 PEDN PHASE AT ATS,2 DAYLIGHT,1 FINE,1 ROAD-DRY,0 NONE,0 NONE,528953,184278,-0.14184,51.542678,,,Unknown,"(51.542678, -0.14184)",http://opendatacommunities.org/id/london-borough-council/camden,9300,21/12/2020 02:48:44 PM
0115EK40508,CAMDEN,1 Driver/Rider,1 Male,25-59,36,1,3 Slight,-2 Unknown,-2 N/A,2 Pedal Cycle,OUTER CIRCLE J/W GLOUCESTER GATE,2,25/06/2015 05:05:00 PM,Thursday,17.05,3 Bor,Unclassified,0,6 Single Cwy,2 30 MPH,3 T/Stag Jun,4 Give Way/Uncontrolled,Unclassified,0,0 No Xing Facility In 50m,1 Daylight,1 Fine,1 Road-Dry,0 None,0 None,528540,183430,-0.148102,51.535151,,,Unknown,"(51.535151, -0.148102)",http://opendatacommunities.org/id/london-borough-council/camden,4997,21/12/2020 02:48:36 PM
1170038143,CAMDEN,2 Passenger,2 Female,25-59,54,1,3 Slight,-2 Unknown,-2 N/A,4 Car,FINCHLEY ROAD J/W FORTUNE GREEN ROAD,2,08/05/2017 06:00:00 PM,Monday,18.00,1 TLRN,A,41,6 Single Cwy,2 30 MPH,3 T/Stag Jun,2 Auto Sig,B,510,9 Unknown (S/R),1 Daylight,1 Fine,9 Unknown (S/R),0 None,0 None,525170,185820,-0.195815,51.557387,,,Unknown,"(51.557387, -0.195815)",http://opendatacommunities.org/id/london-borough-council/camden,6979,21/12/2020 02:48:39 PM
1190156503,CAMDEN,3 PEDESTRIAN,2 FEMALE,60+,82,1,3 SLIGHT,05 CROSSING ROAD (NOT ON XING),3 FROM DRIVERS O/SIDE,1 PEDESTRIAN,"On West End Lane, near the junction with Sheriff Road.",1,09/01/2019 08:40:00 AM,Wednesday,8.40,3 BOR,B,510,3 DUAL CWY,30,03 T/STAG JUN,4 GIVE WAY/UNCONTROLLED,6,0,0 NO XING FACILITY IN 50M,2 DAYLIGHT,1 FINE,1 ROAD-DRY,0 NONE,0 NONE,525510,184564,-0.191361,51.546024,,,Unknown,"(51.546024, -0.191361)",http://opendatacommunities.org/id/london-borough-council/camden,8676,21/12/2020 02:48:43 PM
1180138505,CAMDEN,1 Driver/Rider,1 Male,25-59,32,1,3 Slight,-2 Unknown,-2 N/A,2 Pedal Cycle,KENTISH TOWN ROAD J/W PRINCE OF WALES ROAD NW5,2,12/10/2018 08:25:00 AM,Friday,8.25,3 Bor,A,400,3 Dual Cwy,1 <= 20 MPH,3 T/Stag Jun,2 Auto Sig,C,0,1 Zebra,1 Daylight,1 Fine,1 Road-Dry,0 None,0 None,528940,184710,-0.141869,51.546564,,,Unknown,"(51.546564, -0.141869)",http://opendatacommunities.org/id/london-borough-council/camden,8415,21/12/2020 02:48:43 PM
1190199505,CAMDEN,1 DRIVER/RIDER,1 MALE,25-59,57,1,3 SLIGHT,'-2 NOT APPLICABLE,'-2 NOT APPLICABLE,4 CAR,"On Lambolle Place, near the junction with lancaster grove .",2,14/08/2019 05:45:00 PM,Wednesday,17.45,3 BOR,6,0,6 SINGLE CWY,20,06 CROSSROADS,4 GIVE WAY/UNCONTROLLED,6,0,0 NO XING FACILITY IN 50M,2 DAYLIGHT,2 RAINING,2 ROAD-WET,0 NONE,0 NONE,527289,184540,-0.165728,51.54541,,,Unknown,"(51.54541, -0.165728)",http://opendatacommunities.org/id/london-borough-council/camden,9271,21/12/2020 02:48:44 PM