Reference,London Borough Name,Casualty Class,Casualty Sex,Casualty Age Band,Casualty Age,Number Of Casualties,Casualty Severity,Pedestrian Location,Pedestrian Movement,Mode Of Travel,Attendant Location,Number Of Vehicles,Date,Day,Time,Highway,Road Class 1,Road Number 1,Road Type,Speed Limit,Junction Detail,Junction Control,Road Class 2,Road Number 2,Pedestrian Crossing,Light Condition Band,Weather,Road Surface,Special Conditions,Carriage Way Hazard,Easting,Northing,Longitude,Latitude,Ward Code,Ward Name,Spatial Accuracy,Location,Organisation URI,Socrata ID,Last Uploaded
1190209667,CAMDEN,1 DRIVER/RIDER,2 FEMALE,25-59,57,1,3 SLIGHT,'-2 NOT APPLICABLE,3 FROM DRIVERS O/SIDE,4 CAR,"On North End Road, 30 metres south of the junction with Whitestone Walk.",1,04/10/2019 11:05:00 PM,Friday,23.05,3 BOR,A,502,6 SINGLE CWY,30,00 NO JUN IN 20M,,0,0,0 NO XING FACILITY IN 50M,1 DARK,1 FINE,1 ROAD-DRY,0 NONE,0 NONE,526281,186331,-0.179614,51.561732,,,Unknown,"(51.561732, -0.179614)",http://opendatacommunities.org/id/london-borough-council/camden,9410,21/12/2020 02:48:44 PM
1180140549,CAMDEN,1 Driver/Rider,1 Male,16-24,23,1,3 Slight,-2 Unknown,-2 N/A,4 Car,PANCRAS SQUARE 25M E OF J/W GOODS WAY,1,21/10/2018 05:15:00 PM,Sunday,17.15,3 Bor,Unclassified,0,6 Single Cwy,2 30 MPH,0 No Jun In 20m,-2 Not Applicable,-2 Not Applicable,0,1 Zebra,1 Daylight,1 Fine,1 Road-Dry,0 None,0 None,530140,183350,-0.125076,51.534066,,,Unknown,"(51.534066, -0.125076)",http://opendatacommunities.org/id/london-borough-council/camden,8454,21/12/2020 02:48:43 PM
0115EK41184,CAMDEN,1 Driver/Rider,2 Female,25-59,37,1,3 Slight,-2 Unknown,-2 N/A,2 Pedal Cycle,ROYAL COLLEGE STREET J/W PLENDER STREET,2,21/12/2015 06:00:00 PM,Monday,18.00,3 Bor,A,5202,6 Single Cwy,2 30 MPH,3 T/Stag Jun,4 Give Way/Uncontrolled,Unclassified,0,1 Zebra,2 Dark,1 Fine,1 Road-Dry,0 None,0 None,529450,183710,-0.134886,51.53746,,,Unknown,"(51.53746, -0.134886)",http://opendatacommunities.org/id/london-borough-council/camden,5573,21/12/2020 02:48:37 PM
1190199883,CAMDEN,3 PEDESTRIAN,1 MALE,16-24,23,1,2 SERIOUS,05 CROSSING ROAD (NOT ON XING),'-2 NOT APPLICABLE,1 PEDESTRIAN,"On Tottenham Court Road, near the junction with Milford place.",1,16/08/2019 09:30:00 AM,Friday,9.30,3 BOR,A,400,6 SINGLE CWY,20,07 MULTI JUN,2 AUTO SIG,6,0,0 NO XING FACILITY IN 50M,2 DAYLIGHT,1 FINE,1 ROAD-DRY,0 NONE,0 NONE,529346,182140,-0.136961,51.523375,,,Unknown,"(51.523375, -0.136961)",http://opendatacommunities.org/id/london-borough-council/camden,9278,21/12/2020 02:48:44 PM
0115EK40220,CAMDEN,1 Driver/Rider,1 Male,16-24,20,1,3 Slight,-2 Unknown,-2 N/A,3 Powered 2 Wheeler,ALBANY STREET J/W PARK VILLAGE WEST,2,20/03/2015 06:00:00 PM,Friday,18.00,3 Bor,A,4201,6 Single Cwy,2 30 MPH,3 T/Stag Jun,4 Give Way/Uncontrolled,Unclassified,0,0 No Xing Facility In 50m,2 Dark,1 Fine,1 Road-Dry,0 None,0 None,528670,183290,-0.14628,51.533864,,,Unknown,"(51.533864, -0.14628)",http://opendatacommunities.org/id/london-borough-council/camden,4753,21/12/2020 02:48:36 PM
1180111818,CAMDEN,1 Driver/Rider,2 Female,60+,68,1,3 Slight,-2 Unknown,-2 N/A,4 Car,PRINCE OF WALES ROAD J/W CRADDOCK STREET,4,02/06/2018 07:57:00 PM,Saturday,19.57,3 Bor,C,0,6 Single Cwy,1 <= 20 MPH,3 T/Stag Jun,4 Give Way/Uncontrolled,Unclassified,0,0 No Xing Facility In 50m,1 Daylight,1 Fine,1 Road-Dry,0 None,0 None,528110,184600,-0.153873,51.545764,,,Unknown,"(51.545764, -0.153873)",http://opendatacommunities.org/id/london-borough-council/camden,8045,21/12/2020 02:48:42 PM
1180128291,CAMDEN,1 Driver/Rider,1 Male,60+,65,1,3 Slight,-2 Unknown,-2 N/A,2 Pedal Cycle,SANDALL ROAD J/W CAMDEN ROAD,2,21/08/2018 08:09:00 PM,Tuesday,20.09,1 TLRN,Unclassified,0,6 Single Cwy,1 <= 20 MPH,7 Multi Jun,4 Give Way/Uncontrolled,A,503,0 No Xing Facility In 50m,2 Dark,1 Fine,1 Road-Dry,0 None,0 None,529510,184610,-0.13369,51.545535,,,Unknown,"(51.545535, -0.13369)",http://opendatacommunities.org/id/london-borough-council/camden,8263,21/12/2020 02:48:42 PM
1170064517,CAMDEN,1 Driver/Rider,1 Male,16-24,24,1,3 Slight,-2 Unknown,-2 N/A,4 Car,SOUTHAMPTON ROW WC1 J/W HIGH HOLBORN WC1,2,14/10/2017 01:30:00 AM,Saturday,1.30,3 Bor,A,4200,3 Dual Cwy,2 30 MPH,6 Crossroads,2 Auto Sig,A,40,5 Pedn Phase At Ats,2 Dark,1 Fine,1 Road-Dry,0 None,0 None,530510,181530,-0.120418,51.517625,,,Unknown,"(51.517625, -0.120418)",http://opendatacommunities.org/id/london-borough-council/camden,7422,21/12/2020 02:48:40 PM
0115EK40854,CAMDEN,2 Passenger,2 Female,0-15,5,1,3 Slight,-2 Unknown,-2 N/A,4 Car,BELSIZE GROVE 52M S OF PRIMROSE GARDENS,2,08/03/2015 10:00:00 AM,Sunday,10.00,3 Bor,Unclassified,0,6 Single Cwy,2 30 MPH,0 No Jun In 20m,-2 Not Applicable,-2 Not Applicable,0,0 No Xing Facility In 50m,1 Daylight,1 Fine,1 Road-Dry,4 Roadworks,0 None,527340,184800,-0.164899,51.547735,,,Unknown,"(51.547735, -0.164899)",http://opendatacommunities.org/id/london-borough-council/camden,5304,21/12/2020 02:48:37 PM
1180090110,CAMDEN,3 Pedestrian,2 Female,25-59,37,1,2 Serious,05 Crossing Road (Not On Xing),3 From Drivers O/Side,1 Pedestrian,THEOBALDS ROAD J/W BEDFORD ROW,1,14/02/2018 08:58:00 AM,Wednesday,8.58,3 Bor,A,401,6 Single Cwy,1 <= 20 MPH,6 Crossroads,4 Give Way/Uncontrolled,Unclassified,0,0 No Xing Facility In 50m,1 Daylight,1 Fine,2 Road-Wet,0 None,0 None,530770,181870,-0.116547,51.520621,,,Unknown,"(51.520621, -0.116547)",http://opendatacommunities.org/id/london-borough-council/camden,7747,21/12/2020 02:48:41 PM
1170010186,CAMDEN,1 Driver/Rider,2 Female,25-59,34,1,3 Slight,-2 Unknown,-2 N/A,2 Pedal Cycle,MAIDA VALE 50M S OF J/W KILBURN PARK ROAD,1,06/01/2017 05:14:00 PM,Friday,17.14,3 Bor,A,5,3 Dual Cwy,2 30 MPH,0 No Jun In 20m,-2 Not Applicable,-2 Not Applicable,0,0 No Xing Facility In 50m,2 Dark,2 Raining,2 Road-Wet,0 None,2 Other Object In Cwy,525670,183330,-0.189495,51.534898,,,Unknown,"(51.534898, -0.189495)",http://opendatacommunities.org/id/london-borough-council/camden,6559,21/12/2020 02:48:39 PM
1160004244,CAMDEN,1 Driver/Rider,1 Male,25-59,30,1,3 Slight,-2 Unknown,-2 N/A,3 Powered 2 Wheeler,FINCHLEY ROAD 30M S OF J/W ARKWRIGHT ROAD,2,30/11/2016 09:20:00 AM,Wednesday,9.20,1 TLRN,A,41,3 Dual Cwy,3 40 MPH,0 No Jun In 20m,-2 Not Applicable,-2 Not Applicable,0,0 No Xing Facility In 50m,1 Daylight,1 Fine,1 Road-Dry,0 None,0 None,526057,185087,-0.183289,51.550602,,,Unknown,"(51.550602, -0.183289)",http://opendatacommunities.org/id/london-borough-council/camden,5712,21/12/2020 02:48:37 PM
0115EK41152,CAMDEN,1 Driver/Rider,1 Male,25-59,45,1,3 Slight,-2 Unknown,-2 N/A,2 Pedal Cycle,NFL YORK WAY 50MN OF J/W WHARFDALE ROAD,2,24/12/2015 04:12:00 PM,Thursday,16.12,3 Bor,A,5200,6 Single Cwy,2 30 MPH,0 No Jun In 20m,-2 Not Applicable,-2 Not Applicable,0,0 No Xing Facility In 50m,1 Daylight,1 Fine,1 Road-Dry,0 None,0 None,530340,183340,-0.122198,51.53393,,,Unknown,"(51.53393, -0.122198)",http://opendatacommunities.org/id/london-borough-council/camden,5553,21/12/2020 02:48:37 PM
1170019023,CAMDEN,1 Driver/Rider,1 Male,25-59,28,1,3 Slight,-2 Unknown,-2 N/A,3 Powered 2 Wheeler,EUSTON ROAD 25M S OF J/W MARYLEBONE ROAD,2,03/02/2017 11:45:00 AM,Friday,11.45,1 TLRN,A,400,9 Unknown,2 30 MPH,0 No Jun In 20m,-2 Not Applicable,-2 Not Applicable,0,9 Unknown (S/R),1 Daylight,9 Unknown,9 Unknown (S/R),9 Unknown (S/R),9 Unknown (S/R),529150,183160,-0.139411,51.532586,,,Unknown,"(51.532586, -0.139411)",http://opendatacommunities.org/id/london-borough-council/camden,6682,21/12/2020 02:48:39 PM
1160006809,CAMDEN,1 Driver/Rider,1 Male,25-59,34,1,3 Slight,-2 Unknown,-2 N/A,3 Powered 2 Wheeler,WEST END LANE 25M E OF J/W WEST HAMPSTEAD MEWS,2,21/11/2016 07:40:00 PM,Monday,19.40,3 Bor,B,510,6 Single Cwy,2 30 MPH,0 No Jun In 20m,-2 Not Applicable,-2 Not Applicable,0,0 No Xing Facility In 50m,2 Dark,9 Unknown,2 Road-Wet,9 Unknown (S/R),9 Unknown (S/R),525500,184520,-0.19152,51.545631,,,Unknown,"(51.545631, -0.19152)",http://opendatacommunities.org/id/london-borough-council/camden,5770,21/12/2020 02:48:37 PM
0116EK40071,CAMDEN,3 Pedestrian,1 Male,60+,63,1,3 Slight,06 On Footpath - Verge,9 Unknown Or Other,1 Pedestrian,SHAFTESBURY AVENUE J/W BLOOMSBURY STREET.,1,13/02/2016 05:53:00 PM,Saturday,17.53,3 Bor,A,401,2 One-Way St,2 30 MPH,6 Crossroads,2 Auto Sig,A,401,5 Pedn Phase At Ats,2 Dark,2 Raining,2 Road-Wet,0 None,0 None,530100,181360,-0.126387,51.516192,,,Unknown,"(51.516192, -0.126387)",http://opendatacommunities.org/id/london-borough-council/camden,6036,21/12/2020 02:48:38 PM
1180104377,CAMDEN,1 Driver/Rider,1 Male,25-59,39,1,3 Slight,-2 Unknown,-2 N/A,3 Powered 2 Wheeler,PARKWAY 23M E OF J/W PARK VILLAGE EAST,1,27/04/2018 09:25:00 AM,Friday,9.25,3 Bor,A,4201,9 Unknown,2 30 MPH,0 No Jun In 20m,-2 Not Applicable,-2 Not Applicable,0,5 Pedn Phase At Ats,1 Daylight,2 Raining,2 Road-Wet,0 None,0 None,528638,183561,-0.146642,51.536306,,,Unknown,"(51.536306, -0.146642)",http://opendatacommunities.org/id/london-borough-council/camden,7936,21/12/2020 02:48:41 PM
1190160738,CAMDEN,1 DRIVER/RIDER,1 MALE,25-59,28,1,3 SLIGHT,'-2 NOT APPLICABLE,'-2 NOT APPLICABLE,3 POWERED 2 WHEELER,"On Elsworthy Road, near the junction with Lower Merton Rise.",2,31/01/2019 01:00:00 PM,Thursday,13.00,3 BOR,6,0,3 DUAL CWY,30,09 OTHER JUN,3 STOP SIGN,6,0,9 UNKNOWN (S/R),2 DAYLIGHT,1 FINE,1 ROAD-DRY,9 UNKNOWN (S/R),3 INVOLVE PREVIOUS ACC,527279,184024,-0.166058,51.540775,,,Unknown,"(51.540775, -0.166058)",http://opendatacommunities.org/id/london-borough-council/camden,8739,21/12/2020 02:48:43 PM
0115EK40867,CAMDEN,1 Driver/Rider,1 Male,16-24,17,1,3 Slight,-2 Unknown,-2 N/A,3 Powered 2 Wheeler,"CARDINGTON STREET, 35 METRES NW OF DRUMMOND STREET.",2,30/09/2015 01:25:00 PM,Wednesday,13.25,3 Bor,C,0,6 Single Cwy,2 30 MPH,0 No Jun In 20m,-2 Not Applicable,-2 Not Applicable,0,0 No Xing Facility In 50m,1 Daylight,1 Fine,1 Road-Dry,0 None,0 None,529440,182650,-0.13542,51.527936,,,Unknown,"(51.527936, -0.13542)",http://opendatacommunities.org/id/london-borough-council/camden,5314,21/12/2020 02:48:37 PM
0115EK40681,CAMDEN,3 Pedestrian,2 Female,25-59,30,1,3 Slight,04 Crossing Road Within 50m Xing,3 From Drivers O/Side,1 Pedestrian,WILMOT PLACE J/W ST PANCRA WAY.,1,30/07/2015 05:30:00 PM,Thursday,17.30,3 Bor,Unclassified,0,6 Single Cwy,2 30 MPH,6 Crossroads,4 Give Way/Uncontrolled,A,5202,5 Pedn Phase At Ats,1 Daylight,1 Fine,1 Road-Dry,0 None,0 None,529130,184380,-0.139252,51.543555,,,Unknown,"(51.543555, -0.139252)",http://opendatacommunities.org/id/london-borough-council/camden,5154,21/12/2020 02:48:36 PM
0115EK40012,CAMDEN,1 Driver/Rider,1 Male,25-59,25,1,3 Slight,-2 Unknown,-2 N/A,2 Pedal Cycle,HAMPSTEAD ROAD J/W WILLIAM ROAD,2,15/01/2015 01:53:00 PM,Thursday,13.53,1 TLRN,A,400,6 Single Cwy,2 30 MPH,3 T/Stag Jun,4 Give Way/Uncontrolled,Unclassified,0,0 No Xing Facility In 50m,1 Daylight,1 Fine,1 Road-Dry,0 None,0 None,529210,182560,-0.138766,51.52718,,,Unknown,"(51.52718, -0.138766)",http://opendatacommunities.org/id/london-borough-council/camden,4592,21/12/2020 02:48:35 PM
1170024828,CAMDEN,1 Driver/Rider,1 Male,25-59,25,1,2 Serious,-2 Unknown,-2 N/A,3 Powered 2 Wheeler,AVENUE ROAD J/W ACACIA ROAD,2,13/03/2017 07:20:00 AM,Monday,7.20,3 Bor,B,525,6 Single Cwy,2 30 MPH,3 T/Stag Jun,4 Give Way/Uncontrolled,C,0,0 No Xing Facility In 50m,1 Daylight,1 Fine,1 Road-Dry,0 None,0 None,527150,183700,-0.168034,51.537892,,,Unknown,"(51.537892, -0.168034)",http://opendatacommunities.org/id/london-borough-council/camden,6775,21/12/2020 02:48:39 PM
1180104677,CAMDEN,3 Pedestrian,2 Female,25-59,46,1,3 Slight,10 Unknown,1 From Drivers N/Side,1 Pedestrian,SHORTS GARDENS J/W NEAL STREET,1,28/04/2018 12:30:00 PM,Saturday,12.30,3 Bor,Unclassified,0,2 One-Way St,2 30 MPH,3 T/Stag Jun,4 Give Way/Uncontrolled,Unclassified,0,0 No Xing Facility In 50m,1 Daylight,1 Fine,2 Road-Wet,0 None,0 None,530140,181160,-0.125884,51.514385,,,Unknown,"(51.514385, -0.125884)",http://opendatacommunities.org/id/london-borough-council/camden,7939,21/12/2020 02:48:41 PM
1190226831,CAMDEN,3 PEDESTRIAN,1 MALE,25-59,48,1,2 SERIOUS,05 CROSSING ROAD (NOT ON XING),'-2 NOT APPLICABLE,1 PEDESTRIAN,"On TOTTENHAM COURT ROAD W1, near the junction with GRAFTON WAY W1.",1,23/12/2019 01:09:00 PM,Monday,13.09,3 BOR,A,400,6 SINGLE CWY,20,06 CROSSROADS,2 AUTO SIG,5,0,5 PEDN PHASE AT ATS,2 DAYLIGHT,1 FINE,1 ROAD-DRY,0 NONE,0 NONE,529326,182176,-0.137236,51.523703,,,Unknown,"(51.523703, -0.137236)",http://opendatacommunities.org/id/london-borough-council/camden,9647,21/12/2020 02:48:45 PM
1170059959,CAMDEN,3 Pedestrian,1 Male,16-24,21,1,2 Serious,05 Crossing Road (Not On Xing),1 From Drivers N/Side,1 Pedestrian,KINGSWAY ROAD WC2 J/W REMNANT STREET WC2,1,19/09/2017 06:18:00 PM,Tuesday,18.18,3 Bor,A,4200,3 Dual Cwy,2 30 MPH,6 Crossroads,2 Auto Sig,B,402,0 No Xing Facility In 50m,1 Daylight,1 Fine,1 Road-Dry,0 None,0 None,530570,181370,-0.119613,51.516173,,,Unknown,"(51.516173, -0.119613)",http://opendatacommunities.org/id/london-borough-council/camden,7332,21/12/2020 02:48:40 PM
0115CW11692,CAMDEN,1 Driver/Rider,1 Male,25-59,41,1,3 Slight,-2 Unknown,-2 N/A,5 Taxi,TOTTENHAM COURT ROAD J/W OXFORD STREET,2,13/11/2015 04:50:00 AM,Friday,4.50,3 Bor,A,40,6 Single Cwy,2 30 MPH,6 Crossroads,2 Auto Sig,A,40,5 Pedn Phase At Ats,2 Dark,1 Fine,1 Road-Dry,0 None,0 None,529820,181370,-0.130416,51.516346,,,Unknown,"(51.516346, -0.130416)",http://opendatacommunities.org/id/london-borough-council/camden,4582,21/12/2020 02:48:35 PM
1190187932,CAMDEN,1 DRIVER/RIDER,1 MALE,U,,1,3 SLIGHT,'-2 NOT APPLICABLE,'-2 NOT APPLICABLE,4 CAR,"ON YORK WAY, NEAR THE JUNCTION WITH COPENHAGEN STREET.",2,08/06/2019 11:18:00 PM,Saturday,23.18,3 BOR,A,5200,6 SINGLE CWY,20,06 CROSSROADS,2 AUTO SIG,B,154,5 PEDN PHASE AT ATS,1 DARK,9 UNKNOWN,1 ROAD-DRY,0 NONE,0 NONE,530312,183681,-0.122475,51.537001,,,Unknown,"(51.537001, -0.122475)",http://opendatacommunities.org/id/london-borough-council/camden,9109,21/12/2020 02:48:44 PM
0116EK40597,CAMDEN,3 Pedestrian,2 Female,16-24,17,1,3 Slight,04 Crossing Road Within 50m Xing,4 From Drivers O/Side Msk,1 Pedestrian,GORDON HOUSE ROAD J/W OAK VILLAGE.,1,17/08/2016 04:25:00 PM,Wednesday,16.25,3 Bor,B,518,6 Single Cwy,1 <= 20 MPH,3 T/Stag Jun,4 Give Way/Uncontrolled,Unclassified,0,4 Pelican Or Similar,1 Daylight,1 Fine,1 Road-Dry,0 None,0 None,528260,185620,-0.151339,51.554896,,,Unknown,"(51.554896, -0.151339)",http://opendatacommunities.org/id/london-borough-council/camden,6479,21/12/2020 02:48:39 PM
0115EK40146,CAMDEN,3 Pedestrian,2 Female,60+,63,1,3 Slight,01 Crossing Road On Ped Xing,4 From Drivers O/Side Msk,1 Pedestrian,EUSTON ROAD J/W EVERSHOLT STREET,1,03/01/2015 09:29:00 AM,Saturday,9.29,1 TLRN,A,501,6 Single Cwy,2 30 MPH,6 Crossroads,2 Auto Sig,A,4200,5 Pedn Phase At Ats,1 Daylight,2 Raining,2 Road-Wet,0 None,0 None,529750,182590,-0.130975,51.527326,,,Unknown,"(51.527326, -0.130975)",http://opendatacommunities.org/id/london-borough-council/camden,4693,21/12/2020 02:48:36 PM
1190212517,CAMDEN,1 DRIVER/RIDER,2 FEMALE,25-59,43,1,2 SERIOUS,'-2 NOT APPLICABLE,'-2 NOT APPLICABLE,3 POWERED 2 WHEELER,"On Finchley Road, 45 metres south of the junction with Cannon Hill.",2,18/10/2019 08:38:00 AM,Friday,8.38,1 TLRN,A,41,3 DUAL CWY,40,00 NO JUN IN 20M,,0,0,0 NO XING FACILITY IN 50M,2 DAYLIGHT,1 FINE,2 ROAD-WET,0 NONE,0 NONE,525628,185421,-0.189354,51.5537,,,Unknown,"(51.5537, -0.189354)",http://opendatacommunities.org/id/london-borough-council/camden,9451,21/12/2020 02:48:44 PM
0116EK40425,CAMDEN,1 Driver/Rider,1 Male,25-59,45,1,3 Slight,-2 Unknown,-2 N/A,2 Pedal Cycle,EVERSHOLT STREET J/W DORIC WAY,2,18/06/2016 12:30:00 PM,Saturday,12.30,3 Bor,A,4200,6 Single Cwy,1 <= 20 MPH,3 T/Stag Jun,4 Give Way/Uncontrolled,Unclassified,0,4 Pelican Or Similar,1 Daylight,1 Fine,1 Road-Dry,0 None,0 None,529650,182740,-0.132361,51.528697,,,Unknown,"(51.528697, -0.132361)",http://opendatacommunities.org/id/london-borough-council/camden,6342,21/12/2020 02:48:38 PM
1170061263,CAMDEN,3 Pedestrian,1 Male,25-59,30,1,3 Slight,10 Unknown,9 Unknown Or Other,1 Pedestrian,CHALK FARM ROAD 23M W OF J/W FERDINAND STREET,1,07/09/2017 06:30:00 PM,Thursday,18.30,3 Bor,A,502,9 Unknown,2 30 MPH,0 No Jun In 20m,-2 Not Applicable,-2 Not Applicable,0,0 No Xing Facility In 50m,1 Daylight,9 Unknown,9 Unknown (S/R),9 Unknown (S/R),9 Unknown (S/R),528440,184290,-0.149229,51.542903,,,Unknown,"(51.542903, -0.149229)",http://opendatacommunities.org/id/london-borough-council/camden,7351,21/12/2020 02:48:40 PM
0116EK40394,CAMDEN,1 Driver/Rider,1 Male,25-59,44,1,3 Slight,-2 Unknown,-2 N/A,3 Powered 2 Wheeler,CAMDEN ROAD J/W ROCHESTER SQUARE,2,05/06/2016 01:00:00 PM,Sunday,13.00,1 TLRN,A,503,6 Single Cwy,2 30 MPH,3 T/Stag Jun,4 Give Way/Uncontrolled,Unclassified,0,0 No Xing Facility In 50m,1 Daylight,1 Fine,1 Road-Dry,0 None,0 None,529320,184390,-0.13651,51.543601,,,Unknown,"(51.543601, -0.13651)",http://opendatacommunities.org/id/london-borough-council/camden,6311,21/12/2020 02:48:38 PM
1180121530,CAMDEN,3 Pedestrian,1 Male,60+,66,1,3 Slight,04 Crossing Road Within 50m Xing,3 From Drivers O/Side,1 Pedestrian,CAMDEN HIGH STREET 100M S OF J/W DELANCY STREET,1,17/07/2018 11:15:00 AM,Tuesday,11.15,1 TLRN,A,502,2 One-Way St,1 <= 20 MPH,0 No Jun In 20m,-2 Not Applicable,-2 Not Applicable,0,4 Pelican Or Similar,1 Daylight,1 Fine,1 Road-Dry,0 None,0 None,529050,183610,-0.140687,51.536653,,,Unknown,"(51.536653, -0.140687)",http://opendatacommunities.org/id/london-borough-council/camden,8185,21/12/2020 02:48:42 PM
0115EK40540,CAMDEN,2 Passenger,1 Male,25-59,26,1,3 Slight,-2 Unknown,-2 N/A,4 Car,CAMDEN PARK ROAD J/W CLIFF VILLAS,2,05/07/2015 01:25:00 PM,Sunday,13.25,3 Bor,A,5200,6 Single Cwy,2 30 MPH,3 T/Stag Jun,4 Give Way/Uncontrolled,Unclassified,0,0 No Xing Facility In 50m,1 Daylight,1 Fine,1 Road-Dry,0 None,0 None,529920,184700,-0.127748,51.546249,,,Unknown,"(51.546249, -0.127748)",http://opendatacommunities.org/id/london-borough-council/camden,5028,21/12/2020 02:48:36 PM
1180140549,CAMDEN,2 Passenger,1 Male,Unknown,0,1,3 Slight,-2 Unknown,-2 N/A,4 Car,PANCRAS SQUARE 25M E OF J/W GOODS WAY,1,21/10/2018 05:15:00 PM,Sunday,17.15,3 Bor,Unclassified,0,6 Single Cwy,2 30 MPH,0 No Jun In 20m,-2 Not Applicable,-2 Not Applicable,0,1 Zebra,1 Daylight,1 Fine,1 Road-Dry,0 None,0 None,530140,183350,-0.125076,51.534066,,,Unknown,"(51.534066, -0.125076)",http://opendatacommunities.org/id/london-borough-council/camden,8455,21/12/2020 02:48:43 PM
0115EK40803,CAMDEN,1 Driver/Rider,1 Male,16-24,23,1,3 Slight,-2 Unknown,-2 N/A,2 Pedal Cycle,PRINCE OF WALES J/W MALDEN ROAD.,2,15/09/2015 06:25:00 PM,Tuesday,18.25,3 Bor,C,0,6 Single Cwy,2 30 MPH,6 Crossroads,2 Auto Sig,B,517,5 Pedn Phase At Ats,1 Daylight,1 Fine,1 Road-Dry,0 None,0 None,528320,184620,-0.150838,51.545896,,,Unknown,"(51.545896, -0.150838)",http://opendatacommunities.org/id/london-borough-council/camden,5262,21/12/2020 02:48:37 PM
1190170994,CAMDEN,3 PEDESTRIAN,1 MALE,0-15,4,1,3 SLIGHT,08 IN CENTRE OF CARRIAGEWAY,1 FROM DRIVERS N/SIDE,1 PEDESTRIAN,"On HAVERSTOCK HILL, near the junction with ADELAIDE ROAD.",1,24/03/2019 04:15:00 PM,Sunday,16.15,3 BOR,A,502,6 SINGLE CWY,20,09 OTHER JUN,2 AUTO SIG,6,0,5 PEDN PHASE AT ATS,2 DAYLIGHT,1 FINE,1 ROAD-DRY,0 NONE,0 NONE,527651,184814,-0.160411,51.547791,,,Unknown,"(51.547791, -0.160411)",http://opendatacommunities.org/id/london-borough-council/camden,8870,21/12/2020 02:48:43 PM
0116EK40014,CAMDEN,1 Driver/Rider,2 Female,16-24,24,1,3 Slight,-2 Unknown,-2 N/A,4 Car,HEATH STREET J/W NEW END,2,23/01/2016 02:00:00 AM,Saturday,2.00,3 Bor,A,502,6 Single Cwy,2 30 MPH,3 T/Stag Jun,4 Give Way/Uncontrolled,Unclassified,0,1 Zebra,2 Dark,1 Fine,1 Road-Dry,0 None,0 None,526360,186010,-0.17859,51.55883,,,Unknown,"(51.55883, -0.17859)",http://opendatacommunities.org/id/london-borough-council/camden,5993,21/12/2020 02:48:38 PM
1170047982,CAMDEN,1 Driver/Rider,1 Male,25-59,38,1,3 Slight,-2 Unknown,-2 N/A,4 Car,GRAYS INN ROAD J/W CALEDONIAN ROAD,2,16/07/2017 12:42:00 PM,Sunday,12.42,1 TLRN,A,501,6 Single Cwy,2 30 MPH,9 Other Jun,2 Auto Sig,A,5203,1 Zebra,1 Daylight,9 Unknown,1 Road-Dry,0 None,0 None,530400,182960,-0.121474,51.530502,,,Unknown,"(51.530502, -0.121474)",http://opendatacommunities.org/id/london-borough-council/camden,7144,21/12/2020 02:48:40 PM
1180101085,CAMDEN,3 Pedestrian,1 Male,25-59,27,1,2 Serious,05 Crossing Road (Not On Xing),1 From Drivers N/Side,1 Pedestrian,OUTER CIRCLE 30M N OF J/W GLOUCESTER GATE,1,11/04/2018 07:16:00 AM,Wednesday,7.16,3 Bor,Unclassified,0,3 Dual Cwy,1 <= 20 MPH,0 No Jun In 20m,-2 Not Applicable,-2 Not Applicable,0,0 No Xing Facility In 50m,1 Daylight,2 Raining,2 Road-Wet,0 None,0 None,528570,183390,-0.147684,51.534785,,,Unknown,"(51.534785, -0.147684)",http://opendatacommunities.org/id/london-borough-council/camden,7880,21/12/2020 02:48:41 PM
1170046545,CAMDEN,3 Pedestrian,2 Female,60+,61,1,3 Slight,08 In Centre Of Carriageway,1 From Drivers N/Side,1 Pedestrian,AGAR GROVE J/W MURRAY STREET,1,04/07/2017 01:20:00 PM,Tuesday,13.20,3 Bor,C,0,6 Single Cwy,1 <= 20 MPH,7 Multi Jun,4 Give Way/Uncontrolled,C,0,4 Pelican Or Similar,1 Daylight,1 Fine,1 Road-Dry,0 None,0 None,529670,184330,-0.131487,51.542982,,,Unknown,"(51.542982, -0.131487)",http://opendatacommunities.org/id/london-borough-council/camden,7118,21/12/2020 02:48:40 PM
1170067385,CAMDEN,2 Passenger,1 Male,0-15,0,1,2 Serious,-2 Unknown,-2 N/A,5 Taxi,EUSTON ROAD FLYOVER J/W HAMPSTEAD ROAD,2,31/10/2017 04:13:00 PM,Tuesday,16.13,1 TLRN,A,501,3 Dual Cwy,1 <= 20 MPH,6 Crossroads,2 Auto Sig,A,400,4 Pelican Or Similar,1 Daylight,1 Fine,1 Road-Dry,0 None,0 None,529240,182330,-0.138418,51.525106,,,Unknown,"(51.525106, -0.138418)",http://opendatacommunities.org/id/london-borough-council/camden,7471,21/12/2020 02:48:40 PM
1170016327,CAMDEN,1 Driver/Rider,1 Male,25-59,47,1,3 Slight,-2 Unknown,-2 N/A,4 Car,OSENEY CRESCENT NW5 J/W BARTHOMLEW ROAD NW5,2,05/02/2017 03:05:00 PM,Sunday,15.05,3 Bor,Unclassified,0,6 Single Cwy,1 <= 20 MPH,6 Crossroads,4 Give Way/Uncontrolled,Unclassified,0,0 No Xing Facility In 50m,1 Daylight,1 Fine,1 Road-Dry,0 None,0 None,529399,184840,-0.135206,51.547627,,,Unknown,"(51.547627, -0.135206)",http://opendatacommunities.org/id/london-borough-council/camden,6646,21/12/2020 02:48:39 PM