Reference,London Borough Name,Casualty Class,Casualty Sex,Casualty Age Band,Casualty Age,Number Of Casualties,Casualty Severity,Pedestrian Location,Pedestrian Movement,Mode Of Travel,Attendant Location,Number Of Vehicles,Date,Day,Time,Highway,Road Class 1,Road Number 1,Road Type,Speed Limit,Junction Detail,Junction Control,Road Class 2,Road Number 2,Pedestrian Crossing,Light Condition Band,Weather,Road Surface,Special Conditions,Carriage Way Hazard,Easting,Northing,Longitude,Latitude,Ward Code,Ward Name,Spatial Accuracy,Location,Organisation URI,Socrata ID,Last Uploaded
1170073274,CAMDEN,1 Driver/Rider,1 Male,16-24,24,1,3 Slight,-2 Unknown,-2 N/A,3 Powered 2 Wheeler,THEOBALDS ROAD J/W HARPUR STREET,2,27/11/2017 04:33:00 PM,Monday,16.33,3 Bor,A,401,3 Dual Cwy,1 <= 20 MPH,3 T/Stag Jun,1 Auth Person,A,401,1 Zebra,2 Dark,1 Fine,1 Road-Dry,0 None,0 None,530630,181810,-0.118586,51.520114,,,Unknown,"(51.520114, -0.118586)",http://opendatacommunities.org/id/london-borough-council/camden,7554,21/12/2020 02:48:41 PM
0115EK41006,CAMDEN,1 Driver/Rider,1 Male,25-59,29,1,3 Slight,-2 Unknown,-2 N/A,4 Car,FORTUNE GREEN ROAD J/W ACHILLES ROAD.,2,14/11/2015 01:39:00 AM,Saturday,1.39,3 Bor,B,510,6 Single Cwy,2 30 MPH,3 T/Stag Jun,4 Give Way/Uncontrolled,Unclassified,0,0 No Xing Facility In 50m,2 Dark,1 Fine,1 Road-Dry,0 None,0 None,525130,185450,-0.196523,51.554071,,,Unknown,"(51.554071, -0.196523)",http://opendatacommunities.org/id/london-borough-council/camden,5431,21/12/2020 02:48:37 PM
1180106750,CAMDEN,3 Pedestrian,1 Male,60+,60,1,3 Slight,05 Crossing Road (Not On Xing),9 Unknown Or Other,1 Pedestrian,EVERSHOLT STREET J/W GRAFTON PLACE,1,09/05/2018 08:50:00 AM,Wednesday,8.50,3 Bor,A,4200,6 Single Cwy,1 <= 20 MPH,6 Crossroads,2 Auto Sig,C,0,5 Pedn Phase At Ats,1 Daylight,1 Fine,1 Road-Dry,2 Traf Sig Def,0 None,529700,182670,-0.131666,51.528056,,,Unknown,"(51.528056, -0.131666)",http://opendatacommunities.org/id/london-borough-council/camden,7972,21/12/2020 02:48:42 PM
0115EK40870,CAMDEN,1 Driver/Rider,1 Male,25-59,39,1,3 Slight,-2 Unknown,-2 N/A,2 Pedal Cycle,FARRIER STREET 23M W OF ROYAL COLLEGE STREET,2,02/10/2015 12:48:00 PM,Friday,12.48,3 Bor,Unclassified,0,6 Single Cwy,2 30 MPH,0 No Jun In 20m,-2 Not Applicable,-2 Not Applicable,0,0 No Xing Facility In 50m,1 Daylight,1 Fine,1 Road-Dry,0 None,0 None,529040,184400,-0.140542,51.543755,,,Unknown,"(51.543755, -0.140542)",http://opendatacommunities.org/id/london-borough-council/camden,5317,21/12/2020 02:48:37 PM
1190198838,CAMDEN,1 DRIVER/RIDER,1 MALE,25-59,44,1,3 SLIGHT,'-2 NOT APPLICABLE,'-2 NOT APPLICABLE,3 POWERED 2 WHEELER,"On Hampstead Road, 50 metres north of the junction with CARDINGTON STREET, NW1.",2,10/08/2019 01:20:00 PM,Saturday,13.20,1 TLRN,A,400,6 SINGLE CWY,20,00 NO JUN IN 20M,,0,0,4 PELICAN OR SIMILAR,2 DAYLIGHT,1 FINE,1 ROAD-DRY,0 NONE,0 NONE,529219,182633,-0.13861,51.527834,,,Unknown,"(51.527834, -0.13861)",http://opendatacommunities.org/id/london-borough-council/camden,9265,21/12/2020 02:48:44 PM
1190213927,CAMDEN,1 DRIVER/RIDER,2 FEMALE,25-59,28,1,3 SLIGHT,'-2 NOT APPLICABLE,'-2 NOT APPLICABLE,2 PEDAL CYCLE,"On Museum Street, 50 metres east of the junction with Little Russel St.",1,25/10/2019 01:35:00 PM,Friday,13.35,3 BOR,5,0,6 SINGLE CWY,20,00 NO JUN IN 20M,,0,0,0 NO XING FACILITY IN 50M,2 DAYLIGHT,1 FINE,1 ROAD-DRY,0 NONE,0 NONE,530170,181506,-0.125325,51.517488,,,Unknown,"(51.517488, -0.125325)",http://opendatacommunities.org/id/london-borough-council/camden,9467,21/12/2020 02:48:44 PM
1160006218,CAMDEN,3 Pedestrian,2 Female,25-59,40,1,3 Slight,05 Crossing Road (Not On Xing),3 From Drivers O/Side,1 Pedestrian,GRANARY SQUARE 50M S OF J/W GOODS ROAD,1,10/12/2016 12:01:00 AM,Saturday,0.01,3 Bor,Unclassified,0,6 Single Cwy,2 30 MPH,0 No Jun In 20m,-2 Not Applicable,-2 Not Applicable,0,0 No Xing Facility In 50m,2 Dark,1 Fine,1 Road-Dry,0 None,0 None,530100,183480,-0.125604,51.535244,,,Unknown,"(51.535244, -0.125604)",http://opendatacommunities.org/id/london-borough-council/camden,5757,21/12/2020 02:48:37 PM
1170072584,CAMDEN,3 Pedestrian,2 Female,25-59,38,1,3 Slight,09 In Road - Not Crossing,5 In Rd Not Crossing,1 Pedestrian,SOUTH END ROAD 10M S OF J/W KEATS GROVE,2,24/11/2017 04:15:00 PM,Friday,16.15,3 Bor,C,0,6 Single Cwy,1 <= 20 MPH,3 T/Stag Jun,4 Give Way/Uncontrolled,Unclassified,0,1 Zebra,2 Dark,1 Fine,1 Road-Dry,0 None,0 None,527197,185698,-0.166635,51.555838,,,Unknown,"(51.555838, -0.166635)",http://opendatacommunities.org/id/london-borough-council/camden,7543,21/12/2020 02:48:41 PM
1180109689,CAMDEN,1 Driver/Rider,1 Male,25-59,39,1,3 Slight,-2 Unknown,-2 N/A,2 Pedal Cycle,BAYHAM STREET J/W PLENDER STREET,2,22/05/2018 06:45:00 PM,Tuesday,18.45,3 Bor,C,0,6 Single Cwy,1 <= 20 MPH,6 Crossroads,3 Stop Sign,Unclassified,0,0 No Xing Facility In 50m,1 Daylight,1 Fine,1 Road-Dry,0 None,0 None,529180,183560,-0.138832,51.536174,,,Unknown,"(51.536174, -0.138832)",http://opendatacommunities.org/id/london-borough-council/camden,8013,21/12/2020 02:48:42 PM
0115EK40592,CAMDEN,3 Pedestrian,2 Female,60+,70,1,3 Slight,01 Crossing Road On Ped Xing,3 From Drivers O/Side,1 Pedestrian,HEATH STREET J/W WEST HEATH ROAD,1,21/06/2015 03:00:00 PM,Sunday,15.00,3 Bor,A,502,6 Single Cwy,2 30 MPH,6 Crossroads,2 Auto Sig,C,0,5 Pedn Phase At Ats,1 Daylight,1 Fine,1 Road-Dry,0 None,0 None,526300,186260,-0.179365,51.56109,,,Unknown,"(51.56109, -0.179365)",http://opendatacommunities.org/id/london-borough-council/camden,5078,21/12/2020 02:48:36 PM
1160000236,CAMDEN,3 Pedestrian,1 Male,16-24,23,1,3 Slight,02 Crossing Road In Zig-Zag App,3 From Drivers O/Side,1 Pedestrian,FLEET ROAD J/W POND STREET,1,03/11/2016 10:25:00 AM,Thursday,10.25,3 Bor,B,518,2 One-Way St,1 <= 20 MPH,7 Multi Jun,4 Give Way/Uncontrolled,B,518,1 Zebra,1 Daylight,1 Fine,1 Road-Dry,0 None,0 None,527330,185500,-0.164789,51.554028,,,Unknown,"(51.554028, -0.164789)",http://opendatacommunities.org/id/london-borough-council/camden,5640,21/12/2020 02:48:37 PM
1180123579,CAMDEN,3 Pedestrian,2 Female,25-59,31,1,2 Serious,01 Crossing Road On Ped Xing,9 Unknown Or Other,1 Pedestrian,EUSTON ROAD J/W GOWER STREET,1,27/07/2018 07:25:00 AM,Friday,7.25,1 TLRN,A,501,3 Dual Cwy,1 <= 20 MPH,7 Multi Jun,2 Auto Sig,A,400,5 Pedn Phase At Ats,1 Daylight,1 Fine,1 Road-Dry,0 None,0 None,529440,182390,-0.135515,51.5256,,,Unknown,"(51.5256, -0.135515)",http://opendatacommunities.org/id/london-borough-council/camden,8207,21/12/2020 02:48:42 PM
1180120125,CAMDEN,1 Driver/Rider,1 Male,25-59,36,1,3 Slight,-2 Unknown,-2 N/A,3 Powered 2 Wheeler,CAMDEN ROAD 100M S OF J/W CANTELLOWES RD,2,10/07/2018 07:20:00 PM,Tuesday,19.20,1 TLRN,A,503,6 Single Cwy,2 30 MPH,0 No Jun In 20m,-2 Not Applicable,-2 Not Applicable,0,4 Pelican Or Similar,1 Daylight,1 Fine,1 Road-Dry,0 None,0 None,529580,184670,-0.132659,51.546058,,,Unknown,"(51.546058, -0.132659)",http://opendatacommunities.org/id/london-borough-council/camden,8164,21/12/2020 02:48:42 PM
0116QK50639,CAMDEN,1 Driver/Rider,1 Male,25-59,34,1,3 Slight,-2 Unknown,-2 N/A,2 Pedal Cycle,"KILBURN HIGH ROAD, J/W THE TERRACE",2,23/07/2016 02:42:00 PM,Saturday,14.42,3 Bor,A,5,6 Single Cwy,2 30 MPH,3 T/Stag Jun,4 Give Way/Uncontrolled,Unclassified,0,4 Pelican Or Similar,1 Daylight,9 Unknown,1 Road-Dry,0 None,0 None,525140,183980,-0.196901,51.540858,,,Unknown,"(51.540858, -0.196901)",http://opendatacommunities.org/id/london-borough-council/camden,6554,21/12/2020 02:48:39 PM
0115EK40660,CAMDEN,1 Driver/Rider,1 Male,25-59,52,1,3 Slight,-2 Unknown,-2 N/A,2 Pedal Cycle,EVERSHOLT STREET 40M SE OF HAMPSTEAD ROAD,1,03/08/2015 04:55:00 PM,Monday,16.55,3 Bor,A,4200,6 Single Cwy,2 30 MPH,0 No Jun In 20m,-2 Not Applicable,-2 Not Applicable,0,0 No Xing Facility In 50m,1 Daylight,1 Fine,1 Road-Dry,0 None,0 None,529220,183340,-0.138336,51.534188,,,Unknown,"(51.534188, -0.138336)",http://opendatacommunities.org/id/london-borough-council/camden,5131,21/12/2020 02:48:36 PM
1170063774,CAMDEN,1 Driver/Rider,1 Male,25-59,25,1,3 Slight,-2 Unknown,-2 N/A,4 Car,ETON ROAD J/W ADEALIDE ROAD,2,09/09/2017 09:29:00 PM,Saturday,21.29,3 Bor,B,509,9 Unknown,2 30 MPH,3 T/Stag Jun,9 Unknown (S/R),Unclassified,0,0 No Xing Facility In 50m,2 Dark,9 Unknown,9 Unknown (S/R),9 Unknown (S/R),9 Unknown (S/R),527720,184380,-0.159574,51.543875,,,Unknown,"(51.543875, -0.159574)",http://opendatacommunities.org/id/london-borough-council/camden,7401,21/12/2020 02:48:40 PM
0115EK40964,CAMDEN,1 Driver/Rider,1 Male,25-59,30,1,3 Slight,-2 Unknown,-2 N/A,2 Pedal Cycle,N.F.L EVERSHOLT STREET 22M SE OF DRUMMOND CRESCENT,2,24/10/2015 11:15:00 PM,Saturday,23.15,3 Bor,A,4200,6 Single Cwy,2 30 MPH,0 No Jun In 20m,-2 Not Applicable,-2 Not Applicable,0,0 No Xing Facility In 50m,2 Dark,1 Fine,2 Road-Wet,0 None,0 None,529590,182820,-0.133196,51.52943,,,Unknown,"(51.52943, -0.133196)",http://opendatacommunities.org/id/london-borough-council/camden,5390,21/12/2020 02:48:37 PM
0115EK40863,CAMDEN,3 Pedestrian,2 Female,16-24,21,1,3 Slight,01 Crossing Road On Ped Xing,1 From Drivers N/Side,1 Pedestrian,TAVISTOCK SQUARE J/W BEDFORD WAY,1,01/10/2015 10:00:00 AM,Thursday,10.00,3 Bor,C,0,6 Single Cwy,2 30 MPH,6 Crossroads,2 Auto Sig,C,0,5 Pedn Phase At Ats,1 Daylight,1 Fine,1 Road-Dry,0 None,0 None,529890,182260,-0.12908,51.524328,,,Unknown,"(51.524328, -0.12908)",http://opendatacommunities.org/id/london-borough-council/camden,5311,21/12/2020 02:48:37 PM
1190224546,CAMDEN,3 PEDESTRIAN,2 FEMALE,60+,67,1,2 SERIOUS,04 CROSSING ROAD WITHIN 50M XING,9 UNKNOWN OR OTHER,1 PEDESTRIAN,"On Kentish Town Road, 60 metres south of the junction with Gaisford street.",1,12/12/2019 02:20:00 PM,Thursday,14.20,3 BOR,A,400,3 DUAL CWY,20,00 NO JUN IN 20M,,0,0,4 PELICAN OR SIMILAR,2 DAYLIGHT,5 RAINING/HIGH WINDS,2 ROAD-WET,0 NONE,0 NONE,528979,184858,-0.141253,51.547885,,,Unknown,"(51.547885, -0.141253)",http://opendatacommunities.org/id/london-borough-council/camden,9613,21/12/2020 02:48:45 PM
1190167007,CAMDEN,1 DRIVER/RIDER,2 FEMALE,25-59,28,1,3 SLIGHT,'-2 NOT APPLICABLE,'-2 NOT APPLICABLE,2 PEDAL CYCLE,Location uncertain Bloomsbury Square,2,05/03/2019 09:00:00 AM,Tuesday,9.00,3 BOR,A,401,3 DUAL CWY,20,03 T/STAG JUN,4 GIVE WAY/UNCONTROLLED,6,0,4 PELICAN OR SIMILAR,2 DAYLIGHT,1 FINE,1 ROAD-DRY,0 NONE,0 NONE,530396,181639,-0.12202,51.518631,,,Unknown,"(51.518631, -0.12202)",http://opendatacommunities.org/id/london-borough-council/camden,8821,21/12/2020 02:48:43 PM
1190186770,CAMDEN,1 DRIVER/RIDER,1 MALE,25-59,44,2,3 SLIGHT,'-2 NOT APPLICABLE,'-2 NOT APPLICABLE,3 POWERED 2 WHEELER,"On Tottenham Court Road, 50 metres north of the junction with TORRINGTON PLACE.",1,12/06/2019 08:45:00 AM,Wednesday,8.45,3 BOR,A,400,6 SINGLE CWY,20,00 NO JUN IN 20M,,0,0,0 NO XING FACILITY IN 50M,2 DAYLIGHT,1 FINE,1 ROAD-DRY,0 NONE,0 NONE,529448,181975,-0.135552,51.521868,,,Unknown,"(51.521868, -0.135552)",http://opendatacommunities.org/id/london-borough-council/camden,9087,21/12/2020 02:48:44 PM
0115EK40979,CAMDEN,1 Driver/Rider,1 Male,25-59,34,1,3 Slight,-2 Unknown,-2 N/A,4 Car,CAMDEN ROAD J/W ROCHESTER PLACE.,2,04/11/2015 05:10:00 PM,Wednesday,17.10,1 TLRN,A,503,6 Single Cwy,2 30 MPH,3 T/Stag Jun,4 Give Way/Uncontrolled,Unclassified,0,5 Pedn Phase At Ats,2 Dark,1 Fine,1 Road-Dry,0 None,0 None,529280,184330,-0.137108,51.543071,,,Unknown,"(51.543071, -0.137108)",http://opendatacommunities.org/id/london-borough-council/camden,5410,21/12/2020 02:48:37 PM
0115EK40210,CAMDEN,1 Driver/Rider,1 Male,60+,71,1,3 Slight,-2 Unknown,-2 N/A,4 Car,ARKWRIGHT ROAD J/W FROGNAL,2,07/03/2015 07:50:00 PM,Saturday,19.50,3 Bor,C,0,6 Single Cwy,2 30 MPH,6 Crossroads,4 Give Way/Uncontrolled,Unclassified,0,0 No Xing Facility In 50m,1 Daylight,1 Fine,1 Road-Dry,0 None,0 None,526230,185230,-0.180744,51.551849,,,Unknown,"(51.551849, -0.180744)",http://opendatacommunities.org/id/london-borough-council/camden,4742,21/12/2020 02:48:36 PM
1190211202,CAMDEN,1 DRIVER/RIDER,1 MALE,25-59,43,1,3 SLIGHT,'-2 NOT APPLICABLE,'-2 NOT APPLICABLE,3 POWERED 2 WHEELER,"On Hampstead High Street, near the junction with Spencer Walk.",2,13/10/2019 03:50:00 AM,Saturday,3.50,3 BOR,A,502,6 SINGLE CWY,20,03 T/STAG JUN,4 GIVE WAY/UNCONTROLLED,6,0,1 ZEBRA,2 DAYLIGHT,2 RAINING,2 ROAD-WET,0 NONE,0 NONE,526458,185699,-0.177289,51.556013,,,Unknown,"(51.556013, -0.177289)",http://opendatacommunities.org/id/london-borough-council/camden,9423,21/12/2020 02:48:44 PM
1170067039,CAMDEN,1 Driver/Rider,1 Male,25-59,32,1,3 Slight,-2 Unknown,-2 N/A,3 Powered 2 Wheeler,A5 J/W BRONDESBURY VILLAS,2,29/10/2017 02:17:00 PM,Sunday,14.17,3 Bor,A,5,6 Single Cwy,2 30 MPH,3 T/Stag Jun,4 Give Way/Uncontrolled,Unclassified,0,0 No Xing Facility In 50m,1 Daylight,1 Fine,1 Road-Dry,0 None,0 None,525400,183650,-0.193272,51.537834,,,Unknown,"(51.537834, -0.193272)",http://opendatacommunities.org/id/london-borough-council/camden,7461,21/12/2020 02:48:40 PM
0115EK40228,CAMDEN,1 Driver/Rider,1 Male,25-59,31,1,3 Slight,-2 Unknown,-2 N/A,2 Pedal Cycle,EUSTON ROAD J/W JUDD STREET,2,25/03/2015 09:07:00 AM,Wednesday,9.07,1 TLRN,A,501,3 Dual Cwy,4 50 MPH,6 Crossroads,2 Auto Sig,B,504,5 Pedn Phase At Ats,1 Daylight,1 Fine,1 Road-Dry,0 None,0 None,530090,182800,-0.125999,51.529135,,,Unknown,"(51.529135, -0.125999)",http://opendatacommunities.org/id/london-borough-council/camden,4760,21/12/2020 02:48:36 PM
0116EK40235,CAMDEN,3 Pedestrian,1 Male,25-59,53,1,3 Slight,05 Crossing Road (Not On Xing),1 From Drivers N/Side,1 Pedestrian,N.F.L WEST END LANE 22M SW OF MUTRIX ROAD,1,16/01/2016 07:15:00 PM,Saturday,19.15,3 Bor,Unclassified,0,6 Single Cwy,2 30 MPH,0 No Jun In 20m,-2 Not Applicable,-2 Not Applicable,0,0 No Xing Facility In 50m,2 Dark,1 Fine,1 Road-Dry,0 None,0 None,525440,183790,-0.192645,51.539083,,,Unknown,"(51.539083, -0.192645)",http://opendatacommunities.org/id/london-borough-council/camden,6174,21/12/2020 02:48:38 PM
1180116098,CAMDEN,1 Driver/Rider,1 Male,16-24,23,1,3 Slight,-2 Unknown,-2 N/A,2 Pedal Cycle,ROYAL COLLEGE STREET 30M W OF J/W CAMDEN ROAD,2,22/06/2018 04:20:00 PM,Friday,16.20,3 Bor,A,5202,9 Unknown,2 30 MPH,0 No Jun In 20m,-2 Not Applicable,-2 Not Applicable,0,1 Zebra,1 Daylight,1 Fine,1 Road-Dry,0 None,0 None,529160,184220,-0.138878,51.54211,,,Unknown,"(51.54211, -0.138878)",http://opendatacommunities.org/id/london-borough-council/camden,8105,21/12/2020 02:48:42 PM
1180143755,CAMDEN,1 Driver/Rider,1 Male,25-59,38,1,3 Slight,-2 Unknown,-2 N/A,3 Powered 2 Wheeler,FINCHLEY ROAD J/W BURRARD ROAD,2,06/11/2018 04:29:00 PM,Tuesday,16.29,3 Bor,Unclassified,0,6 Single Cwy,2 30 MPH,6 Crossroads,2 Auto Sig,Unclassified,0,0 No Xing Facility In 50m,2 Dark,1 Fine,1 Road-Dry,0 None,0 None,525310,185590,-0.193878,51.555289,,,Unknown,"(51.555289, -0.193878)",http://opendatacommunities.org/id/london-borough-council/camden,8499,21/12/2020 02:48:43 PM
1170073402,CAMDEN,2 Passenger,1 Male,0-15,8,1,3 Slight,-2 Unknown,-2 N/A,4 Car,MILL LANE J/W ALDRED ROAD,2,28/11/2017 08:20:00 AM,Tuesday,8.20,3 Bor,C,0,3 Dual Cwy,1 <= 20 MPH,3 T/Stag Jun,4 Give Way/Uncontrolled,Unclassified,0,0 No Xing Facility In 50m,1 Daylight,1 Fine,1 Road-Dry,0 None,0 None,525200,185220,-0.195596,51.551988,,,Unknown,"(51.551988, -0.195596)",http://opendatacommunities.org/id/london-borough-council/camden,7558,21/12/2020 02:48:41 PM
1190173837,CAMDEN,3 PEDESTRIAN,1 MALE,25-59,40,1,3 SLIGHT,10 UNKNOWN OR OTHER,9 UNKNOWN OR OTHER,1 PEDESTRIAN,Location uncertain Oxford Street,1,07/04/2019 12:45:00 PM,Sunday,12.45,3 BOR,A,40,6 SINGLE CWY,30,06 CROSSROADS,2 AUTO SIG,A,400,5 PEDN PHASE AT ATS,2 DAYLIGHT,8 OTHER,1 ROAD-DRY,9 UNKNOWN (S/R),9 UNKNOWN (S/R),529799,181379,-0.130715,51.516432,,,Unknown,"(51.516432, -0.130715)",http://opendatacommunities.org/id/london-borough-council/camden,8912,21/12/2020 02:48:44 PM
1190178211,CAMDEN,1 DRIVER/RIDER,1 MALE,25-59,43,1,3 SLIGHT,'-2 NOT APPLICABLE,'-2 NOT APPLICABLE,2 PEDAL CYCLE,"On Camden Road, near the junction with CAMDEN ST.",2,01/05/2019 03:55:00 PM,Wednesday,15.55,1 TLRN,A,503,6 SINGLE CWY,20,06 CROSSROADS,2 AUTO SIG,A,400,5 PEDN PHASE AT ATS,2 DAYLIGHT,1 FINE,1 ROAD-DRY,0 NONE,0 NONE,529082,184029,-0.140072,51.540411,,,Unknown,"(51.540411, -0.140072)",http://opendatacommunities.org/id/london-borough-council/camden,8962,21/12/2020 02:48:44 PM
1170031603,CAMDEN,1 Driver/Rider,1 Male,25-59,46,1,3 Slight,-2 Unknown,-2 N/A,5 Taxi,KINGSWAY J/W GREAT QUEEN STREET,2,11/04/2017 10:30:00 AM,Tuesday,10.30,3 Bor,A,4200,3 Dual Cwy,1 <= 20 MPH,6 Crossroads,2 Auto Sig,B,402,1 Zebra,2 Dark,1 Fine,1 Road-Dry,0 None,0 None,530560,181390,-0.11975,51.516355,,,Unknown,"(51.516355, -0.11975)",http://opendatacommunities.org/id/london-borough-council/camden,6873,21/12/2020 02:48:39 PM
1180118312,CAMDEN,3 Pedestrian,1 Male,16-24,22,1,3 Slight,09 In Road - Not Crossing,7 In Rd Facing Traffic,1 Pedestrian,MILL LANE 20M E OF J/W RAVENSHAW STREET,1,02/07/2018 09:25:00 PM,Monday,21.25,3 Bor,C,0,6 Single Cwy,2 30 MPH,3 T/Stag Jun,4 Give Way/Uncontrolled,Unclassified,0,0 No Xing Facility In 50m,2 Dark,1 Fine,1 Road-Dry,0 None,0 None,524850,185134,-0.200672,51.551293,,,Unknown,"(51.551293, -0.200672)",http://opendatacommunities.org/id/london-borough-council/camden,8143,21/12/2020 02:48:42 PM
1160024365,CAMDEN,1 Driver/Rider,1 Male,25-59,42,1,3 Slight,-2 Unknown,-2 N/A,2 Pedal Cycle,PANCRAS ROAD J/W MIDLAND ROAD,3,13/10/2016 09:00:00 AM,Thursday,9.00,3 Bor,A,5202,2 One-Way St,2 30 MPH,3 T/Stag Jun,2 Auto Sig,Unclassified,0,5 Pedn Phase At Ats,1 Daylight,2 Raining,2 Road-Wet,0 None,0 None,529900,183280,-0.12856,51.533493,,,Unknown,"(51.533493, -0.12856)",http://opendatacommunities.org/id/london-borough-council/camden,5889,21/12/2020 02:48:38 PM
0115EK40347,CAMDEN,1 Driver/Rider,1 Male,25-59,39,1,3 Slight,-2 Unknown,-2 N/A,4 Car,HAWLEY ROAD J/W KENTISH TOWN ROAD,3,06/05/2015 03:40:00 PM,Wednesday,15.40,3 Bor,C,0,2 One-Way St,2 30 MPH,6 Crossroads,2 Auto Sig,A,400,5 Pedn Phase At Ats,1 Daylight,4 Fine/High Winds,2 Road-Wet,0 None,0 None,528953,184279,-0.14184,51.542687,,,Unknown,"(51.542687, -0.14184)",http://opendatacommunities.org/id/london-borough-council/camden,4856,21/12/2020 02:48:36 PM
1180090636,CAMDEN,3 Pedestrian,2 Female,25-59,47,1,2 Serious,05 Crossing Road (Not On Xing),1 From Drivers N/Side,1 Pedestrian,RODERICK ROAD 22M S OF J/W SAVERNAKE ROAD,1,16/02/2018 08:10:00 AM,Friday,8.10,3 Bor,Unclassified,0,6 Single Cwy,1 <= 20 MPH,0 No Jun In 20m,-2 Not Applicable,-2 Not Applicable,0,0 No Xing Facility In 50m,1 Daylight,1 Fine,1 Road-Dry,0 None,0 None,527770,185660,-0.158388,51.555367,,,Unknown,"(51.555367, -0.158388)",http://opendatacommunities.org/id/london-borough-council/camden,7755,21/12/2020 02:48:41 PM
0115EK40926,CAMDEN,1 Driver/Rider,1 Male,16-24,22,1,3 Slight,-2 Unknown,-2 N/A,3 Powered 2 Wheeler,TOTTENHAM COURT ROAD J/W BAYLEY STREET.,2,15/10/2015 11:38:00 PM,Thursday,23.38,3 Bor,A,400,2 One-Way St,1 <= 20 MPH,3 T/Stag Jun,2 Auto Sig,B,506,5 Pedn Phase At Ats,2 Dark,1 Fine,1 Road-Dry,0 None,0 None,529680,181610,-0.132344,51.518535,,,Unknown,"(51.518535, -0.132344)",http://opendatacommunities.org/id/london-borough-council/camden,5358,21/12/2020 02:48:37 PM
1180123557,CAMDEN,1 Driver/Rider,1 Male,60+,61,1,3 Slight,-2 Unknown,-2 N/A,3 Powered 2 Wheeler,GRAYS INN ROAD J/W ACTON STREET,2,27/07/2018 09:20:00 AM,Friday,9.20,1 TLRN,A,5200,2 One-Way St,1 <= 20 MPH,3 T/Stag Jun,9 Unknown (S/R),C,0,1 Zebra,1 Daylight,1 Fine,1 Road-Dry,0 None,0 None,530570,182700,-0.119121,51.528126,,,Unknown,"(51.528126, -0.119121)",http://opendatacommunities.org/id/london-borough-council/camden,8205,21/12/2020 02:48:42 PM
0115EK40847,CAMDEN,1 Driver/Rider,1 Male,25-59,37,1,3 Slight,-2 Unknown,-2 N/A,2 Pedal Cycle,GREAT QUEEN STREET 52M NE OF WILD STREET,2,28/09/2015 12:45:00 PM,Monday,12.45,3 Bor,B,402,6 Single Cwy,2 30 MPH,0 No Jun In 20m,-2 Not Applicable,-2 Not Applicable,0,0 No Xing Facility In 50m,1 Daylight,1 Fine,1 Road-Dry,0 None,0 None,530440,181260,-0.121527,51.515215,,,Unknown,"(51.515215, -0.121527)",http://opendatacommunities.org/id/london-borough-council/camden,5298,21/12/2020 02:48:37 PM
1180115313,CAMDEN,1 Driver/Rider,2 Female,25-59,56,1,2 Serious,-2 Unknown,-2 N/A,2 Pedal Cycle,TORRIANO AVENUE 30M N OF J/W LEIGHTON RAOD THE NEAREST CLASSIFIED,2,19/06/2018 12:22:00 PM,Tuesday,12.22,3 Bor,A,5200,2 One-Way St,1 <= 20 MPH,0 No Jun In 20m,-2 Not Applicable,-2 Not Applicable,0,0 No Xing Facility In 50m,1 Daylight,1 Fine,1 Road-Dry,0 None,0 None,529660,184920,-0.131414,51.548286,,,Unknown,"(51.548286, -0.131414)",http://opendatacommunities.org/id/london-borough-council/camden,8086,21/12/2020 02:48:42 PM
0115EK41058,CAMDEN,1 Driver/Rider,1 Male,25-59,31,1,3 Slight,-2 Unknown,-2 N/A,3 Powered 2 Wheeler,FORTESS ROAD J/W BELLINA MEWS.,1,29/11/2015 04:05:00 PM,Sunday,16.05,3 Bor,A,400,6 Single Cwy,2 30 MPH,3 T/Stag Jun,4 Give Way/Uncontrolled,Unclassified,0,0 No Xing Facility In 50m,1 Daylight,5 Raining/High Winds,2 Road-Wet,0 None,2 Other Object In Cwy,529030,185600,-0.140246,51.554541,,,Unknown,"(51.554541, -0.140246)",http://opendatacommunities.org/id/london-borough-council/camden,5472,21/12/2020 02:48:37 PM
1180137500,CAMDEN,1 Driver/Rider,1 Male,16-24,19,1,3 Slight,-2 Unknown,-2 N/A,4 Car,CAMDEN ROAD J/W ROYAL COLLEGE STREET,2,07/10/2018 07:28:00 PM,Sunday,19.28,1 TLRN,A,503,6 Single Cwy,1 <= 20 MPH,6 Crossroads,2 Auto Sig,A,5202,5 Pedn Phase At Ats,2 Dark,1 Fine,1 Road-Dry,0 None,0 None,529190,184180,-0.13846,51.541743,,,Unknown,"(51.541743, -0.13846)",http://opendatacommunities.org/id/london-borough-council/camden,8398,21/12/2020 02:48:42 PM
1170072044,CAMDEN,1 Driver/Rider,1 Male,25-59,45,1,3 Slight,-2 Unknown,-2 N/A,5 Taxi,CLERKENWELL ROAD J/W GRAYS INN ROAD,2,23/11/2017 02:23:00 AM,Thursday,2.23,3 Bor,A,401,6 Single Cwy,1 <= 20 MPH,6 Crossroads,2 Auto Sig,A,5200,4 Pelican Or Similar,2 Dark,5 Raining/High Winds,2 Road-Wet,0 None,0 None,530990,181970,-0.113341,51.521468,,,Unknown,"(51.521468, -0.113341)",http://opendatacommunities.org/id/london-borough-council/camden,7535,21/12/2020 02:48:41 PM