Reference,London Borough Name,Casualty Class,Casualty Sex,Casualty Age Band,Casualty Age,Number Of Casualties,Casualty Severity,Pedestrian Location,Pedestrian Movement,Mode Of Travel,Attendant Location,Number Of Vehicles,Date,Day,Time,Highway,Road Class 1,Road Number 1,Road Type,Speed Limit,Junction Detail,Junction Control,Road Class 2,Road Number 2,Pedestrian Crossing,Light Condition Band,Weather,Road Surface,Special Conditions,Carriage Way Hazard,Easting,Northing,Longitude,Latitude,Ward Code,Ward Name,Spatial Accuracy,Location,Organisation URI,Socrata ID,Last Uploaded
1170010668,CAMDEN,1 Driver/Rider,2 Female,25-59,45,1,3 Slight,-2 Unknown,-2 N/A,2 Pedal Cycle,THEOBALDS ROAD J/W KINGS MEWS,2,09/01/2017 03:10:00 PM,Monday,15.10,3 Bor,A,401,6 Single Cwy,1 <= 20 MPH,3 T/Stag Jun,9 Unknown (S/R),Unclassified,0,5 Pedn Phase At Ats,1 Daylight,2 Raining,2 Road-Wet,0 None,0 None,530950,181950,-0.113925,51.521298,,,Unknown,"(51.521298, -0.113925)",http://opendatacommunities.org/id/london-borough-council/camden,6565,21/12/2020 02:48:39 PM
0115EK40936,CAMDEN,1 Driver/Rider,1 Male,16-24,21,1,3 Slight,-2 Unknown,-2 N/A,3 Powered 2 Wheeler,"KING'S CROSS ROAD, 23 METRES SE OF PENTONVILLE ROAD.",2,08/09/2015 09:00:00 AM,Tuesday,9.00,1 TLRN,A,501,2 One-Way St,2 30 MPH,0 No Jun In 20m,-2 Not Applicable,-2 Not Applicable,0,5 Pedn Phase At Ats,1 Daylight,1 Fine,1 Road-Dry,0 None,6 Ped In Cwy (Not Inj),530530,183000,-0.119586,51.530831,,,Unknown,"(51.530831, -0.119586)",http://opendatacommunities.org/id/london-borough-council/camden,5367,21/12/2020 02:48:37 PM
0116EK40581,CAMDEN,1 Driver/Rider,1 Male,25-59,33,1,3 Slight,-2 Unknown,-2 N/A,2 Pedal Cycle,HAMPSTEAD ROAD J/W MORNINGTON CRESCENT.,2,11/08/2016 07:16:00 PM,Thursday,19.16,1 TLRN,A,400,6 Single Cwy,2 30 MPH,3 T/Stag Jun,4 Give Way/Uncontrolled,Unclassified,0,1 Zebra,1 Daylight,1 Fine,1 Road-Dry,0 None,0 None,529150,183350,-0.139341,51.534293,,,Unknown,"(51.534293, -0.139341)",http://opendatacommunities.org/id/london-borough-council/camden,6465,21/12/2020 02:48:39 PM
1190226556,CAMDEN,1 DRIVER/RIDER,1 MALE,25-59,25,1,3 SLIGHT,'-2 NOT APPLICABLE,'-2 NOT APPLICABLE,5 TAXI,"On Templewood Avenue, 25 metres west of the junction with West Heath Road .",2,21/12/2019 04:00:00 PM,Saturday,16.00,3 BOR,5,0,6 SINGLE CWY,20,00 NO JUN IN 20M,,0,0,0 NO XING FACILITY IN 50M,2 DAYLIGHT,2 RAINING,2 ROAD-WET,9 UNKNOWN (S/R),0 NONE,525900,186389,-0.185087,51.562338,,,Unknown,"(51.562338, -0.185087)",http://opendatacommunities.org/id/london-borough-council/camden,9644,21/12/2020 02:48:45 PM
1180138557,CAMDEN,1 Driver/Rider,1 Male,25-59,45,1,3 Slight,-2 Unknown,-2 N/A,5 Taxi,HAVERSTOCK HILL J/W ROWLAND HILL STREET,2,12/10/2018 11:02:00 AM,Friday,11.02,3 Bor,A,502,6 Single Cwy,1 <= 20 MPH,9 Other Jun,4 Give Way/Uncontrolled,Unclassified,0,0 No Xing Facility In 50m,1 Daylight,1 Fine,1 Road-Dry,0 None,0 None,527140,185310,-0.167597,51.552364,,,Unknown,"(51.552364, -0.167597)",http://opendatacommunities.org/id/london-borough-council/camden,8418,21/12/2020 02:48:43 PM
0115EK40254,CAMDEN,3 Pedestrian,1 Male,25-59,57,1,3 Slight,01 Crossing Road On Ped Xing,1 From Drivers N/Side,1 Pedestrian,ADELAIDE ROAD J/W BRIDGE APPROACH,1,12/03/2015 11:30:00 AM,Thursday,11.30,3 Bor,B,509,6 Single Cwy,2 30 MPH,3 T/Stag Jun,4 Give Way/Uncontrolled,Unclassified,0,1 Zebra,1 Daylight,1 Fine,1 Road-Dry,0 None,0 None,528060,184390,-0.15467,51.543888,,,Unknown,"(51.543888, -0.15467)",http://opendatacommunities.org/id/london-borough-council/camden,4783,21/12/2020 02:48:36 PM
0115EK41162,CAMDEN,1 Driver/Rider,1 Male,16-24,19,1,3 Slight,-2 Unknown,-2 N/A,3 Powered 2 Wheeler,EUSTON ROAD J/W CRESTFIELD STREET.,2,24/12/2015 05:05:00 PM,Thursday,17.05,1 TLRN,A,501,3 Dual Cwy,2 30 MPH,3 T/Stag Jun,4 Give Way/Uncontrolled,Unclassified,0,7 Footbridge Or Subway,2 Dark,1 Fine,1 Road-Dry,0 None,0 None,530280,182930,-0.123214,51.53026,,,Unknown,"(51.53026, -0.123214)",http://opendatacommunities.org/id/london-borough-council/camden,5562,21/12/2020 02:48:37 PM
0116EK40091,CAMDEN,1 Driver/Rider,1 Male,25-59,34,1,3 Slight,-2 Unknown,-2 N/A,3 Powered 2 Wheeler,QUEEN'S CRESCENT J/W BASSETT STREET,2,18/02/2016 07:45:00 PM,Thursday,19.45,3 Bor,Unclassified,0,6 Single Cwy,1 <= 20 MPH,3 T/Stag Jun,4 Give Way/Uncontrolled,Unclassified,0,0 No Xing Facility In 50m,2 Dark,1 Fine,1 Road-Dry,0 None,0 None,528210,185020,-0.152278,51.549516,,,Unknown,"(51.549516, -0.152278)",http://opendatacommunities.org/id/london-borough-council/camden,6050,21/12/2020 02:48:38 PM
0116EK40296,CAMDEN,2 Passenger,2 Female,16-24,24,1,3 Slight,-2 Unknown,-2 N/A,6 Bus Or Coach,KING'S CROSS BRIDGE J/W PENTONVILLE ROAD.,2,26/04/2016 08:30:00 AM,Tuesday,8.30,1 TLRN,A,5203,2 One-Way St,2 30 MPH,3 T/Stag Jun,2 Auto Sig,A,501,5 Pedn Phase At Ats,1 Daylight,1 Fine,1 Road-Dry,0 None,0 None,530430,182980,-0.121034,51.530674,,,Unknown,"(51.530674, -0.121034)",http://opendatacommunities.org/id/london-borough-council/camden,6232,21/12/2020 02:48:38 PM
1170071746,CAMDEN,1 Driver/Rider,1 Male,16-24,19,1,3 Slight,-2 Unknown,-2 N/A,3 Powered 2 Wheeler,KILBURN HIGH ROAD J/W MESSINA AVENUE,2,21/11/2017 10:33:00 AM,Tuesday,10.33,3 Bor,A,5,6 Single Cwy,2 30 MPH,9 Other Jun,4 Give Way/Uncontrolled,A,5,5 Pedn Phase At Ats,1 Daylight,4 Fine/High Winds,1 Road-Dry,0 None,0 None,525030,184120,-0.198437,51.54214,,,Unknown,"(51.54214, -0.198437)",http://opendatacommunities.org/id/london-borough-council/camden,7530,21/12/2020 02:48:41 PM
1190178173,CAMDEN,1 DRIVER/RIDER,1 MALE,25-59,31,1,3 SLIGHT,'-2 NOT APPLICABLE,'-2 NOT APPLICABLE,3 POWERED 2 WHEELER,"On Camden Road, near the junction with Royal College Street.",2,20/04/2019 10:20:00 PM,Saturday,22.20,1 TLRN,A,503,6 SINGLE CWY,30,06 CROSSROADS,9 UNKNOWN (S/R),A,5202,9 UNKNOWN (S/R),1 DARK,1 FINE,1 ROAD-DRY,0 NONE,0 NONE,529196,184184,-0.138372,51.541778,,,Unknown,"(51.541778, -0.138372)",http://opendatacommunities.org/id/london-borough-council/camden,8961,21/12/2020 02:48:44 PM
1170013058,CAMDEN,3 Pedestrian,2 Female,16-24,20,1,3 Slight,10 Unknown,9 Unknown Or Other,1 Pedestrian,WEST END LANE NW6 1QS 10M S OF J/W FAWLEY ROAD NW6,1,20/01/2017 02:50:00 PM,Friday,14.50,3 Bor,B,510,6 Single Cwy,2 30 MPH,3 T/Stag Jun,4 Give Way/Uncontrolled,Unclassified,0,1 Zebra,1 Daylight,1 Fine,1 Road-Dry,0 None,0 None,525493,185002,-0.191449,51.549964,,,Unknown,"(51.549964, -0.191449)",http://opendatacommunities.org/id/london-borough-council/camden,6600,21/12/2020 02:48:39 PM
1180120123,CAMDEN,2 Passenger,2 Female,16-24,17,1,3 Slight,-2 Unknown,-2 N/A,6 Bus Or Coach,EVERSHOLT STREET J/W LANCING STREET,1,10/07/2018 06:50:00 PM,Tuesday,18.50,3 Bor,A,4200,6 Single Cwy,1 <= 20 MPH,3 T/Stag Jun,4 Give Way/Uncontrolled,Unclassified,0,0 No Xing Facility In 50m,1 Daylight,1 Fine,1 Road-Dry,0 None,0 None,529670,182720,-0.13208,51.528513,,,Unknown,"(51.528513, -0.13208)",http://opendatacommunities.org/id/london-borough-council/camden,8162,21/12/2020 02:48:42 PM
1190196058,CAMDEN,1 DRIVER/RIDER,1 MALE,25-59,32,1,3 SLIGHT,'-2 NOT APPLICABLE,'-2 NOT APPLICABLE,4 CAR,"On Camden High Street, 25 metres west of the junction with Greenland Road .",2,26/07/2019 10:00:00 AM,Friday,10.00,1 TLRN,A,502,2 ONE-WAY ST,20,00 NO JUN IN 20M,,0,0,9 UNKNOWN (S/R),2 DAYLIGHT,2 RAINING,2 ROAD-WET,0 NONE,0 NONE,528921,183862,-0.142454,51.538947,,,Unknown,"(51.538947, -0.142454)",http://opendatacommunities.org/id/london-borough-council/camden,9230,21/12/2020 02:48:44 PM
1180143041,CAMDEN,1 Driver/Rider,1 Male,16-24,22,1,3 Slight,-2 Unknown,-2 N/A,2 Pedal Cycle,ROYAL COLLEGE STREET J/W GEORGIANA STREET,2,02/11/2018 12:00:00 PM,Friday,12.00,3 Bor,A,5202,2 One-Way St,1 <= 20 MPH,6 Crossroads,3 Stop Sign,Unclassified,0,1 Zebra,1 Daylight,1 Fine,1 Road-Dry,0 None,0 None,529300,183980,-0.136949,51.539921,,,Unknown,"(51.539921, -0.136949)",http://opendatacommunities.org/id/london-borough-council/camden,8488,21/12/2020 02:48:43 PM
1170048524,CAMDEN,3 Pedestrian,2 Female,25-59,52,1,3 Slight,01 Crossing Road On Ped Xing,1 From Drivers N/Side,1 Pedestrian,UPPER WOBURN PLACE 100M S OF J/W EUSTON ROAD THE NEAREST CLASSIFIE,1,15/07/2017 06:34:00 AM,Saturday,6.34,3 Bor,A,4200,6 Single Cwy,1 <= 20 MPH,0 No Jun In 20m,-2 Not Applicable,-2 Not Applicable,0,1 Zebra,1 Daylight,1 Fine,1 Road-Dry,0 None,0 None,529840,182470,-0.129723,51.526227,,,Unknown,"(51.526227, -0.129723)",http://opendatacommunities.org/id/london-borough-council/camden,7153,21/12/2020 02:48:40 PM
1160024386,CAMDEN,1 Driver/Rider,1 Male,25-59,35,1,3 Slight,-2 Unknown,-2 N/A,7 Goods Vehicle,AVENUE ROAD 160M S OF J/W ADELAIDE ROAD,3,01/10/2016 09:20:00 AM,Saturday,9.20,3 Bor,B,525,6 Single Cwy,2 30 MPH,0 No Jun In 20m,-2 Not Applicable,-2 Not Applicable,0,0 No Xing Facility In 50m,1 Daylight,1 Fine,1 Road-Dry,0 None,0 None,526850,183990,-0.172253,51.540566,,,Unknown,"(51.540566, -0.172253)",http://opendatacommunities.org/id/london-borough-council/camden,5898,21/12/2020 02:48:38 PM
0116EK40414,CAMDEN,2 Passenger,2 Female,25-59,33,1,3 Slight,-2 Unknown,-2 N/A,5 Taxi,EUSTON ROAD J/W CHALTON STREET,2,12/06/2016 12:06:00 AM,Sunday,0.06,1 TLRN,A,501,6 Single Cwy,2 30 MPH,3 T/Stag Jun,4 Give Way/Uncontrolled,Unclassified,0,8 Central Refuge,2 Dark,1 Fine,1 Road-Dry,0 None,0 None,529900,182680,-0.128781,51.5281,,,Unknown,"(51.5281, -0.128781)",http://opendatacommunities.org/id/london-borough-council/camden,6332,21/12/2020 02:48:38 PM
0116EK40292,CAMDEN,3 Pedestrian,2 Female,25-59,32,1,3 Slight,09 In Road - Not Crossing,5 In Rd Not Crossing,1 Pedestrian,NFL HIGHGATE ROAD J/W WOODSOME ROAD,2,16/04/2016 05:55:00 PM,Saturday,17.55,3 Bor,C,0,6 Single Cwy,2 30 MPH,3 T/Stag Jun,4 Give Way/Uncontrolled,Unclassified,0,0 No Xing Facility In 50m,1 Daylight,1 Fine,1 Road-Dry,0 None,0 None,528430,186040,-0.148735,51.558632,,,Unknown,"(51.558632, -0.148735)",http://opendatacommunities.org/id/london-borough-council/camden,6228,21/12/2020 02:48:38 PM
1190221177,CAMDEN,1 DRIVER/RIDER,1 MALE,25-59,27,1,3 SLIGHT,'-2 NOT APPLICABLE,'-2 NOT APPLICABLE,4 CAR,"On Euston Road, 25 metres south of the junction with Ossulston road .",2,27/11/2019 02:40:00 PM,Wednesday,14.40,1 TLRN,A,501,3 DUAL CWY,40,00 NO JUN IN 20M,,0,0,5 PEDN PHASE AT ATS,2 DAYLIGHT,1 FINE,1 ROAD-DRY,0 NONE,0 NONE,529944,182713,-0.128135,51.528387,,,Unknown,"(51.528387, -0.128135)",http://opendatacommunities.org/id/london-borough-council/camden,9557,21/12/2020 02:48:45 PM
1160014115,CAMDEN,3 Pedestrian,2 Female,25-59,30,1,3 Slight,10 Unknown,9 Unknown Or Other,1 Pedestrian,FORDWYCH ROAD J/W MILL LANE,2,13/12/2016 12:10:00 PM,Tuesday,12.10,3 Bor,C,0,6 Single Cwy,1 <= 20 MPH,9 Other Jun,4 Give Way/Uncontrolled,Unclassified,0,0 No Xing Facility In 50m,1 Daylight,1 Fine,1 Road-Dry,9 Unknown (S/R),0 None,524480,185070,-0.206028,51.550799,,,Unknown,"(51.550799, -0.206028)",http://opendatacommunities.org/id/london-borough-council/camden,5866,21/12/2020 02:48:38 PM
0115EK40960,CAMDEN,3 Pedestrian,1 Male,25-59,26,1,3 Slight,05 Crossing Road (Not On Xing),2 From Drivers N/Side Msk,1 Pedestrian,"CORAM STREET, 30 METRES EAST OF HERBRAND STREET.",1,28/10/2015 01:40:00 AM,Wednesday,1.40,3 Bor,Unclassified,0,6 Single Cwy,1 <= 20 MPH,0 No Jun In 20m,-2 Not Applicable,-2 Not Applicable,0,0 No Xing Facility In 50m,2 Dark,1 Fine,1 Road-Dry,0 None,0 None,530150,182230,-0.125345,51.523999,,,Unknown,"(51.523999, -0.125345)",http://opendatacommunities.org/id/london-borough-council/camden,5385,21/12/2020 02:48:37 PM
1180085464,CAMDEN,1 Driver/Rider,1 Male,25-59,34,1,3 Slight,-2 Unknown,-2 N/A,4 Car,PRINCE ALBERT ROAD J/W ALBANY ROAD,2,15/01/2018 09:45:00 AM,Monday,9.45,3 Bor,A,5205,6 Single Cwy,2 30 MPH,3 T/Stag Jun,4 Give Way/Uncontrolled,Unclassified,0,1 Zebra,1 Daylight,2 Raining,2 Road-Wet,0 None,0 None,528410,183660,-0.149891,51.537248,,,Unknown,"(51.537248, -0.149891)",http://opendatacommunities.org/id/london-borough-council/camden,7690,21/12/2020 02:48:41 PM
1170038097,CAMDEN,1 Driver/Rider,1 Male,25-59,42,1,3 Slight,-2 Unknown,-2 N/A,2 Pedal Cycle,MONTAGUE PLACE J/W RUSSLE SQUARE,2,17/05/2017 10:44:00 PM,Wednesday,22.44,3 Bor,B,506,6 Single Cwy,1 <= 20 MPH,3 T/Stag Jun,4 Give Way/Uncontrolled,A,4200,0 No Xing Facility In 50m,2 Dark,2 Raining,2 Road-Wet,0 None,0 None,530050,181880,-0.126915,51.520876,,,Unknown,"(51.520876, -0.126915)",http://opendatacommunities.org/id/london-borough-council/camden,6976,21/12/2020 02:48:39 PM
0115EK40181,CAMDEN,1 Driver/Rider,1 Male,25-59,28,1,3 Slight,-2 Unknown,-2 N/A,3 Powered 2 Wheeler,HEATH DRIVE J/W REDINGTON ROAD,2,02/03/2015 10:47:00 AM,Monday,10.47,3 Bor,Unclassified,0,6 Single Cwy,2 30 MPH,6 Crossroads,4 Give Way/Uncontrolled,Unclassified,0,0 No Xing Facility In 50m,1 Daylight,1 Fine,1 Road-Dry,0 None,0 None,525720,185900,-0.187857,51.557984,,,Unknown,"(51.557984, -0.187857)",http://opendatacommunities.org/id/london-borough-council/camden,4722,21/12/2020 02:48:36 PM
1190213727,CAMDEN,1 DRIVER/RIDER,1 MALE,U,,1,3 SLIGHT,'-2 NOT APPLICABLE,'-2 NOT APPLICABLE,2 PEDAL CYCLE,"On Theobalds Road, near the junction with Grays Inn Road WC1.",2,06/10/2019 03:15:00 PM,Sunday,15.15,3 BOR,A,401,6 SINGLE CWY,30,03 T/STAG JUN,4 GIVE WAY/UNCONTROLLED,A,5200,9 UNKNOWN (S/R),2 DAYLIGHT,1 FINE,1 ROAD-DRY,0 NONE,9 UNKNOWN (S/R),530956,181948,-0.113839,51.521278,,,Unknown,"(51.521278, -0.113839)",http://opendatacommunities.org/id/london-borough-council/camden,9465,21/12/2020 02:48:44 PM
1180110225,CAMDEN,2 Passenger,2 Female,60+,70,1,3 Slight,-2 Unknown,-2 N/A,6 Bus Or Coach,HAMPSTEAD ROAD J/W ROBERT STREET,1,24/05/2018 06:00:00 PM,Thursday,18.00,1 TLRN,A,400,6 Single Cwy,2 30 MPH,3 T/Stag Jun,4 Give Way/Uncontrolled,Unclassified,0,8 Central Refuge,1 Daylight,1 Fine,1 Road-Dry,0 None,0 None,529210,182690,-0.138719,51.528348,,,Unknown,"(51.528348, -0.138719)",http://opendatacommunities.org/id/london-borough-council/camden,8022,21/12/2020 02:48:42 PM
0116EK40616,CAMDEN,1 Driver/Rider,1 Male,25-59,26,1,3 Slight,-2 Unknown,-2 N/A,3 Powered 2 Wheeler,HAMPSTEAD ROAD J/W EUSTON ROAD.,3,26/08/2016 05:24:00 PM,Friday,17.24,1 TLRN,A,501,6 Single Cwy,2 30 MPH,6 Crossroads,2 Auto Sig,A,501,5 Pedn Phase At Ats,1 Daylight,1 Fine,1 Road-Dry,0 None,0 None,529250,182350,-0.138267,51.525284,,,Unknown,"(51.525284, -0.138267)",http://opendatacommunities.org/id/london-borough-council/camden,6493,21/12/2020 02:48:39 PM
0115EK40832,CAMDEN,3 Pedestrian,1 Male,25-59,48,1,3 Slight,05 Crossing Road (Not On Xing),1 From Drivers N/Side,1 Pedestrian,OAK VILLAGE J/W LAMBLE STREET.,1,19/09/2015 05:35:00 PM,Saturday,17.35,3 Bor,Unclassified,0,6 Single Cwy,2 30 MPH,3 T/Stag Jun,4 Give Way/Uncontrolled,Unclassified,0,0 No Xing Facility In 50m,1 Daylight,1 Fine,1 Road-Dry,0 None,0 None,528310,185570,-0.150636,51.554436,,,Unknown,"(51.554436, -0.150636)",http://opendatacommunities.org/id/london-borough-council/camden,5287,21/12/2020 02:48:37 PM
1170033678,CAMDEN,3 Pedestrian,2 Female,25-59,43,1,3 Slight,01 Crossing Road On Ped Xing,3 From Drivers O/Side,1 Pedestrian,KENTISH TOWN ROAD J/W YORK MEWS,1,20/04/2017 07:20:00 PM,Thursday,19.20,3 Bor,A,400,6 Single Cwy,2 30 MPH,3 T/Stag Jun,4 Give Way/Uncontrolled,Unclassified,0,4 Pelican Or Similar,1 Daylight,1 Fine,1 Road-Dry,0 None,0 None,529000,185070,-0.140873,51.549785,,,Unknown,"(51.549785, -0.140873)",http://opendatacommunities.org/id/london-borough-council/camden,6906,21/12/2020 02:48:39 PM
0115EK40256,CAMDEN,2 Passenger,1 Male,25-59,50,1,3 Slight,-2 Unknown,-2 N/A,6 Bus Or Coach,ADELAIDE ROAD J/W AVENUE ROAD,1,07/04/2015 07:00:00 PM,Tuesday,19.00,1 TLRN,A,41,6 Single Cwy,2 30 MPH,6 Crossroads,2 Auto Sig,B,525,5 Pedn Phase At Ats,1 Daylight,1 Fine,1 Road-Dry,0 None,0 None,526750,184120,-0.173648,51.541757,,,Unknown,"(51.541757, -0.173648)",http://opendatacommunities.org/id/london-borough-council/camden,4786,21/12/2020 02:48:36 PM
1180154476,CAMDEN,3 Pedestrian,2 Female,16-24,17,1,3 Slight,09 In Road - Not Crossing,5 In Rd Not Crossing,1 Pedestrian,OAK VILLAGE 5M S OF J/W GORDON HOUSE ROAD,1,27/12/2018 01:35:00 AM,Thursday,1.35,3 Bor,C,0,3 Dual Cwy,1 <= 20 MPH,3 T/Stag Jun,4 Give Way/Uncontrolled,B,518,0 No Xing Facility In 50m,2 Dark,1 Fine,1 Road-Dry,0 None,0 None,528226,185596,-0.151838,51.554688,,,Unknown,"(51.554688, -0.151838)",http://opendatacommunities.org/id/london-borough-council/camden,8643,21/12/2020 02:48:43 PM
1160012893,CAMDEN,3 Pedestrian,1 Male,60+,62,1,3 Slight,05 Crossing Road (Not On Xing),1 From Drivers N/Side,1 Pedestrian,"ON GREAT RUSSELL STREET, 55 METRES WEST OF THE JUNCTION WITH BURY",1,01/09/2016 01:10:00 PM,Thursday,13.10,3 Bor,C,0,6 Single Cwy,1 <= 20 MPH,0 No Jun In 20m,-2 Not Applicable,-2 Not Applicable,0,0 No Xing Facility In 50m,1 Daylight,1 Fine,1 Road-Dry,0 None,0 None,530160,181620,-0.125427,51.518515,,,Unknown,"(51.518515, -0.125427)",http://opendatacommunities.org/id/london-borough-council/camden,5861,21/12/2020 02:48:38 PM
1190202313,CAMDEN,1 DRIVER/RIDER,2 FEMALE,16-24,23,1,2 SERIOUS,'-2 NOT APPLICABLE,1 FROM DRIVERS N/SIDE,2 PEDAL CYCLE,"On HAVERSTOCK HILL NW3, 5 metres south of the junction with ORNAN ROAD NW3.",2,30/08/2019 08:50:00 AM,Friday,8.50,3 BOR,A,502,3 DUAL CWY,30,03 T/STAG JUN,2 AUTO SIG,6,0,4 PELICAN OR SIMILAR,2 DAYLIGHT,1 FINE,1 ROAD-DRY,0 NONE,1 VEHICLE LOAD IN CWY,527180,185256,-0.16704,51.551869,,,Unknown,"(51.551869, -0.16704)",http://opendatacommunities.org/id/london-borough-council/camden,9314,21/12/2020 02:48:44 PM
0115EK40834,CAMDEN,1 Driver/Rider,1 Male,25-59,29,1,3 Slight,-2 Unknown,-2 N/A,3 Powered 2 Wheeler,BEDFORD WAY J/W RUSSELL SQUARE.,2,23/09/2015 06:10:00 PM,Wednesday,18.10,3 Bor,C,0,6 Single Cwy,2 30 MPH,3 T/Stag Jun,4 Give Way/Uncontrolled,A,4200,0 No Xing Facility In 50m,1 Daylight,1 Fine,1 Road-Dry,0 None,0 None,530050,182040,-0.126856,51.522314,,,Unknown,"(51.522314, -0.126856)",http://opendatacommunities.org/id/london-borough-council/camden,5290,21/12/2020 02:48:37 PM
1190172501,CAMDEN,1 DRIVER/RIDER,1 MALE,25-59,37,1,3 SLIGHT,'-2 NOT APPLICABLE,'-2 NOT APPLICABLE,3 POWERED 2 WHEELER,"On West End Lane, near the junction with Fortune Green Road / West End Lane.",2,29/03/2019 08:10:00 PM,Friday,20.10,3 BOR,5,0,6 SINGLE CWY,20,03 T/STAG JUN,4 GIVE WAY/UNCONTROLLED,B,510,1 ZEBRA,2 DAYLIGHT,1 FINE,1 ROAD-DRY,0 NONE,0 NONE,525422,185225,-0.192394,51.551984,,,Unknown,"(51.551984, -0.192394)",http://opendatacommunities.org/id/london-borough-council/camden,8896,21/12/2020 02:48:44 PM
1180146664,CAMDEN,2 Passenger,2 Female,0-15,13,1,3 Slight,-2 Unknown,-2 N/A,4 Car,FINCHLEY ROAD J/W BLACKBURN ROAD,2,19/11/2018 08:20:00 PM,Monday,20.20,1 TLRN,A,41,3 Dual Cwy,2 30 MPH,7 Multi Jun,2 Auto Sig,Unclassified,0,5 Pedn Phase At Ats,2 Dark,8 Other,2 Road-Wet,0 None,0 None,526225,184841,-0.180956,51.548354,,,Unknown,"(51.548354, -0.180956)",http://opendatacommunities.org/id/london-borough-council/camden,8530,21/12/2020 02:48:43 PM
1160006354,CAMDEN,1 Driver/Rider,1 Male,25-59,48,1,3 Slight,-2 Unknown,-2 N/A,4 Car,A41 J/W FINCHLEY ROAD,2,11/12/2016 07:45:00 PM,Sunday,19.45,1 TLRN,A,41,6 Single Cwy,2 30 MPH,3 T/Stag Jun,2 Auto Sig,A,598,0 No Xing Facility In 50m,2 Dark,1 Fine,2 Road-Wet,0 None,0 None,525070,186030,-0.197182,51.559297,,,Unknown,"(51.559297, -0.197182)",http://opendatacommunities.org/id/london-borough-council/camden,5763,21/12/2020 02:48:37 PM
1160020166,CAMDEN,1 Driver/Rider,1 Male,25-59,51,1,3 Slight,-2 Unknown,-2 N/A,2 Pedal Cycle,"ON YORK WAY, NEAR THE JUNCTION WITH COPENHAGEN STREET.",2,15/09/2016 08:55:00 PM,Thursday,20.55,3 Bor,A,5200,6 Single Cwy,2 30 MPH,9 Other Jun,2 Auto Sig,B,154,5 Pedn Phase At Ats,2 Dark,1 Fine,1 Road-Dry,0 None,0 None,530310,183670,-0.122508,51.536903,,,Unknown,"(51.536903, -0.122508)",http://opendatacommunities.org/id/london-borough-council/camden,5869,21/12/2020 02:48:38 PM
0116EK40354,CAMDEN,1 Driver/Rider,1 Male,25-59,27,1,3 Slight,-2 Unknown,-2 N/A,2 Pedal Cycle,CALTHORPE STREET J/W PHOENIX PLACE,2,20/05/2016 08:11:00 AM,Friday,8.11,3 Bor,B,502,6 Single Cwy,2 30 MPH,6 Crossroads,4 Give Way/Uncontrolled,C,0,0 No Xing Facility In 50m,1 Daylight,1 Fine,1 Road-Dry,0 None,0 None,530910,182410,-0.11433,51.525441,,,Unknown,"(51.525441, -0.11433)",http://opendatacommunities.org/id/london-borough-council/camden,6282,21/12/2020 02:48:38 PM
1190192559,CAMDEN,3 PEDESTRIAN,2 FEMALE,60+,72,1,2 SERIOUS,05 CROSSING ROAD (NOT ON XING),1 FROM DRIVERS N/SIDE,1 PEDESTRIAN,"On Tottenham Court Road, 24 metres south of the junction with Stephen Street.",1,09/07/2019 06:01:00 PM,Tuesday,18.01,3 BOR,A,400,3 DUAL CWY,20,00 NO JUN IN 20M,,0,0,0 NO XING FACILITY IN 50M,2 DAYLIGHT,1 FINE,1 ROAD-DRY,0 NONE,0 NONE,529734,181542,-0.131592,51.517911,,,Unknown,"(51.517911, -0.131592)",http://opendatacommunities.org/id/london-borough-council/camden,9172,21/12/2020 02:48:44 PM
1180094437,CAMDEN,2 Passenger,1 Male,16-24,24,1,3 Slight,-2 Unknown,-2 N/A,4 Car,FINCHLEY ROAD 50M S OF J/W FORTUNE GREEN LANE,2,06/03/2018 11:55:00 PM,Tuesday,23.55,1 TLRN,A,41,3 Dual Cwy,2 30 MPH,0 No Jun In 20m,-2 Not Applicable,-2 Not Applicable,0,0 No Xing Facility In 50m,2 Dark,1 Fine,1 Road-Dry,0 None,0 None,525203,185780,-0.195353,51.55702,,,Unknown,"(51.55702, -0.195353)",http://opendatacommunities.org/id/london-borough-council/camden,7796,21/12/2020 02:48:41 PM
1180141215,CAMDEN,3 Pedestrian,2 Female,60+,72,1,3 Slight,09 In Road - Not Crossing,5 In Rd Not Crossing,1 Pedestrian,RANDOLPH STREET J/W ROYAL COLLEGE STREET,1,23/05/2018 04:45:00 PM,Wednesday,16.45,3 Bor,C,0,6 Single Cwy,2 30 MPH,3 T/Stag Jun,2 Auto Sig,A,5202,5 Pedn Phase At Ats,1 Daylight,1 Fine,1 Road-Dry,0 None,0 None,529250,184140,-0.13761,51.54137,,,Unknown,"(51.54137, -0.13761)",http://opendatacommunities.org/id/london-borough-council/camden,8471,21/12/2020 02:48:43 PM