Reference,London Borough Name,Casualty Class,Casualty Sex,Casualty Age Band,Casualty Age,Number Of Casualties,Casualty Severity,Pedestrian Location,Pedestrian Movement,Mode Of Travel,Attendant Location,Number Of Vehicles,Date,Day,Time,Highway,Road Class 1,Road Number 1,Road Type,Speed Limit,Junction Detail,Junction Control,Road Class 2,Road Number 2,Pedestrian Crossing,Light Condition Band,Weather,Road Surface,Special Conditions,Carriage Way Hazard,Easting,Northing,Longitude,Latitude,Ward Code,Ward Name,Spatial Accuracy,Location,Organisation URI,Socrata ID,Last Uploaded
1190177918,CAMDEN,1 DRIVER/RIDER,1 MALE,16-24,16,1,3 SLIGHT,'-2 NOT APPLICABLE,'-2 NOT APPLICABLE,3 POWERED 2 WHEELER,"On Leighton Crescent, near the junction with Leighton Grove.",2,30/04/2019 11:05:00 AM,Tuesday,11.05,3 BOR,6,0,6 SINGLE CWY,20,03 T/STAG JUN,4 GIVE WAY/UNCONTROLLED,6,0,0 NO XING FACILITY IN 50M,2 DAYLIGHT,1 FINE,1 ROAD-DRY,0 NONE,0 NONE,529430,185279,-0.134597,51.551565,,,Unknown,"(51.551565, -0.134597)",http://opendatacommunities.org/id/london-borough-council/camden,8958,21/12/2020 02:48:44 PM
1170047471,CAMDEN,3 Pedestrian,2 Female,60+,69,1,1 Fatal,01 Crossing Road On Ped Xing,1 From Drivers N/Side,1 Pedestrian,PENTONVILLE ROAD J/W KINGS CROSS ROAD,1,10/07/2017 12:00:00 PM,Monday,12.00,1 TLRN,A,501,2 One-Way St,1 <= 20 MPH,3 T/Stag Jun,2 Auto Sig,A,501,4 Pelican Or Similar,1 Daylight,1 Fine,1 Road-Dry,0 None,0 None,530530,183010,-0.119582,51.530921,,,Unknown,"(51.530921, -0.119582)",http://opendatacommunities.org/id/london-borough-council/camden,7137,21/12/2020 02:48:40 PM
0115EK40501,CAMDEN,2 Passenger,2 Female,16-24,22,1,3 Slight,-2 Unknown,-2 N/A,6 Bus Or Coach,ADELAIDE ROAD 50M E OF J/W AVENEU ROAD,1,22/06/2015 04:22:00 PM,Monday,16.22,3 Bor,B,509,6 Single Cwy,2 30 MPH,0 No Jun In 20m,-2 Not Applicable,-2 Not Applicable,0,5 Pedn Phase At Ats,1 Daylight,1 Fine,1 Road-Dry,0 None,0 None,526820,184140,-0.172632,51.541921,,,Unknown,"(51.541921, -0.172632)",http://opendatacommunities.org/id/london-borough-council/camden,4991,21/12/2020 02:48:36 PM
0116EK40394,CAMDEN,2 Passenger,2 Female,25-59,44,1,3 Slight,-2 Unknown,-2 N/A,3 Powered 2 Wheeler,CAMDEN ROAD J/W ROCHESTER SQUARE,2,05/06/2016 01:00:00 PM,Sunday,13.00,1 TLRN,A,503,6 Single Cwy,2 30 MPH,3 T/Stag Jun,4 Give Way/Uncontrolled,Unclassified,0,0 No Xing Facility In 50m,1 Daylight,1 Fine,1 Road-Dry,0 None,0 None,529320,184390,-0.13651,51.543601,,,Unknown,"(51.543601, -0.13651)",http://opendatacommunities.org/id/london-borough-council/camden,6312,21/12/2020 02:48:38 PM
0115EK40316,CAMDEN,2 Passenger,2 Female,25-59,58,1,3 Slight,-2 Unknown,-2 N/A,4 Car,KING HENRY'S ROAD 190 M W OF J/W AINGER ROAD,3,25/04/2015 06:45:00 PM,Saturday,18.45,3 Bor,Unclassified,0,6 Single Cwy,2 30 MPH,8 Priv Drive,4 Give Way/Uncontrolled,Unclassified,0,0 No Xing Facility In 50m,1 Daylight,1 Fine,1 Road-Dry,0 None,0 None,527700,184230,-0.159916,51.542531,,,Unknown,"(51.542531, -0.159916)",http://opendatacommunities.org/id/london-borough-council/camden,4836,21/12/2020 02:48:36 PM
0115EK40103,CAMDEN,3 Pedestrian,2 Female,25-59,50,1,3 Slight,10 Unknown,9 Unknown Or Other,1 Pedestrian,GREAT QUEEN STREET J/W NEWTON STREET,1,10/02/2015 10:51:00 AM,Tuesday,10.51,3 Bor,B,402,6 Single Cwy,2 30 MPH,3 T/Stag Jun,4 Give Way/Uncontrolled,Unclassified,0,0 No Xing Facility In 50m,1 Daylight,1 Fine,1 Road-Dry,0 None,0 None,530510,181340,-0.120489,51.515918,,,Unknown,"(51.515918, -0.120489)",http://opendatacommunities.org/id/london-borough-council/camden,4662,21/12/2020 02:48:35 PM
0115EK40916,CAMDEN,1 Driver/Rider,2 Female,60+,71,1,3 Slight,-2 Unknown,-2 N/A,4 Car,HAVERSTOCK HILL J/W ASPERN GROVE.,4,15/10/2015 06:45:00 PM,Thursday,18.45,3 Bor,A,502,6 Single Cwy,2 30 MPH,3 T/Stag Jun,4 Give Way/Uncontrolled,Unclassified,0,1 Zebra,2 Dark,1 Fine,1 Road-Dry,0 None,0 None,527260,185170,-0.165918,51.551079,,,Unknown,"(51.551079, -0.165918)",http://opendatacommunities.org/id/london-borough-council/camden,5351,21/12/2020 02:48:37 PM
0115EK41127,CAMDEN,1 Driver/Rider,2 Female,16-24,21,1,3 Slight,-2 Unknown,-2 N/A,2 Pedal Cycle,"PANCRAS ROAD, 30 METRES SE OF CHENIES PLACE.",2,16/12/2015 01:45:00 AM,Wednesday,1.45,3 Bor,A,5202,6 Single Cwy,2 30 MPH,0 No Jun In 20m,-2 Not Applicable,-2 Not Applicable,0,0 No Xing Facility In 50m,2 Dark,2 Raining,2 Road-Wet,0 None,0 None,529830,183330,-0.12955,51.533958,,,Unknown,"(51.533958, -0.12955)",http://opendatacommunities.org/id/london-borough-council/camden,5537,21/12/2020 02:48:37 PM
1160025004,CAMDEN,1 Driver/Rider,1 Male,25-59,48,1,3 Slight,-2 Unknown,-2 N/A,4 Car,FINCHLEY ROAD 40M S OF J/W PARSIFAL ROAD,2,29/10/2016 09:11:00 PM,Saturday,21.11,1 TLRN,A,41,6 Single Cwy,2 30 MPH,0 No Jun In 20m,-2 Not Applicable,-2 Not Applicable,0,0 No Xing Facility In 50m,2 Dark,1 Fine,1 Road-Dry,0 None,0 None,525430,185540,-0.192166,51.554813,,,Unknown,"(51.554813, -0.192166)",http://opendatacommunities.org/id/london-borough-council/camden,5942,21/12/2020 02:48:38 PM
0115EK41178,CAMDEN,1 Driver/Rider,2 Female,25-59,40,1,3 Slight,-2 Unknown,-2 N/A,2 Pedal Cycle,MANSFIELD ROAD J/W COURTHOPE ROAD.,2,30/11/2015 09:10:00 PM,Monday,21.10,3 Bor,B,518,6 Single Cwy,2 30 MPH,3 T/Stag Jun,4 Give Way/Uncontrolled,Unclassified,0,0 No Xing Facility In 50m,2 Dark,2 Raining,2 Road-Wet,0 None,0 None,527970,185490,-0.155567,51.553794,,,Unknown,"(51.553794, -0.155567)",http://opendatacommunities.org/id/london-borough-council/camden,5571,21/12/2020 02:48:37 PM
1170073576,CAMDEN,1 Driver/Rider,2 Female,25-59,25,1,3 Slight,-2 Unknown,-2 N/A,2 Pedal Cycle,AVENUE ROAD 21M S OF J/W ACACIA ROAD,2,28/11/2017 11:15:00 AM,Tuesday,11.15,3 Bor,B,525,6 Single Cwy,2 30 MPH,0 No Jun In 20m,-2 Not Applicable,-2 Not Applicable,0,1 Zebra,1 Daylight,1 Fine,2 Road-Wet,0 None,0 None,527290,183550,-0.166071,51.536513,,,Unknown,"(51.536513, -0.166071)",http://opendatacommunities.org/id/london-borough-council/camden,7563,21/12/2020 02:48:41 PM
1170071226,CAMDEN,3 Pedestrian,2 Female,25-59,37,1,3 Slight,08 In Centre Of Carriageway,1 From Drivers N/Side,1 Pedestrian,KILBURN HIGH ROAD J/W BRONDSBURY VILLAS,1,19/11/2017 04:46:00 PM,Sunday,16.46,3 Bor,A,5,3 Dual Cwy,2 30 MPH,9 Other Jun,4 Give Way/Uncontrolled,Unclassified,0,4 Pelican Or Similar,2 Dark,1 Fine,1 Road-Dry,0 None,2 Other Object In Cwy,525400,183640,-0.193275,51.537744,,,Unknown,"(51.537744, -0.193275)",http://opendatacommunities.org/id/london-borough-council/camden,7523,21/12/2020 02:48:41 PM
1170043304,CAMDEN,1 Driver/Rider,1 Male,25-59,51,1,3 Slight,-2 Unknown,-2 N/A,2 Pedal Cycle,OUTER CIRCLE 20M N OF J/W CHESTER GATE,2,16/06/2017 08:00:00 AM,Friday,8.00,3 Bor,Unclassified,0,6 Single Cwy,2 30 MPH,3 T/Stag Jun,3 Stop Sign,Unclassified,0,4 Pelican Or Similar,1 Daylight,1 Fine,1 Road-Dry,0 None,0 None,528720,182627,-0.145801,51.527894,,,Unknown,"(51.527894, -0.145801)",http://opendatacommunities.org/id/london-borough-council/camden,7050,21/12/2020 02:48:39 PM
1170010793,CAMDEN,2 Passenger,2 Female,25-59,39,1,3 Slight,-2 Unknown,-2 N/A,6 Bus Or Coach,PENTONVILLE ROAD N1 5M W OF J/W KINGS CROSS ROAD WC1X 9QA,1,10/01/2017 02:35:00 PM,Tuesday,14.35,1 TLRN,A,501,3 Dual Cwy,2 30 MPH,5 Slip Road,2 Auto Sig,A,501,4 Pelican Or Similar,1 Daylight,1 Fine,1 Road-Dry,0 None,0 None,530568,183018,-0.119032,51.530984,,,Unknown,"(51.530984, -0.119032)",http://opendatacommunities.org/id/london-borough-council/camden,6567,21/12/2020 02:48:39 PM
1170051801,CAMDEN,1 Driver/Rider,1 Male,25-59,40,1,3 Slight,-2 Unknown,-2 N/A,3 Powered 2 Wheeler,THEOBOLDS ROAD J/W BOSWELL STREET,2,02/08/2017 05:15:00 PM,Wednesday,17.15,3 Bor,A,401,6 Single Cwy,2 30 MPH,3 T/Stag Jun,4 Give Way/Uncontrolled,A,401,5 Pedn Phase At Ats,1 Daylight,2 Raining,2 Road-Wet,3 Road Sign Def,0 None,530524,181754,-0.120134,51.519635,,,Unknown,"(51.519635, -0.120134)",http://opendatacommunities.org/id/london-borough-council/camden,7217,21/12/2020 02:48:40 PM
1180088994,CAMDEN,1 Driver/Rider,1 Male,25-59,29,1,3 Slight,-2 Unknown,-2 N/A,3 Powered 2 Wheeler,KILBURN PARK ROAD J/W KILBURN HIGH ROAD,2,09/02/2018 08:30:00 AM,Friday,8.30,3 Bor,A,5,3 Dual Cwy,2 30 MPH,3 T/Stag Jun,4 Give Way/Uncontrolled,Unclassified,0,0 No Xing Facility In 50m,1 Daylight,1 Fine,2 Road-Wet,0 None,0 None,525660,183340,-0.189635,51.53499,,,Unknown,"(51.53499, -0.189635)",http://opendatacommunities.org/id/london-borough-council/camden,7732,21/12/2020 02:48:41 PM
1190238339,CAMDEN,3 PEDESTRIAN,1 MALE,60+,74,1,1 FATAL,06 ON FOOTPATH - VERGE,2 FROM DRIVERS N/SIDE MSK,1 PEDESTRIAN,"On York Way , near the junction with Copenhangen Street.",1,02/04/2019 05:30:00 PM,Tuesday,17.30,3 BOR,A,5200,6 SINGLE CWY,30,06 CROSSROADS,2 AUTO SIG,B,154,0 NO XING FACILITY IN 50M,2 DAYLIGHT,1 FINE,1 ROAD-DRY,0 NONE,0 NONE,530341,183678,-0.122058,51.536968,,,Unknown,"(51.536968, -0.122058)",http://opendatacommunities.org/id/london-borough-council/camden,9667,21/12/2020 02:48:45 PM
1180092168,CAMDEN,1 Driver/Rider,1 Male,25-59,32,1,3 Slight,-2 Unknown,-2 N/A,2 Pedal Cycle,NFL SIDMOUTH ST 15M W OF J/W SEAFORD STREET,2,22/02/2018 05:00:00 PM,Thursday,17.00,3 Bor,C,0,6 Single Cwy,1 <= 20 MPH,3 T/Stag Jun,4 Give Way/Uncontrolled,Unclassified,0,5 Pedn Phase At Ats,1 Daylight,1 Fine,1 Road-Dry,0 None,0 None,530490,182560,-0.120325,51.526886,,,Unknown,"(51.526886, -0.120325)",http://opendatacommunities.org/id/london-borough-council/camden,7770,21/12/2020 02:48:41 PM
1180137500,CAMDEN,2 Passenger,1 Male,16-24,22,1,3 Slight,-2 Unknown,-2 N/A,4 Car,CAMDEN ROAD J/W ROYAL COLLEGE STREET,2,07/10/2018 07:28:00 PM,Sunday,19.28,1 TLRN,A,503,6 Single Cwy,1 <= 20 MPH,6 Crossroads,2 Auto Sig,A,5202,5 Pedn Phase At Ats,2 Dark,1 Fine,1 Road-Dry,0 None,0 None,529190,184180,-0.13846,51.541743,,,Unknown,"(51.541743, -0.13846)",http://opendatacommunities.org/id/london-borough-council/camden,8396,21/12/2020 02:48:42 PM
1180089481,CAMDEN,1 Driver/Rider,1 Male,25-59,26,1,3 Slight,-2 Unknown,-2 N/A,4 Car,LYMINGTON ROAD 10M E OF J/W WEST END LANE,2,11/02/2018 02:43:00 PM,Sunday,14.43,3 Bor,B,510,6 Single Cwy,2 30 MPH,3 T/Stag Jun,4 Give Way/Uncontrolled,B,510,0 No Xing Facility In 50m,1 Daylight,4 Fine/High Winds,1 Road-Dry,0 None,0 None,525540,184920,-0.190801,51.549217,,,Unknown,"(51.549217, -0.190801)",http://opendatacommunities.org/id/london-borough-council/camden,7739,21/12/2020 02:48:41 PM
1170053480,CAMDEN,2 Passenger,2 Female,0-15,5,1,3 Slight,-2 Unknown,-2 N/A,4 Car,CAMDEN ROAD J/W ROYAL COLLEGE STREET,2,12/08/2017 03:20:00 PM,Saturday,15.20,1 TLRN,A,503,3 Dual Cwy,1 <= 20 MPH,6 Crossroads,2 Auto Sig,A,5202,4 Pelican Or Similar,1 Daylight,1 Fine,1 Road-Dry,0 None,0 None,529190,184180,-0.13846,51.541743,,,Unknown,"(51.541743, -0.13846)",http://opendatacommunities.org/id/london-borough-council/camden,7236,21/12/2020 02:48:40 PM
1190217307,CAMDEN,1 DRIVER/RIDER,2 FEMALE,25-59,44,1,3 SLIGHT,'-2 NOT APPLICABLE,1 FROM DRIVERS N/SIDE,2 PEDAL CYCLE,"On Camden Park Road, near the junction with CAMDEN ROAD.",2,10/11/2019 08:40:00 AM,Sunday,8.40,1 TLRN,A,5200,2 ONE-WAY ST,20,09 OTHER JUN,2 AUTO SIG,A,503,0 NO XING FACILITY IN 50M,2 DAYLIGHT,1 FINE,1 ROAD-DRY,0 NONE,0 NONE,529727,184870,-0.130467,51.547821,,,Unknown,"(51.547821, -0.130467)",http://opendatacommunities.org/id/london-borough-council/camden,9505,21/12/2020 02:48:44 PM
1180090860,CAMDEN,3 Pedestrian,2 Female,16-24,23,1,2 Serious,01 Crossing Road On Ped Xing,9 Unknown Or Other,1 Pedestrian,FINCHLEY ROAD J/W LYMINGTON ROAD,1,17/02/2018 06:04:00 PM,Saturday,18.04,1 TLRN,A,41,6 Single Cwy,1 <= 20 MPH,3 T/Stag Jun,2 Auto Sig,C,0,5 Pedn Phase At Ats,2 Dark,1 Fine,1 Road-Dry,0 None,0 None,526000,185120,-0.184099,51.550912,,,Unknown,"(51.550912, -0.184099)",http://opendatacommunities.org/id/london-borough-council/camden,7758,21/12/2020 02:48:41 PM
1180099140,CAMDEN,1 Driver/Rider,1 Male,25-59,36,1,3 Slight,-2 Unknown,-2 N/A,3 Powered 2 Wheeler,LEIGHTON ROAD J/W KENTISH TOWN ROAD,2,29/03/2018 10:32:00 PM,Thursday,22.32,3 Bor,A,400,6 Single Cwy,1 <= 20 MPH,6 Crossroads,2 Auto Sig,C,0,4 Pelican Or Similar,2 Dark,1 Fine,2 Road-Wet,0 None,0 None,529010,185190,-0.140684,51.550861,,,Unknown,"(51.550861, -0.140684)",http://opendatacommunities.org/id/london-borough-council/camden,7857,21/12/2020 02:48:41 PM
1180127899,CAMDEN,3 Pedestrian,1 Male,25-59,30,1,3 Slight,01 Crossing Road On Ped Xing,1 From Drivers N/Side,1 Pedestrian,LOUDOUN ROAD J/W HILLGROVE ROAD NW6,1,19/08/2018 06:45:00 PM,Sunday,18.45,3 Bor,B,509,1 Roundabout,1 <= 20 MPH,1 Roundabout,4 Give Way/Uncontrolled,B,509,1 Zebra,1 Daylight,1 Fine,1 Road-Dry,0 None,0 None,526350,184090,-0.179423,51.541577,,,Unknown,"(51.541577, -0.179423)",http://opendatacommunities.org/id/london-borough-council/camden,8260,21/12/2020 02:48:42 PM
0116EO40038,CAMDEN,1 Driver/Rider,2 Female,25-59,27,1,3 Slight,-2 Unknown,-2 N/A,2 Pedal Cycle,YORK WAY J/W CRINAN STREET,2,20/01/2016 07:32:00 AM,Wednesday,7.32,3 Bor,A,5200,6 Single Cwy,1 <= 20 MPH,3 T/Stag Jun,4 Give Way/Uncontrolled,Unclassified,0,5 Pedn Phase At Ats,1 Daylight,1 Fine,1 Road-Dry,0 None,0 None,530330,183410,-0.122316,51.534562,,,Unknown,"(51.534562, -0.122316)",http://opendatacommunities.org/id/london-borough-council/camden,6518,21/12/2020 02:48:39 PM
1170056753,CAMDEN,1 Driver/Rider,1 Male,25-59,36,1,3 Slight,-2 Unknown,-2 N/A,3 Powered 2 Wheeler,VERNON RISE J/W VERNON SQUARE,2,31/08/2017 11:18:00 PM,Thursday,23.18,3 Bor,Unclassified,0,6 Single Cwy,1 <= 20 MPH,3 T/Stag Jun,4 Give Way/Uncontrolled,Unclassified,0,0 No Xing Facility In 50m,2 Dark,1 Fine,1 Road-Dry,0 None,0 None,530830,182900,-0.115301,51.529863,,,Unknown,"(51.529863, -0.115301)",http://opendatacommunities.org/id/london-borough-council/camden,7284,21/12/2020 02:48:40 PM
1190161124,CAMDEN,2 PASSENGER,2 FEMALE,60+,88,2,3 SLIGHT,'-2 NOT APPLICABLE,'-2 NOT APPLICABLE,6 BUS OR COACH,"On Brondesbury Villas, near the junction with KILBURN HIGH ROAD.",2,02/02/2019 04:44:00 PM,Saturday,16.44,3 BOR,A,5,6 SINGLE CWY,30,03 T/STAG JUN,4 GIVE WAY/UNCONTROLLED,6,0,1 ZEBRA,2 DAYLIGHT,1 FINE,2 ROAD-WET,0 NONE,0 NONE,525406,183635,-0.193191,51.537698,,,Unknown,"(51.537698, -0.193191)",http://opendatacommunities.org/id/london-borough-council/camden,8748,21/12/2020 02:48:43 PM
1170080019,CAMDEN,2 Passenger,2 Female,25-59,32,1,3 Slight,-2 Unknown,-2 N/A,4 Car,HIGHGATE ROAD J/W GORDON HOUSE ROAD,2,24/12/2017 12:14:00 PM,Sunday,12.14,3 Bor,B,518,6 Single Cwy,1 <= 20 MPH,6 Crossroads,2 Auto Sig,B,518,5 Pedn Phase At Ats,1 Daylight,1 Fine,1 Road-Dry,0 None,0 None,528580,185830,-0.146649,51.556711,,,Unknown,"(51.556711, -0.146649)",http://opendatacommunities.org/id/london-borough-council/camden,7628,21/12/2020 02:48:41 PM
1170075501,CAMDEN,1 Driver/Rider,1 Male,25-59,52,1,3 Slight,-2 Unknown,-2 N/A,2 Pedal Cycle,CLERKENWELL ROAD 40M E OF J/W HATTON GARDEN,3,04/12/2017 06:45:00 AM,Monday,6.45,3 Bor,A,5201,6 Single Cwy,2 30 MPH,0 No Jun In 20m,-2 Not Applicable,-2 Not Applicable,0,0 No Xing Facility In 50m,1 Daylight,1 Fine,1 Road-Dry,3 Road Sign Def,0 None,531310,182040,-0.108705,51.522023,,,Unknown,"(51.522023, -0.108705)",http://opendatacommunities.org/id/london-borough-council/camden,7584,21/12/2020 02:48:41 PM
1190187861,CAMDEN,1 DRIVER/RIDER,1 MALE,25-59,49,1,3 SLIGHT,'-2 NOT APPLICABLE,'-2 NOT APPLICABLE,4 CAR,"On York Way, near the junction with York way.",2,17/06/2019 05:27:00 PM,Monday,17.27,3 BOR,A,5200,2 ONE-WAY ST,20,03 T/STAG JUN,9 UNKNOWN (S/R),A,5200,1 ZEBRA,2 DAYLIGHT,1 FINE,1 ROAD-DRY,0 NONE,0 NONE,530000,184680,-0.126602,51.546051,,,Unknown,"(51.546051, -0.126602)",http://opendatacommunities.org/id/london-borough-council/camden,9108,21/12/2020 02:48:44 PM
1170045629,CAMDEN,2 Passenger,1 Male,Unknown,0,1,3 Slight,-2 Unknown,-2 N/A,4 Car,PATSHULL ROAD 25M E OF J/W KENTISH TOWN ROAD THE NEAREST CLASSIFIE,1,26/06/2017 08:10:00 AM,Monday,8.10,3 Bor,Unclassified,0,6 Single Cwy,1 <= 20 MPH,0 No Jun In 20m,-2 Not Applicable,-2 Not Applicable,0,9 Unknown (S/R),1 Daylight,1 Fine,1 Road-Dry,9 Unknown (S/R),9 Unknown (S/R),529190,184770,-0.138244,51.547046,,,Unknown,"(51.547046, -0.138244)",http://opendatacommunities.org/id/london-borough-council/camden,7095,21/12/2020 02:48:40 PM
1190223148,CAMDEN,1 DRIVER/RIDER,1 MALE,25-59,39,1,3 SLIGHT,'-2 NOT APPLICABLE,3 FROM DRIVERS O/SIDE,5 TAXI,"On Burrard Road, near the junction with Finchley road.",1,05/12/2019 10:50:00 PM,Thursday,22.50,1 TLRN,6,0,9 UNKNOWN,30,09 OTHER JUN,9 UNKNOWN (S/R),A,41,9 UNKNOWN (S/R),2 DAYLIGHT,1 FINE,1 ROAD-DRY,0 NONE,0 NONE,525329,185627,-0.193591,51.555617,,,Unknown,"(51.555617, -0.193591)",http://opendatacommunities.org/id/london-borough-council/camden,9593,21/12/2020 02:48:45 PM
1180150205,CAMDEN,1 Driver/Rider,1 Male,25-59,26,1,3 Slight,-2 Unknown,-2 N/A,3 Powered 2 Wheeler,SPRING PLACE J/W GILLIES STREET,2,05/12/2018 08:50:00 PM,Wednesday,20.50,3 Bor,Unclassified,0,6 Single Cwy,2 30 MPH,99 Unknown (S/R),9 Unknown (S/R),Unclassified,0,9 Unknown (S/R),1 Daylight,2 Raining,2 Road-Wet,9 Unknown (S/R),9 Unknown (S/R),528510,185090,-0.147928,51.550077,,,Unknown,"(51.550077, -0.147928)",http://opendatacommunities.org/id/london-borough-council/camden,8587,21/12/2020 02:48:43 PM
0115EK40540,CAMDEN,2 Passenger,2 Female,16-24,24,1,3 Slight,-2 Unknown,-2 N/A,4 Car,CAMDEN PARK ROAD J/W CLIFF VILLAS,2,05/07/2015 01:25:00 PM,Sunday,13.25,3 Bor,A,5200,6 Single Cwy,2 30 MPH,3 T/Stag Jun,4 Give Way/Uncontrolled,Unclassified,0,0 No Xing Facility In 50m,1 Daylight,1 Fine,1 Road-Dry,0 None,0 None,529920,184700,-0.127748,51.546249,,,Unknown,"(51.546249, -0.127748)",http://opendatacommunities.org/id/london-borough-council/camden,5027,21/12/2020 02:48:36 PM
1180108727,CAMDEN,1 Driver/Rider,1 Male,16-24,20,1,3 Slight,-2 Unknown,-2 N/A,2 Pedal Cycle,YORK WAY 41M N OF J/W RANDALLS ROAD,2,16/05/2018 11:30:00 AM,Wednesday,11.30,3 Bor,A,5200,6 Single Cwy,2 30 MPH,0 No Jun In 20m,-2 Not Applicable,-2 Not Applicable,0,1 Zebra,1 Daylight,1 Fine,1 Road-Dry,0 None,0 None,530188,183916,-0.124175,51.539142,,,Unknown,"(51.539142, -0.124175)",http://opendatacommunities.org/id/london-borough-council/camden,8003,21/12/2020 02:48:42 PM
1190187565,CAMDEN,1 DRIVER/RIDER,1 MALE,25-59,26,2,3 SLIGHT,'-2 NOT APPLICABLE,'-2 NOT APPLICABLE,3 POWERED 2 WHEELER,Location uncertain  Chalk Farm Road,2,16/06/2019 02:11:00 PM,Sunday,14.11,3 BOR,A,502,7 SLIP RD,20,05 SLIP ROAD,2 AUTO SIG,A,502,4 PELICAN OR SIMILAR,2 DAYLIGHT,4 FINE/HIGH WINDS,1 ROAD-DRY,0 NONE,0 NONE,528457,184301,-0.14898,51.542998,,,Unknown,"(51.542998, -0.14898)",http://opendatacommunities.org/id/london-borough-council/camden,9102,21/12/2020 02:48:44 PM
0116EK40302,CAMDEN,3 Pedestrian,1 Male,25-59,27,1,3 Slight,01 Crossing Road On Ped Xing,1 From Drivers N/Side,1 Pedestrian,WEST END LANE 15MN SOUTH J/W BROADHURST GARDENS,1,02/05/2016 10:30:00 PM,Monday,22.30,3 Bor,B,510,6 Single Cwy,2 30 MPH,3 T/Stag Jun,4 Give Way/Uncontrolled,C,0,4 Pelican Or Similar,2 Dark,1 Fine,1 Road-Dry,0 None,0 None,525520,184580,-0.191211,51.546165,,,Unknown,"(51.546165, -0.191211)",http://opendatacommunities.org/id/london-borough-council/camden,6238,21/12/2020 02:48:38 PM
1170034796,CAMDEN,1 Driver/Rider,1 Male,25-59,25,1,3 Slight,-2 Unknown,-2 N/A,3 Powered 2 Wheeler,PRINCE OF WALES ROAD J/W MALDEN ROAD,2,29/04/2017 11:01:00 PM,Saturday,23.01,3 Bor,B,517,6 Single Cwy,1 <= 20 MPH,6 Crossroads,2 Auto Sig,C,0,0 No Xing Facility In 50m,2 Dark,1 Fine,1 Road-Dry,0 None,0 None,528330,184620,-0.150694,51.545894,,,Unknown,"(51.545894, -0.150694)",http://opendatacommunities.org/id/london-borough-council/camden,6929,21/12/2020 02:48:39 PM
0116EK40400,CAMDEN,2 Passenger,1 Male,25-59,33,1,3 Slight,-2 Unknown,-2 N/A,6 Bus Or Coach,BLOOMSBURY WAY J/W BLOOMSBURY SQUARE,1,08/06/2016 10:40:00 PM,Wednesday,22.40,3 Bor,A,401,2 One-Way St,2 30 MPH,3 T/Stag Jun,4 Give Way/Uncontrolled,Unclassified,0,0 No Xing Facility In 50m,2 Dark,1 Fine,1 Road-Dry,0 None,0 None,530400,181630,-0.121966,51.518549,,,Unknown,"(51.518549, -0.121966)",http://opendatacommunities.org/id/london-borough-council/camden,6317,21/12/2020 02:48:38 PM
0116EK40244,CAMDEN,1 Driver/Rider,1 Male,Unknown,0,1,3 Slight,-2 Unknown,-2 N/A,2 Pedal Cycle,NFL HAMPSTEAD ROAD J/W WILLIAM ROAD,2,18/01/2016 04:10:00 PM,Monday,16.10,1 TLRN,A,400,6 Single Cwy,2 30 MPH,3 T/Stag Jun,4 Give Way/Uncontrolled,Unclassified,0,0 No Xing Facility In 50m,1 Daylight,1 Fine,1 Road-Dry,0 None,0 None,529220,182540,-0.13863,51.526998,,,Unknown,"(51.526998, -0.13863)",http://opendatacommunities.org/id/london-borough-council/camden,6182,21/12/2020 02:48:38 PM
1160004751,CAMDEN,3 Pedestrian,1 Male,0-15,3,1,2 Serious,01 Crossing Road On Ped Xing,1 From Drivers N/Side,1 Pedestrian,KENTISH TOWN ROAD J/W REGIS ROAD,1,02/12/2016 04:34:00 PM,Friday,16.34,3 Bor,A,400,6 Single Cwy,1 <= 20 MPH,6 Crossroads,2 Auto Sig,A,400,5 Pedn Phase At Ats,2 Dark,8 Other,2 Road-Wet,0 None,0 None,529000,185180,-0.140832,51.550774,,,Unknown,"(51.550774, -0.140832)",http://opendatacommunities.org/id/london-borough-council/camden,5724,21/12/2020 02:48:37 PM
1190165222,CAMDEN,1 DRIVER/RIDER,1 MALE,25-59,35,1,3 SLIGHT,'-2 NOT APPLICABLE,'-2 NOT APPLICABLE,3 POWERED 2 WHEELER,"On Prince of Wales Road, near the junction with Anglers Lane.",2,23/02/2019 10:30:00 PM,Saturday,22.30,3 BOR,5,0,6 SINGLE CWY,30,07 MULTI JUN,2 AUTO SIG,5,0,5 PEDN PHASE AT ATS,1 DARK,1 FINE,1 ROAD-DRY,0 NONE,0 NONE,528846,184713,-0.143223,51.546612,,,Unknown,"(51.546612, -0.143223)",http://opendatacommunities.org/id/london-borough-council/camden,8800,21/12/2020 02:48:43 PM
1180130604,CAMDEN,3 Pedestrian,2 Female,25-59,32,1,2 Serious,05 Crossing Road (Not On Xing),1 From Drivers N/Side,1 Pedestrian,A400 HAMPSTEAD ROAD J/W DRUMMOND ST,1,04/09/2018 08:58:00 PM,Tuesday,20.58,1 TLRN,A,400,6 Single Cwy,1 <= 20 MPH,6 Crossroads,2 Auto Sig,C,0,4 Pelican Or Similar,2 Dark,1 Fine,1 Road-Dry,0 None,0 None,529220,182490,-0.138648,51.526549,,,Unknown,"(51.526549, -0.138648)",http://opendatacommunities.org/id/london-borough-council/camden,8301,21/12/2020 02:48:42 PM