Reference,London Borough Name,Casualty Class,Casualty Sex,Casualty Age Band,Casualty Age,Number Of Casualties,Casualty Severity,Pedestrian Location,Pedestrian Movement,Mode Of Travel,Attendant Location,Number Of Vehicles,Date,Day,Time,Highway,Road Class 1,Road Number 1,Road Type,Speed Limit,Junction Detail,Junction Control,Road Class 2,Road Number 2,Pedestrian Crossing,Light Condition Band,Weather,Road Surface,Special Conditions,Carriage Way Hazard,Easting,Northing,Longitude,Latitude,Ward Code,Ward Name,Spatial Accuracy,Location,Organisation URI,Socrata ID,Last Uploaded
1180111818,CAMDEN,1 Driver/Rider,2 Female,60+,60,1,3 Slight,-2 Unknown,-2 N/A,4 Car,PRINCE OF WALES ROAD J/W CRADDOCK STREET,4,02/06/2018 07:57:00 PM,Saturday,19.57,3 Bor,C,0,6 Single Cwy,1 <= 20 MPH,3 T/Stag Jun,4 Give Way/Uncontrolled,Unclassified,0,0 No Xing Facility In 50m,1 Daylight,1 Fine,1 Road-Dry,0 None,0 None,528110,184600,-0.153873,51.545764,,,Unknown,"(51.545764, -0.153873)",http://opendatacommunities.org/id/london-borough-council/camden,8046,21/12/2020 02:48:42 PM
0115EK41031,CAMDEN,1 Driver/Rider,1 Male,25-59,29,1,3 Slight,-2 Unknown,-2 N/A,2 Pedal Cycle,CAMDEN ROAD J/W ROCHESTER SQUARE,2,20/11/2015 07:09:00 AM,Friday,7.09,1 TLRN,A,503,6 Single Cwy,2 30 MPH,3 T/Stag Jun,4 Give Way/Uncontrolled,Unclassified,0,4 Pelican Or Similar,1 Daylight,1 Fine,1 Road-Dry,0 None,0 None,529330,184380,-0.136369,51.543509,,,Unknown,"(51.543509, -0.136369)",http://opendatacommunities.org/id/london-borough-council/camden,5450,21/12/2020 02:48:37 PM
1170046468,CAMDEN,1 Driver/Rider,2 Female,25-59,29,1,3 Slight,-2 Unknown,-2 N/A,2 Pedal Cycle,SIDMOUTH STREET 25M E OF J/W TAVISTOCK PLACE,2,29/06/2017 09:20:00 AM,Thursday,9.20,3 Bor,C,0,6 Single Cwy,2 30 MPH,0 No Jun In 20m,-2 Not Applicable,-2 Not Applicable,0,0 No Xing Facility In 50m,1 Daylight,1 Fine,1 Road-Dry,0 None,0 None,530490,182540,-0.120333,51.526706,,,Unknown,"(51.526706, -0.120333)",http://opendatacommunities.org/id/london-borough-council/camden,7115,21/12/2020 02:48:40 PM
1170056874,CAMDEN,3 Pedestrian,1 Male,25-59,28,1,3 Slight,01 Crossing Road On Ped Xing,9 Unknown Or Other,1 Pedestrian,CROWNDALE ROAD 25M N OF J/W GOLDINGTON CRESCENT,1,21/08/2017 09:25:00 AM,Monday,9.25,3 Bor,B,512,9 Unknown,2 30 MPH,0 No Jun In 20m,-2 Not Applicable,-2 Not Applicable,0,1 Zebra,1 Daylight,9 Unknown,1 Road-Dry,9 Unknown (S/R),0 None,529550,183480,-0.13353,51.53537,,,Unknown,"(51.53537, -0.13353)",http://opendatacommunities.org/id/london-borough-council/camden,7287,21/12/2020 02:48:40 PM
0115EK40772,CAMDEN,1 Driver/Rider,1 Male,25-59,39,1,3 Slight,-2 Unknown,-2 N/A,2 Pedal Cycle,KENTISH TOWN ROAD J/W HOLMES ROAD.,2,03/09/2015 07:13:00 PM,Thursday,19.13,3 Bor,A,400,6 Single Cwy,2 30 MPH,3 T/Stag Jun,4 Give Way/Uncontrolled,Unclassified,0,0 No Xing Facility In 50m,1 Daylight,1 Fine,1 Road-Dry,0 None,0 None,528990,185000,-0.141042,51.549158,,,Unknown,"(51.549158, -0.141042)",http://opendatacommunities.org/id/london-borough-council/camden,5240,21/12/2020 02:48:37 PM
0115EK40282,CAMDEN,1 Driver/Rider,1 Male,25-59,38,1,3 Slight,-2 Unknown,-2 N/A,2 Pedal Cycle,KILBURN HIGH ROAD J/W BRONDESBURY ROAD,2,21/03/2015 09:30:00 PM,Saturday,21.30,3 Bor,A,5,6 Single Cwy,2 30 MPH,3 T/Stag Jun,4 Give Way/Uncontrolled,B,451,4 Pelican Or Similar,2 Dark,1 Fine,1 Road-Dry,0 None,0 None,525340,183720,-0.194111,51.538477,,,Unknown,"(51.538477, -0.194111)",http://opendatacommunities.org/id/london-borough-council/camden,4806,21/12/2020 02:48:36 PM
1190174680,CAMDEN,1 DRIVER/RIDER,1 MALE,0-15,8,1,3 SLIGHT,'-2 NOT APPLICABLE,'-2 NOT APPLICABLE,2 PEDAL CYCLE,"On Ulysses Road, near the junction with Ajax Road.",2,11/04/2019 06:30:00 PM,Thursday,18.30,3 BOR,6,0,6 SINGLE CWY,20,03 T/STAG JUN,3 STOP SIGN,6,0,0 NO XING FACILITY IN 50M,2 DAYLIGHT,1 FINE,1 ROAD-DRY,0 NONE,0 NONE,525036,185474,-0.19787,51.554307,,,Unknown,"(51.554307, -0.19787)",http://opendatacommunities.org/id/london-borough-council/camden,8918,21/12/2020 02:48:44 PM
0115EK40827,CAMDEN,1 Driver/Rider,1 Male,25-59,39,1,3 Slight,-2 Unknown,-2 N/A,4 Car,THEOBALD'S ROAD J/W GREAT JAMES STREET.,2,22/09/2015 07:50:00 PM,Tuesday,19.50,3 Bor,A,401,6 Single Cwy,2 30 MPH,6 Crossroads,4 Give Way/Uncontrolled,Unclassified,0,1 Zebra,2 Dark,1 Fine,2 Road-Wet,0 None,0 None,530780,181890,-0.116396,51.520798,,,Unknown,"(51.520798, -0.116396)",http://opendatacommunities.org/id/london-borough-council/camden,5284,21/12/2020 02:48:37 PM
1160004934,CAMDEN,3 Pedestrian,2 Female,25-59,28,1,2 Serious,01 Crossing Road On Ped Xing,1 From Drivers N/Side,1 Pedestrian,BLOOMSBURY WAY 5M W OF J/W BURY PLACE,1,03/12/2016 10:24:00 AM,Saturday,10.24,3 Bor,A,40,6 Single Cwy,1 <= 20 MPH,3 T/Stag Jun,4 Give Way/Uncontrolled,Unclassified,0,4 Pelican Or Similar,1 Daylight,1 Fine,1 Road-Dry,0 None,0 None,530268,181538,-0.123901,51.517753,,,Unknown,"(51.517753, -0.123901)",http://opendatacommunities.org/id/london-borough-council/camden,5727,21/12/2020 02:48:37 PM
1180145062,CAMDEN,2 Passenger,2 Female,16-24,22,1,3 Slight,-2 Unknown,-2 N/A,5 Taxi,KINGSWAY J/W REMNANT STREET,2,12/11/2018 01:18:00 PM,Monday,13.18,3 Bor,A,4200,6 Single Cwy,1 <= 20 MPH,6 Crossroads,2 Auto Sig,A,4200,0 No Xing Facility In 50m,1 Daylight,2 Raining,2 Road-Wet,0 None,0 None,530570,181390,-0.119606,51.516353,,,Unknown,"(51.516353, -0.119606)",http://opendatacommunities.org/id/london-borough-council/camden,8515,21/12/2020 02:48:43 PM
1190184279,CAMDEN,3 PEDESTRIAN,1 MALE,60+,69,1,3 SLIGHT,10 UNKNOWN OR OTHER,9 UNKNOWN OR OTHER,1 PEDESTRIAN,"On Bayham Street, 26 metres south of the junction with Greenland Road .",1,15/05/2019 02:45:00 PM,Wednesday,14.45,3 BOR,A,503,6 SINGLE CWY,30,00 NO JUN IN 20M,,0,0,0 NO XING FACILITY IN 50M,2 DAYLIGHT,1 FINE,1 ROAD-DRY,0 NONE,0 NONE,528997,183873,-0.141354,51.539029,,,Unknown,"(51.539029, -0.141354)",http://opendatacommunities.org/id/london-borough-council/camden,9053,21/12/2020 02:48:44 PM
1190164425,CAMDEN,3 PEDESTRIAN,1 MALE,16-24,19,1,3 SLIGHT,01 CROSSING ROAD ON PED XING,1 FROM DRIVERS N/SIDE,1 PEDESTRIAN,"On Euston Road, near the junction with York Way.",1,20/02/2019 04:48:00 PM,Tuesday,16.48,1 TLRN,A,501,3 DUAL CWY,30,07 MULTI JUN,2 AUTO SIG,A,5200,5 PEDN PHASE AT ATS,1 DARK,1 FINE,1 ROAD-DRY,0 NONE,0 NONE,530300,182965,-0.122913,51.53057,,,Unknown,"(51.53057, -0.122913)",http://opendatacommunities.org/id/london-borough-council/camden,8792,21/12/2020 02:48:43 PM
1170019940,CAMDEN,1 Driver/Rider,1 Male,25-59,46,1,3 Slight,-2 Unknown,-2 N/A,4 Car,WHARFDALE ROAD J/W WHARFDALE ROAD,1,17/02/2017 06:45:00 PM,Friday,18.45,3 Bor,A,5200,9 Unknown,2 30 MPH,3 T/Stag Jun,9 Unknown (S/R),A,5200,9 Unknown (S/R),2 Dark,9 Unknown,9 Unknown (S/R),9 Unknown (S/R),9 Unknown (S/R),530330,183080,-0.122438,51.531596,,,Unknown,"(51.531596, -0.122438)",http://opendatacommunities.org/id/london-borough-council/camden,6695,21/12/2020 02:48:39 PM
1170072240,CAMDEN,2 Passenger,2 Female,25-59,54,1,3 Slight,-2 Unknown,-2 N/A,6 Bus Or Coach,CALEDONIAN ROAD J/W PENTONVILLE ROAD,1,23/11/2017 04:15:00 PM,Thursday,16.15,1 TLRN,A,5203,2 One-Way St,1 <= 20 MPH,3 T/Stag Jun,2 Auto Sig,A,501,5 Pedn Phase At Ats,2 Dark,1 Fine,1 Road-Dry,0 None,0 None,530433,183010,-0.12098,51.530943,,,Unknown,"(51.530943, -0.12098)",http://opendatacommunities.org/id/london-borough-council/camden,7538,21/12/2020 02:48:41 PM
0115EK40191,CAMDEN,2 Passenger,2 Female,25-59,44,1,3 Slight,-2 Unknown,-2 N/A,6 Bus Or Coach,GRAY'S INN ORAD J/W EUSTON ROAD,1,08/03/2015 01:28:00 PM,Sunday,13.28,1 TLRN,A,5200,6 Single Cwy,2 30 MPH,9 Other Jun,2 Auto Sig,A,501,5 Pedn Phase At Ats,1 Daylight,1 Fine,1 Road-Dry,0 None,0 None,530330,182960,-0.122482,51.530518,,,Unknown,"(51.530518, -0.122482)",http://opendatacommunities.org/id/london-borough-council/camden,4732,21/12/2020 02:48:36 PM
0115EK40319,CAMDEN,3 Pedestrian,1 Male,25-59,25,1,3 Slight,04 Crossing Road Within 50m Xing,1 From Drivers N/Side,1 Pedestrian,KINGSWAY J/W REMNANT STREET,1,24/04/2015 01:44:00 PM,Friday,13.44,3 Bor,A,4200,6 Single Cwy,2 30 MPH,6 Crossroads,2 Auto Sig,A,4200,5 Pedn Phase At Ats,1 Daylight,1 Fine,2 Road-Wet,0 None,0 None,530570,181390,-0.119606,51.516353,,,Unknown,"(51.516353, -0.119606)",http://opendatacommunities.org/id/london-borough-council/camden,4839,21/12/2020 02:48:36 PM
1170013603,CAMDEN,1 Driver/Rider,1 Male,25-59,33,1,3 Slight,-2 Unknown,-2 N/A,3 Powered 2 Wheeler,THEOBALDS ROAD J/W RED LION STREET,2,22/01/2017 03:40:00 PM,Sunday,15.40,3 Bor,C,0,3 Dual Cwy,1 <= 20 MPH,6 Crossroads,2 Auto Sig,C,0,4 Pelican Or Similar,1 Daylight,1 Fine,1 Road-Dry,0 None,0 None,530690,181840,-0.117711,51.520369,,,Unknown,"(51.520369, -0.117711)",http://opendatacommunities.org/id/london-borough-council/camden,6607,21/12/2020 02:48:39 PM
1190195557,CAMDEN,3 PEDESTRIAN,1 MALE,60+,62,1,3 SLIGHT,06 ON FOOTPATH - VERGE,'-2 NOT APPLICABLE,1 PEDESTRIAN,"On Bayham Street,nw1, 25 metres south of the junction with pratt stret,nw1.",1,24/07/2019 09:00:00 AM,Wednesday,9.00,3 BOR,A,503,2 ONE-WAY ST,20,00 NO JUN IN 20M,,0,0,0 NO XING FACILITY IN 50M,1 DARK,1 FINE,1 ROAD-DRY,0 NONE,0 NONE,529118,183679,-0.139682,51.537257,,,Unknown,"(51.537257, -0.139682)",http://opendatacommunities.org/id/london-borough-council/camden,9224,21/12/2020 02:48:44 PM
1190189926,CAMDEN,3 PEDESTRIAN,2 FEMALE,60+,62,1,3 SLIGHT,05 CROSSING ROAD (NOT ON XING),9 UNKNOWN OR OTHER,1 PEDESTRIAN,"On England's Lane, 50 metres west of the junction with Primrose Hill Road.",1,27/06/2019 01:30:00 PM,Thursday,13.30,3 BOR,5,0,6 SINGLE CWY,30,00 NO JUN IN 20M,,0,0,0 NO XING FACILITY IN 50M,2 DAYLIGHT,1 FINE,1 ROAD-DRY,0 NONE,0 NONE,527538,184589,-0.162121,51.545794,,,Unknown,"(51.545794, -0.162121)",http://opendatacommunities.org/id/london-borough-council/camden,9136,21/12/2020 02:48:44 PM
1170022473,CAMDEN,1 Driver/Rider,1 Male,25-59,52,1,2 Serious,-2 Unknown,-2 N/A,2 Pedal Cycle,ABBEY ROAD J/W BOUNDARY ROAD,2,03/03/2017 07:00:00 AM,Friday,7.00,3 Bor,B,507,6 Single Cwy,2 30 MPH,6 Crossroads,4 Give Way/Uncontrolled,B,507,1 Zebra,1 Daylight,2 Raining,2 Road-Wet,0 None,0 None,525990,183670,-0.184762,51.537883,,,Unknown,"(51.537883, -0.184762)",http://opendatacommunities.org/id/london-borough-council/camden,6734,21/12/2020 02:48:39 PM
1180167736,CAMDEN,1 Driver/Rider,2 Female,25-59,40,1,3 Slight,-2 Unknown,-2 N/A,4 Car,IVERSON ROAD 50M E OF J/W MAYGROVE ROAD,2,06/11/2018 01:00:00 PM,Tuesday,13.00,3 Bor,B,520,6 Single Cwy,2 30 MPH,0 No Jun In 20m,-2 Not Applicable,-2 Not Applicable,0,9 Unknown (S/R),1 Daylight,1 Fine,1 Road-Dry,0 None,0 None,525310,184750,-0.194177,51.54774,,,Unknown,"(51.54774, -0.194177)",http://opendatacommunities.org/id/london-borough-council/camden,8663,21/12/2020 02:48:43 PM
1190185941,CAMDEN,3 PEDESTRIAN,1 MALE,U,,1,3 SLIGHT,05 CROSSING ROAD (NOT ON XING),9 UNKNOWN OR OTHER,1 PEDESTRIAN,"On Tottenham Court Road, 25 metres south of the junction with Tottenham Street.",1,07/06/2019 10:50:00 AM,Friday,10.50,3 BOR,A,400,6 SINGLE CWY,30,00 NO JUN IN 20M,,0,0,5 PEDN PHASE AT ATS,2 DAYLIGHT,9 UNKNOWN,9 UNKNOWN (S/R),0 NONE,0 NONE,529512,181823,-0.134686,51.520488,,,Unknown,"(51.520488, -0.134686)",http://opendatacommunities.org/id/london-borough-council/camden,9078,21/12/2020 02:48:44 PM
1190182988,CAMDEN,1 DRIVER/RIDER,1 MALE,25-59,30,1,3 SLIGHT,'-2 NOT APPLICABLE,'-2 NOT APPLICABLE,2 PEDAL CYCLE,"On Sidmouth Street, 20 metres north of the junction with Regent Street.",2,24/05/2019 02:30:00 AM,Friday,2.30,3 BOR,6,0,2 ONE-WAY ST,30,03 T/STAG JUN,2 AUTO SIG,6,0,1 ZEBRA,2 DAYLIGHT,1 FINE,1 ROAD-DRY,0 NONE,0 NONE,530523,182571,-0.119846,51.526977,,,Unknown,"(51.526977, -0.119846)",http://opendatacommunities.org/id/london-borough-council/camden,9041,21/12/2020 02:48:44 PM
1170034053,CAMDEN,3 Pedestrian,2 Female,25-59,38,1,3 Slight,05 Crossing Road (Not On Xing),4 From Drivers O/Side Msk,1 Pedestrian,YORK WAY 25M S OF J/W MARKET ROAD,1,26/04/2017 11:00:00 AM,Wednesday,11.00,3 Bor,A,5200,6 Single Cwy,1 <= 20 MPH,0 No Jun In 20m,-2 Not Applicable,-2 Not Applicable,0,5 Pedn Phase At Ats,1 Daylight,1 Fine,1 Road-Dry,0 None,0 None,530040,184460,-0.126107,51.544065,,,Unknown,"(51.544065, -0.126107)",http://opendatacommunities.org/id/london-borough-council/camden,6913,21/12/2020 02:48:39 PM
0116EK40074,CAMDEN,2 Passenger,2 Female,60+,60,1,3 Slight,-2 Unknown,-2 N/A,4 Car,WINCHESTER ROAD J/W FELLOWS ROAD,2,07/01/2016 04:40:00 PM,Thursday,16.40,3 Bor,Unclassified,0,6 Single Cwy,1 <= 20 MPH,3 T/Stag Jun,4 Give Way/Uncontrolled,Unclassified,0,1 Zebra,2 Dark,1 Fine,1 Road-Dry,0 None,0 None,526840,184280,-0.172293,51.543175,,,Unknown,"(51.543175, -0.172293)",http://opendatacommunities.org/id/london-borough-council/camden,6039,21/12/2020 02:48:38 PM
1190190828,CAMDEN,1 DRIVER/RIDER,1 MALE,25-59,30,1,3 SLIGHT,'-2 NOT APPLICABLE,'-2 NOT APPLICABLE,2 PEDAL CYCLE,"On Grays Inn Road , 25 metres north of the junction with High Holborn.. The nearest classified road was the A40. The nearest classified road was the A40",2,01/07/2019 03:20:00 PM,Monday,15.20,3 BOR,A,5200,6 SINGLE CWY,30,00 NO JUN IN 20M,,0,0,5 PEDN PHASE AT ATS,2 DAYLIGHT,1 FINE,1 ROAD-DRY,0 NONE,0 NONE,531136,181628,-0.111365,51.518361,,,Unknown,"(51.518361, -0.111365)",http://opendatacommunities.org/id/london-borough-council/camden,9148,21/12/2020 02:48:44 PM
1170074914,CAMDEN,2 Passenger,2 Female,0-15,5,1,3 Slight,-2 Unknown,-2 N/A,6 Bus Or Coach,PRINCE OF WALES ROAD J/W FERDINAND STREET,2,02/12/2017 07:15:00 PM,Saturday,19.15,3 Bor,Unclassified,0,6 Single Cwy,2 30 MPH,6 Crossroads,2 Auto Sig,B,517,4 Pelican Or Similar,2 Dark,1 Fine,1 Road-Dry,0 None,0 None,528270,184680,-0.151537,51.546447,,,Unknown,"(51.546447, -0.151537)",http://opendatacommunities.org/id/london-borough-council/camden,7575,21/12/2020 02:48:41 PM
0116EK40376,CAMDEN,1 Driver/Rider,1 Male,25-59,28,1,3 Slight,-2 Unknown,-2 N/A,3 Powered 2 Wheeler,FORTUNE GREEN RD 47M SOUTH EAST OF J/W PARSIFAL RD,3,28/05/2016 09:30:00 PM,Saturday,21.30,3 Bor,B,510,6 Single Cwy,1 <= 20 MPH,0 No Jun In 20m,-2 Not Applicable,-2 Not Applicable,0,0 No Xing Facility In 50m,2 Dark,1 Fine,1 Road-Dry,0 None,0 None,525280,185340,-0.1944,51.553049,,,Unknown,"(51.553049, -0.1944)",http://opendatacommunities.org/id/london-borough-council/camden,6297,21/12/2020 02:48:38 PM
0115EK40913,CAMDEN,1 Driver/Rider,2 Female,25-59,48,1,3 Slight,-2 Unknown,-2 N/A,4 Car,MANSFIELD ROAD J/W SAVERNAKE ROAD.,2,13/10/2015 10:02:00 AM,Tuesday,10.02,3 Bor,B,518,6 Single Cwy,1 <= 20 MPH,3 T/Stag Jun,4 Give Way/Uncontrolled,Unclassified,0,1 Zebra,1 Daylight,1 Fine,1 Road-Dry,0 None,0 None,528170,185580,-0.152651,51.554557,,,Unknown,"(51.554557, -0.152651)",http://opendatacommunities.org/id/london-borough-council/camden,5350,21/12/2020 02:48:37 PM
0115EK40687,CAMDEN,2 Passenger,1 Male,60+,91,1,3 Slight,-2 Unknown,-2 N/A,6 Bus Or Coach,KILBURN HIGH ROAD 28M SE OF KINGSGATE PLACE,1,09/08/2015 03:30:00 PM,Sunday,15.30,3 Bor,A,5,6 Single Cwy,2 30 MPH,0 No Jun In 20m,-2 Not Applicable,-2 Not Applicable,0,1 Zebra,1 Daylight,1 Fine,1 Road-Dry,0 None,0 None,525120,184010,-0.197179,51.541132,,,Unknown,"(51.541132, -0.197179)",http://opendatacommunities.org/id/london-borough-council/camden,5162,21/12/2020 02:48:36 PM
0115EK40482,CAMDEN,1 Driver/Rider,2 Female,16-24,24,1,3 Slight,-2 Unknown,-2 N/A,2 Pedal Cycle,ADELAIDE ROAD J/W PRIMROSE HILL ROAD,2,08/06/2015 10:30:00 AM,Monday,10.30,3 Bor,B,509,6 Single Cwy,2 30 MPH,6 Crossroads,2 Auto Sig,C,0,5 Pedn Phase At Ats,1 Daylight,1 Fine,1 Road-Dry,0 None,0 None,527510,184340,-0.162615,51.543563,,,Unknown,"(51.543563, -0.162615)",http://opendatacommunities.org/id/london-borough-council/camden,4972,21/12/2020 02:48:36 PM
0116EK40102,CAMDEN,1 Driver/Rider,2 Female,25-59,28,1,3 Slight,-2 Unknown,-2 N/A,2 Pedal Cycle,NFL - GORDON SQUARE J/W GORDON SQUARE.,2,25/02/2016 06:45:00 PM,Thursday,18.45,3 Bor,C,0,6 Single Cwy,1 <= 20 MPH,3 T/Stag Jun,4 Give Way/Uncontrolled,C,0,0 No Xing Facility In 50m,2 Dark,1 Fine,1 Road-Dry,0 None,0 None,529780,182160,-0.130702,51.523455,,,Unknown,"(51.523455, -0.130702)",http://opendatacommunities.org/id/london-borough-council/camden,6060,21/12/2020 02:48:38 PM
1170046119,CAMDEN,1 Driver/Rider,1 Male,25-59,45,1,3 Slight,-2 Unknown,-2 N/A,3 Powered 2 Wheeler,HAMPSTEAD ROAD J/W GRANBY TERRACE,3,02/07/2017 06:30:00 PM,Sunday,18.30,1 TLRN,A,400,6 Single Cwy,2 30 MPH,3 T/Stag Jun,2 Auto Sig,C,0,4 Pelican Or Similar,1 Daylight,1 Fine,1 Road-Dry,0 None,0 None,529173,183083,-0.139108,51.531889,,,Unknown,"(51.531889, -0.139108)",http://opendatacommunities.org/id/london-borough-council/camden,7109,21/12/2020 02:48:40 PM
1180110944,CAMDEN,2 Passenger,2 Female,25-59,53,1,3 Slight,-2 Unknown,-2 N/A,5 Taxi,BAYHAM STREET NW1 J/W PLENDER STREET NW1,2,29/05/2018 06:40:00 AM,Tuesday,6.40,3 Bor,C,0,2 One-Way St,1 <= 20 MPH,6 Crossroads,4 Give Way/Uncontrolled,Unclassified,0,1 Zebra,1 Daylight,1 Fine,1 Road-Dry,0 None,0 None,529190,183560,-0.138688,51.536172,,,Unknown,"(51.536172, -0.138688)",http://opendatacommunities.org/id/london-borough-council/camden,8033,21/12/2020 02:48:42 PM
1190165573,CAMDEN,1 DRIVER/RIDER,2 FEMALE,16-24,24,1,3 SLIGHT,'-2 NOT APPLICABLE,'-2 NOT APPLICABLE,3 POWERED 2 WHEELER,"On Avenue Road, near the junction with ACACIA ROAD.",2,25/02/2019 05:40:00 PM,Monday,17.40,3 BOR,B,525,6 SINGLE CWY,30,03 T/STAG JUN,2 AUTO SIG,5,0,1 ZEBRA,2 DAYLIGHT,1 FINE,1 ROAD-DRY,0 NONE,0 NONE,527148,183703,-0.168062,51.53792,,,Unknown,"(51.53792, -0.168062)",http://opendatacommunities.org/id/london-borough-council/camden,8803,21/12/2020 02:48:43 PM
1180146546,CAMDEN,2 Passenger,1 Male,60+,74,1,3 Slight,-2 Unknown,-2 N/A,5 Taxi,PRINCE ALBERT ROAD 86M N OF J/W PARKWAY THE NEAREST CLASSIFIED ROA,2,19/11/2018 06:45:00 AM,Monday,6.45,3 Bor,A,5205,6 Single Cwy,2 30 MPH,0 No Jun In 20m,-2 Not Applicable,-2 Not Applicable,0,5 Pedn Phase At Ats,1 Daylight,1 Fine,1 Road-Dry,0 None,0 None,528580,183570,-0.147474,51.536401,,,Unknown,"(51.536401, -0.147474)",http://opendatacommunities.org/id/london-borough-council/camden,8527,21/12/2020 02:48:43 PM
1180122993,CAMDEN,1 Driver/Rider,1 Male,25-59,27,1,3 Slight,-2 Unknown,-2 N/A,3 Powered 2 Wheeler,BLOOMSBURY WAY J/W SOUTHAMPTON PLACE,2,24/07/2018 08:40:00 PM,Tuesday,20.40,3 Bor,A,40,2 One-Way St,1 <= 20 MPH,3 T/Stag Jun,2 Auto Sig,C,0,5 Pedn Phase At Ats,1 Daylight,1 Fine,1 Road-Dry,0 None,0 None,530370,181610,-0.122405,51.518376,,,Unknown,"(51.518376, -0.122405)",http://opendatacommunities.org/id/london-borough-council/camden,8200,21/12/2020 02:48:42 PM
0115EK41049,CAMDEN,3 Pedestrian,2 Female,25-59,36,1,3 Slight,05 Crossing Road (Not On Xing),3 From Drivers O/Side,1 Pedestrian,GARNETT ROAD J/W UPPER PARK ROAD.,1,26/11/2015 06:46:00 PM,Thursday,18.46,3 Bor,Unclassified,0,6 Single Cwy,2 30 MPH,6 Crossroads,4 Give Way/Uncontrolled,Unclassified,0,0 No Xing Facility In 50m,2 Dark,1 Fine,2 Road-Wet,0 None,0 None,527590,185300,-0.161114,51.552172,,,Unknown,"(51.552172, -0.161114)",http://opendatacommunities.org/id/london-borough-council/camden,5464,21/12/2020 02:48:37 PM
0116EK40565,CAMDEN,1 Driver/Rider,1 Male,25-59,39,1,3 Slight,-2 Unknown,-2 N/A,2 Pedal Cycle,ROYAL COLLEGE STREET J/W GEORGIANA STREET,2,06/08/2016 01:50:00 PM,Saturday,13.50,3 Bor,A,5202,6 Single Cwy,2 30 MPH,6 Crossroads,4 Give Way/Uncontrolled,Unclassified,0,1 Zebra,1 Daylight,1 Fine,1 Road-Dry,0 None,0 None,529310,183970,-0.136808,51.539829,,,Unknown,"(51.539829, -0.136808)",http://opendatacommunities.org/id/london-borough-council/camden,6457,21/12/2020 02:48:38 PM
1170037542,CAMDEN,1 Driver/Rider,1 Male,25-59,42,1,3 Slight,-2 Unknown,-2 N/A,2 Pedal Cycle,AGAR GROVE J/W YORK WAY,2,17/03/2017 06:50:00 PM,Friday,18.50,3 Bor,C,0,3 Dual Cwy,2 30 MPH,3 T/Stag Jun,2 Auto Sig,A,5200,9 Unknown (S/R),2 Dark,9 Unknown,1 Road-Dry,0 None,0 None,530030,184380,-0.126281,51.543348,,,Unknown,"(51.543348, -0.126281)",http://opendatacommunities.org/id/london-borough-council/camden,6965,21/12/2020 02:48:39 PM
1180094675,CAMDEN,1 Driver/Rider,1 Male,25-59,27,1,3 Slight,-2 Unknown,-2 N/A,4 Car,MURRAY STREET J/W CAMDEN SQUARE,2,07/03/2018 10:40:00 PM,Wednesday,22.40,3 Bor,Unclassified,0,2 One-Way St,1 <= 20 MPH,3 T/Stag Jun,4 Give Way/Uncontrolled,Unclassified,0,0 No Xing Facility In 50m,2 Dark,1 Fine,1 Road-Dry,0 None,0 None,529530,184440,-0.133465,51.544002,,,Unknown,"(51.544002, -0.133465)",http://opendatacommunities.org/id/london-borough-council/camden,7798,21/12/2020 02:48:41 PM
1170064811,CAMDEN,1 Driver/Rider,1 Male,25-59,27,1,3 Slight,-2 Unknown,-2 N/A,2 Pedal Cycle,JAMESTOWN ROAD 25M W OF J/W CAMDEN HIGH STREET,2,16/10/2017 10:30:00 PM,Monday,22.30,3 Bor,C,0,6 Single Cwy,1 <= 20 MPH,0 No Jun In 20m,-2 Not Applicable,-2 Not Applicable,0,5 Pedn Phase At Ats,2 Dark,1 Fine,1 Road-Dry,0 None,0 None,528767,184043,-0.144607,51.540609,,,Unknown,"(51.540609, -0.144607)",http://opendatacommunities.org/id/london-borough-council/camden,7427,21/12/2020 02:48:40 PM
0115EK40960,CAMDEN,3 Pedestrian,1 Male,25-59,27,1,3 Slight,05 Crossing Road (Not On Xing),2 From Drivers N/Side Msk,1 Pedestrian,"CORAM STREET, 30 METRES EAST OF HERBRAND STREET.",1,28/10/2015 01:40:00 AM,Wednesday,1.40,3 Bor,Unclassified,0,6 Single Cwy,1 <= 20 MPH,0 No Jun In 20m,-2 Not Applicable,-2 Not Applicable,0,0 No Xing Facility In 50m,2 Dark,1 Fine,1 Road-Dry,0 None,0 None,530150,182230,-0.125345,51.523999,,,Unknown,"(51.523999, -0.125345)",http://opendatacommunities.org/id/london-borough-council/camden,5386,21/12/2020 02:48:37 PM
0115EK40932,CAMDEN,3 Pedestrian,1 Male,25-59,49,1,3 Slight,01 Crossing Road On Ped Xing,1 From Drivers N/Side,1 Pedestrian,BAYHAM STREET J/W CROWNDALE ROAD.,1,20/10/2015 01:56:00 PM,Tuesday,13.56,3 Bor,C,0,2 One-Way St,2 30 MPH,3 T/Stag Jun,4 Give Way/Uncontrolled,B,512,1 Zebra,1 Daylight,1 Fine,1 Road-Dry,0 None,0 None,529270,183410,-0.13759,51.534805,,,Unknown,"(51.534805, -0.13759)",http://opendatacommunities.org/id/london-borough-council/camden,5362,21/12/2020 02:48:37 PM