Reference,London Borough Name,Casualty Class,Casualty Sex,Casualty Age Band,Casualty Age,Number Of Casualties,Casualty Severity,Pedestrian Location,Pedestrian Movement,Mode Of Travel,Attendant Location,Number Of Vehicles,Date,Day,Time,Highway,Road Class 1,Road Number 1,Road Type,Speed Limit,Junction Detail,Junction Control,Road Class 2,Road Number 2,Pedestrian Crossing,Light Condition Band,Weather,Road Surface,Special Conditions,Carriage Way Hazard,Easting,Northing,Longitude,Latitude,Ward Code,Ward Name,Spatial Accuracy,Location,Organisation URI,Socrata ID,Last Uploaded
0116EK40611,CAMDEN,1 Driver/Rider,1 Male,25-59,38,1,3 Slight,-2 Unknown,-2 N/A,2 Pedal Cycle,NEW OXFORD STREET 22M W OF DYOTT STREET,2,24/08/2016 12:40:00 PM,Wednesday,12.40,3 Bor,A,40,6 Single Cwy,2 30 MPH,0 No Jun In 20m,-2 Not Applicable,-2 Not Applicable,0,0 No Xing Facility In 50m,1 Daylight,1 Fine,1 Road-Dry,0 None,0 None,529990,181420,-0.127949,51.516756,,,Unknown,"(51.516756, -0.127949)",http://opendatacommunities.org/id/london-borough-council/camden,6489,21/12/2020 02:48:39 PM
1180127245,CAMDEN,1 Driver/Rider,1 Male,16-24,17,1,3 Slight,-2 Unknown,-2 N/A,3 Powered 2 Wheeler,TAVISTOCK PLACE J/W MARCHMONT STREET,4,15/08/2018 09:14:00 PM,Wednesday,21.14,3 Bor,C,0,2 One-Way St,1 <= 20 MPH,7 Multi Jun,2 Auto Sig,Unclassified,0,5 Pedn Phase At Ats,2 Dark,1 Fine,1 Road-Dry,0 None,0 None,530120,182410,-0.125711,51.525623,,,Unknown,"(51.525623, -0.125711)",http://opendatacommunities.org/id/london-borough-council/camden,8252,21/12/2020 02:48:42 PM
0115EK40566,CAMDEN,2 Passenger,2 Female,25-59,25,1,3 Slight,-2 Unknown,-2 N/A,4 Car,NFL SOUTHAMPTON ROW 50M SE J.W BLOOMSBURY PLACE,5,11/07/2015 05:15:00 PM,Saturday,17.15,3 Bor,A,4200,6 Single Cwy,2 30 MPH,0 No Jun In 20m,-2 Not Applicable,-2 Not Applicable,0,0 No Xing Facility In 50m,1 Daylight,1 Fine,1 Road-Dry,0 None,0 None,530400,181730,-0.121929,51.519448,,,Unknown,"(51.519448, -0.121929)",http://opendatacommunities.org/id/london-borough-council/camden,5052,21/12/2020 02:48:36 PM
1170053468,CAMDEN,2 Passenger,1 Male,60+,82,1,3 Slight,-2 Unknown,-2 N/A,6 Bus Or Coach,EUSTON ROAD J/W MELTON STREET,2,12/08/2017 06:49:00 PM,Saturday,18.49,1 TLRN,A,501,3 Dual Cwy,2 30 MPH,6 Crossroads,2 Auto Sig,C,0,4 Pelican Or Similar,1 Daylight,1 Fine,1 Road-Dry,0 None,0 None,529560,182480,-0.133753,51.526381,,,Unknown,"(51.526381, -0.133753)",http://opendatacommunities.org/id/london-borough-council/camden,7235,21/12/2020 02:48:40 PM
1190212053,CAMDEN,3 PEDESTRIAN,2 FEMALE,16-24,20,2,3 SLIGHT,01 CROSSING ROAD ON PED XING,'-2 NOT APPLICABLE,1 PEDESTRIAN,"On Euston Road, near the junction with Eversholt Street.",1,16/10/2019 08:55:00 AM,Wednesday,8.55,1 TLRN,A,501,3 DUAL CWY,30,06 CROSSROADS,2 AUTO SIG,A,4200,4 PELICAN OR SIMILAR,2 DAYLIGHT,1 FINE,2 ROAD-WET,0 NONE,0 NONE,529758,182595,-0.130858,51.527369,,,Unknown,"(51.527369, -0.130858)",http://opendatacommunities.org/id/london-borough-council/camden,9444,21/12/2020 02:48:44 PM
1160012471,CAMDEN,1 Driver/Rider,1 Male,25-59,25,1,3 Slight,-2 Unknown,-2 N/A,3 Powered 2 Wheeler,"ON GUILFORD STREET, NEAR THE JUNCTION WITH HERBRAND STREET .",1,27/09/2016 11:00:00 AM,Tuesday,11.00,3 Bor,B,502,2 One-Way St,2 30 MPH,3 T/Stag Jun,4 Give Way/Uncontrolled,Unclassified,0,0 No Xing Facility In 50m,1 Daylight,9 Unknown,1 Road-Dry,0 None,0 None,530230,182050,-0.124259,51.522363,,,Unknown,"(51.522363, -0.124259)",http://opendatacommunities.org/id/london-borough-council/camden,5837,21/12/2020 02:48:38 PM
0116EK40282,CAMDEN,1 Driver/Rider,1 Male,25-59,51,1,3 Slight,-2 Unknown,-2 N/A,4 Car,BELSIZE AVENUE J/W TUDOR CLOSE,2,22/04/2016 02:45:00 PM,Friday,14.45,3 Bor,C,0,6 Single Cwy,1 <= 20 MPH,3 T/Stag Jun,4 Give Way/Uncontrolled,Unclassified,0,0 No Xing Facility In 50m,1 Daylight,1 Fine,1 Road-Dry,0 None,0 None,527060,185030,-0.168851,51.549865,,,Unknown,"(51.549865, -0.168851)",http://opendatacommunities.org/id/london-borough-council/camden,6219,21/12/2020 02:48:38 PM
1170011218,CAMDEN,3 Pedestrian,1 Male,25-59,29,1,3 Slight,09 In Road - Not Crossing,5 In Rd Not Crossing,1 Pedestrian,PANCRAS ROAD 170M N OF J/W EUSTON ROAD,1,09/01/2017 04:45:00 PM,Monday,16.45,3 Bor,A,5202,6 Single Cwy,1 <= 20 MPH,0 No Jun In 20m,-2 Not Applicable,-2 Not Applicable,0,0 No Xing Facility In 50m,2 Dark,2 Raining,2 Road-Wet,0 None,0 None,530130,183040,-0.125334,51.531283,,,Unknown,"(51.531283, -0.125334)",http://opendatacommunities.org/id/london-borough-council/camden,6574,21/12/2020 02:48:39 PM
1190195347,CAMDEN,3 PEDESTRIAN,2 FEMALE,16-24,16,4,3 SLIGHT,04 CROSSING ROAD WITHIN 50M XING,'-2 NOT APPLICABLE,1 PEDESTRIAN,"On Gower Street, near the junction with Kepple  St.",1,23/07/2019 10:55:00 AM,Tuesday,10.55,3 BOR,A,400,6 SINGLE CWY,20,06 CROSSROADS,2 AUTO SIG,A,400,4 PELICAN OR SIMILAR,2 DAYLIGHT,1 FINE,1 ROAD-DRY,4 ROADWORKS,0 NONE,529825,181825,-0.130177,51.520434,,,Unknown,"(51.520434, -0.130177)",http://opendatacommunities.org/id/london-borough-council/camden,9218,21/12/2020 02:48:44 PM
0116EK40365,CAMDEN,2 Passenger,2 Female,25-59,29,1,3 Slight,-2 Unknown,-2 N/A,6 Bus Or Coach,SOUTHAMPTON ROW J/W HIGH HOLBORN,1,25/05/2016 12:35:00 PM,Wednesday,12.35,3 Bor,A,4200,6 Single Cwy,2 30 MPH,6 Crossroads,2 Auto Sig,A,40,5 Pedn Phase At Ats,1 Daylight,1 Fine,1 Road-Dry,0 None,0 None,530500,181530,-0.120562,51.517627,,,Unknown,"(51.517627, -0.120562)",http://opendatacommunities.org/id/london-borough-council/camden,6289,21/12/2020 02:48:38 PM
1190170990,CAMDEN,1 DRIVER/RIDER,1 MALE,25-59,28,1,3 SLIGHT,'-2 NOT APPLICABLE,'-2 NOT APPLICABLE,3 POWERED 2 WHEELER,"On Belsize Road, 30 metres west of the junction with un named road to flat parking.",2,24/03/2019 11:20:00 PM,Sunday,23.20,3 BOR,B,509,3 DUAL CWY,30,00 NO JUN IN 20M,,0,0,0 NO XING FACILITY IN 50M,1 DARK,1 FINE,1 ROAD-DRY,0 NONE,0 NONE,525859,183905,-0.186566,51.540024,,,Unknown,"(51.540024, -0.186566)",http://opendatacommunities.org/id/london-borough-council/camden,8869,21/12/2020 02:48:43 PM
0115EK41145,CAMDEN,3 Pedestrian,1 Male,25-59,52,1,3 Slight,04 Crossing Road Within 50m Xing,1 From Drivers N/Side,1 Pedestrian,GORDON HOUSE ROAD 25M NE OF OAK VILLAGE,1,19/12/2015 03:40:00 PM,Saturday,15.40,3 Bor,B,518,6 Single Cwy,1 <= 20 MPH,0 No Jun In 20m,-2 Not Applicable,-2 Not Applicable,0,4 Pelican Or Similar,2 Dark,1 Fine,1 Road-Dry,0 None,0 None,528290,185640,-0.150899,51.555069,,,Unknown,"(51.555069, -0.150899)",http://opendatacommunities.org/id/london-borough-council/camden,5548,21/12/2020 02:48:37 PM
1190190308,CAMDEN,3 PEDESTRIAN,1 MALE,25-59,57,1,2 SERIOUS,01 CROSSING ROAD ON PED XING,1 FROM DRIVERS N/SIDE,1 PEDESTRIAN,"On Torriano Avenue, near the junction with LEIGHTON ROAD, NW5.",1,29/06/2019 10:24:00 AM,Saturday,10.24,3 BOR,A,5200,6 SINGLE CWY,20,03 T/STAG JUN,4 GIVE WAY/UNCONTROLLED,5,0,4 PELICAN OR SIMILAR,2 DAYLIGHT,1 FINE,1 ROAD-DRY,0 NONE,0 NONE,529551,185181,-0.132889,51.550657,,,Unknown,"(51.550657, -0.132889)",http://opendatacommunities.org/id/london-borough-council/camden,9144,21/12/2020 02:48:44 PM
1160005500,CAMDEN,1 Driver/Rider,1 Male,25-59,30,1,3 Slight,-2 Unknown,-2 N/A,3 Powered 2 Wheeler,HAMPSTEAD ROAD J/W DRUMMOND STREET,2,07/12/2016 08:53:00 AM,Wednesday,8.53,1 TLRN,A,400,6 Single Cwy,2 30 MPH,6 Crossroads,2 Auto Sig,A,400,0 No Xing Facility In 50m,1 Daylight,8 Other,1 Road-Dry,0 None,0 None,529220,182480,-0.138652,51.526459,,,Unknown,"(51.526459, -0.138652)",http://opendatacommunities.org/id/london-borough-council/camden,5743,21/12/2020 02:48:37 PM
1180102853,CAMDEN,1 Driver/Rider,1 Male,25-59,28,1,3 Slight,-2 Unknown,-2 N/A,3 Powered 2 Wheeler,JAMESTOWN ROAD 20M E OF J/W CAMDEN HIGH STREET,2,18/03/2018 08:00:00 PM,Sunday,20.00,3 Bor,A,502,6 Single Cwy,2 30 MPH,3 T/Stag Jun,9 Unknown (S/R),C,0,9 Unknown (S/R),2 Dark,9 Unknown,9 Unknown (S/R),9 Unknown (S/R),9 Unknown (S/R),528760,184040,-0.144709,51.540583,,,Unknown,"(51.540583, -0.144709)",http://opendatacommunities.org/id/london-borough-council/camden,7910,21/12/2020 02:48:41 PM
1170052280,CAMDEN,1 Driver/Rider,1 Male,16-24,22,1,3 Slight,-2 Unknown,-2 N/A,4 Car,HAVERSTOCK HILL 48M S OF J/W ROWLAND HILL STREET,2,06/08/2017 03:30:00 AM,Sunday,3.30,3 Bor,A,502,6 Single Cwy,1 <= 20 MPH,0 No Jun In 20m,-2 Not Applicable,-2 Not Applicable,0,0 No Xing Facility In 50m,2 Dark,1 Fine,1 Road-Dry,0 None,0 None,527140,185300,-0.167601,51.552274,,,Unknown,"(51.552274, -0.167601)",http://opendatacommunities.org/id/london-borough-council/camden,7226,21/12/2020 02:48:40 PM
1170056176,CAMDEN,1 Driver/Rider,1 Male,0-15,15,1,3 Slight,-2 Unknown,-2 N/A,2 Pedal Cycle,DRUMMOND STREET J/W COBURG STREET,2,27/08/2017 11:39:00 AM,Sunday,11.39,3 Bor,C,0,6 Single Cwy,2 30 MPH,3 T/Stag Jun,4 Give Way/Uncontrolled,Unclassified,0,0 No Xing Facility In 50m,1 Daylight,1 Fine,1 Road-Dry,0 None,0 None,529400,182590,-0.136018,51.527406,,,Unknown,"(51.527406, -0.136018)",http://opendatacommunities.org/id/london-borough-council/camden,7278,21/12/2020 02:48:40 PM
1170018808,CAMDEN,1 Driver/Rider,1 Male,25-59,54,1,3 Slight,-2 Unknown,-2 N/A,4 Car,EUSTON FLYOVER J/W TOTTENHAM COURT RD,2,16/02/2017 07:40:00 AM,Thursday,7.40,1 TLRN,A,501,3 Dual Cwy,1 <= 20 MPH,7 Multi Jun,2 Auto Sig,A,501,4 Pelican Or Similar,1 Daylight,1 Fine,1 Road-Dry,0 None,0 None,529258,182328,-0.13816,51.525084,,,Unknown,"(51.525084, -0.13816)",http://opendatacommunities.org/id/london-borough-council/camden,6676,21/12/2020 02:48:39 PM
0116EK40396,CAMDEN,1 Driver/Rider,2 Female,16-24,23,1,3 Slight,-2 Unknown,-2 N/A,2 Pedal Cycle,JUDD STREET J/W CROMER STREET,2,05/05/2016 07:00:00 PM,Thursday,19.00,3 Bor,B,504,6 Single Cwy,2 30 MPH,3 T/Stag Jun,4 Give Way/Uncontrolled,Unclassified,0,1 Zebra,1 Daylight,1 Fine,1 Road-Dry,0 None,0 None,530190,182600,-0.124633,51.527315,,,Unknown,"(51.527315, -0.124633)",http://opendatacommunities.org/id/london-borough-council/camden,6313,21/12/2020 02:48:38 PM
1190188009,CAMDEN,1 DRIVER/RIDER,1 MALE,25-59,50,1,3 SLIGHT,'-2 NOT APPLICABLE,'-2 NOT APPLICABLE,2 PEDAL CYCLE,"On Kentish Town Road, near the junction with Patshull Road.",2,18/06/2019 11:56:00 AM,Tuesday,11.56,3 BOR,A,400,6 SINGLE CWY,20,03 T/STAG JUN,4 GIVE WAY/UNCONTROLLED,6,0,9 UNKNOWN (S/R),2 DAYLIGHT,2 RAINING,1 ROAD-DRY,0 NONE,0 NONE,528965,184796,-0.141477,51.547331,,,Unknown,"(51.547331, -0.141477)",http://opendatacommunities.org/id/london-borough-council/camden,9111,21/12/2020 02:48:44 PM
1190189623,CAMDEN,1 DRIVER/RIDER,1 MALE,16-24,21,1,3 SLIGHT,'-2 NOT APPLICABLE,'-2 NOT APPLICABLE,2 PEDAL CYCLE,"On Hawley Road (Stop A), 80 metres north of the junction with Camden Gardens.",2,23/06/2019 03:15:00 PM,Sunday,15.15,3 BOR,A,400,9 UNKNOWN,20,00 NO JUN IN 20M,,0,0,5 PEDN PHASE AT ATS,2 DAYLIGHT,8 OTHER,1 ROAD-DRY,9 UNKNOWN (S/R),0 NONE,528946,184213,-0.141965,51.542096,,,Unknown,"(51.542096, -0.141965)",http://opendatacommunities.org/id/london-borough-council/camden,9130,21/12/2020 02:48:44 PM
0116EK40184,CAMDEN,3 Pedestrian,2 Female,16-24,23,1,3 Slight,05 Crossing Road (Not On Xing),1 From Drivers N/Side,1 Pedestrian,KENTISH TOWN ROAD J/W BUCK STREET.,1,26/03/2016 03:22:00 AM,Saturday,3.22,3 Bor,A,400,2 One-Way St,1 <= 20 MPH,3 T/Stag Jun,4 Give Way/Uncontrolled,Unclassified,0,0 No Xing Facility In 50m,2 Dark,1 Fine,1 Road-Dry,0 None,0 None,528920,183990,-0.142421,51.540098,,,Unknown,"(51.540098, -0.142421)",http://opendatacommunities.org/id/london-borough-council/camden,6130,21/12/2020 02:48:38 PM
1180087552,CAMDEN,3 Pedestrian,1 Male,25-59,27,1,2 Serious,04 Crossing Road Within 50m Xing,3 From Drivers O/Side,1 Pedestrian,CAMDEN HIGH STREET 40M S OF J/W GREENLAND ROAD,1,03/02/2018 03:29:00 AM,Saturday,3.29,1 TLRN,A,502,6 Single Cwy,1 <= 20 MPH,0 No Jun In 20m,-2 Not Applicable,-2 Not Applicable,0,4 Pelican Or Similar,2 Dark,1 Fine,1 Road-Dry,0 None,0 None,528930,183820,-0.142339,51.538568,,,Unknown,"(51.538568, -0.142339)",http://opendatacommunities.org/id/london-borough-council/camden,7717,21/12/2020 02:48:41 PM
0116EK40197,CAMDEN,2 Passenger,1 Male,0-15,10,1,3 Slight,-2 Unknown,-2 N/A,4 Car,CAMDEN HIGH STREET J/W JAMESTOWN ROAD,2,01/04/2016 11:20:00 PM,Friday,23.20,3 Bor,A,502,6 Single Cwy,1 <= 20 MPH,6 Crossroads,2 Auto Sig,C,0,5 Pedn Phase At Ats,2 Dark,1 Fine,1 Road-Dry,0 None,0 None,528780,184060,-0.144413,51.540759,,,Unknown,"(51.540759, -0.144413)",http://opendatacommunities.org/id/london-borough-council/camden,6143,21/12/2020 02:48:38 PM
1180129897,CAMDEN,1 Driver/Rider,1 Male,25-59,54,1,2 Serious,-2 Unknown,-2 N/A,2 Pedal Cycle,A400 J/W GRAFTON WAY,2,29/08/2018 02:35:00 PM,Wednesday,14.35,3 Bor,A,400,2 One-Way St,1 <= 20 MPH,99 Unknown (S/R),9 Unknown (S/R),Unclassified,0,9 Unknown (S/R),1 Daylight,1 Fine,1 Road-Dry,0 None,0 None,529310,182200,-0.137458,51.523922,,,Unknown,"(51.523922, -0.137458)",http://opendatacommunities.org/id/london-borough-council/camden,8292,21/12/2020 02:48:42 PM
1170063106,CAMDEN,1 Driver/Rider,1 Male,25-59,40,1,3 Slight,-2 Unknown,-2 N/A,2 Pedal Cycle,GUILFORD STREET J/W DOUGHTY MEWS,2,07/10/2017 11:56:00 AM,Saturday,11.56,3 Bor,B,502,6 Single Cwy,1 <= 20 MPH,3 T/Stag Jun,4 Give Way/Uncontrolled,Unclassified,0,1 Zebra,1 Daylight,9 Unknown,1 Road-Dry,4 Roadworks,0 None,530710,182240,-0.117274,51.52396,,,Unknown,"(51.52396, -0.117274)",http://opendatacommunities.org/id/london-borough-council/camden,7389,21/12/2020 02:48:40 PM
1180112635,CAMDEN,1 Driver/Rider,1 Male,25-59,57,1,3 Slight,-2 Unknown,-2 N/A,5 Taxi,CAMDEN ROAD J/W LYME STREET,2,07/06/2018 12:12:00 AM,Thursday,0.12,1 TLRN,A,503,3 Dual Cwy,1 <= 20 MPH,3 T/Stag Jun,1 Auth Person,Unclassified,0,0 No Xing Facility In 50m,2 Dark,1 Fine,1 Road-Dry,0 None,0 None,529120,184060,-0.139513,51.540681,,,Unknown,"(51.540681, -0.139513)",http://opendatacommunities.org/id/london-borough-council/camden,8055,21/12/2020 02:48:42 PM
0115EK40218,CAMDEN,3 Pedestrian,2 Female,0-15,14,1,3 Slight,05 Crossing Road (Not On Xing),4 From Drivers O/Side Msk,1 Pedestrian,MARESFIELD GARDENS J/W FITZJOHN'S AVENUE,1,19/03/2015 04:10:00 PM,Thursday,16.10,3 Bor,Unclassified,0,2 One-Way St,2 30 MPH,3 T/Stag Jun,4 Give Way/Uncontrolled,B,511,0 No Xing Facility In 50m,1 Daylight,1 Fine,1 Road-Dry,0 None,0 None,526560,184630,-0.176203,51.546383,,,Unknown,"(51.546383, -0.176203)",http://opendatacommunities.org/id/london-borough-council/camden,4751,21/12/2020 02:48:36 PM
1190194530,CAMDEN,1 DRIVER/RIDER,1 MALE,25-59,28,1,3 SLIGHT,'-2 NOT APPLICABLE,5 IN RD NOT CROSSING,7 GOODS VEHICLE,"On Theobalds Road, 25 metres west of the junction with red lion street.",2,18/07/2019 09:34:00 PM,Thursday,21.34,3 BOR,A,401,2 ONE-WAY ST,20,00 NO JUN IN 20M,,0,0,5 PEDN PHASE AT ATS,1 DARK,1 FINE,1 ROAD-DRY,0 NONE,0 NONE,530659,181811,-0.118168,51.520116,,,Unknown,"(51.520116, -0.118168)",http://opendatacommunities.org/id/london-borough-council/camden,9199,21/12/2020 02:48:44 PM
0115EK40040,CAMDEN,1 Driver/Rider,2 Female,25-59,38,1,3 Slight,-2 Unknown,-2 N/A,2 Pedal Cycle,KILBURN HIGH ROAD J/W GASCONY AVENUE,2,10/01/2015 04:50:00 PM,Saturday,16.50,3 Bor,A,5,6 Single Cwy,2 30 MPH,3 T/Stag Jun,2 Auto Sig,A,5,5 Pedn Phase At Ats,2 Dark,1 Fine,1 Road-Dry,0 None,0 None,525080,184070,-0.197734,51.54168,,,Unknown,"(51.54168, -0.197734)",http://opendatacommunities.org/id/london-borough-council/camden,4611,21/12/2020 02:48:35 PM
0116EK40428,CAMDEN,1 Driver/Rider,2 Female,25-59,37,1,3 Slight,-2 Unknown,-2 N/A,4 Car,THEOBALD'S ROAD J/W GRAY'S INN ROAD,2,17/06/2016 05:00:00 PM,Friday,17.00,3 Bor,A,401,6 Single Cwy,1 <= 20 MPH,6 Crossroads,2 Auto Sig,A,5200,5 Pedn Phase At Ats,1 Daylight,1 Fine,1 Road-Dry,0 None,0 None,530980,181970,-0.113485,51.521471,,,Unknown,"(51.521471, -0.113485)",http://opendatacommunities.org/id/london-borough-council/camden,6345,21/12/2020 02:48:38 PM
0115EK40376,CAMDEN,3 Pedestrian,1 Male,60+,81,1,3 Slight,05 Crossing Road (Not On Xing),4 From Drivers O/Side Msk,1 Pedestrian,CAMDEN HIGH STREET 27M NW OF J/W GREENLAND STREET,1,13/05/2015 03:10:00 PM,Wednesday,15.10,1 TLRN,A,502,6 Single Cwy,3 40 MPH,0 No Jun In 20m,-2 Not Applicable,-2 Not Applicable,0,0 No Xing Facility In 50m,1 Daylight,1 Fine,1 Road-Dry,0 None,0 None,528940,183790,-0.142206,51.538296,,,Unknown,"(51.538296, -0.142206)",http://opendatacommunities.org/id/london-borough-council/camden,4878,21/12/2020 02:48:36 PM
1170029649,CAMDEN,1 Driver/Rider,1 Male,25-59,50,1,3 Slight,-2 Unknown,-2 N/A,5 Taxi,A503 CAMDEN ROAD 10M N OF J/W ROCHESTER SQUARE,2,01/04/2017 11:24:00 AM,Saturday,11.24,1 TLRN,A,503,6 Single Cwy,2 30 MPH,3 T/Stag Jun,4 Give Way/Uncontrolled,Unclassified,0,7 Footbridge Or Subway,1 Daylight,1 Fine,1 Road-Dry,0 None,0 None,529320,184390,-0.13651,51.543601,,,Unknown,"(51.543601, -0.13651)",http://opendatacommunities.org/id/london-borough-council/camden,6839,21/12/2020 02:48:39 PM
0115EK40927,CAMDEN,1 Driver/Rider,1 Male,25-59,30,1,3 Slight,-2 Unknown,-2 N/A,2 Pedal Cycle,HEATH STREET J/W NEW END,2,09/10/2015 03:45:00 PM,Friday,15.45,3 Bor,A,502,6 Single Cwy,2 30 MPH,6 Crossroads,4 Give Way/Uncontrolled,Unclassified,0,0 No Xing Facility In 50m,1 Daylight,1 Fine,1 Road-Dry,0 None,0 None,526360,186000,-0.178594,51.55874,,,Unknown,"(51.55874, -0.178594)",http://opendatacommunities.org/id/london-borough-council/camden,5359,21/12/2020 02:48:37 PM
0115EO40769,CAMDEN,3 Pedestrian,2 Female,16-24,23,1,3 Slight,09 In Road - Not Crossing,6 In Rd Not Crossing Msk,1 Pedestrian,FARRINGDON ROAD 40M SOUTH J/W ST CROSS STREET,1,25/10/2015 01:04:00 AM,Sunday,1.04,1 TLRN,A,201,6 Single Cwy,2 30 MPH,0 No Jun In 20m,-2 Not Applicable,-2 Not Applicable,0,0 No Xing Facility In 50m,2 Dark,8 Other,2 Road-Wet,0 None,0 None,531490,181900,-0.106164,51.520723,,,Unknown,"(51.520723, -0.106164)",http://opendatacommunities.org/id/london-borough-council/camden,5604,21/12/2020 02:48:37 PM
1180097863,CAMDEN,1 Driver/Rider,1 Male,25-59,44,1,3 Slight,-2 Unknown,-2 N/A,5 Taxi,PENTONVILLE RD J/W KINGS CROSS BRIDGE ROAD,2,23/03/2018 03:15:00 AM,Friday,3.15,1 TLRN,A,5203,6 Single Cwy,1 <= 20 MPH,6 Crossroads,2 Auto Sig,A,501,5 Pedn Phase At Ats,2 Dark,1 Fine,1 Road-Dry,0 None,0 None,530460,183000,-0.120594,51.530847,,,Unknown,"(51.530847, -0.120594)",http://opendatacommunities.org/id/london-borough-council/camden,7833,21/12/2020 02:48:41 PM
0116EK40384,CAMDEN,2 Passenger,1 Male,60+,75,1,3 Slight,-2 Unknown,-2 N/A,6 Bus Or Coach,FINCHLEY RD 63M NORTH OF J/W FINCHLEY RD SLIP RD,1,12/05/2016 01:15:00 PM,Thursday,13.15,1 TLRN,A,41,3 Dual Cwy,2 30 MPH,0 No Jun In 20m,-2 Not Applicable,-2 Not Applicable,0,0 No Xing Facility In 50m,1 Daylight,1 Fine,1 Road-Dry,0 None,0 None,526630,184330,-0.175302,51.543671,,,Unknown,"(51.543671, -0.175302)",http://opendatacommunities.org/id/london-borough-council/camden,6306,21/12/2020 02:48:38 PM
0115EK40764,CAMDEN,1 Driver/Rider,1 Male,25-59,51,1,3 Slight,-2 Unknown,-2 N/A,3 Powered 2 Wheeler,ETON ROAD J/W ETON VILLAS,2,01/09/2015 03:10:00 PM,Tuesday,15.10,3 Bor,Unclassified,0,6 Single Cwy,2 30 MPH,6 Crossroads,4 Give Way/Uncontrolled,Unclassified,0,0 No Xing Facility In 50m,1 Daylight,1 Fine,2 Road-Wet,0 None,0 None,527830,184540,-0.15793,51.545288,,,Unknown,"(51.545288, -0.15793)",http://opendatacommunities.org/id/london-borough-council/camden,5233,21/12/2020 02:48:37 PM
1170043664,CAMDEN,1 Driver/Rider,1 Male,60+,74,1,3 Slight,-2 Unknown,-2 N/A,5 Taxi,EUSTON ROAD 25M S OF J/W GOWER STREET THE NEAREST CLASSIFIED ROAD,3,19/06/2017 09:10:00 AM,Monday,9.10,1 TLRN,A,501,3 Dual Cwy,2 30 MPH,0 No Jun In 20m,-2 Not Applicable,-2 Not Applicable,0,5 Pedn Phase At Ats,1 Daylight,1 Fine,1 Road-Dry,0 None,0 None,529430,182390,-0.135659,51.525602,,,Unknown,"(51.525602, -0.135659)",http://opendatacommunities.org/id/london-borough-council/camden,7055,21/12/2020 02:48:39 PM
1160004741,CAMDEN,3 Pedestrian,2 Female,25-59,32,1,3 Slight,05 Crossing Road (Not On Xing),1 From Drivers N/Side,1 Pedestrian,EVERSHOLT STREET J/W GRAFTON PLACE,1,02/12/2016 06:20:00 PM,Friday,18.20,3 Bor,A,4200,6 Single Cwy,1 <= 20 MPH,3 T/Stag Jun,1 Auth Person,Unclassified,0,5 Pedn Phase At Ats,2 Dark,1 Fine,2 Road-Wet,0 None,0 None,529710,182670,-0.131522,51.528054,,,Unknown,"(51.528054, -0.131522)",http://opendatacommunities.org/id/london-borough-council/camden,5722,21/12/2020 02:48:37 PM
0116EK40131,CAMDEN,1 Driver/Rider,1 Male,25-59,29,1,3 Slight,-2 Unknown,-2 N/A,4 Car,HAMPSTEAD HIGH STREET J/W HEATH STREET.,3,06/03/2016 05:56:00 PM,Sunday,17.56,3 Bor,A,502,6 Single Cwy,1 <= 20 MPH,6 Crossroads,2 Auto Sig,B,511,5 Pedn Phase At Ats,2 Dark,1 Fine,1 Road-Dry,0 None,0 None,526380,185750,-0.178395,51.556489,,,Unknown,"(51.556489, -0.178395)",http://opendatacommunities.org/id/london-borough-council/camden,6088,21/12/2020 02:48:38 PM
1190199242,CAMDEN,1 DRIVER/RIDER,1 MALE,25-59,39,1,3 SLIGHT,'-2 NOT APPLICABLE,'-2 NOT APPLICABLE,3 POWERED 2 WHEELER,"On FINCHLEY ROAD, near the junction with BURRARD ROAD, NW3.",2,12/08/2019 10:25:00 PM,Monday,22.25,1 TLRN,A,41,6 SINGLE CWY,30,03 T/STAG JUN,4 GIVE WAY/UNCONTROLLED,6,0,0 NO XING FACILITY IN 50M,1 DARK,1 FINE,2 ROAD-WET,0 NONE,0 NONE,525335,185622,-0.193506,51.555571,,,Unknown,"(51.555571, -0.193506)",http://opendatacommunities.org/id/london-borough-council/camden,9268,21/12/2020 02:48:44 PM
0116CW10300,CAMDEN,1 Driver/Rider,1 Male,Unknown,0,1,3 Slight,-2 Unknown,-2 N/A,3 Powered 2 Wheeler,AVENUE ROAD J/W ACACIA ROAD,2,20/03/2016 01:27:00 PM,Sunday,13.27,3 Bor,B,525,6 Single Cwy,2 30 MPH,3 T/Stag Jun,4 Give Way/Uncontrolled,C,0,1 Zebra,1 Daylight,1 Fine,1 Road-Dry,0 None,0 None,527140,183700,-0.168179,51.537895,,,Unknown,"(51.537895, -0.168179)",http://opendatacommunities.org/id/london-borough-council/camden,5965,21/12/2020 02:48:38 PM
0115EK40521,CAMDEN,1 Driver/Rider,1 Male,25-59,29,1,3 Slight,-2 Unknown,-2 N/A,3 Powered 2 Wheeler,CAMDEN ROAD J/W SANDALL ROAD,2,29/06/2015 04:50:00 PM,Monday,16.50,1 TLRN,A,503,6 Single Cwy,2 30 MPH,3 T/Stag Jun,4 Give Way/Uncontrolled,Unclassified,0,0 No Xing Facility In 50m,1 Daylight,1 Fine,1 Road-Dry,0 None,0 None,529520,184620,-0.133543,51.545622,,,Unknown,"(51.545622, -0.133543)",http://opendatacommunities.org/id/london-borough-council/camden,5011,21/12/2020 02:48:36 PM