Reference,London Borough Name,Casualty Class,Casualty Sex,Casualty Age Band,Casualty Age,Number Of Casualties,Casualty Severity,Pedestrian Location,Pedestrian Movement,Mode Of Travel,Attendant Location,Number Of Vehicles,Date,Day,Time,Highway,Road Class 1,Road Number 1,Road Type,Speed Limit,Junction Detail,Junction Control,Road Class 2,Road Number 2,Pedestrian Crossing,Light Condition Band,Weather,Road Surface,Special Conditions,Carriage Way Hazard,Easting,Northing,Longitude,Latitude,Ward Code,Ward Name,Spatial Accuracy,Location,Organisation URI,Socrata ID,Last Uploaded
1180108520,CAMDEN,1 Driver/Rider,1 Male,25-59,30,1,3 Slight,-2 Unknown,-2 N/A,5 Taxi,SHAFTESBURY AVENUE 60M E OF J/W CHARING CROSS ROAD,2,17/05/2018 11:00:00 AM,Thursday,11.00,3 Bor,Unclassified,0,6 Single Cwy,2 30 MPH,0 No Jun In 20m,-2 Not Applicable,-2 Not Applicable,0,0 No Xing Facility In 50m,1 Daylight,1 Fine,1 Road-Dry,0 None,0 None,529963,181091,-0.128459,51.513806,,,Unknown,"(51.513806, -0.128459)",http://opendatacommunities.org/id/london-borough-council/camden,7999,21/12/2020 02:48:42 PM
0115EK40050,CAMDEN,1 Driver/Rider,1 Male,25-59,51,1,3 Slight,-2 Unknown,-2 N/A,7 Goods Vehicle,KILBURN HIGH ROAD J/W GREVILLE ROAD,2,22/01/2015 10:06:00 AM,Thursday,10.06,3 Bor,A,5,6 Single Cwy,2 30 MPH,3 T/Stag Jun,4 Give Way/Uncontrolled,A,5,1 Zebra,1 Daylight,1 Fine,1 Road-Dry,0 None,0 None,525530,183470,-0.191462,51.536188,,,Unknown,"(51.536188, -0.191462)",http://opendatacommunities.org/id/london-borough-council/camden,4618,21/12/2020 02:48:35 PM
1170070479,CAMDEN,1 Driver/Rider,1 Male,25-59,27,1,3 Slight,-2 Unknown,-2 N/A,2 Pedal Cycle,FINCHLEY ROAD 50M N OF J/W BLACKBURN ROAD,2,15/11/2017 07:17:00 PM,Wednesday,19.17,1 TLRN,A,41,3 Dual Cwy,2 30 MPH,0 No Jun In 20m,-2 Not Applicable,-2 Not Applicable,0,5 Pedn Phase At Ats,2 Dark,1 Fine,1 Road-Dry,0 None,0 None,526200,184810,-0.181327,51.548081,,,Unknown,"(51.548081, -0.181327)",http://opendatacommunities.org/id/london-borough-council/camden,7515,21/12/2020 02:48:41 PM
1180143045,CAMDEN,3 Pedestrian,2 Female,25-59,30,1,3 Slight,05 Crossing Road (Not On Xing),3 From Drivers O/Side,1 Pedestrian,BARTHOLOMEW ROAD (EAST) J/W BATHOLOMEW ROAD (WEST),1,02/11/2018 06:25:00 PM,Friday,18.25,3 Bor,Unclassified,0,6 Single Cwy,1 <= 20 MPH,3 T/Stag Jun,4 Give Way/Uncontrolled,Unclassified,0,0 No Xing Facility In 50m,1 Daylight,1 Fine,1 Road-Dry,0 None,0 None,529060,184650,-0.140162,51.545997,,,Unknown,"(51.545997, -0.140162)",http://opendatacommunities.org/id/london-borough-council/camden,8489,21/12/2020 02:48:43 PM
0116EK40126,CAMDEN,1 Driver/Rider,2 Female,25-59,29,1,3 Slight,-2 Unknown,-2 N/A,4 Car,CAMDEN ROAD J/W CAMDEN PARK ROAD.,2,05/03/2016 09:55:00 AM,Saturday,9.55,1 TLRN,A,503,6 Single Cwy,2 30 MPH,6 Crossroads,2 Auto Sig,A,5200,5 Pedn Phase At Ats,1 Daylight,2 Raining,2 Road-Wet,0 None,0 None,529720,184860,-0.130572,51.547733,,,Unknown,"(51.547733, -0.130572)",http://opendatacommunities.org/id/london-borough-council/camden,6083,21/12/2020 02:48:38 PM
0115EK40763,CAMDEN,1 Driver/Rider,1 Male,60+,63,1,3 Slight,-2 Unknown,-2 N/A,4 Car,"EUSTON ROAD, 200 METRES NE OF EUSTON ROAD SLIP ROAD.",4,01/09/2015 04:26:00 PM,Tuesday,16.26,1 TLRN,A,501,3 Dual Cwy,4 50 MPH,0 No Jun In 20m,-2 Not Applicable,-2 Not Applicable,0,0 No Xing Facility In 50m,1 Daylight,1 Fine,1 Road-Dry,0 None,0 None,529260,182330,-0.13813,51.525102,,,Unknown,"(51.525102, -0.13813)",http://opendatacommunities.org/id/london-borough-council/camden,5227,21/12/2020 02:48:37 PM
1180146910,CAMDEN,1 Driver/Rider,1 Male,25-59,48,1,3 Slight,-2 Unknown,-2 N/A,4 Car,GUILFORD STREET 30M W OF J/W RUSSELL SQUARE,2,17/11/2018 05:30:00 PM,Saturday,17.30,3 Bor,A,4200,2 One-Way St,1 <= 20 MPH,3 T/Stag Jun,4 Give Way/Uncontrolled,B,502,9 Unknown (S/R),2 Dark,1 Fine,1 Road-Dry,0 None,0 None,530181,182035,-0.124971,51.522239,,,Unknown,"(51.522239, -0.124971)",http://opendatacommunities.org/id/london-borough-council/camden,8540,21/12/2020 02:48:43 PM
1160024586,CAMDEN,1 Driver/Rider,1 Male,25-59,28,1,3 Slight,-2 Unknown,-2 N/A,3 Powered 2 Wheeler,MIDLAND ROAD J/W BRILL PLACE,2,14/10/2016 06:28:00 AM,Friday,6.28,3 Bor,A,5202,2 One-Way St,1 <= 20 MPH,3 T/Stag Jun,4 Give Way/Uncontrolled,C,0,0 No Xing Facility In 50m,2 Dark,1 Fine,1 Road-Dry,0 None,0 None,529950,183150,-0.127887,51.532313,,,Unknown,"(51.532313, -0.127887)",http://opendatacommunities.org/id/london-borough-council/camden,5911,21/12/2020 02:48:38 PM
1170016700,CAMDEN,1 Driver/Rider,1 Male,25-59,33,1,3 Slight,-2 Unknown,-2 N/A,2 Pedal Cycle,ROSSLYN HILL 50M S OF J/W POND STREET THE NEAREST CLASSIFIED ROAD,2,07/02/2017 07:10:00 PM,Tuesday,19.10,3 Bor,A,502,6 Single Cwy,1 <= 20 MPH,0 No Jun In 20m,-2 Not Applicable,-2 Not Applicable,0,0 No Xing Facility In 50m,2 Dark,1 Fine,1 Road-Dry,0 None,0 None,527080,185350,-0.168448,51.552737,,,Unknown,"(51.552737, -0.168448)",http://opendatacommunities.org/id/london-borough-council/camden,6653,21/12/2020 02:48:39 PM
0116EK40254,CAMDEN,1 Driver/Rider,1 Male,25-59,34,1,3 Slight,-2 Unknown,-2 N/A,3 Powered 2 Wheeler,NFL SOUTHAMPTON ROW 27M SOUTH J/W RUSSELL SQUARE,1,13/01/2016 05:55:00 PM,Wednesday,17.55,3 Bor,A,4200,6 Single Cwy,1 <= 20 MPH,0 No Jun In 20m,-2 Not Applicable,-2 Not Applicable,0,0 No Xing Facility In 50m,2 Dark,1 Fine,1 Road-Dry,0 None,6 Ped In Cwy (Not Inj),530260,181920,-0.123875,51.521188,,,Unknown,"(51.521188, -0.123875)",http://opendatacommunities.org/id/london-borough-council/camden,6192,21/12/2020 02:48:38 PM
0116EK40056,CAMDEN,1 Driver/Rider,1 Male,25-59,25,1,3 Slight,-2 Unknown,-2 N/A,2 Pedal Cycle,PRINCE OF WALES ROAD J/W KENTISH TOWN ROAD,1,06/02/2016 01:10:00 AM,Saturday,1.10,3 Bor,C,0,6 Single Cwy,1 <= 20 MPH,3 T/Stag Jun,2 Auto Sig,A,400,5 Pedn Phase At Ats,2 Dark,1 Fine,1 Road-Dry,0 None,0 None,528930,184700,-0.142017,51.546476,,,Unknown,"(51.546476, -0.142017)",http://opendatacommunities.org/id/london-borough-council/camden,6024,21/12/2020 02:48:38 PM
0116EK40563,CAMDEN,3 Pedestrian,2 Female,25-59,37,1,2 Serious,09 In Road - Not Crossing,9 Unknown Or Other,1 Pedestrian,WEST END LANE J/W BLACKBURN ROAD,1,05/08/2016 07:45:00 AM,Friday,7.45,3 Bor,B,510,6 Single Cwy,2 30 MPH,3 T/Stag Jun,4 Give Way/Uncontrolled,Unclassified,0,4 Pelican Or Similar,1 Daylight,1 Fine,1 Road-Dry,0 None,0 None,525520,184690,-0.191172,51.547154,,,Unknown,"(51.547154, -0.191172)",http://opendatacommunities.org/id/london-borough-council/camden,6455,21/12/2020 02:48:38 PM
0116EK40457,CAMDEN,2 Passenger,1 Male,16-24,22,1,3 Slight,-2 Unknown,-2 N/A,4 Car,CLARKSON ROW 47M NW OF MORNINGTON CRESCENT,1,24/06/2016 11:50:00 PM,Friday,23.50,3 Bor,Unclassified,0,6 Single Cwy,2 30 MPH,0 No Jun In 20m,-2 Not Applicable,-2 Not Applicable,0,0 No Xing Facility In 50m,2 Dark,1 Fine,1 Road-Dry,0 None,0 None,529040,183180,-0.140989,51.532791,,,Unknown,"(51.532791, -0.140989)",http://opendatacommunities.org/id/london-borough-council/camden,6368,21/12/2020 02:48:38 PM
1180151179,CAMDEN,1 Driver/Rider,2 Female,25-59,51,1,3 Slight,-2 Unknown,-2 N/A,4 Car,CAMDEN ROAD J/W TORRIANO AVENUE,2,10/12/2018 02:35:00 PM,Monday,14.35,1 TLRN,A,503,3 Dual Cwy,1 <= 20 MPH,7 Multi Jun,2 Auto Sig,A,5200,5 Pedn Phase At Ats,1 Daylight,1 Fine,1 Road-Dry,0 None,0 None,529720,184870,-0.130568,51.547823,,,Unknown,"(51.547823, -0.130568)",http://opendatacommunities.org/id/london-borough-council/camden,8600,21/12/2020 02:48:43 PM
1190189803,CAMDEN,1 DRIVER/RIDER,1 MALE,25-59,32,1,3 SLIGHT,'-2 NOT APPLICABLE,'-2 NOT APPLICABLE,2 PEDAL CYCLE,"On Kilburn High Road, 20 metres north of the junction with Kings Gate Place.",1,24/06/2019 11:30:00 PM,Monday,23.30,3 BOR,A,5,6 SINGLE CWY,30,03 T/STAG JUN,2 AUTO SIG,6,0,9 UNKNOWN (S/R),1 DARK,1 FINE,1 ROAD-DRY,0 NONE,0 NONE,525106,184053,-0.197365,51.541521,,,Unknown,"(51.541521, -0.197365)",http://opendatacommunities.org/id/london-borough-council/camden,9133,21/12/2020 02:48:44 PM
1190211231,CAMDEN,3 PEDESTRIAN,1 MALE,25-59,28,1,3 SLIGHT,04 CROSSING ROAD WITHIN 50M XING,'-2 NOT APPLICABLE,1 PEDESTRIAN,"On Kentish Town Road, near the junction with camden high street.",1,12/10/2019 06:25:00 PM,Saturday,18.25,1 TLRN,A,502,2 ONE-WAY ST,20,06 CROSSROADS,2 AUTO SIG,A,400,4 PELICAN OR SIMILAR,1 DARK,2 RAINING,2 ROAD-WET,0 NONE,0 NONE,528925,183916,-0.142376,51.539431,,,Unknown,"(51.539431, -0.142376)",http://opendatacommunities.org/id/london-borough-council/camden,9425,21/12/2020 02:48:44 PM
1190160344,CAMDEN,1 DRIVER/RIDER,1 MALE,25-59,27,1,3 SLIGHT,'-2 NOT APPLICABLE,'-2 NOT APPLICABLE,3 POWERED 2 WHEELER,"On Euston Road, near the junction with Pancras Road.",2,29/01/2019 08:50:00 PM,Tuesday,20.50,1 TLRN,A,501,3 DUAL CWY,30,03 T/STAG JUN,2 AUTO SIG,A,5202,5 PEDN PHASE AT ATS,1 DARK,3 SNOWING,2 ROAD-WET,0 NONE,0 NONE,530217,182904,-0.124131,51.530041,,,Unknown,"(51.530041, -0.124131)",http://opendatacommunities.org/id/london-borough-council/camden,8737,21/12/2020 02:48:43 PM
1190223497,CAMDEN,3 PEDESTRIAN,2 FEMALE,60+,85,1,3 SLIGHT,06 ON FOOTPATH - VERGE,3 FROM DRIVERS O/SIDE,1 PEDESTRIAN,"On Kidderpore Avenue, 100 metres north of the junction with PLATTS LANE.. The nearest classified road was the B1",5,07/12/2019 07:23:00 PM,Saturday,19.23,3 BOR,6,0,6 SINGLE CWY,20,00 NO JUN IN 20M,,0,0,0 NO XING FACILITY IN 50M,1 DARK,1 FINE,1 ROAD-DRY,0 NONE,1 VEHICLE LOAD IN CWY,525334,185795,-0.193459,51.557126,,,Unknown,"(51.557126, -0.193459)",http://opendatacommunities.org/id/london-borough-council/camden,9601,21/12/2020 02:48:45 PM
0115EO40755,CAMDEN,1 Driver/Rider,1 Male,25-59,27,1,3 Slight,-2 Unknown,-2 N/A,2 Pedal Cycle,FARRINGDON ROAD J/W SAFFRON STREET,2,08/10/2015 09:15:00 AM,Thursday,9.15,1 TLRN,A,201,6 Single Cwy,2 30 MPH,3 T/Stag Jun,4 Give Way/Uncontrolled,Unclassified,0,0 No Xing Facility In 50m,1 Daylight,1 Fine,1 Road-Dry,0 None,0 None,531450,181990,-0.106707,51.521541,,,Unknown,"(51.521541, -0.106707)",http://opendatacommunities.org/id/london-borough-council/camden,5603,21/12/2020 02:48:37 PM
1170051076,CAMDEN,1 Driver/Rider,1 Male,Unknown,0,1,3 Slight,-2 Unknown,-2 N/A,3 Powered 2 Wheeler,EUSTON ROAD J/W YORK WAY,2,28/07/2017 09:55:00 AM,Friday,9.55,1 TLRN,A,501,3 Dual Cwy,2 30 MPH,7 Multi Jun,2 Auto Sig,A,5200,4 Pelican Or Similar,1 Daylight,1 Fine,1 Road-Dry,0 None,0 None,530310,182960,-0.122771,51.530522,,,Unknown,"(51.530522, -0.122771)",http://opendatacommunities.org/id/london-borough-council/camden,7201,21/12/2020 02:48:40 PM
1170018997,CAMDEN,2 Passenger,1 Male,Unknown,0,1,3 Slight,-2 Unknown,-2 N/A,4 Car,THEOBALDS ROAD J/W EMERALDS STREET,2,13/02/2017 04:15:00 PM,Monday,16.15,3 Bor,A,401,6 Single Cwy,2 30 MPH,3 T/Stag Jun,2 Auto Sig,Unclassified,0,0 No Xing Facility In 50m,1 Daylight,9 Unknown,1 Road-Dry,0 None,0 None,530735,181865,-0.117053,51.520584,,,Unknown,"(51.520584, -0.117053)",http://opendatacommunities.org/id/london-borough-council/camden,6681,21/12/2020 02:48:39 PM
1170019698,CAMDEN,1 Driver/Rider,1 Male,25-59,58,1,3 Slight,-2 Unknown,-2 N/A,3 Powered 2 Wheeler,DELANCEY STREET J/W ARLINGTON ROAD,2,20/02/2017 08:55:00 AM,Monday,8.55,3 Bor,A,503,2 One-Way St,1 <= 20 MPH,6 Crossroads,4 Give Way/Uncontrolled,Unclassified,0,4 Pelican Or Similar,1 Daylight,1 Fine,1 Road-Dry,0 None,0 None,528930,183620,-0.142413,51.53677,,,Unknown,"(51.53677, -0.142413)",http://opendatacommunities.org/id/london-borough-council/camden,6692,21/12/2020 02:48:39 PM
1180150167,CAMDEN,1 Driver/Rider,1 Male,16-24,24,1,3 Slight,-2 Unknown,-2 N/A,3 Powered 2 Wheeler,EUSTON ROAD J/W CHARLTON STREET,2,05/12/2018 07:50:00 PM,Wednesday,19.50,1 TLRN,A,501,3 Dual Cwy,2 30 MPH,3 T/Stag Jun,4 Give Way/Uncontrolled,Unclassified,0,0 No Xing Facility In 50m,2 Dark,2 Raining,2 Road-Wet,0 None,0 None,529900,182690,-0.128777,51.52819,,,Unknown,"(51.52819, -0.128777)",http://opendatacommunities.org/id/london-borough-council/camden,8586,21/12/2020 02:48:43 PM
1190181702,CAMDEN,1 DRIVER/RIDER,1 MALE,16-24,21,1,3 SLIGHT,'-2 NOT APPLICABLE,'-2 NOT APPLICABLE,3 POWERED 2 WHEELER,Location uncertain Prince Albert Road,2,18/05/2019 07:48:00 PM,Saturday,19.48,3 BOR,A,5205,6 SINGLE CWY,20,09 OTHER JUN,2 AUTO SIG,6,0,1 ZEBRA,2 DAYLIGHT,1 FINE,1 ROAD-DRY,0 NONE,0 NONE,528370,183677,-0.150462,51.53741,,,Unknown,"(51.53741, -0.150462)",http://opendatacommunities.org/id/london-borough-council/camden,9019,21/12/2020 02:48:44 PM
1170051692,CAMDEN,2 Passenger,1 Male,25-59,34,1,3 Slight,-2 Unknown,-2 N/A,4 Car,EUSTON ROAD J/W MIDLAND ROAD,2,03/07/2017 09:51:00 AM,Monday,9.51,1 TLRN,A,501,6 Single Cwy,2 30 MPH,6 Crossroads,4 Give Way/Uncontrolled,C,0,0 No Xing Facility In 50m,1 Daylight,1 Fine,1 Road-Dry,0 None,0 None,530070,182790,-0.126291,51.52905,,,Unknown,"(51.52905, -0.126291)",http://opendatacommunities.org/id/london-borough-council/camden,7214,21/12/2020 02:48:40 PM
1190215483,CAMDEN,3 PEDESTRIAN,2 FEMALE,0-15,15,1,3 SLIGHT,08 IN CENTRE OF CARRIAGEWAY,'-2 NOT APPLICABLE,1 PEDESTRIAN,"On Haverstock Hill, near the junction with steeles road.",1,01/11/2019 04:57:00 PM,Friday,16.57,3 BOR,A,502,6 SINGLE CWY,20,03 T/STAG JUN,4 GIVE WAY/UNCONTROLLED,6,0,0 NO XING FACILITY IN 50M,1 DARK,1 FINE,2 ROAD-WET,0 NONE,0 NONE,527813,184697,-0.158118,51.546703,,,Unknown,"(51.546703, -0.158118)",http://opendatacommunities.org/id/london-borough-council/camden,9486,21/12/2020 02:48:44 PM
0115EK40587,CAMDEN,1 Driver/Rider,1 Male,16-24,18,1,3 Slight,-2 Unknown,-2 N/A,3 Powered 2 Wheeler,AVENUE ROAD J/W QUEEN'S GROVE.,2,16/07/2015 07:20:00 PM,Thursday,19.20,3 Bor,B,525,6 Single Cwy,2 30 MPH,3 T/Stag Jun,4 Give Way/Uncontrolled,Unclassified,0,1 Zebra,1 Daylight,1 Fine,1 Road-Dry,0 None,0 None,526970,183820,-0.170585,51.539011,,,Unknown,"(51.539011, -0.170585)",http://opendatacommunities.org/id/london-borough-council/camden,5073,21/12/2020 02:48:36 PM
1190223454,CAMDEN,1 DRIVER/RIDER,2 FEMALE,25-59,48,1,3 SLIGHT,'-2 NOT APPLICABLE,'-2 NOT APPLICABLE,2 PEDAL CYCLE,"On ABBEY ROAD, near the junction with BELSIZE ROAD.",2,07/12/2019 07:22:00 PM,Saturday,19.22,3 BOR,B,509,6 SINGLE CWY,30,06 CROSSROADS,2 AUTO SIG,B,507,4 PELICAN OR SIMILAR,1 DARK,1 FINE,1 ROAD-DRY,0 NONE,0 NONE,525794,183901,-0.187504,51.540002,,,Unknown,"(51.540002, -0.187504)",http://opendatacommunities.org/id/london-borough-council/camden,9600,21/12/2020 02:48:45 PM
0115EK40339,CAMDEN,1 Driver/Rider,1 Male,25-59,28,1,3 Slight,-2 Unknown,-2 N/A,3 Powered 2 Wheeler,WEST END LANE J/W FORTUNE GREEN ROAD,2,02/05/2015 09:48:00 PM,Saturday,21.48,3 Bor,C,0,6 Single Cwy,2 30 MPH,3 T/Stag Jun,4 Give Way/Uncontrolled,B,510,1 Zebra,2 Dark,2 Raining,2 Road-Wet,0 None,0 None,525400,185210,-0.192716,51.551854,,,Unknown,"(51.551854, -0.192716)",http://opendatacommunities.org/id/london-borough-council/camden,4849,21/12/2020 02:48:36 PM
0115EK40737,CAMDEN,3 Pedestrian,1 Male,25-59,47,1,3 Slight,09 In Road - Not Crossing,5 In Rd Not Crossing,1 Pedestrian,N.F.L ARKWRIGHT ROAD 58M SW OF FITZJOHN'S AVENUE,1,24/08/2015 10:00:00 AM,Monday,10.00,3 Bor,C,0,6 Single Cwy,2 30 MPH,0 No Jun In 20m,-2 Not Applicable,-2 Not Applicable,0,0 No Xing Facility In 50m,1 Daylight,2 Raining,2 Road-Wet,0 None,0 None,526470,185400,-0.177223,51.553323,,,Unknown,"(51.553323, -0.177223)",http://opendatacommunities.org/id/london-borough-council/camden,5205,21/12/2020 02:48:37 PM
1190204274,CAMDEN,3 PEDESTRIAN,2 FEMALE,25-59,50,2,3 SLIGHT,06 ON FOOTPATH - VERGE,'-2 NOT APPLICABLE,1 PEDESTRIAN,"On Camden Road, 30 metres north of the junction with Sandall Road.",2,09/09/2019 01:06:00 PM,Monday,13.06,1 TLRN,A,503,6 SINGLE CWY,20,00 NO JUN IN 20M,,0,0,1 ZEBRA,2 DAYLIGHT,1 FINE,1 ROAD-DRY,0 NONE,0 NONE,529538,184652,-0.133271,51.545906,,,Unknown,"(51.545906, -0.133271)",http://opendatacommunities.org/id/london-borough-council/camden,9351,21/12/2020 02:48:44 PM
1190157388,CAMDEN,3 PEDESTRIAN,2 FEMALE,60+,71,1,3 SLIGHT,05 CROSSING ROAD (NOT ON XING),1 FROM DRIVERS N/SIDE,1 PEDESTRIAN,"On CAMDEN STREET, near the junction with CAMDEN ROAD.",1,14/01/2019 12:01:00 PM,Monday,12.01,1 TLRN,A,400,3 DUAL CWY,20,06 CROSSROADS,2 AUTO SIG,A,503,5 PEDN PHASE AT ATS,2 DAYLIGHT,1 FINE,1 ROAD-DRY,0 NONE,0 NONE,529088,184040,-0.139982,51.540509,,,Unknown,"(51.540509, -0.139982)",http://opendatacommunities.org/id/london-borough-council/camden,8690,21/12/2020 02:48:43 PM
1170064420,CAMDEN,1 Driver/Rider,1 Male,25-59,27,1,3 Slight,-2 Unknown,-2 N/A,3 Powered 2 Wheeler,PRINCE OF WALES ROAD 20M E OF J/W CRADDOCK STREET,2,13/10/2017 08:41:00 PM,Friday,20.41,3 Bor,C,0,6 Single Cwy,1 <= 20 MPH,3 T/Stag Jun,4 Give Way/Uncontrolled,Unclassified,0,0 No Xing Facility In 50m,2 Dark,1 Fine,1 Road-Dry,0 None,0 None,528130,184600,-0.153584,51.545759,,,Unknown,"(51.545759, -0.153584)",http://opendatacommunities.org/id/london-borough-council/camden,7410,21/12/2020 02:48:40 PM
1170022129,CAMDEN,1 Driver/Rider,1 Male,60+,62,1,3 Slight,-2 Unknown,-2 N/A,4 Car,PRINCE ALBERT ROAD 30M E OF J/W ST MARKS SQUARE,2,01/03/2017 05:59:00 PM,Wednesday,17.59,3 Bor,A,5205,6 Single Cwy,2 30 MPH,0 No Jun In 20m,-2 Not Applicable,-2 Not Applicable,0,0 No Xing Facility In 50m,1 Daylight,2 Raining,2 Road-Wet,0 None,0 None,528230,183680,-0.152478,51.537469,,,Unknown,"(51.537469, -0.152478)",http://opendatacommunities.org/id/london-borough-council/camden,6731,21/12/2020 02:48:39 PM
0116EK40016,CAMDEN,1 Driver/Rider,1 Male,16-24,17,1,2 Serious,-2 Unknown,-2 N/A,2 Pedal Cycle,CHALK FARM ROAD J/W FERDINAND STREET,2,23/01/2016 03:24:00 PM,Saturday,15.24,3 Bor,A,502,6 Single Cwy,2 30 MPH,3 T/Stag Jun,2 Auto Sig,B,517,5 Pedn Phase At Ats,1 Daylight,1 Fine,1 Road-Dry,0 None,0 None,528430,184300,-0.14937,51.542995,,,Unknown,"(51.542995, -0.14937)",http://opendatacommunities.org/id/london-borough-council/camden,5995,21/12/2020 02:48:38 PM
0115EK40901,CAMDEN,1 Driver/Rider,1 Male,25-59,32,1,3 Slight,-2 Unknown,-2 N/A,5 Taxi,"REGENT'S PARK ROAD, 30 METRES NW OF GLOUCESTER AVENUE.",3,09/10/2015 04:37:00 PM,Friday,16.37,3 Bor,C,0,6 Single Cwy,2 30 MPH,0 No Jun In 20m,-2 Not Applicable,-2 Not Applicable,0,1 Zebra,1 Daylight,1 Fine,1 Road-Dry,0 None,0 None,528460,183720,-0.149149,51.537776,,,Unknown,"(51.537776, -0.149149)",http://opendatacommunities.org/id/london-borough-council/camden,5341,21/12/2020 02:48:37 PM
0115EK41203,CAMDEN,2 Passenger,1 Male,16-24,23,1,3 Slight,-2 Unknown,-2 N/A,5 Taxi,STANHOPE STREET J/W WILLIAM ROAD,2,14/12/2015 08:15:00 PM,Monday,20.15,3 Bor,Unclassified,0,6 Single Cwy,2 30 MPH,6 Crossroads,4 Give Way/Uncontrolled,Unclassified,0,0 No Xing Facility In 50m,2 Dark,1 Fine,1 Road-Dry,0 None,0 None,529060,182550,-0.140931,51.527125,,,Unknown,"(51.527125, -0.140931)",http://opendatacommunities.org/id/london-borough-council/camden,5579,21/12/2020 02:48:37 PM
1170036036,CAMDEN,3 Pedestrian,2 Female,16-24,23,1,3 Slight,09 In Road - Not Crossing,9 Unknown Or Other,1 Pedestrian,HIGH HOLBORN 10M W OF J/W GREYS INN ROAD,1,08/05/2017 11:05:00 AM,Monday,11.05,3 Bor,A,40,3 Dual Cwy,1 <= 20 MPH,3 T/Stag Jun,2 Auto Sig,A,5200,4 Pelican Or Similar,1 Daylight,1 Fine,1 Road-Dry,0 None,0 None,531100,181600,-0.111894,51.518118,,,Unknown,"(51.518118, -0.111894)",http://opendatacommunities.org/id/london-borough-council/camden,6943,21/12/2020 02:48:39 PM
1190195892,CAMDEN,1 DRIVER/RIDER,2 FEMALE,25-59,30,1,3 SLIGHT,'-2 NOT APPLICABLE,'-2 NOT APPLICABLE,3 POWERED 2 WHEELER,"On Finchley Road, 20 metres north of the junction with Langland Gardens NW1 .",2,25/07/2019 06:49:00 PM,Thursday,18.49,1 TLRN,A,41,3 DUAL CWY,30,03 T/STAG JUN,4 GIVE WAY/UNCONTROLLED,6,0,0 NO XING FACILITY IN 50M,2 DAYLIGHT,1 FINE,1 ROAD-DRY,0 NONE,0 NONE,525890,185241,-0.185641,51.552024,,,Unknown,"(51.552024, -0.185641)",http://opendatacommunities.org/id/london-borough-council/camden,9228,21/12/2020 02:48:44 PM
1160004453,CAMDEN,3 Pedestrian,2 Female,25-59,29,1,3 Slight,09 In Road - Not Crossing,5 In Rd Not Crossing,1 Pedestrian,GAISFORD STREET J/W KENTISH TOWN ROAD,1,01/12/2016 12:59:00 PM,Thursday,12.59,3 Bor,A,400,6 Single Cwy,1 <= 20 MPH,3 T/Stag Jun,4 Give Way/Uncontrolled,Unclassified,0,0 No Xing Facility In 50m,1 Daylight,1 Fine,1 Road-Dry,0 None,0 None,528980,184870,-0.141234,51.547992,,,Unknown,"(51.547992, -0.141234)",http://opendatacommunities.org/id/london-borough-council/camden,5717,21/12/2020 02:48:37 PM
0116EK40179,CAMDEN,1 Driver/Rider,1 Male,25-59,41,1,3 Slight,-2 Unknown,-2 N/A,2 Pedal Cycle,GORDON HOUSE ROAD 30M NE OF OAK VILLAGE,2,26/02/2016 07:49:00 AM,Friday,7.49,3 Bor,B,518,6 Single Cwy,1 <= 20 MPH,0 No Jun In 20m,-2 Not Applicable,-2 Not Applicable,0,0 No Xing Facility In 50m,1 Daylight,1 Fine,1 Road-Dry,0 None,0 None,528300,185640,-0.150755,51.555067,,,Unknown,"(51.555067, -0.150755)",http://opendatacommunities.org/id/london-borough-council/camden,6127,21/12/2020 02:48:38 PM
1180084942,CAMDEN,2 Passenger,2 Female,60+,67,1,3 Slight,-2 Unknown,-2 N/A,6 Bus Or Coach,YORK WAY J/W CALEDONIA ST,1,21/01/2018 12:55:00 PM,Sunday,12.55,3 Bor,A,5200,6 Single Cwy,1 <= 20 MPH,3 T/Stag Jun,2 Auto Sig,A,5210,0 No Xing Facility In 50m,1 Daylight,2 Raining,2 Road-Wet,0 None,0 None,530320,183060,-0.122589,51.531419,,,Unknown,"(51.531419, -0.122589)",http://opendatacommunities.org/id/london-borough-council/camden,7687,21/12/2020 02:48:41 PM
1170044891,CAMDEN,1 Driver/Rider,1 Male,25-59,39,1,3 Slight,-2 Unknown,-2 N/A,2 Pedal Cycle,THEOBALDS ROAD J/W RED LION STREET,2,19/06/2017 08:40:00 AM,Monday,8.40,3 Bor,A,401,6 Single Cwy,1 <= 20 MPH,3 T/Stag Jun,4 Give Way/Uncontrolled,C,0,0 No Xing Facility In 50m,1 Daylight,1 Fine,1 Road-Dry,0 None,0 None,530680,181840,-0.117855,51.520372,,,Unknown,"(51.520372, -0.117855)",http://opendatacommunities.org/id/london-borough-council/camden,7078,21/12/2020 02:48:40 PM