Reference,London Borough Name,Casualty Class,Casualty Sex,Casualty Age Band,Casualty Age,Number Of Casualties,Casualty Severity,Pedestrian Location,Pedestrian Movement,Mode Of Travel,Attendant Location,Number Of Vehicles,Date,Day,Time,Highway,Road Class 1,Road Number 1,Road Type,Speed Limit,Junction Detail,Junction Control,Road Class 2,Road Number 2,Pedestrian Crossing,Light Condition Band,Weather,Road Surface,Special Conditions,Carriage Way Hazard,Easting,Northing,Longitude,Latitude,Ward Code,Ward Name,Spatial Accuracy,Location,Organisation URI,Socrata ID,Last Uploaded
1180106059,CAMDEN,3 Pedestrian,2 Female,25-59,35,1,3 Slight,01 Crossing Road On Ped Xing,3 From Drivers O/Side,1 Pedestrian,FARRINGDON ROAD J/W GREVILLE STREET,1,05/05/2018 01:23:00 PM,Saturday,13.23,1 TLRN,A,201,6 Single Cwy,2 30 MPH,6 Crossroads,2 Auto Sig,Unclassified,0,5 Pedn Phase At Ats,1 Daylight,1 Fine,1 Road-Dry,4 Roadworks,0 None,531510,181800,-0.105914,51.51982,,,Unknown,"(51.51982, -0.105914)",http://opendatacommunities.org/id/london-borough-council/camden,7962,21/12/2020 02:48:42 PM
1180152423,CAMDEN,1 Driver/Rider,1 Male,16-24,21,1,3 Slight,-2 Unknown,-2 N/A,3 Powered 2 Wheeler,HIGHGATE ROAD J/W SWAINS LANE,1,16/12/2018 04:10:00 AM,Sunday,4.10,3 Bor,C,0,6 Single Cwy,1 <= 20 MPH,1 Roundabout,4 Give Way/Uncontrolled,Unclassified,0,1 Zebra,2 Dark,8 Other,2 Road-Wet,0 None,0 None,528280,186340,-0.150788,51.561362,,,Unknown,"(51.561362, -0.150788)",http://opendatacommunities.org/id/london-borough-council/camden,8614,21/12/2020 02:48:43 PM
0115EK40993,CAMDEN,1 Driver/Rider,1 Male,25-59,41,1,3 Slight,-2 Unknown,-2 N/A,4 Car,HAVERSTOCK HILL J/W UPPER PARK ROAD.,3,06/11/2015 03:43:00 PM,Friday,15.43,3 Bor,A,502,6 Single Cwy,2 30 MPH,3 T/Stag Jun,4 Give Way/Uncontrolled,Unclassified,0,0 No Xing Facility In 50m,1 Daylight,1 Fine,1 Road-Dry,0 None,0 None,527500,184960,-0.162534,51.549137,,,Unknown,"(51.549137, -0.162534)",http://opendatacommunities.org/id/london-borough-council/camden,5421,21/12/2020 02:48:37 PM
1180101891,CAMDEN,2 Passenger,2 Female,25-59,30,1,3 Slight,-2 Unknown,-2 N/A,4 Car,HENDON WAY J/W FINCHLEY ROAD,4,15/04/2018 03:30:00 PM,Sunday,15.30,1 TLRN,A,41,3 Dual Cwy,3 40 MPH,3 T/Stag Jun,2 Auto Sig,A,598,5 Pedn Phase At Ats,1 Daylight,2 Raining,2 Road-Wet,0 None,0 None,525081,186057,-0.197014,51.559537,,,Unknown,"(51.559537, -0.197014)",http://opendatacommunities.org/id/london-borough-council/camden,7889,21/12/2020 02:48:41 PM
1190200204,CAMDEN,1 DRIVER/RIDER,1 MALE,25-59,51,1,3 SLIGHT,'-2 NOT APPLICABLE,'-2 NOT APPLICABLE,4 CAR,"On Fairhazel Gardens, 30 metres north of the junction with Greencroft Gardens.",3,17/08/2019 11:15:00 PM,Saturday,23.15,3 BOR,6,0,2 ONE-WAY ST,20,00 NO JUN IN 20M,,0,0,0 NO XING FACILITY IN 50M,1 DARK,1 FINE,1 ROAD-DRY,0 NONE,0 NONE,526099,184390,-0.182933,51.544329,,,Unknown,"(51.544329, -0.182933)",http://opendatacommunities.org/id/london-borough-council/camden,9282,21/12/2020 02:48:44 PM
1190212995,CAMDEN,1 DRIVER/RIDER,1 MALE,25-59,28,1,2 SERIOUS,'-2 NOT APPLICABLE,'-2 NOT APPLICABLE,3 POWERED 2 WHEELER,"On Adelaide road, near the junction with Eton road.",2,20/10/2019 09:00:00 PM,Sunday,21.00,3 BOR,B,509,6 SINGLE CWY,20,09 OTHER JUN,4 GIVE WAY/UNCONTROLLED,6,0,0 NO XING FACILITY IN 50M,1 DARK,1 FINE,1 ROAD-DRY,0 NONE,0 NONE,527717,184374,-0.159619,51.543822,,,Unknown,"(51.543822, -0.159619)",http://opendatacommunities.org/id/london-borough-council/camden,9455,21/12/2020 02:48:44 PM
1180086370,CAMDEN,2 Passenger,1 Male,25-59,28,1,3 Slight,-2 Unknown,-2 N/A,4 Car,CANTELOWES ROAD J/W SOUTH VILLAS NW1,2,28/01/2018 09:30:00 PM,Sunday,21.30,3 Bor,Unclassified,0,6 Single Cwy,2 30 MPH,6 Crossroads,4 Give Way/Uncontrolled,Unclassified,0,0 No Xing Facility In 50m,2 Dark,1 Fine,1 Road-Dry,0 None,0 None,529740,184590,-0.130383,51.545302,,,Unknown,"(51.545302, -0.130383)",http://opendatacommunities.org/id/london-borough-council/camden,7699,21/12/2020 02:48:41 PM
0115EK40981,CAMDEN,1 Driver/Rider,1 Male,16-24,24,1,3 Slight,-2 Unknown,-2 N/A,3 Powered 2 Wheeler,EUSTON ROAD J/W JUDD STREET.,2,04/11/2015 04:30:00 PM,Wednesday,16.30,1 TLRN,A,501,3 Dual Cwy,2 30 MPH,6 Crossroads,2 Auto Sig,B,504,5 Pedn Phase At Ats,1 Daylight,1 Fine,1 Road-Dry,0 None,0 None,530080,182790,-0.126147,51.529048,,,Unknown,"(51.529048, -0.126147)",http://opendatacommunities.org/id/london-borough-council/camden,5412,21/12/2020 02:48:37 PM
0115EK40071,CAMDEN,3 Pedestrian,2 Female,60+,74,1,3 Slight,05 Crossing Road (Not On Xing),3 From Drivers O/Side,1 Pedestrian,WAKEFIELD STREET J/W HANDEL STREET,1,31/01/2015 10:22:00 AM,Saturday,10.22,3 Bor,Unclassified,0,6 Single Cwy,2 30 MPH,3 T/Stag Jun,4 Give Way/Uncontrolled,Unclassified,0,0 No Xing Facility In 50m,1 Daylight,1 Fine,2 Road-Wet,0 None,0 None,530340,182410,-0.122542,51.525573,,,Unknown,"(51.525573, -0.122542)",http://opendatacommunities.org/id/london-borough-council/camden,4637,21/12/2020 02:48:35 PM
1180147010,CAMDEN,1 Driver/Rider,1 Male,25-59,25,1,3 Slight,-2 Unknown,-2 N/A,2 Pedal Cycle,MALET STREET J/W KEPPEL STREET,2,21/11/2018 07:12:00 AM,Wednesday,7.12,3 Bor,Unclassified,0,7 Slip Rd,1 <= 20 MPH,9 Other Jun,4 Give Way/Uncontrolled,Unclassified,0,0 No Xing Facility In 50m,1 Daylight,1 Fine,2 Road-Wet,0 None,0 None,529870,181860,-0.129515,51.520738,,,Unknown,"(51.520738, -0.129515)",http://opendatacommunities.org/id/london-borough-council/camden,8541,21/12/2020 02:48:43 PM
1160006872,CAMDEN,2 Passenger,2 Female,25-59,38,1,3 Slight,-2 Unknown,-2 N/A,4 Car,KENTISH TOWN ROAD 25M S OF J/W FARRIER STREET,3,22/11/2016 10:00:00 PM,Tuesday,22.00,3 Bor,A,400,6 Single Cwy,2 30 MPH,0 No Jun In 20m,-2 Not Applicable,-2 Not Applicable,0,0 No Xing Facility In 50m,2 Dark,9 Unknown,9 Unknown (S/R),9 Unknown (S/R),0 None,528957,184365,-0.141751,51.543459,,,Unknown,"(51.543459, -0.141751)",http://opendatacommunities.org/id/london-borough-council/camden,5774,21/12/2020 02:48:37 PM
1170077822,CAMDEN,2 Passenger,2 Female,25-59,54,1,3 Slight,-2 Unknown,-2 N/A,4 Car,TOTTENHAM COURT ROAD J/W EUSTON ROAD,2,07/12/2017 10:15:00 PM,Thursday,22.15,1 TLRN,A,400,2 One-Way St,2 30 MPH,5 Slip Road,2 Auto Sig,A,501,0 No Xing Facility In 50m,2 Dark,1 Fine,1 Road-Dry,0 None,0 None,529270,182280,-0.138005,51.52465,,,Unknown,"(51.52465, -0.138005)",http://opendatacommunities.org/id/london-borough-council/camden,7611,21/12/2020 02:48:41 PM
0116EK40476,CAMDEN,2 Passenger,2 Female,25-59,34,1,3 Slight,-2 Unknown,-2 N/A,4 Car,REGENT'S PARK ROAD J/W ST MARK'S SQUARE,2,06/07/2016 11:54:00 AM,Wednesday,11.54,3 Bor,C,0,6 Single Cwy,2 30 MPH,6 Crossroads,4 Give Way/Uncontrolled,C,0,1 Zebra,1 Daylight,1 Fine,1 Road-Dry,0 None,0 None,528200,183760,-0.152881,51.538194,,,Unknown,"(51.538194, -0.152881)",http://opendatacommunities.org/id/london-borough-council/camden,6384,21/12/2020 02:48:38 PM
0116EK40456,CAMDEN,3 Pedestrian,1 Male,25-59,35,1,3 Slight,06 On Footpath - Verge,9 Unknown Or Other,1 Pedestrian,"CAMDEN HIGH STREET, 35 METRES NW OF CAMDEN ROAD.",1,25/06/2016 12:59:00 AM,Saturday,0.59,3 Bor,A,502,2 One-Way St,1 <= 20 MPH,0 No Jun In 20m,-2 Not Applicable,-2 Not Applicable,0,0 No Xing Facility In 50m,2 Dark,1 Fine,1 Road-Dry,0 None,0 None,528890,183890,-0.14289,51.539206,,,Unknown,"(51.539206, -0.14289)",http://opendatacommunities.org/id/london-borough-council/camden,6367,21/12/2020 02:48:38 PM
1170046119,CAMDEN,1 Driver/Rider,1 Male,60+,62,1,3 Slight,-2 Unknown,-2 N/A,4 Car,HAMPSTEAD ROAD J/W GRANBY TERRACE,3,02/07/2017 06:30:00 PM,Sunday,18.30,1 TLRN,A,400,6 Single Cwy,2 30 MPH,3 T/Stag Jun,2 Auto Sig,C,0,4 Pelican Or Similar,1 Daylight,1 Fine,1 Road-Dry,0 None,0 None,529173,183083,-0.139108,51.531889,,,Unknown,"(51.531889, -0.139108)",http://opendatacommunities.org/id/london-borough-council/camden,7107,21/12/2020 02:48:40 PM
1180148269,CAMDEN,1 Driver/Rider,1 Male,25-59,31,1,3 Slight,-2 Unknown,-2 N/A,3 Powered 2 Wheeler,FINCHLEY ROAD J/W ARKWRIGHT ROAD,2,27/11/2018 08:35:00 AM,Tuesday,8.35,1 TLRN,A,41,3 Dual Cwy,2 30 MPH,8 Priv Drive,4 Give Way/Uncontrolled,C,0,1 Zebra,1 Daylight,1 Fine,1 Road-Dry,0 None,0 None,526040,185100,-0.183529,51.550723,,,Unknown,"(51.550723, -0.183529)",http://opendatacommunities.org/id/london-borough-council/camden,8562,21/12/2020 02:48:43 PM
1180141282,CAMDEN,3 Pedestrian,2 Female,16-24,21,1,3 Slight,05 Crossing Road (Not On Xing),1 From Drivers N/Side,1 Pedestrian,YORK WAY J/W BRANDON ROAD,1,25/10/2018 03:48:00 PM,Thursday,15.48,3 Bor,A,5200,6 Single Cwy,1 <= 20 MPH,3 T/Stag Jun,4 Give Way/Uncontrolled,Unclassified,0,0 No Xing Facility In 50m,1 Daylight,1 Fine,1 Road-Dry,0 None,0 None,530060,184290,-0.125881,51.542532,,,Unknown,"(51.542532, -0.125881)",http://opendatacommunities.org/id/london-borough-council/camden,8472,21/12/2020 02:48:43 PM
1170018997,CAMDEN,1 Driver/Rider,1 Male,25-59,34,1,3 Slight,-2 Unknown,-2 N/A,4 Car,THEOBALDS ROAD J/W EMERALDS STREET,2,13/02/2017 04:15:00 PM,Monday,16.15,3 Bor,A,401,6 Single Cwy,2 30 MPH,3 T/Stag Jun,2 Auto Sig,Unclassified,0,0 No Xing Facility In 50m,1 Daylight,9 Unknown,1 Road-Dry,0 None,0 None,530735,181865,-0.117053,51.520584,,,Unknown,"(51.520584, -0.117053)",http://opendatacommunities.org/id/london-borough-council/camden,6680,21/12/2020 02:48:39 PM
1180095601,CAMDEN,1 Driver/Rider,1 Male,25-59,52,1,2 Serious,-2 Unknown,-2 N/A,3 Powered 2 Wheeler,FARRINGDON ROAD J/W CHARTERHOUSE STREET,2,12/03/2018 08:35:00 AM,Monday,8.35,1 TLRN,A,201,6 Single Cwy,1 <= 20 MPH,6 Crossroads,2 Auto Sig,B,500,5 Pedn Phase At Ats,1 Daylight,2 Raining,2 Road-Wet,0 None,0 None,531560,181660,-0.105246,51.51855,,,Unknown,"(51.51855, -0.105246)",http://opendatacommunities.org/id/london-borough-council/camden,7810,21/12/2020 02:48:41 PM
0115EK40315,CAMDEN,2 Passenger,2 Female,16-24,21,1,3 Slight,-2 Unknown,-2 N/A,6 Bus Or Coach,TOTTENGHAM COURT ROAD J/W EUSTON ROAD,1,26/04/2015 12:26:00 AM,Sunday,0.26,1 TLRN,A,400,6 Single Cwy,2 30 MPH,6 Crossroads,2 Auto Sig,A,501,5 Pedn Phase At Ats,2 Dark,1 Fine,1 Road-Dry,0 None,0 None,529250,182320,-0.138278,51.525014,,,Unknown,"(51.525014, -0.138278)",http://opendatacommunities.org/id/london-borough-council/camden,4835,21/12/2020 02:48:36 PM
1160001686,CAMDEN,3 Pedestrian,2 Female,25-59,27,1,3 Slight,10 Unknown,9 Unknown Or Other,1 Pedestrian,QUEEN'S CRESCENT J/W MALDEN ROAD,1,06/11/2016 04:45:00 PM,Sunday,16.45,3 Bor,Unclassified,0,6 Single Cwy,2 30 MPH,2 Mini,4 Give Way/Uncontrolled,B,517,1 Zebra,1 Daylight,1 Fine,2 Road-Wet,0 None,0 None,528150,184970,-0.153161,51.54908,,,Unknown,"(51.54908, -0.153161)",http://opendatacommunities.org/id/london-borough-council/camden,5672,21/12/2020 02:48:37 PM
1170029693,CAMDEN,1 Driver/Rider,1 Male,25-59,44,1,3 Slight,-2 Unknown,-2 N/A,2 Pedal Cycle,SUMATRA ROAD J/W WEST END LANE,2,29/03/2017 06:40:00 PM,Wednesday,18.40,3 Bor,B,510,6 Single Cwy,1 <= 20 MPH,3 T/Stag Jun,2 Auto Sig,B,510,4 Pelican Or Similar,1 Daylight,1 Fine,1 Road-Dry,0 None,0 None,525490,184890,-0.191533,51.548958,,,Unknown,"(51.548958, -0.191533)",http://opendatacommunities.org/id/london-borough-council/camden,6841,21/12/2020 02:48:39 PM
1160002314,CAMDEN,3 Pedestrian,1 Male,25-59,47,1,1 Fatal,06 On Footpath - Verge,9 Unknown Or Other,1 Pedestrian,HAMPSTEAD ROAD J/W MORNINGTON CRESCENT,1,19/11/2016 01:35:00 AM,Saturday,1.35,1 TLRN,A,400,6 Single Cwy,2 30 MPH,5 Slip Road,4 Give Way/Uncontrolled,Unclassified,0,5 Pedn Phase At Ats,2 Dark,1 Fine,1 Road-Dry,0 None,0 None,529160,183350,-0.139197,51.534291,,,Unknown,"(51.534291, -0.139197)",http://opendatacommunities.org/id/london-borough-council/camden,5682,21/12/2020 02:48:37 PM
1160007274,CAMDEN,1 Driver/Rider,1 Male,25-59,48,1,3 Slight,-2 Unknown,-2 N/A,2 Pedal Cycle,CAMDEN ROAD J/W ROCHESTER SQUARE,2,16/12/2016 08:50:00 AM,Friday,8.50,1 TLRN,A,503,3 Dual Cwy,1 <= 20 MPH,9 Other Jun,4 Give Way/Uncontrolled,Unclassified,0,0 No Xing Facility In 50m,1 Daylight,1 Fine,1 Road-Dry,0 None,2 Other Object In Cwy,529320,184380,-0.136513,51.543511,,,Unknown,"(51.543511, -0.136513)",http://opendatacommunities.org/id/london-borough-council/camden,5782,21/12/2020 02:48:37 PM
1160024367,CAMDEN,1 Driver/Rider,1 Male,25-59,58,1,3 Slight,-2 Unknown,-2 N/A,2 Pedal Cycle,KINGSWAY J/W KEELEY STREET,2,13/10/2016 03:50:00 PM,Thursday,15.50,3 Bor,A,4200,2 One-Way St,2 30 MPH,3 T/Stag Jun,4 Give Way/Uncontrolled,Unclassified,0,0 No Xing Facility In 50m,1 Daylight,1 Fine,1 Road-Dry,0 None,0 None,530610,181280,-0.119071,51.515355,,,Unknown,"(51.515355, -0.119071)",http://opendatacommunities.org/id/london-borough-council/camden,5890,21/12/2020 02:48:38 PM
1190201325,CAMDEN,1 DRIVER/RIDER,1 MALE,0-15,13,1,3 SLIGHT,'-2 NOT APPLICABLE,'-2 NOT APPLICABLE,2 PEDAL CYCLE,"On Belsize Road, 50 metres north of the junction with hillgrove road.",2,24/08/2019 02:31:00 PM,Saturday,14.31,3 BOR,5,0,6 SINGLE CWY,20,00 NO JUN IN 20M,,0,0,0 NO XING FACILITY IN 50M,2 DAYLIGHT,1 FINE,1 ROAD-DRY,0 NONE,0 NONE,526398,184190,-0.178696,51.542465,,,Unknown,"(51.542465, -0.178696)",http://opendatacommunities.org/id/london-borough-council/camden,9299,21/12/2020 02:48:44 PM
1180094809,CAMDEN,1 Driver/Rider,1 Male,25-59,49,1,3 Slight,-2 Unknown,-2 N/A,4 Car,NFL KILBURN HIGH ROAD J/W THE TERRACE,2,16/02/2018 08:15:00 PM,Friday,20.15,3 Bor,A,5,9 Unknown,2 30 MPH,3 T/Stag Jun,9 Unknown (S/R),Unclassified,0,9 Unknown (S/R),2 Dark,9 Unknown,9 Unknown (S/R),9 Unknown (S/R),9 Unknown (S/R),525150,183980,-0.196757,51.540855,,,Unknown,"(51.540855, -0.196757)",http://opendatacommunities.org/id/london-borough-council/camden,7799,21/12/2020 02:48:41 PM
0116EK40393,CAMDEN,1 Driver/Rider,1 Male,25-59,29,1,3 Slight,-2 Unknown,-2 N/A,3 Powered 2 Wheeler,N.F.L HAVERSTOCK HILL 45M SE OF PRINCE OF WALES ROAD,2,05/06/2016 07:20:00 PM,Sunday,19.20,3 Bor,A,502,6 Single Cwy,1 <= 20 MPH,0 No Jun In 20m,-2 Not Applicable,-2 Not Applicable,0,0 No Xing Facility In 50m,1 Daylight,1 Fine,1 Road-Dry,0 None,0 None,528000,184550,-0.155476,51.545339,,,Unknown,"(51.545339, -0.155476)",http://opendatacommunities.org/id/london-borough-council/camden,6310,21/12/2020 02:48:38 PM
0116EK40259,CAMDEN,1 Driver/Rider,1 Male,25-59,58,1,2 Serious,-2 Unknown,-2 N/A,2 Pedal Cycle,CAMDEN STREET J/W CAMDEN ROAD,1,07/01/2016 07:00:00 AM,Thursday,7.00,1 TLRN,A,400,6 Single Cwy,1 <= 20 MPH,6 Crossroads,2 Auto Sig,A,503,5 Pedn Phase At Ats,2 Dark,5 Raining/High Winds,2 Road-Wet,0 None,0 None,529100,184020,-0.139816,51.540326,,,Unknown,"(51.540326, -0.139816)",http://opendatacommunities.org/id/london-borough-council/camden,6198,21/12/2020 02:48:38 PM
0115EK40024,CAMDEN,1 Driver/Rider,1 Male,16-24,19,1,3 Slight,-2 Unknown,-2 N/A,2 Pedal Cycle,HAMPSTEAD ROAD J/W ROBERT STREET,2,17/01/2015 02:30:00 PM,Saturday,14.30,1 TLRN,A,400,6 Single Cwy,2 30 MPH,3 T/Stag Jun,4 Give Way/Uncontrolled,Unclassified,0,4 Pelican Or Similar,1 Daylight,8 Other,2 Road-Wet,0 None,0 None,529210,182710,-0.138711,51.528528,,,Unknown,"(51.528528, -0.138711)",http://opendatacommunities.org/id/london-borough-council/camden,4600,21/12/2020 02:48:35 PM
1170080418,CAMDEN,1 Driver/Rider,1 Male,25-59,26,1,3 Slight,-2 Unknown,-2 N/A,3 Powered 2 Wheeler,CROWN PLACE J/W KENTISH TOWN ROAD,2,27/12/2017 08:50:00 PM,Wednesday,20.50,3 Bor,Unclassified,0,6 Single Cwy,1 <= 20 MPH,9 Other Jun,4 Give Way/Uncontrolled,A,400,5 Pedn Phase At Ats,2 Dark,1 Fine,2 Road-Wet,0 None,0 None,528980,184930,-0.141212,51.548532,,,Unknown,"(51.548532, -0.141212)",http://opendatacommunities.org/id/london-borough-council/camden,7633,21/12/2020 02:48:41 PM
1190222997,CAMDEN,1 DRIVER/RIDER,1 MALE,16-24,22,1,3 SLIGHT,'-2 NOT APPLICABLE,5 IN RD NOT CROSSING,3 POWERED 2 WHEELER,"On Southampton Row, 50 metres south of the junction with Great Russel Street.",2,05/12/2019 12:18:00 PM,Thursday,12.18,3 BOR,A,4200,7 SLIP RD,30,00 NO JUN IN 20M,,0,0,9 UNKNOWN (S/R),2 DAYLIGHT,9 UNKNOWN,9 UNKNOWN (S/R),9 UNKNOWN (S/R),9 UNKNOWN (S/R),530395,181761,-0.121989,51.519728,,,Unknown,"(51.519728, -0.121989)",http://opendatacommunities.org/id/london-borough-council/camden,9590,21/12/2020 02:48:45 PM
0115EK40734,CAMDEN,1 Driver/Rider,2 Female,25-59,33,1,3 Slight,-2 Unknown,-2 N/A,2 Pedal Cycle,UPPER WOBURN PLACE J/W ENDSLEIGH GARDENS,2,21/08/2015 01:55:00 PM,Friday,13.55,3 Bor,A,4200,6 Single Cwy,2 30 MPH,3 T/Stag Jun,4 Give Way/Uncontrolled,Unclassified,0,0 No Xing Facility In 50m,1 Daylight,1 Fine,1 Road-Dry,0 None,0 None,529790,182540,-0.130418,51.526868,,,Unknown,"(51.526868, -0.130418)",http://opendatacommunities.org/id/london-borough-council/camden,5202,21/12/2020 02:48:37 PM
1190216556,CAMDEN,1 DRIVER/RIDER,1 MALE,25-59,57,1,3 SLIGHT,'-2 NOT APPLICABLE,'-2 NOT APPLICABLE,2 PEDAL CYCLE,"On Gordon House Road, 50 metres west of the junction with Lisseden gardens.",3,06/11/2019 06:35:00 PM,Wednesday,18.35,3 BOR,B,518,6 SINGLE CWY,20,00 NO JUN IN 20M,,0,0,0 NO XING FACILITY IN 50M,1 DARK,2 RAINING,2 ROAD-WET,0 NONE,0 NONE,528357,185677,-0.14992,51.555387,,,Unknown,"(51.555387, -0.14992)",http://opendatacommunities.org/id/london-borough-council/camden,9499,21/12/2020 02:48:44 PM
0116EK40426,CAMDEN,2 Passenger,2 Female,60+,78,1,3 Slight,-2 Unknown,-2 N/A,6 Bus Or Coach,EUSTON ROAD J/W PANCRAS ROAD,2,19/06/2016 03:30:00 PM,Sunday,15.30,1 TLRN,A,501,3 Dual Cwy,2 30 MPH,3 T/Stag Jun,2 Auto Sig,A,5202,5 Pedn Phase At Ats,1 Daylight,1 Fine,1 Road-Dry,0 None,0 None,530210,182890,-0.124237,51.529916,,,Unknown,"(51.529916, -0.124237)",http://opendatacommunities.org/id/london-borough-council/camden,6343,21/12/2020 02:48:38 PM
1190177507,CAMDEN,2 PASSENGER,1 MALE,25-59,37,1,3 SLIGHT,'-2 NOT APPLICABLE,'-2 NOT APPLICABLE,6 BUS OR COACH,"On Euston Road, 30 metres west of the junction with Hampstead road.. The nearest classified road was the A400. The nearest classified road was the A400",1,27/04/2019 07:41:00 PM,Saturday,19.41,1 TLRN,A,501,6 SINGLE CWY,30,00 NO JUN IN 20M,,0,0,4 PELICAN OR SIMILAR,1 DARK,2 RAINING,2 ROAD-WET,0 NONE,0 NONE,529209,182322,-0.138868,51.525041,,,Unknown,"(51.525041, -0.138868)",http://opendatacommunities.org/id/london-borough-council/camden,8951,21/12/2020 02:48:44 PM
1190175150,CAMDEN,1 DRIVER/RIDER,1 MALE,16-24,24,1,3 SLIGHT,'-2 NOT APPLICABLE,'-2 NOT APPLICABLE,3 POWERED 2 WHEELER,"On Coram Street, near the junction with Herbrand Street.",2,14/04/2019 09:00:00 PM,Sunday,21.00,3 BOR,6,0,6 SINGLE CWY,20,09 OTHER JUN,4 GIVE WAY/UNCONTROLLED,6,0,0 NO XING FACILITY IN 50M,1 DARK,1 FINE,1 ROAD-DRY,0 NONE,0 NONE,530117,182243,-0.125816,51.524123,,,Unknown,"(51.524123, -0.125816)",http://opendatacommunities.org/id/london-borough-council/camden,8926,21/12/2020 02:48:44 PM
1170029739,CAMDEN,1 Driver/Rider,2 Female,25-59,35,1,3 Slight,-2 Unknown,-2 N/A,2 Pedal Cycle,BURGHLEY ROAD J/W OAKFORD ROAD,1,12/03/2017 07:35:00 PM,Sunday,19.35,3 Bor,Unclassified,0,6 Single Cwy,2 30 MPH,3 T/Stag Jun,4 Give Way/Uncontrolled,Unclassified,0,9 Unknown (S/R),2 Dark,1 Fine,1 Road-Dry,0 None,0 None,529050,185850,-0.139866,51.556783,,,Unknown,"(51.556783, -0.139866)",http://opendatacommunities.org/id/london-borough-council/camden,6842,21/12/2020 02:48:39 PM
0115EK40309,CAMDEN,1 Driver/Rider,1 Male,25-59,25,1,3 Slight,-2 Unknown,-2 N/A,7 Goods Vehicle,WESTBERE ROAD 23M NW OF J/W MINSTER ROAD,3,23/04/2015 12:50:00 PM,Thursday,12.50,3 Bor,Unclassified,0,6 Single Cwy,2 30 MPH,0 No Jun In 20m,-2 Not Applicable,-2 Not Applicable,0,0 No Xing Facility In 50m,1 Daylight,1 Fine,1 Road-Dry,0 None,0 None,524500,185300,-0.205658,51.552862,,,Unknown,"(51.552862, -0.205658)",http://opendatacommunities.org/id/london-borough-council/camden,4831,21/12/2020 02:48:36 PM
0115EK40763,CAMDEN,2 Passenger,1 Male,0-15,9,1,3 Slight,-2 Unknown,-2 N/A,5 Taxi,"EUSTON ROAD, 200 METRES NE OF EUSTON ROAD SLIP ROAD.",4,01/09/2015 04:26:00 PM,Tuesday,16.26,1 TLRN,A,501,3 Dual Cwy,4 50 MPH,0 No Jun In 20m,-2 Not Applicable,-2 Not Applicable,0,0 No Xing Facility In 50m,1 Daylight,1 Fine,1 Road-Dry,0 None,0 None,529260,182330,-0.13813,51.525102,,,Unknown,"(51.525102, -0.13813)",http://opendatacommunities.org/id/london-borough-council/camden,5226,21/12/2020 02:48:37 PM
0115EK40519,CAMDEN,3 Pedestrian,2 Female,25-59,44,1,2 Serious,05 Crossing Road (Not On Xing),9 Unknown Or Other,1 Pedestrian,BLOOMSBURY WAY J/W BLOOMSBURY SQUARE,1,23/06/2015 10:29:00 AM,Tuesday,10.29,3 Bor,A,40,2 One-Way St,2 30 MPH,3 T/Stag Jun,4 Give Way/Uncontrolled,C,0,0 No Xing Facility In 50m,1 Daylight,9 Unknown,1 Road-Dry,0 None,0 None,530390,181630,-0.12211,51.518551,,,Unknown,"(51.518551, -0.12211)",http://opendatacommunities.org/id/london-borough-council/camden,5009,21/12/2020 02:48:36 PM
1170044986,CAMDEN,3 Pedestrian,2 Female,25-59,25,1,3 Slight,01 Crossing Road On Ped Xing,1 From Drivers N/Side,1 Pedestrian,KEELEY STREET J/W KINGSWAY,1,26/06/2017 01:43:00 PM,Monday,13.43,3 Bor,A,4200,3 Dual Cwy,2 30 MPH,3 T/Stag Jun,2 Auto Sig,Unclassified,0,5 Pedn Phase At Ats,1 Daylight,1 Fine,1 Road-Dry,0 None,0 None,530600,181270,-0.119218,51.515268,,,Unknown,"(51.515268, -0.119218)",http://opendatacommunities.org/id/london-borough-council/camden,7081,21/12/2020 02:48:40 PM
0115EK40111,CAMDEN,2 Passenger,2 Female,25-59,37,1,3 Slight,-2 Unknown,-2 N/A,5 Taxi,GOWER STREET J/W TORRINGTON PLACE,2,12/02/2015 11:55:00 AM,Thursday,11.55,3 Bor,A,400,6 Single Cwy,2 30 MPH,6 Crossroads,2 Auto Sig,C,0,5 Pedn Phase At Ats,1 Daylight,1 Fine,1 Road-Dry,0 None,0 None,529650,182040,-0.132618,51.522406,,,Unknown,"(51.522406, -0.132618)",http://opendatacommunities.org/id/london-borough-council/camden,4667,21/12/2020 02:48:36 PM
1180137973,CAMDEN,1 Driver/Rider,1 Male,16-24,22,1,3 Slight,-2 Unknown,-2 N/A,4 Car,WESTBERE ROAD J/W MINSTER ROAD,2,09/10/2018 05:53:00 AM,Tuesday,5.53,3 Bor,Unclassified,0,6 Single Cwy,1 <= 20 MPH,9 Other Jun,4 Give Way/Uncontrolled,Unclassified,0,4 Pelican Or Similar,2 Dark,1 Fine,1 Road-Dry,0 None,0 None,524490,185320,-0.205795,51.553044,,,Unknown,"(51.553044, -0.205795)",http://opendatacommunities.org/id/london-borough-council/camden,8407,21/12/2020 02:48:42 PM