Reference,London Borough Name,Casualty Class,Casualty Sex,Casualty Age Band,Casualty Age,Number Of Casualties,Casualty Severity,Pedestrian Location,Pedestrian Movement,Mode Of Travel,Attendant Location,Number Of Vehicles,Date,Day,Time,Highway,Road Class 1,Road Number 1,Road Type,Speed Limit,Junction Detail,Junction Control,Road Class 2,Road Number 2,Pedestrian Crossing,Light Condition Band,Weather,Road Surface,Special Conditions,Carriage Way Hazard,Easting,Northing,Longitude,Latitude,Ward Code,Ward Name,Spatial Accuracy,Location,Organisation URI,Socrata ID,Last Uploaded
1170063383,CAMDEN,1 Driver/Rider,1 Male,60+,61,1,3 Slight,-2 Unknown,-2 N/A,4 Car,BAYHAM STREET J/W PLENDER STREET,2,09/10/2017 12:05:00 PM,Monday,12.05,3 Bor,C,0,2 One-Way St,1 <= 20 MPH,6 Crossroads,4 Give Way/Uncontrolled,Unclassified,0,1 Zebra,1 Daylight,1 Fine,1 Road-Dry,0 None,0 None,529190,183560,-0.138688,51.536172,,,Unknown,"(51.536172, -0.138688)",http://opendatacommunities.org/id/london-borough-council/camden,7394,21/12/2020 02:48:40 PM
1170071409,CAMDEN,1 Driver/Rider,1 Male,16-24,24,1,3 Slight,-2 Unknown,-2 N/A,3 Powered 2 Wheeler,AVENUE ROAD 30M N OF J/W ADELAIDE ROAD THE NEAREST CLASSIFIED ROAD,3,20/11/2017 05:25:00 PM,Monday,17.25,1 TLRN,A,41,2 One-Way St,2 30 MPH,0 No Jun In 20m,-2 Not Applicable,-2 Not Applicable,0,5 Pedn Phase At Ats,2 Dark,2 Raining,2 Road-Wet,0 None,0 None,526710,184210,-0.174192,51.542575,,,Unknown,"(51.542575, -0.174192)",http://opendatacommunities.org/id/london-borough-council/camden,7526,21/12/2020 02:48:41 PM
1170039046,CAMDEN,1 Driver/Rider,1 Male,25-59,27,1,3 Slight,-2 Unknown,-2 N/A,2 Pedal Cycle,GRAYS INN ROAD J/W ROGER STREET,2,17/05/2017 12:00:00 PM,Wednesday,12.00,3 Bor,A,5200,6 Single Cwy,2 30 MPH,3 T/Stag Jun,4 Give Way/Uncontrolled,Unclassified,0,0 No Xing Facility In 50m,1 Daylight,2 Raining,2 Road-Wet,0 None,0 None,530920,182100,-0.114301,51.522653,,,Unknown,"(51.522653, -0.114301)",http://opendatacommunities.org/id/london-borough-council/camden,6991,21/12/2020 02:48:39 PM
1190162774,CAMDEN,1 DRIVER/RIDER,1 MALE,25-59,42,1,3 SLIGHT,'-2 NOT APPLICABLE,'-2 NOT APPLICABLE,2 PEDAL CYCLE,Oval Road j/w Regent's Park Terrace,2,11/02/2019 01:40:00 AM,Monday,1.40,3 BOR,5,0,6 SINGLE CWY,20,07 MULTI JUN,4 GIVE WAY/UNCONTROLLED,6,0,0 NO XING FACILITY IN 50M,2 DAYLIGHT,1 FINE,1 ROAD-DRY,0 NONE,0 NONE,528609,183786,-0.146978,51.538335,,,Unknown,"(51.538335, -0.146978)",http://opendatacommunities.org/id/london-borough-council/camden,8774,21/12/2020 02:48:43 PM
1170020550,CAMDEN,1 Driver/Rider,1 Male,25-59,46,1,3 Slight,-2 Unknown,-2 N/A,2 Pedal Cycle,HIGH HOLBORN J/W NEWTON STREET,2,23/02/2017 08:15:00 PM,Thursday,20.15,3 Bor,A,40,2 One-Way St,2 30 MPH,3 T/Stag Jun,2 Auto Sig,Unclassified,0,0 No Xing Facility In 50m,2 Dark,4 Fine/High Winds,1 Road-Dry,4 Roadworks,0 None,530390,181490,-0.122162,51.517293,,,Unknown,"(51.517293, -0.122162)",http://opendatacommunities.org/id/london-borough-council/camden,6707,21/12/2020 02:48:39 PM
1170018254,CAMDEN,3 Pedestrian,1 Male,25-59,53,1,3 Slight,09 In Road - Not Crossing,7 In Rd Facing Traffic,1 Pedestrian,HANDYSIDE STREET 5M W OF J/W STABLE STREET N1C,1,14/02/2017 10:00:00 AM,Tuesday,10.00,3 Bor,Unclassified,0,2 One-Way St,1 <= 20 MPH,9 Other Jun,1 Auth Person,Unclassified,0,0 No Xing Facility In 50m,1 Daylight,1 Fine,1 Road-Dry,0 None,0 None,530080,183730,-0.1258,51.537495,,,Unknown,"(51.537495, -0.1258)",http://opendatacommunities.org/id/london-borough-council/camden,6668,21/12/2020 02:48:39 PM
1170034386,CAMDEN,1 Driver/Rider,1 Male,25-59,48,1,3 Slight,-2 Unknown,-2 N/A,3 Powered 2 Wheeler,CAMDEN ROAD 25M NE OF J/W ST PANCRAS WAY THE NEAREST CLASSIFIED RO,1,07/04/2017 06:00:00 PM,Friday,18.00,1 TLRN,A,503,6 Single Cwy,2 30 MPH,0 No Jun In 20m,-2 Not Applicable,-2 Not Applicable,0,0 No Xing Facility In 50m,1 Daylight,1 Fine,1 Road-Dry,0 None,0 None,529280,184331,-0.137108,51.54308,,,Unknown,"(51.54308, -0.137108)",http://opendatacommunities.org/id/london-borough-council/camden,6922,21/12/2020 02:48:39 PM
1180151037,CAMDEN,1 Driver/Rider,1 Male,25-59,34,1,3 Slight,-2 Unknown,-2 N/A,4 Car,SAINT PAUL'S CRESCENT 25M S OF J/W AGAR GROVE,4,10/12/2018 03:30:00 AM,Monday,3.30,3 Bor,Unclassified,0,6 Single Cwy,2 30 MPH,0 No Jun In 20m,-2 Not Applicable,-2 Not Applicable,0,0 No Xing Facility In 50m,2 Dark,1 Fine,1 Road-Dry,0 None,0 None,529820,184320,-0.129329,51.542857,,,Unknown,"(51.542857, -0.129329)",http://opendatacommunities.org/id/london-borough-council/camden,8597,21/12/2020 02:48:43 PM
1160003592,CAMDEN,3 Pedestrian,1 Male,16-24,22,1,2 Serious,02 Crossing Road In Zig-Zag App,3 From Drivers O/Side,1 Pedestrian,LEIGHTON ROAD J/W TORRIANO AVENUE,1,26/11/2016 10:30:00 PM,Saturday,22.30,3 Bor,A,5200,2 One-Way St,1 <= 20 MPH,7 Multi Jun,4 Give Way/Uncontrolled,A,5200,1 Zebra,2 Dark,1 Fine,1 Road-Dry,0 None,0 None,529550,185180,-0.132904,51.550648,,,Unknown,"(51.550648, -0.132904)",http://opendatacommunities.org/id/london-borough-council/camden,5703,21/12/2020 02:48:37 PM
1190196280,CAMDEN,3 PEDESTRIAN,2 FEMALE,25-59,35,1,3 SLIGHT,06 ON FOOTPATH - VERGE,'-2 NOT APPLICABLE,1 PEDESTRIAN,"On Pancras Road, 50 metres north of the junction with Euston Road.. The nearest classified road was the A501. The nearest classified road was the A501",1,27/07/2019 04:55:00 PM,Saturday,16.55,3 BOR,A,5202,6 SINGLE CWY,20,00 NO JUN IN 20M,,0,0,0 NO XING FACILITY IN 50M,2 DAYLIGHT,2 RAINING,2 ROAD-WET,0 NONE,0 NONE,530184,182966,-0.124584,51.530605,,,Unknown,"(51.530605, -0.124584)",http://opendatacommunities.org/id/london-borough-council/camden,9235,21/12/2020 02:48:44 PM
1190194992,CAMDEN,1 DRIVER/RIDER,2 FEMALE,16-24,16,1,2 SERIOUS,'-2 NOT APPLICABLE,'-2 NOT APPLICABLE,2 PEDAL CYCLE,"On Clerkenwell Road, near the junction with ROSEBERY AVENUE.",2,21/07/2019 05:42:00 PM,Sunday,17.42,3 BOR,A,5201,3 DUAL CWY,20,09 OTHER JUN,2 AUTO SIG,A,401,5 PEDN PHASE AT ATS,2 DAYLIGHT,1 FINE,1 ROAD-DRY,0 NONE,0 NONE,531011,182007,-0.113025,51.521796,,,Unknown,"(51.521796, -0.113025)",http://opendatacommunities.org/id/london-borough-council/camden,9208,21/12/2020 02:48:44 PM
1170062680,CAMDEN,1 Driver/Rider,2 Female,25-59,26,1,3 Slight,-2 Unknown,-2 N/A,4 Car,ALEXANDRA ROAD J/W  HILGROVE ROAD,2,13/09/2017 06:00:00 PM,Wednesday,18.00,3 Bor,B,509,6 Single Cwy,1 <= 20 MPH,3 T/Stag Jun,2 Auto Sig,Unclassified,0,0 No Xing Facility In 50m,1 Daylight,1 Fine,1 Road-Dry,9 Unknown (S/R),9 Unknown (S/R),526540,184090,-0.176685,51.541534,,,Unknown,"(51.541534, -0.176685)",http://opendatacommunities.org/id/london-borough-council/camden,7379,21/12/2020 02:48:40 PM
0115EK40238,CAMDEN,1 Driver/Rider,1 Male,25-59,39,1,3 Slight,-2 Unknown,-2 N/A,4 Car,CAMDENR OAD J/W ST PANCRAS WAY,2,27/03/2015 03:00:00 PM,Friday,15.00,1 TLRN,A,503,2 One-Way St,2 30 MPH,6 Crossroads,2 Auto Sig,A,5202,5 Pedn Phase At Ats,1 Daylight,1 Fine,1 Road-Dry,0 None,0 None,529250,184300,-0.137552,51.542808,,,Unknown,"(51.542808, -0.137552)",http://opendatacommunities.org/id/london-borough-council/camden,4766,21/12/2020 02:48:36 PM
1170039515,CAMDEN,1 Driver/Rider,1 Male,25-59,28,1,3 Slight,-2 Unknown,-2 N/A,3 Powered 2 Wheeler,UPPER WOBURN PLACE J/W EVERSHOTT ROAD,3,24/05/2017 01:00:00 PM,Wednesday,13.00,1 TLRN,A,501,3 Dual Cwy,2 30 MPH,6 Crossroads,2 Auto Sig,A,4200,0 No Xing Facility In 50m,1 Daylight,1 Fine,1 Road-Dry,0 None,0 None,529770,182580,-0.130691,51.527232,,,Unknown,"(51.527232, -0.130691)",http://opendatacommunities.org/id/london-borough-council/camden,6997,21/12/2020 02:48:39 PM
1170033487,CAMDEN,1 Driver/Rider,1 Male,25-59,54,1,3 Slight,-2 Unknown,-2 N/A,4 Car,GREAT ORMOND STREET J/W POWIS PLACE,2,12/04/2017 11:03:00 AM,Wednesday,11.03,3 Bor,Unclassified,0,6 Single Cwy,1 <= 20 MPH,3 T/Stag Jun,4 Give Way/Uncontrolled,Unclassified,0,0 No Xing Facility In 50m,1 Daylight,1 Fine,1 Road-Dry,0 None,0 None,530470,181980,-0.120828,51.521678,,,Unknown,"(51.521678, -0.120828)",http://opendatacommunities.org/id/london-borough-council/camden,6905,21/12/2020 02:48:39 PM
1190194345,CAMDEN,1 DRIVER/RIDER,1 MALE,25-59,28,1,3 SLIGHT,'-2 NOT APPLICABLE,'-2 NOT APPLICABLE,3 POWERED 2 WHEELER,"On York Way, near the junction with Canal Reach.",2,18/07/2019 08:57:00 AM,Thursday,8.57,3 BOR,6,0,6 SINGLE CWY,20,03 T/STAG JUN,4 GIVE WAY/UNCONTROLLED,6,0,1 ZEBRA,2 DAYLIGHT,1 FINE,2 ROAD-WET,0 NONE,0 NONE,530153,183954,-0.124665,51.539491,,,Unknown,"(51.539491, -0.124665)",http://opendatacommunities.org/id/london-borough-council/camden,9197,21/12/2020 02:48:44 PM
0115EK40249,CAMDEN,2 Passenger,2 Female,25-59,48,1,3 Slight,-2 Unknown,-2 N/A,6 Bus Or Coach,WESTBERE ROAD J/W MENELIK ROAD,1,07/03/2015 12:08:00 PM,Saturday,12.08,3 Bor,Unclassified,0,6 Single Cwy,2 30 MPH,3 T/Stag Jun,4 Give Way/Uncontrolled,Unclassified,0,0 No Xing Facility In 50m,1 Daylight,1 Fine,1 Road-Dry,0 None,0 None,524340,185490,-0.207898,51.554605,,,Unknown,"(51.554605, -0.207898)",http://opendatacommunities.org/id/london-borough-council/camden,4778,21/12/2020 02:48:36 PM
0115EK41169,CAMDEN,1 Driver/Rider,1 Male,16-24,16,1,3 Slight,-2 Unknown,-2 N/A,2 Pedal Cycle,NFL ELSWORTHY ROAD 50M NE OF J/W AVENUE ROAD,2,30/12/2015 03:10:00 PM,Wednesday,15.10,3 Bor,Unclassified,0,6 Single Cwy,2 30 MPH,0 No Jun In 20m,-2 Not Applicable,-2 Not Applicable,0,0 No Xing Facility In 50m,1 Daylight,1 Fine,1 Road-Dry,0 None,0 None,526990,183870,-0.170279,51.539456,,,Unknown,"(51.539456, -0.170279)",http://opendatacommunities.org/id/london-borough-council/camden,5568,21/12/2020 02:48:37 PM
0116EK40043,CAMDEN,2 Passenger,2 Female,25-59,39,1,3 Slight,-2 Unknown,-2 N/A,5 Taxi,AVENUE ROAD J/W RADLETT PLACE.,3,01/02/2016 08:00:00 PM,Monday,20.00,3 Bor,B,525,6 Single Cwy,2 30 MPH,3 T/Stag Jun,4 Give Way/Uncontrolled,B,525,1 Zebra,2 Dark,1 Fine,1 Road-Dry,0 None,0 None,527110,183730,-0.1686,51.538171,,,Unknown,"(51.538171, -0.1686)",http://opendatacommunities.org/id/london-borough-council/camden,6016,21/12/2020 02:48:38 PM
1160006119,CAMDEN,1 Driver/Rider,2 Female,25-59,53,1,3 Slight,-2 Unknown,-2 N/A,4 Car,FINCHLEY ROAD J/W ADELAIDE ROAD,2,09/12/2016 07:05:00 PM,Friday,19.05,1 TLRN,A,41,3 Dual Cwy,2 30 MPH,3 T/Stag Jun,2 Auto Sig,B,509,5 Pedn Phase At Ats,2 Dark,1 Fine,1 Road-Dry,0 None,0 None,526636,184110,-0.175294,51.541693,,,Unknown,"(51.541693, -0.175294)",http://opendatacommunities.org/id/london-borough-council/camden,5755,21/12/2020 02:48:37 PM
1180133438,CAMDEN,1 Driver/Rider,1 Male,16-24,23,1,3 Slight,-2 Unknown,-2 N/A,2 Pedal Cycle,PLENDER STREET J/W BAYHAM STREET,2,17/09/2018 08:45:00 AM,Monday,8.45,3 Bor,Unclassified,0,6 Single Cwy,2 30 MPH,6 Crossroads,9 Unknown (S/R),C,0,1 Zebra,1 Daylight,1 Fine,1 Road-Dry,3 Road Sign Def,9 Unknown (S/R),529170,183550,-0.13898,51.536086,,,Unknown,"(51.536086, -0.13898)",http://opendatacommunities.org/id/london-borough-council/camden,8333,21/12/2020 02:48:42 PM
1170057526,CAMDEN,1 Driver/Rider,1 Male,25-59,28,1,3 Slight,-2 Unknown,-2 N/A,2 Pedal Cycle,PANCRAS ROAD 25M N OF J/W KINGS BOULEVARD,2,30/08/2017 09:10:00 AM,Wednesday,9.10,3 Bor,A,5202,6 Single Cwy,2 30 MPH,0 No Jun In 20m,-2 Not Applicable,-2 Not Applicable,0,5 Pedn Phase At Ats,1 Daylight,1 Fine,1 Road-Dry,0 None,0 None,530100,183150,-0.125726,51.532278,,,Unknown,"(51.532278, -0.125726)",http://opendatacommunities.org/id/london-borough-council/camden,7296,21/12/2020 02:48:40 PM
0116EK40242,CAMDEN,3 Pedestrian,1 Male,25-59,29,1,3 Slight,09 In Road - Not Crossing,9 Unknown Or Other,1 Pedestrian,HEATH STREET J/W ORIEL COURT,1,13/01/2016 03:10:00 PM,Wednesday,15.10,3 Bor,B,511,6 Single Cwy,1 <= 20 MPH,3 T/Stag Jun,4 Give Way/Uncontrolled,B,511,0 No Xing Facility In 50m,1 Daylight,1 Fine,1 Road-Dry,0 None,0 None,526370,185640,-0.178579,51.555502,,,Unknown,"(51.555502, -0.178579)",http://opendatacommunities.org/id/london-borough-council/camden,6180,21/12/2020 02:48:38 PM
0115EK40974,CAMDEN,2 Passenger,2 Female,60+,83,1,3 Slight,-2 Unknown,-2 N/A,6 Bus Or Coach,CAMDEN HIGH STREET J/W PARKWAY.,1,02/11/2015 01:15:00 PM,Monday,13.15,1 TLRN,A,400,2 One-Way St,1 <= 20 MPH,7 Multi Jun,2 Auto Sig,A,4201,5 Pedn Phase At Ats,1 Daylight,1 Fine,1 Road-Dry,0 None,0 None,528900,183870,-0.142753,51.539024,,,Unknown,"(51.539024, -0.142753)",http://opendatacommunities.org/id/london-borough-council/camden,5401,21/12/2020 02:48:37 PM
1180147517,CAMDEN,1 Driver/Rider,1 Male,25-59,39,1,3 Slight,-2 Unknown,-2 N/A,2 Pedal Cycle,BEDFORD ROW J/W THEOBALDS ROAD,2,22/11/2018 03:35:00 PM,Thursday,15.35,3 Bor,Unclassified,0,6 Single Cwy,2 30 MPH,6 Crossroads,9 Unknown (S/R),A,401,1 Zebra,1 Daylight,7 Fog/Mist,1 Road-Dry,0 None,0 None,530770,181860,-0.116551,51.520531,,,Unknown,"(51.520531, -0.116551)",http://opendatacommunities.org/id/london-borough-council/camden,8546,21/12/2020 02:48:43 PM
1170069458,CAMDEN,3 Pedestrian,1 Male,16-24,20,1,3 Slight,04 Crossing Road Within 50m Xing,1 From Drivers N/Side,1 Pedestrian,OXFORD STREET 20M E OF J/W TOTTENHAM COURT ROAD,1,11/11/2017 09:52:00 AM,Saturday,9.52,3 Bor,A,40,6 Single Cwy,2 30 MPH,6 Crossroads,2 Auto Sig,A,400,5 Pedn Phase At Ats,1 Daylight,2 Raining,2 Road-Wet,0 None,0 None,529810,181370,-0.13056,51.516348,,,Unknown,"(51.516348, -0.13056)",http://opendatacommunities.org/id/london-borough-council/camden,7503,21/12/2020 02:48:41 PM
0115EK40127,CAMDEN,3 Pedestrian,2 Female,25-59,25,1,3 Slight,10 Unknown,9 Unknown Or Other,1 Pedestrian,MECKLENBIRGH STREET J/W HEATHCOTE STREET,1,18/02/2015 03:27:00 PM,Wednesday,15.27,3 Bor,Unclassified,0,6 Single Cwy,2 30 MPH,3 T/Stag Jun,4 Give Way/Uncontrolled,Unclassified,0,0 No Xing Facility In 50m,1 Daylight,1 Fine,1 Road-Dry,0 None,0 None,530620,182490,-0.118478,51.526227,,,Unknown,"(51.526227, -0.118478)",http://opendatacommunities.org/id/london-borough-council/camden,4680,21/12/2020 02:48:36 PM
1180140101,CAMDEN,3 Pedestrian,2 Female,25-59,49,1,2 Serious,01 Crossing Road On Ped Xing,1 From Drivers N/Side,1 Pedestrian,WOBURN PLACE J/W BERNARD ST,1,19/10/2018 03:40:00 PM,Friday,15.40,3 Bor,A,4200,6 Single Cwy,1 <= 20 MPH,6 Crossroads,2 Auto Sig,B,504,5 Pedn Phase At Ats,1 Daylight,1 Fine,1 Road-Dry,0 None,0 None,530110,182100,-0.12597,51.52284,,,Unknown,"(51.52284, -0.12597)",http://opendatacommunities.org/id/london-borough-council/camden,8445,21/12/2020 02:48:43 PM
1170028945,CAMDEN,3 Pedestrian,2 Female,60+,68,1,3 Slight,10 Unknown,9 Unknown Or Other,1 Pedestrian,GREENLAND ROAD 21M W OF J/W CAMDEN HIGH STREET THE NEAREST CLASSIF,1,04/03/2017 05:30:00 PM,Saturday,17.30,3 Bor,Unclassified,0,2 One-Way St,1 <= 20 MPH,0 No Jun In 20m,-2 Not Applicable,-2 Not Applicable,0,4 Pelican Or Similar,2 Dark,1 Fine,1 Road-Dry,9 Unknown (S/R),9 Unknown (S/R),529020,183910,-0.141009,51.539356,,,Unknown,"(51.539356, -0.141009)",http://opendatacommunities.org/id/london-borough-council/camden,6829,21/12/2020 02:48:39 PM
1170053881,CAMDEN,3 Pedestrian,2 Female,25-59,30,1,3 Slight,09 In Road - Not Crossing,9 Unknown Or Other,1 Pedestrian,DOWNSHIRE HILL J/W DOWNSHIRE HILL,1,14/08/2017 06:21:00 PM,Monday,18.21,3 Bor,Unclassified,0,6 Single Cwy,2 30 MPH,3 T/Stag Jun,4 Give Way/Uncontrolled,A,502,1 Zebra,1 Daylight,1 Fine,1 Road-Dry,0 None,0 None,526840,185540,-0.171839,51.554498,,,Unknown,"(51.554498, -0.171839)",http://opendatacommunities.org/id/london-borough-council/camden,7247,21/12/2020 02:48:40 PM
1190177745,CAMDEN,1 DRIVER/RIDER,2 FEMALE,25-59,31,1,3 SLIGHT,'-2 NOT APPLICABLE,'-2 NOT APPLICABLE,2 PEDAL CYCLE,"Location uncertain - On Pancras Road, near the junction with Pancras Way.",2,23/04/2019 05:40:00 PM,Tuesday,17.40,3 BOR,A,5202,6 SINGLE CWY,30,06 CROSSROADS,2 AUTO SIG,A,5202,5 PEDN PHASE AT ATS,2 DAYLIGHT,1 FINE,1 ROAD-DRY,0 NONE,0 NONE,529613,183503,-0.132613,51.535562,,,Unknown,"(51.535562, -0.132613)",http://opendatacommunities.org/id/london-borough-council/camden,8956,21/12/2020 02:48:44 PM
0116EK40077,CAMDEN,1 Driver/Rider,1 Male,25-59,47,1,3 Slight,-2 Unknown,-2 N/A,2 Pedal Cycle,ST GILES HIGH STREET J/W DENMARK STREET,2,16/02/2016 11:20:00 AM,Tuesday,11.20,3 Bor,A,40,6 Single Cwy,2 30 MPH,3 T/Stag Jun,4 Give Way/Uncontrolled,Unclassified,0,4 Pelican Or Similar,1 Daylight,1 Fine,1 Road-Dry,4 Roadworks,0 None,529940,181290,-0.128717,51.515599,,,Unknown,"(51.515599, -0.128717)",http://opendatacommunities.org/id/london-borough-council/camden,6042,21/12/2020 02:48:38 PM
1160001115,CAMDEN,3 Pedestrian,1 Male,60+,63,1,3 Slight,10 Unknown,9 Unknown Or Other,1 Pedestrian,HOLLY HILL J/W HAMPSTEAD GROCE,1,01/11/2016 06:05:00 PM,Tuesday,18.05,3 Bor,A,502,6 Single Cwy,2 30 MPH,99 Unknown (S/R),9 Unknown (S/R),Unclassified,0,0 No Xing Facility In 50m,1 Daylight,9 Unknown,9 Unknown (S/R),9 Unknown (S/R),9 Unknown (S/R),526340,185790,-0.178957,51.556857,,,Unknown,"(51.556857, -0.178957)",http://opendatacommunities.org/id/london-borough-council/camden,5658,21/12/2020 02:48:37 PM
1190188236,CAMDEN,1 DRIVER/RIDER,1 MALE,U,,1,3 SLIGHT,'-2 NOT APPLICABLE,'-2 NOT APPLICABLE,3 POWERED 2 WHEELER,"On Euston Road, 80 metres west of the junction with Melton Street.",2,18/06/2019 02:55:00 PM,Tuesday,14.55,1 TLRN,A,501,3 DUAL CWY,30,00 NO JUN IN 20M,,0,0,5 PEDN PHASE AT ATS,2 DAYLIGHT,2 RAINING,2 ROAD-WET,0 NONE,0 NONE,529534,182450,-0.134139,51.526117,,,Unknown,"(51.526117, -0.134139)",http://opendatacommunities.org/id/london-borough-council/camden,9115,21/12/2020 02:48:44 PM
0115EK40824,CAMDEN,1 Driver/Rider,2 Female,25-59,39,1,3 Slight,-2 Unknown,-2 N/A,4 Car,"MAYGROVE ROAD, 46 METRES EAST OF ARIEL ROAD.",2,20/09/2015 07:23:00 PM,Sunday,19.23,3 Bor,C,0,6 Single Cwy,2 30 MPH,0 No Jun In 20m,-2 Not Applicable,-2 Not Applicable,0,0 No Xing Facility In 50m,2 Dark,1 Fine,1 Road-Dry,0 None,0 None,525080,184760,-0.197489,51.547881,,,Unknown,"(51.547881, -0.197489)",http://opendatacommunities.org/id/london-borough-council/camden,5280,21/12/2020 02:48:37 PM
1170032971,CAMDEN,3 Pedestrian,2 Female,25-59,28,1,3 Slight,01 Crossing Road On Ped Xing,1 From Drivers N/Side,1 Pedestrian,FINCHLEY ROAD J/W WEST END LANE,1,20/04/2017 08:15:00 AM,Thursday,8.15,1 TLRN,A,41,3 Dual Cwy,2 30 MPH,6 Crossroads,2 Auto Sig,C,0,4 Pelican Or Similar,1 Daylight,1 Fine,1 Road-Dry,0 None,0 None,525650,185330,-0.189069,51.552877,,,Unknown,"(51.552877, -0.189069)",http://opendatacommunities.org/id/london-borough-council/camden,6898,21/12/2020 02:48:39 PM
1170027585,CAMDEN,1 Driver/Rider,1 Male,25-59,29,1,2 Serious,-2 Unknown,-2 N/A,3 Powered 2 Wheeler,BAYHAM STREET J/W PLENDER STREET,2,23/03/2017 02:05:00 PM,Thursday,14.05,3 Bor,C,0,2 One-Way St,1 <= 20 MPH,6 Crossroads,4 Give Way/Uncontrolled,Unclassified,0,1 Zebra,1 Daylight,1 Fine,1 Road-Dry,0 None,0 None,529190,183560,-0.138688,51.536172,,,Unknown,"(51.536172, -0.138688)",http://opendatacommunities.org/id/london-borough-council/camden,6812,21/12/2020 02:48:39 PM
0115EK40350,CAMDEN,1 Driver/Rider,1 Male,25-59,26,1,3 Slight,-2 Unknown,-2 N/A,3 Powered 2 Wheeler,CLARENCE WAY 36M E OF J/W HARTLAND ROAD,2,06/05/2015 05:24:00 PM,Wednesday,17.24,3 Bor,Unclassified,0,6 Single Cwy,2 30 MPH,0 No Jun In 20m,-2 Not Applicable,-2 Not Applicable,0,0 No Xing Facility In 50m,1 Daylight,1 Fine,1 Road-Dry,0 None,0 None,528720,184400,-0.145154,51.543828,,,Unknown,"(51.543828, -0.145154)",http://opendatacommunities.org/id/london-borough-council/camden,4860,21/12/2020 02:48:36 PM
1180094437,CAMDEN,1 Driver/Rider,2 Female,25-59,26,1,3 Slight,-2 Unknown,-2 N/A,4 Car,FINCHLEY ROAD 50M S OF J/W FORTUNE GREEN LANE,2,06/03/2018 11:55:00 PM,Tuesday,23.55,1 TLRN,A,41,3 Dual Cwy,2 30 MPH,0 No Jun In 20m,-2 Not Applicable,-2 Not Applicable,0,0 No Xing Facility In 50m,2 Dark,1 Fine,1 Road-Dry,0 None,0 None,525203,185780,-0.195353,51.55702,,,Unknown,"(51.55702, -0.195353)",http://opendatacommunities.org/id/london-borough-council/camden,7795,21/12/2020 02:48:41 PM
1170013924,CAMDEN,1 Driver/Rider,2 Female,25-59,37,1,3 Slight,-2 Unknown,-2 N/A,4 Car,PARKHILL ROAD 25M N OF J/W HAVERSTOCK HILL THE NEAREST CLASSIFIED,2,21/01/2017 02:08:00 PM,Saturday,14.08,3 Bor,C,0,6 Single Cwy,1 <= 20 MPH,0 No Jun In 20m,-2 Not Applicable,-2 Not Applicable,0,0 No Xing Facility In 50m,1 Daylight,1 Fine,9 Unknown (S/R),9 Unknown (S/R),0 None,527749,184802,-0.159002,51.547661,,,Unknown,"(51.547661, -0.159002)",http://opendatacommunities.org/id/london-borough-council/camden,6612,21/12/2020 02:48:39 PM
0115EK40730,CAMDEN,1 Driver/Rider,1 Male,16-24,23,1,3 Slight,-2 Unknown,-2 N/A,3 Powered 2 Wheeler,SHAFTESBURY AVENUE 28M S OF HIGH HOLBORN,1,23/08/2015 07:42:00 PM,Sunday,19.42,3 Bor,A,401,2 One-Way St,2 30 MPH,0 No Jun In 20m,-2 Not Applicable,-2 Not Applicable,0,4 Pelican Or Similar,1 Daylight,1 Fine,1 Road-Dry,0 None,0 None,530070,181290,-0.126845,51.51557,,,Unknown,"(51.51557, -0.126845)",http://opendatacommunities.org/id/london-borough-council/camden,5197,21/12/2020 02:48:37 PM
1160000654,CAMDEN,1 Driver/Rider,1 Male,25-59,27,1,3 Slight,-2 Unknown,-2 N/A,2 Pedal Cycle,KILBURN HIGH ROAD 20M N OF J/W BRONDESBURY VILLAS,2,07/11/2016 09:55:00 AM,Monday,9.55,3 Bor,A,5,2 One-Way St,2 30 MPH,9 Other Jun,2 Auto Sig,Unclassified,0,4 Pelican Or Similar,1 Daylight,1 Fine,1 Road-Dry,0 None,0 None,525380,183660,-0.193556,51.537928,,,Unknown,"(51.537928, -0.193556)",http://opendatacommunities.org/id/london-borough-council/camden,5647,21/12/2020 02:48:37 PM
0116EK40220,CAMDEN,1 Driver/Rider,1 Male,60+,66,1,3 Slight,-2 Unknown,-2 N/A,5 Taxi,GRAY'S INN ROAD J/W ST CHAD'S STREET,2,15/04/2016 12:22:00 PM,Friday,12.22,1 TLRN,A,501,2 One-Way St,1 <= 20 MPH,6 Crossroads,4 Give Way/Uncontrolled,A,501,0 No Xing Facility In 50m,1 Daylight,2 Raining,2 Road-Wet,0 None,0 None,530440,182930,-0.120909,51.530223,,,Unknown,"(51.530223, -0.120909)",http://opendatacommunities.org/id/london-borough-council/camden,6165,21/12/2020 02:48:38 PM
1180140883,CAMDEN,1 Driver/Rider,2 Female,25-59,32,1,3 Slight,-2 Unknown,-2 N/A,2 Pedal Cycle,GRAYS INN ROAD 50M S OF J/W WREN STREET,2,23/10/2018 08:30:00 AM,Tuesday,8.30,3 Bor,A,5200,6 Single Cwy,2 30 MPH,0 No Jun In 20m,-2 Not Applicable,-2 Not Applicable,0,5 Pedn Phase At Ats,1 Daylight,1 Fine,1 Road-Dry,0 None,0 None,530770,182320,-0.11638,51.524665,,,Unknown,"(51.524665, -0.11638)",http://opendatacommunities.org/id/london-borough-council/camden,8462,21/12/2020 02:48:43 PM