Reference,London Borough Name,Casualty Class,Casualty Sex,Casualty Age Band,Casualty Age,Number Of Casualties,Casualty Severity,Pedestrian Location,Pedestrian Movement,Mode Of Travel,Attendant Location,Number Of Vehicles,Date,Day,Time,Highway,Road Class 1,Road Number 1,Road Type,Speed Limit,Junction Detail,Junction Control,Road Class 2,Road Number 2,Pedestrian Crossing,Light Condition Band,Weather,Road Surface,Special Conditions,Carriage Way Hazard,Easting,Northing,Longitude,Latitude,Ward Code,Ward Name,Spatial Accuracy,Location,Organisation URI,Socrata ID,Last Uploaded
1160003029,CAMDEN,3 Pedestrian,1 Male,0-15,5,1,3 Slight,01 Crossing Road On Ped Xing,3 From Drivers O/Side,1 Pedestrian,HILLGROVE ROAD J/W BELSIZE ROAD,1,23/11/2016 04:43:00 PM,Wednesday,16.43,3 Bor,B,509,6 Single Cwy,1 <= 20 MPH,1 Roundabout,4 Give Way/Uncontrolled,C,0,1 Zebra,2 Dark,1 Fine,1 Road-Dry,0 None,0 None,526370,184110,-0.179128,51.541752,,,Unknown,"(51.541752, -0.179128)",http://opendatacommunities.org/id/london-borough-council/camden,5694,21/12/2020 02:48:37 PM
1180092120,CAMDEN,3 Pedestrian,2 Female,25-59,29,1,2 Serious,01 Crossing Road On Ped Xing,1 From Drivers N/Side,1 Pedestrian,WEST END LANE 85M S OF J/W MILL LANE,1,23/02/2018 10:50:00 AM,Friday,10.50,3 Bor,B,510,6 Single Cwy,1 <= 20 MPH,0 No Jun In 20m,-2 Not Applicable,-2 Not Applicable,0,1 Zebra,1 Daylight,1 Fine,1 Road-Dry,0 None,0 None,525450,185180,-0.192006,51.551573,,,Unknown,"(51.551573, -0.192006)",http://opendatacommunities.org/id/london-borough-council/camden,7767,21/12/2020 02:48:41 PM
1160003602,CAMDEN,1 Driver/Rider,1 Male,25-59,25,1,3 Slight,-2 Unknown,-2 N/A,3 Powered 2 Wheeler,CAMDEN ROAD J/W ST PANCRAS WAY,2,26/11/2016 09:15:00 PM,Saturday,21.15,1 TLRN,A,503,6 Single Cwy,1 <= 20 MPH,3 T/Stag Jun,2 Auto Sig,A,5202,5 Pedn Phase At Ats,2 Dark,1 Fine,2 Road-Wet,0 None,0 None,529250,184300,-0.137552,51.542808,,,Unknown,"(51.542808, -0.137552)",http://opendatacommunities.org/id/london-borough-council/camden,5705,21/12/2020 02:48:37 PM
1190220655,CAMDEN,1 DRIVER/RIDER,2 FEMALE,25-59,30,1,3 SLIGHT,'-2 NOT APPLICABLE,'-2 NOT APPLICABLE,4 CAR,"On Finchley Road, 20 metres east of the junction with Alvanley Gardens.",2,21/11/2019 06:35:00 PM,Thursday,18.35,1 TLRN,A,41,6 SINGLE CWY,30,06 CROSSROADS,2 AUTO SIG,6,0,9 UNKNOWN (S/R),1 DARK,1 FINE,1 ROAD-DRY,0 NONE,0 NONE,525723,185311,-0.188024,51.55269,,,Unknown,"(51.55269, -0.188024)",http://opendatacommunities.org/id/london-borough-council/camden,9550,21/12/2020 02:48:44 PM
0115EK40313,CAMDEN,1 Driver/Rider,1 Male,25-59,47,1,3 Slight,-2 Unknown,-2 N/A,3 Powered 2 Wheeler,ROYAL COLLEGE STREET J/W BAYNES STREET,2,23/04/2015 06:10:00 PM,Thursday,18.10,3 Bor,A,5202,6 Single Cwy,2 30 MPH,3 T/Stag Jun,4 Give Way/Uncontrolled,A,5202,1 Zebra,1 Daylight,1 Fine,1 Road-Dry,0 None,0 None,529250,184090,-0.137629,51.540921,,,Unknown,"(51.540921, -0.137629)",http://opendatacommunities.org/id/london-borough-council/camden,4834,21/12/2020 02:48:36 PM
0116EK40086,CAMDEN,1 Driver/Rider,1 Male,25-59,33,1,3 Slight,-2 Unknown,-2 N/A,2 Pedal Cycle,CALTHORPE STREET J/W PHOENIX PLACE,2,17/02/2016 10:11:00 AM,Wednesday,10.11,3 Bor,B,502,6 Single Cwy,1 <= 20 MPH,6 Crossroads,4 Give Way/Uncontrolled,C,0,0 No Xing Facility In 50m,1 Daylight,1 Fine,1 Road-Dry,0 None,0 None,530910,182410,-0.11433,51.525441,,,Unknown,"(51.525441, -0.11433)",http://opendatacommunities.org/id/london-borough-council/camden,6048,21/12/2020 02:48:38 PM
1190213662,CAMDEN,1 DRIVER/RIDER,1 MALE,25-59,36,1,3 SLIGHT,'-2 NOT APPLICABLE,'-2 NOT APPLICABLE,2 PEDAL CYCLE,"On Priory Road, near the junction with West Hampstead.",2,14/10/2019 06:45:00 PM,Monday,18.45,3 BOR,5,0,6 SINGLE CWY,30,03 T/STAG JUN,4 GIVE WAY/UNCONTROLLED,6,0,0 NO XING FACILITY IN 50M,1 DARK,2 RAINING,2 ROAD-WET,0 NONE,0 NONE,525689,184600,-0.188768,51.546308,,,Unknown,"(51.546308, -0.188768)",http://opendatacommunities.org/id/london-borough-council/camden,9464,21/12/2020 02:48:44 PM
1170061892,CAMDEN,1 Driver/Rider,2 Female,16-24,23,1,3 Slight,-2 Unknown,-2 N/A,4 Car,PLENDER STREET J/W BAYHAM STREET,2,30/09/2017 11:15:00 PM,Saturday,23.15,3 Bor,C,0,2 One-Way St,1 <= 20 MPH,6 Crossroads,4 Give Way/Uncontrolled,Unclassified,0,1 Zebra,2 Dark,1 Fine,2 Road-Wet,0 None,0 None,529190,183560,-0.138688,51.536172,,,Unknown,"(51.536172, -0.138688)",http://opendatacommunities.org/id/london-borough-council/camden,7367,21/12/2020 02:48:40 PM
0116EK40251,CAMDEN,3 Pedestrian,2 Female,60+,82,1,3 Slight,05 Crossing Road (Not On Xing),1 From Drivers N/Side,1 Pedestrian,MAIDA VALE 30M NW OF GREVILLE PLACE,1,04/01/2016 05:00:00 PM,Monday,17.00,3 Bor,A,5,6 Single Cwy,2 30 MPH,0 No Jun In 20m,-2 Not Applicable,-2 Not Applicable,0,0 No Xing Facility In 50m,1 Daylight,1 Fine,2 Road-Wet,0 None,0 None,525700,183310,-0.18907,51.534712,,,Unknown,"(51.534712, -0.18907)",http://opendatacommunities.org/id/london-borough-council/camden,6189,21/12/2020 02:48:38 PM
1190163488,CAMDEN,2 PASSENGER,2 FEMALE,0-15,6,3,3 SLIGHT,'-2 NOT APPLICABLE,'-2 NOT APPLICABLE,9 PRIVATE HIRE,"On SPANARD ROAD, near the junction with NORTH END WAY NW3.",2,14/02/2019 07:15:00 PM,Thursday,19.15,3 BOR,B,519,1 ROUNDABOUT,20,01 ROUNDABOUT,4 GIVE WAY/UNCONTROLLED,A,502,1 ZEBRA,1 DARK,1 FINE,1 ROAD-DRY,0 NONE,0 NONE,526284,186436,-0.179533,51.562675,,,Unknown,"(51.562675, -0.179533)",http://opendatacommunities.org/id/london-borough-council/camden,8785,21/12/2020 02:48:43 PM
1170030848,CAMDEN,1 Driver/Rider,2 Female,25-59,53,1,3 Slight,-2 Unknown,-2 N/A,4 Car,CHALK FARM PARADE 25M W OF J/W HAVERSTOCK HILL,2,06/04/2017 12:30:00 PM,Thursday,12.30,3 Bor,A,502,6 Single Cwy,1 <= 20 MPH,0 No Jun In 20m,-2 Not Applicable,-2 Not Applicable,0,1 Zebra,1 Daylight,1 Fine,1 Road-Dry,0 None,0 None,528130,184420,-0.15365,51.544142,,,Unknown,"(51.544142, -0.15365)",http://opendatacommunities.org/id/london-borough-council/camden,6855,21/12/2020 02:48:39 PM
1170051606,CAMDEN,1 Driver/Rider,1 Male,25-59,47,1,3 Slight,-2 Unknown,-2 N/A,5 Taxi,EUSTON ROAD J/W MABLEDON PLACE WC1,2,02/08/2017 01:24:00 AM,Wednesday,1.24,1 TLRN,A,501,3 Dual Cwy,2 30 MPH,3 T/Stag Jun,2 Auto Sig,C,0,5 Pedn Phase At Ats,2 Dark,1 Fine,1 Road-Dry,0 None,0 None,529955,182713,-0.127977,51.528384,,,Unknown,"(51.528384, -0.127977)",http://opendatacommunities.org/id/london-borough-council/camden,7211,21/12/2020 02:48:40 PM
0115EK41012,CAMDEN,3 Pedestrian,2 Female,25-59,46,1,3 Slight,09 In Road - Not Crossing,5 In Rd Not Crossing,1 Pedestrian,"ATHLONE STREET, 55 METRES NE OF RHYL STREET.",1,16/11/2015 09:05:00 AM,Monday,9.05,3 Bor,Unclassified,0,6 Single Cwy,2 30 MPH,0 No Jun In 20m,-2 Not Applicable,-2 Not Applicable,0,0 No Xing Facility In 50m,1 Daylight,1 Fine,1 Road-Dry,0 None,0 None,528450,184870,-0.148874,51.548113,,,Unknown,"(51.548113, -0.148874)",http://opendatacommunities.org/id/london-borough-council/camden,5435,21/12/2020 02:48:37 PM
1180099136,CAMDEN,2 Passenger,2 Female,25-59,25,1,3 Slight,-2 Unknown,-2 N/A,5 Taxi,FORTUNE GREEN ROAD 21M N OF J/W MILL LANE,1,25/03/2018 08:45:00 PM,Sunday,20.45,3 Bor,B,510,6 Single Cwy,2 30 MPH,0 No Jun In 20m,-2 Not Applicable,-2 Not Applicable,0,1 Zebra,1 Daylight,1 Fine,2 Road-Wet,0 None,0 None,525350,185300,-0.193405,51.552674,,,Unknown,"(51.552674, -0.193405)",http://opendatacommunities.org/id/london-borough-council/camden,7856,21/12/2020 02:48:41 PM
0115EK40515,CAMDEN,2 Passenger,2 Female,25-59,34,1,3 Slight,-2 Unknown,-2 N/A,3 Powered 2 Wheeler,FINCHLEY ROAD 86M NW OF J/W CANFIELD GARDENS,2,27/06/2015 07:15:00 PM,Saturday,19.15,1 TLRN,A,41,3 Dual Cwy,3 40 MPH,0 No Jun In 20m,-2 Not Applicable,-2 Not Applicable,0,0 No Xing Facility In 50m,1 Daylight,1 Fine,1 Road-Dry,0 None,0 None,526280,184750,-0.180195,51.547524,,,Unknown,"(51.547524, -0.180195)",http://opendatacommunities.org/id/london-borough-council/camden,5005,21/12/2020 02:48:36 PM
0115EK40546,CAMDEN,2 Passenger,1 Male,25-59,39,1,3 Slight,-2 Unknown,-2 N/A,4 Car,ALBANY STREET 30M S OF GLOUCESTER GATE BRIDGE,3,05/07/2015 07:50:00 AM,Sunday,7.50,3 Bor,A,4201,6 Single Cwy,2 30 MPH,0 No Jun In 20m,-2 Not Applicable,-2 Not Applicable,0,0 No Xing Facility In 50m,1 Daylight,1 Fine,1 Road-Dry,0 None,0 None,528620,183450,-0.146942,51.535313,,,Unknown,"(51.535313, -0.146942)",http://opendatacommunities.org/id/london-borough-council/camden,5034,21/12/2020 02:48:36 PM
1170021443,CAMDEN,1 Driver/Rider,1 Male,16-24,24,1,3 Slight,-2 Unknown,-2 N/A,3 Powered 2 Wheeler,MELTON STREET J/W DRUMMOND STREET NW1,2,26/02/2017 06:50:00 PM,Sunday,18.50,3 Bor,C,0,6 Single Cwy,2 30 MPH,3 T/Stag Jun,4 Give Way/Uncontrolled,C,0,0 No Xing Facility In 50m,2 Dark,1 Fine,1 Road-Dry,0 None,0 None,529460,182620,-0.135142,51.527662,,,Unknown,"(51.527662, -0.135142)",http://opendatacommunities.org/id/london-borough-council/camden,6722,21/12/2020 02:48:39 PM
1170030971,CAMDEN,1 Driver/Rider,1 Male,16-24,18,1,3 Slight,-2 Unknown,-2 N/A,3 Powered 2 Wheeler,PRIMROSE HILL ROAD J/W ADELAIDE ROAD,2,07/04/2017 03:45:00 PM,Friday,15.45,3 Bor,B,509,6 Single Cwy,1 <= 20 MPH,6 Crossroads,2 Auto Sig,C,0,5 Pedn Phase At Ats,1 Daylight,2 Raining,1 Road-Dry,0 None,0 None,527510,184340,-0.162615,51.543563,,,Unknown,"(51.543563, -0.162615)",http://opendatacommunities.org/id/london-borough-council/camden,6857,21/12/2020 02:48:39 PM
1180122018,CAMDEN,1 Driver/Rider,1 Male,25-59,25,1,3 Slight,-2 Unknown,-2 N/A,2 Pedal Cycle,BAYNES STREET J/W ROYAL COLLEGE STREET,2,19/07/2018 07:55:00 AM,Thursday,7.55,3 Bor,Unclassified,0,6 Single Cwy,1 <= 20 MPH,3 T/Stag Jun,4 Give Way/Uncontrolled,A,5202,0 No Xing Facility In 50m,1 Daylight,1 Fine,1 Road-Dry,0 None,0 None,529250,184080,-0.137632,51.540831,,,Unknown,"(51.540831, -0.137632)",http://opendatacommunities.org/id/london-borough-council/camden,8189,21/12/2020 02:48:42 PM
1160012128,CAMDEN,1 Driver/Rider,1 Male,25-59,44,1,3 Slight,-2 Unknown,-2 N/A,2 Pedal Cycle,"ON FINCHLEY ROAD, NEAR THE JUNCTION WITH HEATH DRIVE .",2,30/09/2016 08:30:00 AM,Friday,8.30,1 TLRN,A,41,6 Single Cwy,2 30 MPH,3 T/Stag Jun,2 Auto Sig,Unclassified,0,5 Pedn Phase At Ats,1 Daylight,1 Fine,1 Road-Dry,0 None,0 None,525500,185470,-0.191182,51.554168,,,Unknown,"(51.554168, -0.191182)",http://opendatacommunities.org/id/london-borough-council/camden,5820,21/12/2020 02:48:37 PM
0115EK40256,CAMDEN,2 Passenger,1 Male,0-15,0,1,3 Slight,-2 Unknown,-2 N/A,6 Bus Or Coach,ADELAIDE ROAD J/W AVENUE ROAD,1,07/04/2015 07:00:00 PM,Tuesday,19.00,1 TLRN,A,41,6 Single Cwy,2 30 MPH,6 Crossroads,2 Auto Sig,B,525,5 Pedn Phase At Ats,1 Daylight,1 Fine,1 Road-Dry,0 None,0 None,526750,184120,-0.173648,51.541757,,,Unknown,"(51.541757, -0.173648)",http://opendatacommunities.org/id/london-borough-council/camden,4785,21/12/2020 02:48:36 PM
1180115771,CAMDEN,1 Driver/Rider,1 Male,25-59,31,1,3 Slight,-2 Unknown,-2 N/A,3 Powered 2 Wheeler,ARLINGTON ROAD J/W PARKWAY,2,21/06/2018 12:59:00 PM,Thursday,12.59,3 Bor,Unclassified,0,2 One-Way St,1 <= 20 MPH,6 Crossroads,2 Auto Sig,A,4201,5 Pedn Phase At Ats,1 Daylight,1 Fine,1 Road-Dry,0 None,0 None,528820,183810,-0.143928,51.538503,,,Unknown,"(51.538503, -0.143928)",http://opendatacommunities.org/id/london-borough-council/camden,8095,21/12/2020 02:48:42 PM
0115QK50106,CAMDEN,3 Pedestrian,1 Male,25-59,45,1,3 Slight,09 In Road - Not Crossing,9 Unknown Or Other,1 Pedestrian,"KILBURN HIGH ROAD, J/W WILLESDEN LANE",2,10/02/2015 03:54:00 PM,Tuesday,15.54,3 Bor,A,5,6 Single Cwy,2 30 MPH,3 T/Stag Jun,2 Auto Sig,A,4003,5 Pedn Phase At Ats,1 Daylight,1 Fine,1 Road-Dry,0 None,0 None,525050,184090,-0.198159,51.541866,,,Unknown,"(51.541866, -0.198159)",http://opendatacommunities.org/id/london-borough-council/camden,5613,21/12/2020 02:48:37 PM
1180082428,CAMDEN,1 Driver/Rider,2 Female,25-59,30,1,3 Slight,-2 Unknown,-2 N/A,2 Pedal Cycle,CHALK FARM ROAD J/W HARMOOD STREET,2,09/01/2018 08:15:00 AM,Tuesday,8.15,3 Bor,A,502,6 Single Cwy,1 <= 20 MPH,3 T/Stag Jun,9 Unknown (S/R),Unclassified,0,1 Zebra,1 Daylight,1 Fine,1 Road-Dry,0 None,0 None,528520,184270,-0.148084,51.542705,,,Unknown,"(51.542705, -0.148084)",http://opendatacommunities.org/id/london-borough-council/camden,7655,21/12/2020 02:48:41 PM
1180096587,CAMDEN,1 Driver/Rider,2 Female,25-59,49,1,3 Slight,-2 Unknown,-2 N/A,2 Pedal Cycle,KENTISH TOWN ROAD 30M N OF J/W CAMDEN ROAD THE NEAREST CLASSIFIED,2,16/03/2018 02:23:00 PM,Friday,14.23,3 Bor,A,400,2 One-Way St,1 <= 20 MPH,0 No Jun In 20m,-2 Not Applicable,-2 Not Applicable,0,4 Pelican Or Similar,1 Daylight,1 Fine,1 Road-Dry,0 None,0 None,528930,183940,-0.142295,51.539646,,,Unknown,"(51.539646, -0.142295)",http://opendatacommunities.org/id/london-borough-council/camden,7819,21/12/2020 02:48:41 PM
1170069038,CAMDEN,1 Driver/Rider,1 Male,25-59,52,1,3 Slight,-2 Unknown,-2 N/A,2 Pedal Cycle,WOBURN PLACE J/W TAVISTOCK SQUARE,2,25/10/2017 09:05:00 PM,Wednesday,21.05,3 Bor,C,0,2 One-Way St,1 <= 20 MPH,6 Crossroads,2 Auto Sig,C,0,5 Pedn Phase At Ats,2 Dark,1 Fine,1 Road-Dry,0 None,0 None,529980,182270,-0.12778,51.524397,,,Unknown,"(51.524397, -0.12778)",http://opendatacommunities.org/id/london-borough-council/camden,7494,21/12/2020 02:48:41 PM
1170067307,CAMDEN,1 Driver/Rider,1 Male,25-59,53,1,3 Slight,-2 Unknown,-2 N/A,2 Pedal Cycle,ROYAL COLLEGE STREET 25M N OF J/W GEORGIANA STREET,2,28/10/2017 08:07:00 PM,Saturday,20.07,3 Bor,A,5202,2 One-Way St,2 30 MPH,0 No Jun In 20m,-2 Not Applicable,-2 Not Applicable,0,4 Pelican Or Similar,1 Daylight,9 Unknown,9 Unknown (S/R),9 Unknown (S/R),9 Unknown (S/R),529302,183999,-0.136913,51.540091,,,Unknown,"(51.540091, -0.136913)",http://opendatacommunities.org/id/london-borough-council/camden,7469,21/12/2020 02:48:40 PM
1170052395,CAMDEN,1 Driver/Rider,2 Female,60+,83,1,3 Slight,-2 Unknown,-2 N/A,2 Pedal Cycle,WINCHESTER ROAD J/W ETON AVENUE,2,07/08/2017 10:45:00 AM,Monday,10.45,3 Bor,Unclassified,0,6 Single Cwy,1 <= 20 MPH,6 Crossroads,4 Give Way/Uncontrolled,Unclassified,0,0 No Xing Facility In 50m,1 Daylight,1 Fine,1 Road-Dry,0 None,0 None,526780,184390,-0.173118,51.544177,,,Unknown,"(51.544177, -0.173118)",http://opendatacommunities.org/id/london-borough-council/camden,7230,21/12/2020 02:48:40 PM
1170063391,CAMDEN,1 Driver/Rider,1 Male,25-59,39,1,3 Slight,-2 Unknown,-2 N/A,5 Taxi,HIGH HOLBORN 15M W OF J/W CHANCERY LANE,2,08/10/2017 12:39:00 PM,Sunday,12.39,3 Bor,A,40,6 Single Cwy,2 30 MPH,3 T/Stag Jun,2 Auto Sig,A,5200,4 Pelican Or Similar,1 Daylight,1 Fine,1 Road-Dry,0 None,0 None,531120,181610,-0.111602,51.518203,,,Unknown,"(51.518203, -0.111602)",http://opendatacommunities.org/id/london-borough-council/camden,7396,21/12/2020 02:48:40 PM
1190174536,CAMDEN,1 DRIVER/RIDER,1 MALE,25-59,44,1,3 SLIGHT,'-2 NOT APPLICABLE,'-2 NOT APPLICABLE,4 CAR,"On Kilburn High Road, near the junction with Mallard Close.",2,03/02/2019 12:30:00 AM,Sunday,0.30,3 BOR,A,5,6 SINGLE CWY,30,03 T/STAG JUN,4 GIVE WAY/UNCONTROLLED,A,5,0 NO XING FACILITY IN 50M,1 DARK,1 FINE,1 ROAD-DRY,0 NONE,0 NONE,525427,183618,-0.192894,51.537541,,,Unknown,"(51.537541, -0.192894)",http://opendatacommunities.org/id/london-borough-council/camden,8917,21/12/2020 02:48:44 PM
1170046443,CAMDEN,1 Driver/Rider,1 Male,25-59,32,1,2 Serious,-2 Unknown,-2 N/A,2 Pedal Cycle,GREAT RUSSELL STREET J/W BLOOMSBURY SQUARE,2,28/06/2017 06:15:00 PM,Wednesday,18.15,3 Bor,C,0,6 Single Cwy,2 30 MPH,3 T/Stag Jun,4 Give Way/Uncontrolled,Unclassified,0,5 Pedn Phase At Ats,1 Daylight,1 Fine,1 Road-Dry,0 None,0 None,530250,181690,-0.124104,51.519123,,,Unknown,"(51.519123, -0.124104)",http://opendatacommunities.org/id/london-borough-council/camden,7114,21/12/2020 02:48:40 PM
0116EK40107,CAMDEN,1 Driver/Rider,1 Male,60+,84,1,3 Slight,-2 Unknown,-2 N/A,4 Car,HEATH STREET J/W HAMPSTEAD SQUARE,2,28/02/2016 03:40:00 PM,Sunday,15.40,3 Bor,A,502,6 Single Cwy,1 <= 20 MPH,3 T/Stag Jun,4 Give Way/Uncontrolled,Unclassified,0,0 No Xing Facility In 50m,1 Daylight,1 Fine,1 Road-Dry,0 None,0 None,526360,186080,-0.178565,51.559459,,,Unknown,"(51.559459, -0.178565)",http://opendatacommunities.org/id/london-borough-council/camden,6066,21/12/2020 02:48:38 PM
1170037889,CAMDEN,1 Driver/Rider,1 Male,25-59,40,1,2 Serious,-2 Unknown,-2 N/A,3 Powered 2 Wheeler,MARKET ROAD J/W YORK WAY,2,24/04/2017 07:00:00 PM,Monday,19.00,3 Bor,Unclassified,0,6 Single Cwy,1 <= 20 MPH,3 T/Stag Jun,4 Give Way/Uncontrolled,A,5200,0 No Xing Facility In 50m,2 Dark,1 Fine,1 Road-Dry,0 None,0 None,530022,184566,-0.126327,51.545022,,,Unknown,"(51.545022, -0.126327)",http://opendatacommunities.org/id/london-borough-council/camden,6969,21/12/2020 02:48:39 PM
1190218854,CAMDEN,2 PASSENGER,1 MALE,0-15,2,1,3 SLIGHT,'-2 NOT APPLICABLE,'-2 NOT APPLICABLE,4 CAR,"On Burrard Road, near the junction with Finchley road.",2,16/11/2019 06:40:00 PM,Saturday,18.40,1 TLRN,6,0,6 SINGLE CWY,30,03 T/STAG JUN,4 GIVE WAY/UNCONTROLLED,A,41,0 NO XING FACILITY IN 50M,1 DARK,1 FINE,1 ROAD-DRY,0 NONE,0 NONE,525327,185625,-0.193621,51.5556,,,Unknown,"(51.5556, -0.193621)",http://opendatacommunities.org/id/london-borough-council/camden,9522,21/12/2020 02:48:44 PM
0115EK40257,CAMDEN,1 Driver/Rider,1 Male,25-59,50,1,3 Slight,-2 Unknown,-2 N/A,4 Car,NFL- EUSTON ROAD J/W GORDON STREET,2,27/03/2015 01:09:00 PM,Friday,13.09,1 TLRN,A,501,6 Single Cwy,2 30 MPH,6 Crossroads,2 Auto Sig,C,0,5 Pedn Phase At Ats,1 Daylight,1 Fine,1 Road-Dry,0 None,0 None,529570,182470,-0.133613,51.526289,,,Unknown,"(51.526289, -0.133613)",http://opendatacommunities.org/id/london-borough-council/camden,4788,21/12/2020 02:48:36 PM
1180154833,CAMDEN,3 Pedestrian,1 Male,25-59,44,1,3 Slight,01 Crossing Road On Ped Xing,1 From Drivers N/Side,1 Pedestrian,EUSTON ROAD J/W ARGYLE STREET,1,29/12/2018 01:57:00 PM,Saturday,13.57,1 TLRN,A,501,3 Dual Cwy,2 30 MPH,6 Crossroads,2 Auto Sig,C,0,4 Pelican Or Similar,1 Daylight,1 Fine,1 Road-Dry,0 None,0 None,530210,182880,-0.124241,51.529826,,,Unknown,"(51.529826, -0.124241)",http://opendatacommunities.org/id/london-borough-council/camden,8650,21/12/2020 02:48:43 PM
1170047538,CAMDEN,1 Driver/Rider,1 Male,Unknown,0,1,3 Slight,-2 Unknown,-2 N/A,3 Powered 2 Wheeler,CAMDEN STREET J/W PRATT STREET,2,10/07/2017 06:51:00 PM,Monday,18.51,1 TLRN,A,400,2 One-Way St,1 <= 20 MPH,6 Crossroads,2 Auto Sig,C,0,5 Pedn Phase At Ats,1 Daylight,1 Fine,1 Road-Dry,0 None,0 None,529229,183806,-0.138036,51.538373,,,Unknown,"(51.538373, -0.138036)",http://opendatacommunities.org/id/london-borough-council/camden,7139,21/12/2020 02:48:40 PM
1160012659,CAMDEN,3 Pedestrian,1 Male,25-59,25,1,3 Slight,05 Crossing Road (Not On Xing),1 From Drivers N/Side,1 Pedestrian,"ON GOWER PLACE, NEAR THE JUNCTION WITH GOWER STREET .",1,09/09/2016 03:30:00 PM,Friday,15.30,3 Bor,Unclassified,0,2 One-Way St,2 30 MPH,3 T/Stag Jun,4 Give Way/Uncontrolled,A,400,0 No Xing Facility In 50m,1 Daylight,9 Unknown,9 Unknown (S/R),0 None,0 None,529450,182330,-0.135393,51.525058,,,Unknown,"(51.525058, -0.135393)",http://opendatacommunities.org/id/london-borough-council/camden,5846,21/12/2020 02:48:38 PM
0115EK40542,CAMDEN,1 Driver/Rider,1 Male,25-59,48,1,3 Slight,-2 Unknown,-2 N/A,3 Powered 2 Wheeler,PRINCE ALBERT ROAD 50M NW OF PARKWAY,2,04/07/2015 04:25:00 PM,Saturday,16.25,3 Bor,A,5205,6 Single Cwy,2 30 MPH,0 No Jun In 20m,-2 Not Applicable,-2 Not Applicable,0,0 No Xing Facility In 50m,1 Daylight,1 Fine,1 Road-Dry,0 None,0 None,528580,183560,-0.147478,51.536311,,,Unknown,"(51.536311, -0.147478)",http://opendatacommunities.org/id/london-borough-council/camden,5030,21/12/2020 02:48:36 PM
1190170705,CAMDEN,1 DRIVER/RIDER,1 MALE,25-59,33,1,3 SLIGHT,'-2 NOT APPLICABLE,'-2 NOT APPLICABLE,4 CAR,"On Delancey Street, near the junction with Arlington road.",2,22/03/2019 08:45:00 PM,Friday,20.45,3 BOR,A,503,6 SINGLE CWY,20,03 T/STAG JUN,4 GIVE WAY/UNCONTROLLED,6,0,4 PELICAN OR SIMILAR,1 DARK,1 FINE,1 ROAD-DRY,0 NONE,0 NONE,528929,183619,-0.142427,51.536761,,,Unknown,"(51.536761, -0.142427)",http://opendatacommunities.org/id/london-borough-council/camden,8863,21/12/2020 02:48:43 PM
1190205095,CAMDEN,1 DRIVER/RIDER,1 MALE,25-59,38,1,2 SERIOUS,'-2 NOT APPLICABLE,'-2 NOT APPLICABLE,2 PEDAL CYCLE,"On EVERSHOLT STREET, near the junction with LIDLINTON PLACE.",2,13/09/2019 09:30:00 AM,Friday,9.30,1 TLRN,A,4200,6 SINGLE CWY,20,06 CROSSROADS,2 AUTO SIG,A,400,5 PEDN PHASE AT ATS,2 DAYLIGHT,1 FINE,1 ROAD-DRY,0 NONE,0 NONE,529309,183223,-0.137097,51.533116,,,Unknown,"(51.533116, -0.137097)",http://opendatacommunities.org/id/london-borough-council/camden,9359,21/12/2020 02:48:44 PM
1180117851,CAMDEN,3 Pedestrian,2 Female,60+,92,1,3 Slight,05 Crossing Road (Not On Xing),2 From Drivers N/Side Msk,1 Pedestrian,MOUNT PLEASANT J/W WARNER STREET,1,30/06/2018 07:30:00 PM,Saturday,19.30,3 Bor,C,0,6 Single Cwy,2 30 MPH,3 T/Stag Jun,4 Give Way/Uncontrolled,Unclassified,0,0 No Xing Facility In 50m,1 Daylight,1 Fine,1 Road-Dry,0 None,0 None,531070,182220,-0.112096,51.523696,,,Unknown,"(51.523696, -0.112096)",http://opendatacommunities.org/id/london-borough-council/camden,8133,21/12/2020 02:48:42 PM
1170053605,CAMDEN,1 Driver/Rider,1 Male,25-59,45,1,3 Slight,-2 Unknown,-2 N/A,3 Powered 2 Wheeler,FINCHLEY ROAD J/W PARSIFAL ROAD,2,25/07/2017 06:30:00 PM,Tuesday,18.30,1 TLRN,A,41,6 Single Cwy,2 30 MPH,3 T/Stag Jun,4 Give Way/Uncontrolled,Unclassified,0,9 Unknown (S/R),1 Daylight,1 Fine,1 Road-Dry,9 Unknown (S/R),9 Unknown (S/R),525400,185570,-0.192588,51.555089,,,Unknown,"(51.555089, -0.192588)",http://opendatacommunities.org/id/london-borough-council/camden,7240,21/12/2020 02:48:40 PM
1190159318,CAMDEN,3 PEDESTRIAN,1 MALE,25-59,28,1,3 SLIGHT,10 UNKNOWN OR OTHER,9 UNKNOWN OR OTHER,1 PEDESTRIAN,"On Malden Crescent, near the junction with Prince of Wales Road.",1,21/01/2019 01:00:00 PM,Monday,13.00,3 BOR,B,517,6 SINGLE CWY,20,06 CROSSROADS,2 AUTO SIG,5,0,9 UNKNOWN (S/R),2 DAYLIGHT,9 UNKNOWN,9 UNKNOWN (S/R),9 UNKNOWN (S/R),9 UNKNOWN (S/R),528330,184610,-0.150698,51.545804,,,Unknown,"(51.545804, -0.150698)",http://opendatacommunities.org/id/london-borough-council/camden,8722,21/12/2020 02:48:43 PM