Reference,London Borough Name,Casualty Class,Casualty Sex,Casualty Age Band,Casualty Age,Number Of Casualties,Casualty Severity,Pedestrian Location,Pedestrian Movement,Mode Of Travel,Attendant Location,Number Of Vehicles,Date,Day,Time,Highway,Road Class 1,Road Number 1,Road Type,Speed Limit,Junction Detail,Junction Control,Road Class 2,Road Number 2,Pedestrian Crossing,Light Condition Band,Weather,Road Surface,Special Conditions,Carriage Way Hazard,Easting,Northing,Longitude,Latitude,Ward Code,Ward Name,Spatial Accuracy,Location,Organisation URI,Socrata ID,Last Uploaded
1190228016,CAMDEN,1 DRIVER/RIDER,1 MALE,16-24,23,1,3 SLIGHT,'-2 NOT APPLICABLE,1 FROM DRIVERS N/SIDE,3 POWERED 2 WHEELER,"On Kilburn High Road, near the junction with Coventry Close.",1,31/12/2019 11:45:00 PM,Tuesday,23.45,3 BOR,A,5,7 SLIP RD,25,06 CROSSROADS,2 AUTO SIG,5,0,1 ZEBRA,1 DARK,2 RAINING,2 ROAD-WET,0 NONE,9 UNKNOWN (S/R),525483,183558,-0.192108,51.536989,,,Unknown,"(51.536989, -0.192108)",http://opendatacommunities.org/id/london-borough-council/camden,9660,21/12/2020 02:48:45 PM
1170049830,CAMDEN,1 Driver/Rider,1 Male,16-24,24,1,3 Slight,-2 Unknown,-2 N/A,3 Powered 2 Wheeler,HIGHGATE HIGH STREET J/W SOUTHWOOD LANE,2,22/07/2017 01:06:00 PM,Saturday,13.06,3 Bor,B,519,1 Roundabout,1 <= 20 MPH,2 Mini,4 Give Way/Uncontrolled,B,550,1 Zebra,1 Daylight,2 Raining,2 Road-Wet,0 None,0 None,528367,187427,-0.149137,51.571111,,,Unknown,"(51.571111, -0.149137)",http://opendatacommunities.org/id/london-borough-council/camden,7173,21/12/2020 02:48:40 PM
1190203616,CAMDEN,1 DRIVER/RIDER,1 MALE,25-59,40,1,3 SLIGHT,'-2 NOT APPLICABLE,'-2 NOT APPLICABLE,2 PEDAL CYCLE,"On Camden Street, 40 metres south of the junction with Crowndale Road.. The nearest classified road was the B512. The nearest classified road was the B512",2,05/09/2019 08:35:00 PM,Thursday,20.35,1 TLRN,A,400,6 SINGLE CWY,30,00 NO JUN IN 20M,,0,0,0 NO XING FACILITY IN 50M,1 DARK,1 FINE,1 ROAD-DRY,0 NONE,0 NONE,529397,183516,-0.135721,51.535729,,,Unknown,"(51.535729, -0.135721)",http://opendatacommunities.org/id/london-borough-council/camden,9336,21/12/2020 02:48:44 PM
0115EK40523,CAMDEN,1 Driver/Rider,1 Male,25-59,36,1,3 Slight,-2 Unknown,-2 N/A,4 Car,AVENUE ROAD J/W FINCHLEY ROAD,2,17/06/2015 04:50:00 PM,Wednesday,16.50,1 TLRN,A,41,6 Single Cwy,2 30 MPH,9 Other Jun,2 Auto Sig,A,41,5 Pedn Phase At Ats,1 Daylight,1 Fine,1 Road-Dry,0 None,0 None,526650,184340,-0.17501,51.543756,,,Unknown,"(51.543756, -0.17501)",http://opendatacommunities.org/id/london-borough-council/camden,5013,21/12/2020 02:48:36 PM
1180116049,CAMDEN,1 Driver/Rider,1 Male,25-59,52,1,3 Slight,-2 Unknown,-2 N/A,3 Powered 2 Wheeler,REGIS ROAD 4M W OF J/W KENTISH TOWN ROAD,2,22/06/2018 01:40:00 PM,Friday,13.40,3 Bor,A,400,6 Single Cwy,2 30 MPH,6 Crossroads,2 Auto Sig,A,400,5 Pedn Phase At Ats,1 Daylight,1 Fine,1 Road-Dry,0 None,0 None,529010,185190,-0.140684,51.550861,,,Unknown,"(51.550861, -0.140684)",http://opendatacommunities.org/id/london-borough-council/camden,8102,21/12/2020 02:48:42 PM
1170053883,CAMDEN,1 Driver/Rider,2 Female,25-59,50,1,3 Slight,-2 Unknown,-2 N/A,2 Pedal Cycle,CAMDEN HIGH STREET J/W CAMDEN ROAD,1,04/06/2017 07:15:00 PM,Sunday,19.15,1 TLRN,A,502,2 One-Way St,2 30 MPH,6 Crossroads,2 Auto Sig,A,503,9 Unknown (S/R),1 Daylight,1 Fine,9 Unknown (S/R),9 Unknown (S/R),9 Unknown (S/R),528900,183870,-0.142753,51.539024,,,Unknown,"(51.539024, -0.142753)",http://opendatacommunities.org/id/london-borough-council/camden,7248,21/12/2020 02:48:40 PM
1160005270,CAMDEN,1 Driver/Rider,1 Male,25-59,33,1,3 Slight,-2 Unknown,-2 N/A,2 Pedal Cycle,CAMDEN ROAD J/W ST PANCRAS WAY,2,25/11/2016 08:45:00 AM,Friday,8.45,1 TLRN,A,503,6 Single Cwy,2 30 MPH,6 Crossroads,2 Auto Sig,A,5202,1 Zebra,1 Daylight,1 Fine,1 Road-Dry,0 None,0 None,529250,184300,-0.137552,51.542808,,,Unknown,"(51.542808, -0.137552)",http://opendatacommunities.org/id/london-borough-council/camden,5740,21/12/2020 02:48:37 PM
1180138692,CAMDEN,3 Pedestrian,1 Male,16-24,17,1,3 Slight,05 Crossing Road (Not On Xing),1 From Drivers N/Side,1 Pedestrian,CAMDEN HIGH STREET 10M N OF J/W BUCK STREET,1,12/10/2018 09:10:00 PM,Friday,21.10,3 Bor,A,502,6 Single Cwy,1 <= 20 MPH,3 T/Stag Jun,4 Give Way/Uncontrolled,Unclassified,0,0 No Xing Facility In 50m,2 Dark,4 Fine/High Winds,1 Road-Dry,0 None,0 None,528830,184000,-0.143715,51.540208,,,Unknown,"(51.540208, -0.143715)",http://opendatacommunities.org/id/london-borough-council/camden,8422,21/12/2020 02:48:43 PM
1170074762,CAMDEN,1 Driver/Rider,1 Male,25-59,49,1,3 Slight,-2 Unknown,-2 N/A,2 Pedal Cycle,OSSULSTON STREET J/W EUSTON ROAD NW1,2,01/12/2017 09:10:00 PM,Friday,21.10,1 TLRN,C,0,6 Single Cwy,2 30 MPH,3 T/Stag Jun,2 Auto Sig,A,501,5 Pedn Phase At Ats,2 Dark,1 Fine,1 Road-Dry,0 None,0 None,529970,182750,-0.127747,51.528713,,,Unknown,"(51.528713, -0.127747)",http://opendatacommunities.org/id/london-borough-council/camden,7574,21/12/2020 02:48:41 PM
1170068449,CAMDEN,2 Passenger,1 Male,0-15,6,1,3 Slight,-2 Unknown,-2 N/A,4 Car,HIGHGATE ROAD J/W CHETWYND ROAD,3,06/11/2017 02:15:00 PM,Monday,14.15,3 Bor,C,0,6 Single Cwy,2 30 MPH,9 Other Jun,2 Auto Sig,C,0,5 Pedn Phase At Ats,1 Daylight,1 Fine,1 Road-Dry,0 None,0 None,528580,185840,-0.146645,51.556801,,,Unknown,"(51.556801, -0.146645)",http://opendatacommunities.org/id/london-borough-council/camden,7487,21/12/2020 02:48:41 PM
0115EK40661,CAMDEN,2 Passenger,2 Female,25-59,41,1,3 Slight,-2 Unknown,-2 N/A,6 Bus Or Coach,WOBURN PLACE 40M SE OF TAVISTOCK PLACE,1,03/08/2015 01:12:00 PM,Monday,13.12,3 Bor,A,4200,6 Single Cwy,2 30 MPH,0 No Jun In 20m,-2 Not Applicable,-2 Not Applicable,0,0 No Xing Facility In 50m,1 Daylight,1 Fine,1 Road-Dry,0 None,0 None,529990,182270,-0.127636,51.524395,,,Unknown,"(51.524395, -0.127636)",http://opendatacommunities.org/id/london-borough-council/camden,5136,21/12/2020 02:48:36 PM
1180146723,CAMDEN,1 Driver/Rider,1 Male,25-59,42,1,3 Slight,-2 Unknown,-2 N/A,2 Pedal Cycle,KILBURN HIGH ROAD 200M S OF J/W BELSIZE ROAD,2,18/11/2018 07:30:00 PM,Sunday,19.30,3 Bor,A,5,6 Single Cwy,2 30 MPH,0 No Jun In 20m,-2 Not Applicable,-2 Not Applicable,0,9 Unknown (S/R),2 Dark,1 Fine,1 Road-Dry,9 Unknown (S/R),0 None,525500,183510,-0.19188,51.536554,,,Unknown,"(51.536554, -0.19188)",http://opendatacommunities.org/id/london-borough-council/camden,8536,21/12/2020 02:48:43 PM
0116CW10964,CAMDEN,2 Passenger,2 Female,16-24,17,1,3 Slight,-2 Unknown,-2 N/A,6 Bus Or Coach,FINCHLEY ROAD J/W BOUNDARY LANE,2,12/07/2016 06:30:00 PM,Tuesday,18.30,1 TLRN,A,41,6 Single Cwy,2 30 MPH,6 Crossroads,2 Auto Sig,C,0,5 Pedn Phase At Ats,1 Daylight,1 Fine,1 Road-Dry,0 None,0 None,526610,183870,-0.175755,51.539541,,,Unknown,"(51.539541, -0.175755)",http://opendatacommunities.org/id/london-borough-council/camden,5971,21/12/2020 02:48:38 PM
1180089122,CAMDEN,3 Pedestrian,1 Male,25-59,57,1,3 Slight,01 Crossing Road On Ped Xing,1 From Drivers N/Side,1 Pedestrian,EUSTON ROAD J/W DUKES ROAD,1,09/02/2018 07:15:00 PM,Friday,19.15,1 TLRN,A,501,6 Single Cwy,2 30 MPH,9 Other Jun,2 Auto Sig,Unclassified,0,5 Pedn Phase At Ats,2 Dark,1 Fine,2 Road-Wet,0 None,0 None,529850,182630,-0.12952,51.527663,,,Unknown,"(51.527663, -0.12952)",http://opendatacommunities.org/id/london-borough-council/camden,7734,21/12/2020 02:48:41 PM
0115EK40356,CAMDEN,1 Driver/Rider,1 Male,25-59,30,1,2 Serious,-2 Unknown,-2 N/A,3 Powered 2 Wheeler,DRUMMOND STREET 59M SW OF J/W HAMPSTEAD ROAD,2,07/05/2015 06:15:00 PM,Thursday,18.15,3 Bor,Unclassified,0,6 Single Cwy,2 30 MPH,0 No Jun In 20m,-2 Not Applicable,-2 Not Applicable,0,0 No Xing Facility In 50m,1 Daylight,1 Fine,1 Road-Dry,0 None,0 None,529160,182460,-0.139523,51.526293,,,Unknown,"(51.526293, -0.139523)",http://opendatacommunities.org/id/london-borough-council/camden,4865,21/12/2020 02:48:36 PM
1180120450,CAMDEN,3 Pedestrian,2 Female,0-15,13,1,3 Slight,01 Crossing Road On Ped Xing,1 From Drivers N/Side,1 Pedestrian,EVERSHOLT STREET J/W OAKLEIGH SQUARE,1,11/07/2018 06:40:00 PM,Wednesday,18.40,1 TLRN,A,4200,6 Single Cwy,1 <= 20 MPH,6 Crossroads,2 Auto Sig,A,400,4 Pelican Or Similar,1 Daylight,1 Fine,1 Road-Dry,0 None,0 None,529320,183210,-0.136943,51.532996,,,Unknown,"(51.532996, -0.136943)",http://opendatacommunities.org/id/london-borough-council/camden,8168,21/12/2020 02:48:42 PM
0115EK40416,CAMDEN,1 Driver/Rider,1 Male,60+,80,1,3 Slight,-2 Unknown,-2 N/A,4 Car,PRINCE OF WALES ROAD J/W HAVERSTOCK HILL,2,12/05/2015 05:15:00 PM,Tuesday,17.15,3 Bor,C,0,6 Single Cwy,2 30 MPH,3 T/Stag Jun,2 Auto Sig,A,502,5 Pedn Phase At Ats,1 Daylight,1 Fine,1 Road-Dry,0 None,0 None,527980,184590,-0.15575,51.545703,,,Unknown,"(51.545703, -0.15575)",http://opendatacommunities.org/id/london-borough-council/camden,4910,21/12/2020 02:48:36 PM
1160012646,CAMDEN,1 Driver/Rider,1 Male,25-59,30,1,3 Slight,-2 Unknown,-2 N/A,2 Pedal Cycle,"ON AVENUE ROAD, 109 METRES NORTH OF THE JUNCTION WITH ST EDMUND'S",2,09/09/2016 09:04:00 AM,Friday,9.04,3 Bor,B,525,6 Single Cwy,2 30 MPH,0 No Jun In 20m,-2 Not Applicable,-2 Not Applicable,0,0 No Xing Facility In 50m,1 Daylight,1 Fine,1 Road-Dry,0 None,0 None,527290,183540,-0.166075,51.536423,,,Unknown,"(51.536423, -0.166075)",http://opendatacommunities.org/id/london-borough-council/camden,5843,21/12/2020 02:48:38 PM
1160005426,CAMDEN,3 Pedestrian,1 Male,25-59,26,1,3 Slight,08 In Centre Of Carriageway,9 Unknown Or Other,1 Pedestrian,GORDON SQUARE J/W TAVISTOCK SQUARE,1,06/12/2016 05:00:00 PM,Tuesday,17.00,3 Bor,C,0,6 Single Cwy,1 <= 20 MPH,6 Crossroads,4 Give Way/Uncontrolled,C,0,4 Pelican Or Similar,2 Dark,1 Fine,2 Road-Wet,0 None,0 None,529880,182240,-0.129231,51.524151,,,Unknown,"(51.524151, -0.129231)",http://opendatacommunities.org/id/london-borough-council/camden,5741,21/12/2020 02:48:37 PM
1180142376,CAMDEN,1 Driver/Rider,1 Male,16-24,23,1,3 Slight,-2 Unknown,-2 N/A,4 Car,FITZJOHN'S AVENUE 106M S OF J/W LYNDHURST ROAD,2,31/10/2018 07:46:00 AM,Wednesday,7.46,3 Bor,B,511,6 Single Cwy,1 <= 20 MPH,0 No Jun In 20m,-2 Not Applicable,-2 Not Applicable,0,0 No Xing Facility In 50m,1 Daylight,1 Fine,1 Road-Dry,0 None,0 None,526570,185090,-0.175893,51.550515,,,Unknown,"(51.550515, -0.175893)",http://opendatacommunities.org/id/london-borough-council/camden,8481,21/12/2020 02:48:43 PM
1170032558,CAMDEN,3 Pedestrian,2 Female,0-15,3,1,3 Slight,04 Crossing Road Within 50m Xing,2 From Drivers N/Side Msk,1 Pedestrian,GOWER STREET 10M S OF J/W EUSTON ROAD,1,18/04/2017 08:00:00 AM,Tuesday,8.00,1 TLRN,A,501,2 One-Way St,1 <= 20 MPH,3 T/Stag Jun,2 Auto Sig,A,400,5 Pedn Phase At Ats,1 Daylight,1 Fine,1 Road-Dry,0 None,0 None,529275,182298,-0.137926,51.524811,,,Unknown,"(51.524811, -0.137926)",http://opendatacommunities.org/id/london-borough-council/camden,6891,21/12/2020 02:48:39 PM
1190204191,CAMDEN,1 DRIVER/RIDER,1 MALE,25-59,26,1,3 SLIGHT,'-2 NOT APPLICABLE,'-2 NOT APPLICABLE,2 PEDAL CYCLE,"On Hampstead Road, 50 metres north of the junction with Drummond Street.",2,09/09/2019 08:16:00 AM,Monday,8.16,1 TLRN,A,400,6 SINGLE CWY,20,00 NO JUN IN 20M,,0,0,1 ZEBRA,2 DAYLIGHT,1 FINE,1 ROAD-DRY,0 NONE,0 NONE,529226,182505,-0.138556,51.526682,,,Unknown,"(51.526682, -0.138556)",http://opendatacommunities.org/id/london-borough-council/camden,9349,21/12/2020 02:48:44 PM
1160024004,CAMDEN,1 Driver/Rider,1 Male,25-59,47,1,3 Slight,-2 Unknown,-2 N/A,2 Pedal Cycle,CLERKENWELL ROAD J/W HATTON GARDEN,2,31/10/2016 07:30:00 AM,Monday,7.30,3 Bor,A,5201,6 Single Cwy,1 <= 20 MPH,3 T/Stag Jun,4 Give Way/Uncontrolled,B,521,1 Zebra,2 Dark,1 Fine,1 Road-Dry,0 None,0 None,531260,182040,-0.109425,51.522035,,,Unknown,"(51.522035, -0.109425)",http://opendatacommunities.org/id/london-borough-council/camden,5878,21/12/2020 02:48:38 PM
1190222435,CAMDEN,2 PASSENGER,1 MALE,60+,75,1,3 SLIGHT,'-2 NOT APPLICABLE,'-2 NOT APPLICABLE,6 BUS OR COACH,"On Albany street, near the junction with Chester Close North.",1,03/12/2019 12:30:00 PM,Tuesday,12.30,3 BOR,A,4201,6 SINGLE CWY,20,09 OTHER JUN,4 GIVE WAY/UNCONTROLLED,6,0,1 ZEBRA,2 DAYLIGHT,1 FINE,1 ROAD-DRY,0 NONE,0 NONE,528813,182790,-0.144402,51.529338,,,Unknown,"(51.529338, -0.144402)",http://opendatacommunities.org/id/london-borough-council/camden,9577,21/12/2020 02:48:45 PM
1170049124,CAMDEN,1 Driver/Rider,1 Male,16-24,18,1,3 Slight,-2 Unknown,-2 N/A,3 Powered 2 Wheeler,PENTONVILLE ROAD 10M N OF J/W CALEDONIAN ROAD,2,18/07/2017 10:55:00 PM,Tuesday,22.55,1 TLRN,A,501,2 One-Way St,2 30 MPH,6 Crossroads,2 Auto Sig,A,5200,0 No Xing Facility In 50m,2 Dark,2 Raining,2 Road-Wet,0 None,0 None,530332,182981,-0.122446,51.530706,,,Unknown,"(51.530706, -0.122446)",http://opendatacommunities.org/id/london-borough-council/camden,7163,21/12/2020 02:48:40 PM
1190211780,CAMDEN,1 DRIVER/RIDER,1 MALE,U,,1,3 SLIGHT,'-2 NOT APPLICABLE,'-2 NOT APPLICABLE,2 PEDAL CYCLE,"On Avenue Road, near the junction with Regency Lodge.",2,14/10/2019 09:03:00 AM,Monday,9.03,1 TLRN,A,41,9 UNKNOWN,30,08 PRIV DRIVE,9 UNKNOWN (S/R),6,0,9 UNKNOWN (S/R),2 DAYLIGHT,2 RAINING,2 ROAD-WET,0 NONE,0 NONE,526731,184205,-0.173891,51.542525,,,Unknown,"(51.542525, -0.173891)",http://opendatacommunities.org/id/london-borough-council/camden,9437,21/12/2020 02:48:44 PM
1180128345,CAMDEN,2 Passenger,2 Female,Unknown,0,1,3 Slight,-2 Unknown,-2 N/A,6 Bus Or Coach,FINCHLEY ROAD 50M N OF J/W WEST END LANE,1,13/08/2018 11:25:00 AM,Monday,11.25,1 TLRN,A,41,9 Unknown,2 30 MPH,0 No Jun In 20m,-2 Not Applicable,-2 Not Applicable,0,9 Unknown (S/R),1 Daylight,9 Unknown,9 Unknown (S/R),9 Unknown (S/R),9 Unknown (S/R),525700,185310,-0.188356,51.552686,,,Unknown,"(51.552686, -0.188356)",http://opendatacommunities.org/id/london-borough-council/camden,8264,21/12/2020 02:48:42 PM
1190176596,CAMDEN,3 PEDESTRIAN,1 MALE,0-15,5,1,3 SLIGHT,08 IN CENTRE OF CARRIAGEWAY,4 FROM DRIVERS O/SIDE MSK,1 PEDESTRIAN,"On Fordwych Road, near the junction with RICHBOROUGH RD, NW2.",1,23/04/2019 04:54:00 PM,Tuesday,16.54,3 BOR,6,0,6 SINGLE CWY,20,09 OTHER JUN,4 GIVE WAY/UNCONTROLLED,6,0,0 NO XING FACILITY IN 50M,2 DAYLIGHT,1 FINE,1 ROAD-DRY,0 NONE,0 NONE,524107,185583,-0.211224,51.555492,,,Unknown,"(51.555492, -0.211224)",http://opendatacommunities.org/id/london-borough-council/camden,8941,21/12/2020 02:48:44 PM
0115EK40807,CAMDEN,2 Passenger,2 Female,16-24,18,1,3 Slight,-2 Unknown,-2 N/A,5 Taxi,CAMDEN STREET J/W ST MARTIN'S CLOSE.,2,07/09/2015 09:20:00 AM,Monday,9.20,1 TLRN,A,400,2 One-Way St,2 30 MPH,3 T/Stag Jun,4 Give Way/Uncontrolled,Unclassified,0,0 No Xing Facility In 50m,1 Daylight,1 Fine,1 Road-Dry,0 None,0 None,529200,183840,-0.138441,51.538686,,,Unknown,"(51.538686, -0.138441)",http://opendatacommunities.org/id/london-borough-council/camden,5266,21/12/2020 02:48:37 PM
1190199987,CAMDEN,1 DRIVER/RIDER,1 MALE,16-24,23,1,2 SERIOUS,'-2 NOT APPLICABLE,'-2 NOT APPLICABLE,2 PEDAL CYCLE,"On Chalk Farm Road, 25 metres south of the junction with Ferdinand Street.",2,17/08/2019 12:18:00 AM,Saturday,0.18,3 BOR,A,502,6 SINGLE CWY,20,00 NO JUN IN 20M,,0,0,4 PELICAN OR SIMILAR,1 DARK,1 FINE,2 ROAD-WET,0 NONE,0 NONE,528469,184288,-0.148812,51.542878,,,Unknown,"(51.542878, -0.148812)",http://opendatacommunities.org/id/london-borough-council/camden,9280,21/12/2020 02:48:44 PM
1160003360,CAMDEN,3 Pedestrian,1 Male,25-59,52,1,3 Slight,05 Crossing Road (Not On Xing),1 From Drivers N/Side,1 Pedestrian,ST PANCRAS WAY J/W ROYAL COLLEGE STREET,1,25/11/2016 08:35:00 AM,Friday,8.35,3 Bor,A,5202,6 Single Cwy,1 <= 20 MPH,3 T/Stag Jun,2 Auto Sig,A,5202,1 Zebra,1 Daylight,1 Fine,1 Road-Dry,0 None,0 None,529070,184410,-0.140106,51.543838,,,Unknown,"(51.543838, -0.140106)",http://opendatacommunities.org/id/london-borough-council/camden,5699,21/12/2020 02:48:37 PM
1170026024,CAMDEN,1 Driver/Rider,1 Male,25-59,34,1,3 Slight,-2 Unknown,-2 N/A,3 Powered 2 Wheeler,EUSTON ROAD J/W MELTON STREET,2,17/03/2017 08:44:00 AM,Friday,8.44,1 TLRN,A,501,3 Dual Cwy,2 30 MPH,6 Crossroads,2 Auto Sig,C,0,5 Pedn Phase At Ats,1 Daylight,1 Fine,1 Road-Dry,0 None,0 None,529560,182470,-0.133757,51.526291,,,Unknown,"(51.526291, -0.133757)",http://opendatacommunities.org/id/london-borough-council/camden,6790,21/12/2020 02:48:39 PM
0115EK40256,CAMDEN,2 Passenger,1 Male,25-59,41,1,3 Slight,-2 Unknown,-2 N/A,6 Bus Or Coach,ADELAIDE ROAD J/W AVENUE ROAD,1,07/04/2015 07:00:00 PM,Tuesday,19.00,1 TLRN,A,41,6 Single Cwy,2 30 MPH,6 Crossroads,2 Auto Sig,B,525,5 Pedn Phase At Ats,1 Daylight,1 Fine,1 Road-Dry,0 None,0 None,526750,184120,-0.173648,51.541757,,,Unknown,"(51.541757, -0.173648)",http://opendatacommunities.org/id/london-borough-council/camden,4787,21/12/2020 02:48:36 PM
1190214641,CAMDEN,1 DRIVER/RIDER,1 MALE,16-24,21,1,3 SLIGHT,'-2 NOT APPLICABLE,'-2 NOT APPLICABLE,2 PEDAL CYCLE,"On Leighton Road, near the junction with Bartholomew Road.",2,28/10/2019 12:35:00 PM,Monday,12.35,3 BOR,5,0,6 SINGLE CWY,30,03 T/STAG JUN,4 GIVE WAY/UNCONTROLLED,6,0,1 ZEBRA,2 DAYLIGHT,1 FINE,1 ROAD-DRY,0 NONE,0 NONE,529421,185189,-0.13476,51.550758,,,Unknown,"(51.550758, -0.13476)",http://opendatacommunities.org/id/london-borough-council/camden,9475,21/12/2020 02:48:44 PM
0115EK40329,CAMDEN,1 Driver/Rider,2 Female,60+,73,1,3 Slight,-2 Unknown,-2 N/A,2 Pedal Cycle,SOUTH END ROAD J/W POND STREET,2,28/04/2015 01:22:00 PM,Tuesday,13.22,3 Bor,C,0,6 Single Cwy,2 30 MPH,6 Crossroads,2 Auto Sig,B,518,5 Pedn Phase At Ats,1 Daylight,1 Fine,1 Road-Dry,0 None,0 None,527310,185510,-0.165074,51.554123,,,Unknown,"(51.554123, -0.165074)",http://opendatacommunities.org/id/london-borough-council/camden,4844,21/12/2020 02:48:36 PM
1160005130,CAMDEN,1 Driver/Rider,2 Female,25-59,44,1,3 Slight,-2 Unknown,-2 N/A,4 Car,KENTISH TOWN ROAD J/W ROYAL COLLEGE STREET,2,05/12/2016 10:10:00 AM,Monday,10.10,3 Bor,A,400,6 Single Cwy,1 <= 20 MPH,3 T/Stag Jun,2 Auto Sig,A,5202,5 Pedn Phase At Ats,1 Daylight,1 Fine,1 Road-Dry,0 None,0 None,528970,184530,-0.141503,51.544939,,,Unknown,"(51.544939, -0.141503)",http://opendatacommunities.org/id/london-borough-council/camden,5738,21/12/2020 02:48:37 PM
1190217226,CAMDEN,1 DRIVER/RIDER,1 MALE,25-59,52,1,3 SLIGHT,'-2 NOT APPLICABLE,'-2 NOT APPLICABLE,5 TAXI,"On Highgate High Street, near the junction with Bisham Gardens.",2,08/11/2019 07:50:00 PM,Friday,19.50,3 BOR,B,519,6 SINGLE CWY,20,03 T/STAG JUN,4 GIVE WAY/UNCONTROLLED,6,0,9 UNKNOWN (S/R),1 DARK,2 RAINING,2 ROAD-WET,0 NONE,0 NONE,528546,187368,-0.146577,51.57054,,,Unknown,"(51.57054, -0.146577)",http://opendatacommunities.org/id/london-borough-council/camden,9504,21/12/2020 02:48:44 PM
1190180506,CAMDEN,1 DRIVER/RIDER,1 MALE,25-59,56,2,3 SLIGHT,'-2 NOT APPLICABLE,'-2 NOT APPLICABLE,9 PRIVATE HIRE,"On Hampstead Road, near the junction with Robert street.",2,13/05/2019 07:50:00 AM,Monday,7.50,1 TLRN,A,400,6 SINGLE CWY,30,03 T/STAG JUN,4 GIVE WAY/UNCONTROLLED,6,0,4 PELICAN OR SIMILAR,2 DAYLIGHT,1 FINE,1 ROAD-DRY,0 NONE,0 NONE,529216,182696,-0.13863,51.528401,,,Unknown,"(51.528401, -0.13863)",http://opendatacommunities.org/id/london-borough-council/camden,8996,21/12/2020 02:48:44 PM
0115EK41164,CAMDEN,3 Pedestrian,1 Male,60+,76,1,3 Slight,01 Crossing Road On Ped Xing,1 From Drivers N/Side,1 Pedestrian,BLOOMSBURY STREET J/W NEW OXFORD STREET,1,27/12/2015 04:42:00 PM,Sunday,16.42,3 Bor,A,400,6 Single Cwy,2 30 MPH,6 Crossroads,2 Auto Sig,A,40,5 Pedn Phase At Ats,2 Dark,1 Fine,1 Road-Dry,0 None,0 None,530060,181430,-0.126937,51.51683,,,Unknown,"(51.51683, -0.126937)",http://opendatacommunities.org/id/london-borough-council/camden,5564,21/12/2020 02:48:37 PM
1190185113,CAMDEN,1 DRIVER/RIDER,2 FEMALE,25-59,28,1,3 SLIGHT,'-2 NOT APPLICABLE,'-2 NOT APPLICABLE,2 PEDAL CYCLE,"On Prince of Wales Road, 30 metres east of the junction with Hamood Street.",2,03/06/2019 06:15:00 PM,Monday,18.15,3 BOR,5,0,6 SINGLE CWY,30,00 NO JUN IN 20M,,0,0,1 ZEBRA,2 DAYLIGHT,1 FINE,1 ROAD-DRY,0 NONE,0 NONE,528561,184656,-0.147352,51.546165,,,Unknown,"(51.546165, -0.147352)",http://opendatacommunities.org/id/london-borough-council/camden,9062,21/12/2020 02:48:44 PM
1180103202,CAMDEN,3 Pedestrian,2 Female,25-59,26,1,3 Slight,01 Crossing Road On Ped Xing,1 From Drivers N/Side,1 Pedestrian,GLOUCESTER GATE 50M E OF J/W OUTER CIRCLE,3,22/04/2018 04:30:00 PM,Sunday,16.30,3 Bor,Unclassified,0,6 Single Cwy,1 <= 20 MPH,0 No Jun In 20m,-2 Not Applicable,-2 Not Applicable,0,1 Zebra,1 Daylight,1 Fine,1 Road-Dry,0 None,0 None,528600,183370,-0.147259,51.534599,,,Unknown,"(51.534599, -0.147259)",http://opendatacommunities.org/id/london-borough-council/camden,7917,21/12/2020 02:48:41 PM
0115EK40701,CAMDEN,1 Driver/Rider,1 Male,25-59,27,1,3 Slight,-2 Unknown,-2 N/A,2 Pedal Cycle,KINGSWAY J/W REMNANT STREET,2,11/08/2015 08:38:00 PM,Tuesday,20.38,3 Bor,A,4200,3 Dual Cwy,2 30 MPH,6 Crossroads,2 Auto Sig,A,4200,5 Pedn Phase At Ats,2 Dark,1 Fine,2 Road-Wet,0 None,0 None,530570,181390,-0.119606,51.516353,,,Unknown,"(51.516353, -0.119606)",http://opendatacommunities.org/id/london-borough-council/camden,5177,21/12/2020 02:48:36 PM
0116EK40267,CAMDEN,3 Pedestrian,1 Male,25-59,44,1,3 Slight,04 Crossing Road Within 50m Xing,3 From Drivers O/Side,1 Pedestrian,WEST END LANE 52M S OF SUMATRA ROAD,1,22/04/2016 09:30:00 PM,Friday,21.30,3 Bor,B,510,6 Single Cwy,2 30 MPH,0 No Jun In 20m,-2 Not Applicable,-2 Not Applicable,0,4 Pelican Or Similar,2 Dark,2 Raining,2 Road-Wet,0 None,0 None,525520,184850,-0.191114,51.548592,,,Unknown,"(51.548592, -0.191114)",http://opendatacommunities.org/id/london-borough-council/camden,6206,21/12/2020 02:48:38 PM
0116EK40325,CAMDEN,3 Pedestrian,1 Male,25-59,41,1,3 Slight,01 Crossing Road On Ped Xing,9 Unknown Or Other,1 Pedestrian,NFL - FORTRESS RD 49M SOUTH WEST OF J/W BELLINA MEWS,1,07/05/2016 09:00:00 PM,Saturday,21.00,3 Bor,A,400,6 Single Cwy,2 30 MPH,0 No Jun In 20m,-2 Not Applicable,-2 Not Applicable,0,1 Zebra,2 Dark,1 Fine,1 Road-Dry,0 None,6 Ped In Cwy (Not Inj),529010,185540,-0.140556,51.554007,,,Unknown,"(51.554007, -0.140556)",http://opendatacommunities.org/id/london-borough-council/camden,6256,21/12/2020 02:48:38 PM