Reference,London Borough Name,Casualty Class,Casualty Sex,Casualty Age Band,Casualty Age,Number Of Casualties,Casualty Severity,Pedestrian Location,Pedestrian Movement,Mode Of Travel,Attendant Location,Number Of Vehicles,Date,Day,Time,Highway,Road Class 1,Road Number 1,Road Type,Speed Limit,Junction Detail,Junction Control,Road Class 2,Road Number 2,Pedestrian Crossing,Light Condition Band,Weather,Road Surface,Special Conditions,Carriage Way Hazard,Easting,Northing,Longitude,Latitude,Ward Code,Ward Name,Spatial Accuracy,Location,Organisation URI,Socrata ID,Last Uploaded
1160006191,CAMDEN,1 Driver/Rider,1 Male,25-59,26,1,3 Slight,-2 Unknown,-2 N/A,3 Powered 2 Wheeler,GRAFTON WAY J/W TOTTENHAM COURT ROAD,2,10/12/2016 12:20:00 PM,Saturday,12.20,3 Bor,Unclassified,0,2 One-Way St,1 <= 20 MPH,6 Crossroads,2 Auto Sig,Unclassified,0,5 Pedn Phase At Ats,1 Daylight,2 Raining,2 Road-Wet,0 None,0 None,529150,182180,-0.13977,51.523779,,,Unknown,"(51.523779, -0.13977)",http://opendatacommunities.org/id/london-borough-council/camden,5756,21/12/2020 02:48:37 PM
0116EK40144,CAMDEN,3 Pedestrian,1 Male,25-59,56,1,3 Slight,10 Unknown,1 From Drivers N/Side,1 Pedestrian,PENTONVILLE RD J/W KING'S CROSS RD,1,12/03/2016 02:20:00 AM,Saturday,2.20,1 TLRN,A,501,6 Single Cwy,2 30 MPH,9 Other Jun,2 Auto Sig,A,501,5 Pedn Phase At Ats,2 Dark,1 Fine,2 Road-Wet,0 None,0 None,530540,183010,-0.119438,51.530919,,,Unknown,"(51.530919, -0.119438)",http://opendatacommunities.org/id/london-borough-council/camden,6100,21/12/2020 02:48:38 PM
0116EK40537,CAMDEN,1 Driver/Rider,1 Male,60+,70,1,3 Slight,-2 Unknown,-2 N/A,4 Car,HIGHGATE ROAD J/W LADY SOMERSET ROAD,2,26/07/2016 07:45:00 PM,Tuesday,19.45,3 Bor,B,518,6 Single Cwy,2 30 MPH,3 T/Stag Jun,4 Give Way/Uncontrolled,Unclassified,0,0 No Xing Facility In 50m,1 Daylight,1 Fine,1 Road-Dry,0 None,0 None,528740,185550,-0.144445,51.554158,,,Unknown,"(51.554158, -0.144445)",http://opendatacommunities.org/id/london-borough-council/camden,6434,21/12/2020 02:48:38 PM
1160012480,CAMDEN,3 Pedestrian,2 Female,25-59,41,1,3 Slight,05 Crossing Road (Not On Xing),1 From Drivers N/Side,1 Pedestrian,"ON DOWNSHIRE HILL, NEAR THE JUNCTION WITH KEATS GROVE .",1,23/09/2016 01:00:00 PM,Friday,13.00,3 Bor,Unclassified,0,6 Single Cwy,2 30 MPH,3 T/Stag Jun,4 Give Way/Uncontrolled,Unclassified,0,0 No Xing Facility In 50m,1 Daylight,9 Unknown,1 Road-Dry,0 None,0 None,526940,185660,-0.170354,51.555554,,,Unknown,"(51.555554, -0.170354)",http://opendatacommunities.org/id/london-borough-council/camden,5838,21/12/2020 02:48:38 PM
1190229544,CAMDEN,3 PEDESTRIAN,2 FEMALE,0-15,10,2,3 SLIGHT,04 CROSSING ROAD WITHIN 50M XING,'-2 NOT APPLICABLE,1 PEDESTRIAN,"On Chalk Farm Road, near the junction with Ferdinand Street .",1,29/10/2019 04:30:00 PM,Tuesday,16.30,3 BOR,A,502,6 SINGLE CWY,20,03 T/STAG JUN,2 AUTO SIG,B,517,1 ZEBRA,2 DAYLIGHT,1 FINE,1 ROAD-DRY,0 NONE,0 NONE,528466,184289,-0.148855,51.542888,,,Unknown,"(51.542888, -0.148855)",http://opendatacommunities.org/id/london-borough-council/camden,9663,21/12/2020 02:48:45 PM
0116EK40551,CAMDEN,1 Driver/Rider,1 Male,25-59,37,1,3 Slight,-2 Unknown,-2 N/A,3 Powered 2 Wheeler,ADELAIDE ROAD J/W ETON ROAD,2,29/07/2016 02:15:00 PM,Friday,14.15,3 Bor,B,509,6 Single Cwy,2 30 MPH,3 T/Stag Jun,4 Give Way/Uncontrolled,Unclassified,0,0 No Xing Facility In 50m,1 Daylight,9 Unknown,1 Road-Dry,0 None,0 None,527720,184370,-0.159577,51.543785,,,Unknown,"(51.543785, -0.159577)",http://opendatacommunities.org/id/london-borough-council/camden,6445,21/12/2020 02:48:38 PM
0115EK40091,CAMDEN,3 Pedestrian,1 Male,25-59,28,1,3 Slight,01 Crossing Road On Ped Xing,9 Unknown Or Other,1 Pedestrian,EUSTON ROAD J/W JUDD STREET,1,05/02/2015 08:51:00 AM,Thursday,8.51,1 TLRN,A,501,6 Single Cwy,2 30 MPH,6 Crossroads,2 Auto Sig,B,504,5 Pedn Phase At Ats,1 Daylight,1 Fine,2 Road-Wet,0 None,0 None,530080,182790,-0.126147,51.529048,,,Unknown,"(51.529048, -0.126147)",http://opendatacommunities.org/id/london-borough-council/camden,4652,21/12/2020 02:48:35 PM
0116EK40134,CAMDEN,3 Pedestrian,1 Male,16-24,21,1,3 Slight,01 Crossing Road On Ped Xing,3 From Drivers O/Side,1 Pedestrian,PARSIFAL RD J/W FINCHLEY RD,1,09/03/2016 05:59:00 PM,Wednesday,17.59,1 TLRN,Unclassified,0,6 Single Cwy,2 30 MPH,3 T/Stag Jun,4 Give Way/Uncontrolled,A,41,4 Pelican Or Similar,2 Dark,9 Unknown,2 Road-Wet,0 None,0 None,525390,185550,-0.192739,51.554912,,,Unknown,"(51.554912, -0.192739)",http://opendatacommunities.org/id/london-borough-council/camden,6092,21/12/2020 02:48:38 PM
0115EK40190,CAMDEN,3 Pedestrian,1 Male,0-15,14,1,2 Serious,05 Crossing Road (Not On Xing),1 From Drivers N/Side,1 Pedestrian,EVERSHOLT STREET J/W CRANLEIGH STREET,1,06/03/2015 04:00:00 PM,Friday,16.00,3 Bor,A,4200,6 Single Cwy,2 30 MPH,3 T/Stag Jun,4 Give Way/Uncontrolled,Unclassified,0,0 No Xing Facility In 50m,1 Daylight,1 Fine,1 Road-Dry,0 None,0 None,529360,183150,-0.136389,51.532448,,,Unknown,"(51.532448, -0.136389)",http://opendatacommunities.org/id/london-borough-council/camden,4731,21/12/2020 02:48:36 PM
1170049311,CAMDEN,3 Pedestrian,1 Male,16-24,23,1,2 Serious,04 Crossing Road Within 50m Xing,2 From Drivers N/Side Msk,1 Pedestrian,FORTUNE GREEN ROAD 20M S OF J/W INGHAM ROAD,1,19/07/2017 12:00:00 PM,Wednesday,12.00,3 Bor,B,510,3 Dual Cwy,1 <= 20 MPH,3 T/Stag Jun,4 Give Way/Uncontrolled,Unclassified,0,1 Zebra,1 Daylight,1 Fine,1 Road-Dry,0 None,0 None,525110,185560,-0.196772,51.555064,,,Unknown,"(51.555064, -0.196772)",http://opendatacommunities.org/id/london-borough-council/camden,7164,21/12/2020 02:48:40 PM
0115EK40491,CAMDEN,2 Passenger,2 Female,25-59,38,1,3 Slight,-2 Unknown,-2 N/A,6 Bus Or Coach,EUSTON ROAD J/W DUKE'S ROAD,2,15/06/2015 10:01:00 AM,Monday,10.01,1 TLRN,A,501,3 Dual Cwy,3 40 MPH,6 Crossroads,2 Auto Sig,Unclassified,0,5 Pedn Phase At Ats,1 Daylight,1 Fine,1 Road-Dry,0 None,0 None,529840,182640,-0.12966,51.527755,,,Unknown,"(51.527755, -0.12966)",http://opendatacommunities.org/id/london-borough-council/camden,4979,21/12/2020 02:48:36 PM
0115EK40017,CAMDEN,1 Driver/Rider,1 Male,25-59,33,1,3 Slight,-2 Unknown,-2 N/A,3 Powered 2 Wheeler,FARRINGDON ROAD J/W CHARTERHOUSE STREET,1,15/01/2015 08:30:00 AM,Thursday,8.30,1 TLRN,A,201,6 Single Cwy,2 30 MPH,6 Crossroads,2 Auto Sig,B,500,5 Pedn Phase At Ats,1 Daylight,1 Fine,1 Road-Dry,0 None,0 None,531550,181660,-0.10539,51.518552,,,Unknown,"(51.518552, -0.10539)",http://opendatacommunities.org/id/london-borough-council/camden,4597,21/12/2020 02:48:35 PM
0115EK40240,CAMDEN,1 Driver/Rider,2 Female,16-24,21,1,3 Slight,-2 Unknown,-2 N/A,4 Car,AVENUE ROAD J/W ACACIA ROAD,2,25/03/2015 01:00:00 PM,Wednesday,13.00,3 Bor,B,525,6 Single Cwy,2 30 MPH,3 T/Stag Jun,4 Give Way/Uncontrolled,C,0,1 Zebra,1 Daylight,1 Fine,1 Road-Dry,0 None,0 None,527130,183710,-0.168319,51.537987,,,Unknown,"(51.537987, -0.168319)",http://opendatacommunities.org/id/london-borough-council/camden,4770,21/12/2020 02:48:36 PM
1190182841,CAMDEN,1 DRIVER/RIDER,1 MALE,25-59,43,1,3 SLIGHT,'-2 NOT APPLICABLE,'-2 NOT APPLICABLE,3 POWERED 2 WHEELER,"On Highgate Road, near the junction with GORDON HOUSE ROAD.",2,23/05/2019 04:32:00 PM,Thursday,16.32,3 BOR,B,518,6 SINGLE CWY,20,06 CROSSROADS,2 AUTO SIG,5,0,4 PELICAN OR SIMILAR,2 DAYLIGHT,1 FINE,1 ROAD-DRY,0 NONE,0 NONE,528586,185819,-0.146567,51.556611,,,Unknown,"(51.556611, -0.146567)",http://opendatacommunities.org/id/london-borough-council/camden,9036,21/12/2020 02:48:44 PM
0116EK40013,CAMDEN,1 Driver/Rider,2 Female,25-59,29,1,3 Slight,-2 Unknown,-2 N/A,4 Car,FINCHLEY ROAD J/W HILGROVE ROAD,2,23/01/2016 01:10:00 PM,Saturday,13.10,1 TLRN,A,41,3 Dual Cwy,2 30 MPH,6 Crossroads,2 Auto Sig,B,509,5 Pedn Phase At Ats,1 Daylight,1 Fine,1 Road-Dry,0 None,0 None,526630,184100,-0.175384,51.541604,,,Unknown,"(51.541604, -0.175384)",http://opendatacommunities.org/id/london-borough-council/camden,5989,21/12/2020 02:48:38 PM
1170043169,CAMDEN,1 Driver/Rider,1 Male,60+,72,1,3 Slight,-2 Unknown,-2 N/A,4 Car,FINCHLEY ROAD J/W LANGLAND GARDENS,2,15/06/2017 04:44:00 PM,Thursday,16.44,1 TLRN,A,41,3 Dual Cwy,2 30 MPH,3 T/Stag Jun,4 Give Way/Uncontrolled,Unclassified,0,0 No Xing Facility In 50m,1 Daylight,1 Fine,1 Road-Dry,0 None,0 None,525920,185210,-0.18522,51.551738,,,Unknown,"(51.551738, -0.18522)",http://opendatacommunities.org/id/london-borough-council/camden,7046,21/12/2020 02:48:39 PM
1190215590,CAMDEN,3 PEDESTRIAN,1 MALE,25-59,46,1,2 SERIOUS,05 CROSSING ROAD (NOT ON XING),'-2 NOT APPLICABLE,1 PEDESTRIAN,"On KILBURN HIGH ROAD, near the junction with PRIORY PARK ROAD.",1,13/09/2019 07:21:00 AM,Friday,7.21,3 BOR,A,5,6 SINGLE CWY,30,03 T/STAG JUN,4 GIVE WAY/UNCONTROLLED,6,0,5 PEDN PHASE AT ATS,2 DAYLIGHT,1 FINE,1 ROAD-DRY,0 NONE,0 NONE,525184,183946,-0.196279,51.540542,,,Unknown,"(51.540542, -0.196279)",http://opendatacommunities.org/id/london-borough-council/camden,9487,21/12/2020 02:48:44 PM
1190219695,CAMDEN,1 DRIVER/RIDER,1 MALE,25-59,32,1,3 SLIGHT,'-2 NOT APPLICABLE,'-2 NOT APPLICABLE,2 PEDAL CYCLE,"On Shaftesbury Avenue, near the junction with Monmouth Street.",2,20/11/2019 06:45:00 PM,Wednesday,18.45,3 BOR,A,401,6 SINGLE CWY,20,03 T/STAG JUN,4 GIVE WAY/UNCONTROLLED,B,404,1 ZEBRA,2 DAYLIGHT,1 FINE,1 ROAD-DRY,4 ROADWORKS,9 UNKNOWN (S/R),530066,181241,-0.12692,51.51513,,,Unknown,"(51.51513, -0.12692)",http://opendatacommunities.org/id/london-borough-council/camden,9534,21/12/2020 02:48:44 PM
1190166381,CAMDEN,3 PEDESTRIAN,1 MALE,60+,89,1,2 SERIOUS,01 CROSSING ROAD ON PED XING,1 FROM DRIVERS N/SIDE,1 PEDESTRIAN,"ON TAVISTOCK SQUARE, NEAR THE JUNCTION WITH TAVISTOCK PLACE .",1,01/03/2019 08:10:00 PM,Friday,20.10,3 BOR,A,4200,2 ONE-WAY ST,20,06 CROSSROADS,2 AUTO SIG,5,0,5 PEDN PHASE AT ATS,1 DARK,1 FINE,1 ROAD-DRY,0 NONE,0 NONE,529965,182305,-0.127983,51.524715,,,Unknown,"(51.524715, -0.127983)",http://opendatacommunities.org/id/london-borough-council/camden,8811,21/12/2020 02:48:43 PM
1180146203,CAMDEN,1 Driver/Rider,2 Female,Unknown,0,1,3 Slight,-2 Unknown,-2 N/A,2 Pedal Cycle,EVERSHOLT STREET J/W WELLESLEY PLACE,2,17/11/2018 06:50:00 AM,Saturday,6.50,3 Bor,A,4200,3 Dual Cwy,1 <= 20 MPH,3 T/Stag Jun,2 Auto Sig,Unclassified,0,5 Pedn Phase At Ats,2 Dark,1 Fine,1 Road-Dry,0 None,0 None,529700,182670,-0.131666,51.528056,,,Unknown,"(51.528056, -0.131666)",http://opendatacommunities.org/id/london-borough-council/camden,8524,21/12/2020 02:48:43 PM
1190158932,CAMDEN,1 DRIVER/RIDER,2 FEMALE,25-59,32,1,3 SLIGHT,'-2 NOT APPLICABLE,'-2 NOT APPLICABLE,2 PEDAL CYCLE,"On Longord Street, near the junction with Albany street.",2,22/01/2019 06:20:00 PM,Tuesday,18.20,3 BOR,6,0,6 SINGLE CWY,30,03 T/STAG JUN,9 UNKNOWN (S/R),A,4201,9 UNKNOWN (S/R),1 DARK,3 SNOWING,2 ROAD-WET,0 NONE,0 NONE,528842,182382,-0.144133,51.525664,,,Unknown,"(51.525664, -0.144133)",http://opendatacommunities.org/id/london-borough-council/camden,8715,21/12/2020 02:48:43 PM
1180110370,CAMDEN,3 Pedestrian,1 Male,25-59,33,1,2 Serious,06 On Footpath - Verge,9 Unknown Or Other,1 Pedestrian,THEOBALDS ROAD J/W SOUTHAMPTON ROW,1,25/05/2018 01:40:00 PM,Friday,13.40,3 Bor,A,401,6 Single Cwy,1 <= 20 MPH,6 Crossroads,2 Auto Sig,A,4200,1 Zebra,1 Daylight,1 Fine,1 Road-Dry,4 Roadworks,0 None,530480,181700,-0.120788,51.51916,,,Unknown,"(51.51916, -0.120788)",http://opendatacommunities.org/id/london-borough-council/camden,8024,21/12/2020 02:48:42 PM
1180101134,CAMDEN,3 Pedestrian,1 Male,60+,72,1,3 Slight,05 Crossing Road (Not On Xing),1 From Drivers N/Side,1 Pedestrian,CHURCHWAY J/W EUSTON ROAD,1,11/04/2018 12:40:00 PM,Wednesday,12.40,1 TLRN,Unclassified,0,6 Single Cwy,1 <= 20 MPH,6 Crossroads,2 Auto Sig,A,501,5 Pedn Phase At Ats,1 Daylight,1 Fine,1 Road-Dry,0 None,0 None,529830,182650,-0.129801,51.527847,,,Unknown,"(51.527847, -0.129801)",http://opendatacommunities.org/id/london-borough-council/camden,7884,21/12/2020 02:48:41 PM
1170017558,CAMDEN,3 Pedestrian,2 Female,25-59,56,1,1 Fatal,01 Crossing Road On Ped Xing,1 From Drivers N/Side,1 Pedestrian,HAMPSTEAD ROAD 170M N CARDINGTON STREET,1,10/02/2017 11:50:00 AM,Friday,11.50,1 TLRN,A,400,3 Dual Cwy,2 30 MPH,0 No Jun In 20m,-2 Not Applicable,-2 Not Applicable,0,4 Pelican Or Similar,1 Daylight,2 Raining,2 Road-Wet,0 None,0 None,529210,182940,-0.138627,51.530595,,,Unknown,"(51.530595, -0.138627)",http://opendatacommunities.org/id/london-borough-council/camden,6663,21/12/2020 02:48:39 PM
1180118237,CAMDEN,1 Driver/Rider,1 Male,25-59,44,1,3 Slight,-2 Unknown,-2 N/A,2 Pedal Cycle,KENTISH TOWN ROAD J/W HOLMES ROAD,2,02/07/2018 01:38:00 PM,Monday,13.38,3 Bor,A,400,6 Single Cwy,1 <= 20 MPH,3 T/Stag Jun,4 Give Way/Uncontrolled,Unclassified,0,9 Unknown (S/R),1 Daylight,1 Fine,1 Road-Dry,0 None,0 None,528960,185010,-0.141471,51.549255,,,Unknown,"(51.549255, -0.141471)",http://opendatacommunities.org/id/london-borough-council/camden,8141,21/12/2020 02:48:42 PM
0115EK40763,CAMDEN,2 Passenger,1 Male,25-59,34,1,3 Slight,-2 Unknown,-2 N/A,5 Taxi,"EUSTON ROAD, 200 METRES NE OF EUSTON ROAD SLIP ROAD.",4,01/09/2015 04:26:00 PM,Tuesday,16.26,1 TLRN,A,501,3 Dual Cwy,4 50 MPH,0 No Jun In 20m,-2 Not Applicable,-2 Not Applicable,0,0 No Xing Facility In 50m,1 Daylight,1 Fine,1 Road-Dry,0 None,0 None,529260,182330,-0.13813,51.525102,,,Unknown,"(51.525102, -0.13813)",http://opendatacommunities.org/id/london-borough-council/camden,5232,21/12/2020 02:48:37 PM
1180120848,CAMDEN,3 Pedestrian,2 Female,25-59,38,1,3 Slight,01 Crossing Road On Ped Xing,1 From Drivers N/Side,1 Pedestrian,KENTISH TOWN ROAD J/W HAWLEY ROAD,1,13/07/2018 08:16:00 PM,Friday,20.16,3 Bor,A,400,6 Single Cwy,1 <= 20 MPH,6 Crossroads,2 Auto Sig,C,0,4 Pelican Or Similar,2 Dark,2 Raining,2 Road-Wet,0 None,1 Vehicle Load In Cwy,528950,184270,-0.141886,51.542607,,,Unknown,"(51.542607, -0.141886)",http://opendatacommunities.org/id/london-borough-council/camden,8177,21/12/2020 02:48:42 PM
1180126951,CAMDEN,1 Driver/Rider,1 Male,25-59,35,1,3 Slight,-2 Unknown,-2 N/A,3 Powered 2 Wheeler,SPRINGFIELD LANE J/W SPRINGFIELD WALK,2,12/08/2018 09:15:00 PM,Sunday,21.15,3 Bor,Unclassified,0,6 Single Cwy,1 <= 20 MPH,99 Unknown (S/R),9 Unknown (S/R),Unclassified,0,0 No Xing Facility In 50m,1 Daylight,8 Other,1 Road-Dry,0 None,0 None,525550,183560,-0.191142,51.536992,,,Unknown,"(51.536992, -0.191142)",http://opendatacommunities.org/id/london-borough-council/camden,8246,21/12/2020 02:48:42 PM
0115EK40305,CAMDEN,1 Driver/Rider,2 Female,25-59,33,1,3 Slight,-2 Unknown,-2 N/A,4 Car,GOODGE STREET J/W WHITEFIELD STREET,5,19/04/2015 11:49:00 AM,Sunday,11.49,3 Bor,B,506,6 Single Cwy,2 30 MPH,6 Crossroads,2 Auto Sig,Unclassified,0,5 Pedn Phase At Ats,1 Daylight,1 Fine,1 Road-Dry,0 None,0 None,529530,181760,-0.13445,51.519917,,,Unknown,"(51.519917, -0.13445)",http://opendatacommunities.org/id/london-borough-council/camden,4825,21/12/2020 02:48:36 PM
0115EK41022,CAMDEN,1 Driver/Rider,2 Female,25-59,26,1,3 Slight,-2 Unknown,-2 N/A,2 Pedal Cycle,CAMDEN HIGH STREET J/W GREENLAND ROAD.,2,06/11/2015 08:55:00 AM,Friday,8.55,1 TLRN,A,400,6 Single Cwy,2 30 MPH,7 Multi Jun,2 Auto Sig,A,502,5 Pedn Phase At Ats,1 Daylight,1 Fine,1 Road-Dry,0 None,0 None,528920,183870,-0.142465,51.539019,,,Unknown,"(51.539019, -0.142465)",http://opendatacommunities.org/id/london-borough-council/camden,5442,21/12/2020 02:48:37 PM
1180115363,CAMDEN,1 Driver/Rider,2 Female,16-24,23,1,3 Slight,-2 Unknown,-2 N/A,2 Pedal Cycle,BAYHAM STREET J/W PLENDER STREET,2,19/06/2018 06:30:00 PM,Tuesday,18.30,3 Bor,C,0,2 One-Way St,1 <= 20 MPH,6 Crossroads,4 Give Way/Uncontrolled,Unclassified,0,1 Zebra,1 Daylight,1 Fine,1 Road-Dry,0 None,0 None,529190,183560,-0.138688,51.536172,,,Unknown,"(51.536172, -0.138688)",http://opendatacommunities.org/id/london-borough-council/camden,8087,21/12/2020 02:48:42 PM
0115EK40386,CAMDEN,1 Driver/Rider,1 Male,25-59,40,1,3 Slight,-2 Unknown,-2 N/A,2 Pedal Cycle,CAMDEN ROAD J/W BONNY STREET,2,15/05/2015 02:00:00 PM,Friday,14.00,1 TLRN,A,503,6 Single Cwy,2 30 MPH,3 T/Stag Jun,2 Auto Sig,Unclassified,0,5 Pedn Phase At Ats,1 Daylight,1 Fine,1 Road-Dry,0 None,0 None,529180,184160,-0.138612,51.541566,,,Unknown,"(51.541566, -0.138612)",http://opendatacommunities.org/id/london-borough-council/camden,4888,21/12/2020 02:48:36 PM
0115EK40685,CAMDEN,1 Driver/Rider,2 Female,Unknown,0,1,3 Slight,-2 Unknown,-2 N/A,4 Car,THEOBALD'S ROAD J/W GRAY'S INN ROAD,2,09/08/2015 05:50:00 AM,Sunday,5.50,3 Bor,A,401,6 Single Cwy,2 30 MPH,6 Crossroads,2 Auto Sig,A,5200,5 Pedn Phase At Ats,1 Daylight,1 Fine,1 Road-Dry,0 None,0 None,530980,181970,-0.113485,51.521471,,,Unknown,"(51.521471, -0.113485)",http://opendatacommunities.org/id/london-borough-council/camden,5158,21/12/2020 02:48:36 PM
1190210822,CAMDEN,1 DRIVER/RIDER,1 MALE,60+,62,1,3 SLIGHT,'-2 NOT APPLICABLE,'-2 NOT APPLICABLE,3 POWERED 2 WHEELER,"On Kiln Place, near the junction with Grafton Road.",2,10/10/2019 11:15:00 AM,Thursday,11.15,3 BOR,5,0,2 ONE-WAY ST,30,03 T/STAG JUN,4 GIVE WAY/UNCONTROLLED,6,0,0 NO XING FACILITY IN 50M,2 DAYLIGHT,1 FINE,1 ROAD-DRY,0 NONE,0 NONE,528264,185431,-0.15135,51.553197,,,Unknown,"(51.553197, -0.15135)",http://opendatacommunities.org/id/london-borough-council/camden,9419,21/12/2020 02:48:44 PM
0115QK50910,CAMDEN,1 Driver/Rider,1 Male,25-59,57,1,3 Slight,-2 Unknown,-2 N/A,3 Powered 2 Wheeler,KILBURN HIGH RD J/W BRONDESBURY RD,2,17/09/2015 11:13:00 PM,Thursday,23.13,3 Bor,A,5,6 Single Cwy,2 30 MPH,3 T/Stag Jun,4 Give Way/Uncontrolled,B,451,4 Pelican Or Similar,2 Dark,1 Fine,1 Road-Dry,0 None,0 None,525340,183710,-0.194115,51.538387,,,Unknown,"(51.538387, -0.194115)",http://opendatacommunities.org/id/london-borough-council/camden,5626,21/12/2020 02:48:37 PM
1160001119,CAMDEN,1 Driver/Rider,1 Male,25-59,40,1,3 Slight,-2 Unknown,-2 N/A,3 Powered 2 Wheeler,GOWER STREET J/W CHENIES STREET,2,11/11/2016 08:16:00 AM,Friday,8.16,3 Bor,A,400,3 Dual Cwy,1 <= 20 MPH,6 Crossroads,2 Auto Sig,Unclassified,0,5 Pedn Phase At Ats,1 Daylight,1 Fine,1 Road-Dry,0 None,0 None,529750,181880,-0.131237,51.520945,,,Unknown,"(51.520945, -0.131237)",http://opendatacommunities.org/id/london-borough-council/camden,5659,21/12/2020 02:48:37 PM
1180148409,CAMDEN,1 Driver/Rider,2 Female,25-59,28,1,2 Serious,-2 Unknown,-2 N/A,2 Pedal Cycle,HATTON GARDEN J/W ST CROSS STREET,2,27/11/2018 08:44:00 PM,Tuesday,20.44,3 Bor,B,521,6 Single Cwy,2 30 MPH,6 Crossroads,4 Give Way/Uncontrolled,Unclassified,0,0 No Xing Facility In 50m,2 Dark,2 Raining,2 Road-Wet,0 None,0 None,531320,181870,-0.108624,51.520493,,,Unknown,"(51.520493, -0.108624)",http://opendatacommunities.org/id/london-borough-council/camden,8566,21/12/2020 02:48:43 PM
1180134951,CAMDEN,2 Passenger,2 Female,25-59,39,1,2 Serious,-2 Unknown,-2 N/A,3 Powered 2 Wheeler,BLOOMSBURY WAY J/W BURY PLACE,2,25/09/2018 06:00:00 AM,Tuesday,6.00,3 Bor,A,40,6 Single Cwy,1 <= 20 MPH,6 Crossroads,2 Auto Sig,Unclassified,0,0 No Xing Facility In 50m,1 Daylight,1 Fine,1 Road-Dry,0 None,0 None,530280,181550,-0.123724,51.517858,,,Unknown,"(51.517858, -0.123724)",http://opendatacommunities.org/id/london-borough-council/camden,8352,21/12/2020 02:48:42 PM
1180136313,CAMDEN,1 Driver/Rider,1 Male,25-59,38,1,3 Slight,-2 Unknown,-2 N/A,2 Pedal Cycle,AVENUE ROAD NW8 J/W ELSWORTHY ROAD NW3,2,02/10/2018 09:41:00 AM,Tuesday,9.41,3 Bor,B,525,6 Single Cwy,1 <= 20 MPH,3 T/Stag Jun,4 Give Way/Uncontrolled,Unclassified,0,4 Pelican Or Similar,1 Daylight,1 Fine,2 Road-Wet,0 None,0 None,526960,183830,-0.170726,51.539103,,,Unknown,"(51.539103, -0.170726)",http://opendatacommunities.org/id/london-borough-council/camden,8373,21/12/2020 02:48:42 PM
1160004580,CAMDEN,1 Driver/Rider,2 Female,16-24,24,1,3 Slight,-2 Unknown,-2 N/A,4 Car,CROFTDOWN ROAD J/W HIGHGATE ROAD,2,14/11/2016 08:38:00 AM,Monday,8.38,3 Bor,C,0,9 Unknown,1 <= 20 MPH,3 T/Stag Jun,9 Unknown (S/R),Unclassified,0,1 Zebra,1 Daylight,8 Other,1 Road-Dry,0 None,0 None,528420,186110,-0.148853,51.559264,,,Unknown,"(51.559264, -0.148853)",http://opendatacommunities.org/id/london-borough-council/camden,5720,21/12/2020 02:48:37 PM
0115EK40131,CAMDEN,1 Driver/Rider,1 Male,25-59,56,1,3 Slight,-2 Unknown,-2 N/A,5 Taxi,NEW OXFORD STREET J/W CHARING CROSS ROAD,2,20/02/2015 04:14:00 AM,Friday,4.14,3 Bor,A,40,6 Single Cwy,2 30 MPH,6 Crossroads,2 Auto Sig,A,40,5 Pedn Phase At Ats,2 Dark,2 Raining,2 Road-Wet,0 None,0 None,529820,181380,-0.130412,51.516436,,,Unknown,"(51.516436, -0.130412)",http://opendatacommunities.org/id/london-borough-council/camden,4683,21/12/2020 02:48:36 PM
0115EK40750,CAMDEN,1 Driver/Rider,2 Female,25-59,35,1,3 Slight,-2 Unknown,-2 N/A,3 Powered 2 Wheeler,UPPER WOBURN PLACE 30M SE OF ENDSLEIGH GARDENS,2,27/08/2015 04:55:00 AM,Thursday,4.55,3 Bor,A,4200,6 Single Cwy,2 30 MPH,0 No Jun In 20m,-2 Not Applicable,-2 Not Applicable,0,0 No Xing Facility In 50m,2 Dark,1 Fine,1 Road-Dry,0 None,0 None,529810,182520,-0.130137,51.526683,,,Unknown,"(51.526683, -0.130137)",http://opendatacommunities.org/id/london-borough-council/camden,5214,21/12/2020 02:48:37 PM
0116EK40512,CAMDEN,2 Passenger,2 Female,60+,76,1,2 Serious,-2 Unknown,-2 N/A,4 Car,EAST HEATH ROAD J/W WELL WALK,2,01/07/2016 08:45:00 AM,Friday,8.45,3 Bor,C,0,6 Single Cwy,2 30 MPH,3 T/Stag Jun,4 Give Way/Uncontrolled,Unclassified,0,0 No Xing Facility In 50m,1 Daylight,1 Fine,1 Road-Dry,0 None,0 None,526770,186170,-0.172621,51.560176,,,Unknown,"(51.560176, -0.172621)",http://opendatacommunities.org/id/london-borough-council/camden,6420,21/12/2020 02:48:38 PM
0115EK40661,CAMDEN,2 Passenger,2 Female,60+,65,1,2 Serious,-2 Unknown,-2 N/A,6 Bus Or Coach,WOBURN PLACE 40M SE OF TAVISTOCK PLACE,1,03/08/2015 01:12:00 PM,Monday,13.12,3 Bor,A,4200,6 Single Cwy,2 30 MPH,0 No Jun In 20m,-2 Not Applicable,-2 Not Applicable,0,0 No Xing Facility In 50m,1 Daylight,1 Fine,1 Road-Dry,0 None,0 None,529990,182270,-0.127636,51.524395,,,Unknown,"(51.524395, -0.127636)",http://opendatacommunities.org/id/london-borough-council/camden,5134,21/12/2020 02:48:36 PM