Reference,London Borough Name,Casualty Class,Casualty Sex,Casualty Age Band,Casualty Age,Number Of Casualties,Casualty Severity,Pedestrian Location,Pedestrian Movement,Mode Of Travel,Attendant Location,Number Of Vehicles,Date,Day,Time,Highway,Road Class 1,Road Number 1,Road Type,Speed Limit,Junction Detail,Junction Control,Road Class 2,Road Number 2,Pedestrian Crossing,Light Condition Band,Weather,Road Surface,Special Conditions,Carriage Way Hazard,Easting,Northing,Longitude,Latitude,Ward Code,Ward Name,Spatial Accuracy,Location,Organisation URI,Socrata ID,Last Uploaded
1190200375,CAMDEN,3 PEDESTRIAN,2 FEMALE,16-24,17,1,3 SLIGHT,05 CROSSING ROAD (NOT ON XING),'-2 NOT APPLICABLE,1 PEDESTRIAN,"On Bloomsbury Way, near the junction with Museum Street.",1,19/08/2019 11:45:00 AM,Monday,11.45,3 BOR,A,40,6 SINGLE CWY,20,06 CROSSROADS,2 AUTO SIG,6,0,5 PEDN PHASE AT ATS,2 DAYLIGHT,1 FINE,1 ROAD-DRY,0 NONE,0 NONE,530246,181499,-0.124233,51.517407,,,Unknown,"(51.517407, -0.124233)",http://opendatacommunities.org/id/london-borough-council/camden,9287,21/12/2020 02:48:44 PM
1190166370,CAMDEN,1 DRIVER/RIDER,1 MALE,25-59,52,1,2 SERIOUS,'-2 NOT APPLICABLE,'-2 NOT APPLICABLE,2 PEDAL CYCLE,"On Bloomsbury Street, WC1, near the junction with New Oxford Street, WC1.",2,01/03/2019 03:40:00 PM,Friday,15.40,3 BOR,A,400,2 ONE-WAY ST,20,06 CROSSROADS,2 AUTO SIG,A,40,5 PEDN PHASE AT ATS,2 DAYLIGHT,1 FINE,1 ROAD-DRY,0 NONE,0 NONE,530062,181440,-0.126905,51.516919,,,Unknown,"(51.516919, -0.126905)",http://opendatacommunities.org/id/london-borough-council/camden,8810,21/12/2020 02:48:43 PM
1180098018,CAMDEN,1 Driver/Rider,1 Male,25-59,47,1,3 Slight,-2 Unknown,-2 N/A,2 Pedal Cycle,WEST END LANE 73M S OF J/W BLACKBURN ROAD,1,24/03/2018 02:00:00 AM,Saturday,2.00,3 Bor,B,510,3 Dual Cwy,1 <= 20 MPH,0 No Jun In 20m,-2 Not Applicable,-2 Not Applicable,0,5 Pedn Phase At Ats,2 Dark,2 Raining,2 Road-Wet,0 None,0 None,525520,184587,-0.191208,51.546228,,,Unknown,"(51.546228, -0.191208)",http://opendatacommunities.org/id/london-borough-council/camden,7835,21/12/2020 02:48:41 PM
1190159634,CAMDEN,3 PEDESTRIAN,2 FEMALE,16-24,21,1,3 SLIGHT,08 IN CENTRE OF CARRIAGEWAY,1 FROM DRIVERS N/SIDE,1 PEDESTRIAN,NFL CHALK FARM ROAD 70M W Ferdinand St,1,26/01/2019 01:25:00 AM,Saturday,1.25,3 BOR,A,502,6 SINGLE CWY,20,08 PRIV DRIVE,2 AUTO SIG,6,0,8 CENTRAL REFUGE,1 DARK,1 FINE,1 ROAD-DRY,0 NONE,0 NONE,528386,184337,-0.14999,51.543338,,,Unknown,"(51.543338, -0.14999)",http://opendatacommunities.org/id/london-borough-council/camden,8725,21/12/2020 02:48:43 PM
1160024230,CAMDEN,1 Driver/Rider,1 Male,25-59,36,1,3 Slight,-2 Unknown,-2 N/A,2 Pedal Cycle,WEST END LANE J/W BLACKBURN ROAD,2,17/10/2016 10:00:00 AM,Monday,10.00,3 Bor,B,510,6 Single Cwy,2 30 MPH,3 T/Stag Jun,4 Give Way/Uncontrolled,Unclassified,0,4 Pelican Or Similar,1 Daylight,1 Fine,1 Road-Dry,0 None,0 None,525520,184680,-0.191175,51.547064,,,Unknown,"(51.547064, -0.191175)",http://opendatacommunities.org/id/london-borough-council/camden,5884,21/12/2020 02:48:38 PM
1170038143,CAMDEN,1 Driver/Rider,2 Female,16-24,24,1,3 Slight,-2 Unknown,-2 N/A,4 Car,FINCHLEY ROAD J/W FORTUNE GREEN ROAD,2,08/05/2017 06:00:00 PM,Monday,18.00,1 TLRN,A,41,6 Single Cwy,2 30 MPH,3 T/Stag Jun,2 Auto Sig,B,510,9 Unknown (S/R),1 Daylight,1 Fine,9 Unknown (S/R),0 None,0 None,525170,185820,-0.195815,51.557387,,,Unknown,"(51.557387, -0.195815)",http://opendatacommunities.org/id/london-borough-council/camden,6977,21/12/2020 02:48:39 PM
0115EK40074,CAMDEN,3 Pedestrian,1 Male,25-59,26,1,2 Serious,04 Crossing Road Within 50m Xing,1 From Drivers N/Side,1 Pedestrian,ROYAL COLLEGE STREET J/W CAMDEN ROAD,1,01/02/2015 03:42:00 AM,Sunday,3.42,1 TLRN,A,5202,2 One-Way St,2 30 MPH,6 Crossroads,2 Auto Sig,A,503,5 Pedn Phase At Ats,2 Dark,6 Snowing/High Winds,4 Road-Frost/Ice,0 None,0 None,529190,184180,-0.13846,51.541743,,,Unknown,"(51.541743, -0.13846)",http://opendatacommunities.org/id/london-borough-council/camden,4640,21/12/2020 02:48:35 PM
1180139516,CAMDEN,3 Pedestrian,2 Female,16-24,18,1,3 Slight,05 Crossing Road (Not On Xing),1 From Drivers N/Side,1 Pedestrian,TOTTENHAM COURT ROAD 20M S OF J/W BAYLEY STREET,1,16/10/2018 06:32:00 PM,Tuesday,18.32,3 Bor,A,400,2 One-Way St,2 30 MPH,9 Other Jun,1 Auth Person,A,400,5 Pedn Phase At Ats,2 Dark,1 Fine,1 Road-Dry,0 None,0 None,529770,181470,-0.1311,51.517256,,,Unknown,"(51.517256, -0.1311)",http://opendatacommunities.org/id/london-borough-council/camden,8438,21/12/2020 02:48:43 PM
0116EK40347,CAMDEN,1 Driver/Rider,1 Male,25-59,49,1,3 Slight,-2 Unknown,-2 N/A,2 Pedal Cycle,FORTUNE GREEN ROAD J/W ACHILLES ROAD,2,17/05/2016 09:05:00 AM,Tuesday,9.05,3 Bor,B,510,6 Single Cwy,2 30 MPH,3 T/Stag Jun,4 Give Way/Uncontrolled,Unclassified,0,0 No Xing Facility In 50m,1 Daylight,1 Fine,1 Road-Dry,0 None,0 None,525120,185460,-0.196664,51.554163,,,Unknown,"(51.554163, -0.196664)",http://opendatacommunities.org/id/london-borough-council/camden,6275,21/12/2020 02:48:38 PM
1160003831,CAMDEN,1 Driver/Rider,2 Female,25-59,29,1,2 Serious,-2 Unknown,-2 N/A,2 Pedal Cycle,HIGHGATE WEST HILL J/W MILLFIELD LANE,2,28/11/2016 08:00:00 PM,Monday,20.00,3 Bor,C,0,6 Single Cwy,1 <= 20 MPH,6 Crossroads,2 Auto Sig,Unclassified,0,0 No Xing Facility In 50m,2 Dark,1 Fine,1 Road-Dry,0 None,0 None,528150,186540,-0.15259,51.563189,,,Unknown,"(51.563189, -0.15259)",http://opendatacommunities.org/id/london-borough-council/camden,5709,21/12/2020 02:48:37 PM
0115EK40698,CAMDEN,2 Passenger,2 Female,0-15,14,1,3 Slight,-2 Unknown,-2 N/A,6 Bus Or Coach,EVERSHOLT STREET J/W GRAFTON PLACE,1,10/08/2015 04:35:00 PM,Monday,16.35,3 Bor,A,4200,6 Single Cwy,2 30 MPH,3 T/Stag Jun,2 Auto Sig,A,4200,5 Pedn Phase At Ats,1 Daylight,1 Fine,1 Road-Dry,0 None,0 None,529710,182650,-0.13153,51.527874,,,Unknown,"(51.527874, -0.13153)",http://opendatacommunities.org/id/london-borough-council/camden,5174,21/12/2020 02:48:36 PM
1180137724,CAMDEN,1 Driver/Rider,1 Male,25-59,25,1,3 Slight,-2 Unknown,-2 N/A,2 Pedal Cycle,GRAYS INN ROAD J/W GUILDFORD STREET,2,08/10/2018 07:41:00 PM,Monday,19.41,3 Bor,A,5200,3 Dual Cwy,1 <= 20 MPH,6 Crossroads,4 Give Way/Uncontrolled,B,502,5 Pedn Phase At Ats,2 Dark,1 Fine,1 Road-Dry,0 None,0 None,530800,182280,-0.115963,51.524298,,,Unknown,"(51.524298, -0.115963)",http://opendatacommunities.org/id/london-borough-council/camden,8403,21/12/2020 02:48:42 PM
1170010847,CAMDEN,1 Driver/Rider,1 Male,25-59,28,1,3 Slight,-2 Unknown,-2 N/A,2 Pedal Cycle,LEIGHTON ROAD NW5 10M N OF J/W LEIGHTON GROVE NW5,2,10/01/2017 06:20:00 PM,Tuesday,18.20,3 Bor,Unclassified,0,6 Single Cwy,1 <= 20 MPH,9 Other Jun,4 Give Way/Uncontrolled,Unclassified,0,1 Zebra,2 Dark,2 Raining,2 Road-Wet,0 None,0 None,529450,185290,-0.134305,51.551659,,,Unknown,"(51.551659, -0.134305)",http://opendatacommunities.org/id/london-borough-council/camden,6571,21/12/2020 02:48:39 PM
1180126641,CAMDEN,1 Driver/Rider,1 Male,16-24,23,1,3 Slight,-2 Unknown,-2 N/A,4 Car,SWINTON STREET 50M E OF J/W GRAYS INN ROAD,1,12/08/2018 11:00:00 PM,Sunday,23.00,1 TLRN,A,501,2 One-Way St,2 30 MPH,0 No Jun In 20m,-2 Not Applicable,-2 Not Applicable,0,0 No Xing Facility In 50m,2 Dark,2 Raining,2 Road-Wet,0 None,0 None,530590,182780,-0.118803,51.52884,,,Unknown,"(51.52884, -0.118803)",http://opendatacommunities.org/id/london-borough-council/camden,8243,21/12/2020 02:48:42 PM
1180135656,CAMDEN,3 Pedestrian,1 Male,60+,73,1,3 Slight,05 Crossing Road (Not On Xing),1 From Drivers N/Side,1 Pedestrian,KILBURN HIGH ROAD J/W BRONDESBURY VILLA,1,28/09/2018 02:09:00 PM,Friday,14.09,3 Bor,A,5,3 Dual Cwy,2 30 MPH,3 T/Stag Jun,4 Give Way/Uncontrolled,Unclassified,0,0 No Xing Facility In 50m,1 Daylight,1 Fine,1 Road-Dry,0 None,0 None,525400,183620,-0.193282,51.537565,,,Unknown,"(51.537565, -0.193282)",http://opendatacommunities.org/id/london-borough-council/camden,8361,21/12/2020 02:48:42 PM
1180126578,CAMDEN,3 Pedestrian,1 Male,60+,74,1,3 Slight,01 Crossing Road On Ped Xing,1 From Drivers N/Side,1 Pedestrian,MANSFIELD ROAD 21M W OF J/W ESTELLE ROAD,1,12/08/2018 10:35:00 AM,Sunday,10.35,3 Bor,B,518,6 Single Cwy,2 30 MPH,0 No Jun In 20m,-2 Not Applicable,-2 Not Applicable,0,1 Zebra,1 Daylight,1 Fine,1 Road-Dry,0 None,0 None,528028,185512,-0.154723,51.553978,,,Unknown,"(51.553978, -0.154723)",http://opendatacommunities.org/id/london-borough-council/camden,8242,21/12/2020 02:48:42 PM
1180137918,CAMDEN,1 Driver/Rider,1 Male,60+,63,1,3 Slight,-2 Unknown,-2 N/A,5 Taxi,CAMDEN ROAD J/W TORRIANO AVE,2,07/10/2018 11:23:00 PM,Sunday,23.23,1 TLRN,A,503,6 Single Cwy,2 30 MPH,6 Crossroads,2 Auto Sig,A,5200,5 Pedn Phase At Ats,1 Daylight,1 Fine,1 Road-Dry,0 None,0 None,529750,184870,-0.130135,51.547816,,,Unknown,"(51.547816, -0.130135)",http://opendatacommunities.org/id/london-borough-council/camden,8406,21/12/2020 02:48:42 PM
1170034537,CAMDEN,1 Driver/Rider,1 Male,16-24,19,1,3 Slight,-2 Unknown,-2 N/A,2 Pedal Cycle,HAMPSTEAD ROAD J/W ROBERT STREET,2,28/04/2017 06:50:00 PM,Friday,18.50,1 TLRN,A,400,6 Single Cwy,1 <= 20 MPH,3 T/Stag Jun,4 Give Way/Uncontrolled,Unclassified,0,5 Pedn Phase At Ats,1 Daylight,1 Fine,1 Road-Dry,0 None,0 None,529219,182712,-0.138581,51.528544,,,Unknown,"(51.528544, -0.138581)",http://opendatacommunities.org/id/london-borough-council/camden,6927,21/12/2020 02:48:39 PM
1170066626,CAMDEN,1 Driver/Rider,2 Female,25-59,29,1,3 Slight,-2 Unknown,-2 N/A,2 Pedal Cycle,THEOBALDS ROAD J/W LAMBS CONDUIT STREET,3,26/10/2017 11:16:00 AM,Thursday,11.16,3 Bor,A,401,6 Single Cwy,1 <= 20 MPH,6 Crossroads,2 Auto Sig,C,0,5 Pedn Phase At Ats,1 Daylight,2 Raining,2 Road-Wet,0 None,0 None,530700,181840,-0.117567,51.520367,,,Unknown,"(51.520367, -0.117567)",http://opendatacommunities.org/id/london-borough-council/camden,7456,21/12/2020 02:48:40 PM
1190156136,CAMDEN,1 DRIVER/RIDER,1 MALE,25-59,35,1,3 SLIGHT,'-2 NOT APPLICABLE,'-2 NOT APPLICABLE,2 PEDAL CYCLE,"On West End Lane, 50 metres south of the junction with Sumatra Road.",2,07/01/2019 08:10:00 AM,Monday,8.10,3 BOR,B,510,2 ONE-WAY ST,20,00 NO JUN IN 20M,,0,0,1 ZEBRA,2 DAYLIGHT,8 OTHER,1 ROAD-DRY,0 NONE,0 NONE,525523,184869,-0.191064,51.548762,,,Unknown,"(51.548762, -0.191064)",http://opendatacommunities.org/id/london-borough-council/camden,8673,21/12/2020 02:48:43 PM
0116EK40174,CAMDEN,1 Driver/Rider,2 Female,25-59,30,1,3 Slight,-2 Unknown,-2 N/A,2 Pedal Cycle,GREENLAND RD J/W CAMDEN STREET,2,21/03/2016 07:45:00 PM,Monday,19.45,1 TLRN,Unclassified,0,6 Single Cwy,2 30 MPH,3 T/Stag Jun,4 Give Way/Uncontrolled,A,400,0 No Xing Facility In 50m,2 Dark,1 Fine,1 Road-Dry,0 None,0 None,529120,183960,-0.13955,51.539782,,,Unknown,"(51.539782, -0.13955)",http://opendatacommunities.org/id/london-borough-council/camden,6124,21/12/2020 02:48:38 PM
1190170781,CAMDEN,2 PASSENGER,2 FEMALE,25-59,41,1,3 SLIGHT,'-2 NOT APPLICABLE,'-2 NOT APPLICABLE,4 CAR,"Location uncertain Mutrix Road, 30 metres junction with quex road",2,23/03/2019 02:17:00 PM,Saturday,14.17,3 BOR,6,0,6 SINGLE CWY,20,00 NO JUN IN 20M,,0,0,0 NO XING FACILITY IN 50M,2 DAYLIGHT,1 FINE,1 ROAD-DRY,0 NONE,0 NONE,525388,183908,-0.193353,51.540155,,,Unknown,"(51.540155, -0.193353)",http://opendatacommunities.org/id/london-borough-council/camden,8866,21/12/2020 02:48:43 PM
0116EK40014,CAMDEN,2 Passenger,2 Female,16-24,23,1,3 Slight,-2 Unknown,-2 N/A,4 Car,HEATH STREET J/W NEW END,2,23/01/2016 02:00:00 AM,Saturday,2.00,3 Bor,A,502,6 Single Cwy,2 30 MPH,3 T/Stag Jun,4 Give Way/Uncontrolled,Unclassified,0,1 Zebra,2 Dark,1 Fine,1 Road-Dry,0 None,0 None,526360,186010,-0.17859,51.55883,,,Unknown,"(51.55883, -0.17859)",http://opendatacommunities.org/id/london-borough-council/camden,5992,21/12/2020 02:48:38 PM
1190162884,CAMDEN,1 DRIVER/RIDER,2 FEMALE,16-24,21,1,3 SLIGHT,'-2 NOT APPLICABLE,'-2 NOT APPLICABLE,4 CAR,"On Leverton Street, near the junction with Ascham Street.",2,11/02/2019 11:11:00 PM,Monday,23.11,3 BOR,6,0,6 SINGLE CWY,30,06 CROSSROADS,3 STOP SIGN,6,0,8 CENTRAL REFUGE,1 DARK,1 FINE,1 ROAD-DRY,0 NONE,0 NONE,529090,185423,-0.139446,51.552937,,,Unknown,"(51.552937, -0.139446)",http://opendatacommunities.org/id/london-borough-council/camden,8775,21/12/2020 02:48:43 PM
0116EK40196,CAMDEN,1 Driver/Rider,1 Male,16-24,20,1,3 Slight,-2 Unknown,-2 N/A,3 Powered 2 Wheeler,CHALK FARM ROAD J/W HARTLAND ROAD,2,01/04/2016 04:15:00 PM,Friday,16.15,3 Bor,A,502,6 Single Cwy,2 30 MPH,3 T/Stag Jun,4 Give Way/Uncontrolled,Unclassified,0,0 No Xing Facility In 50m,1 Daylight,1 Fine,1 Road-Dry,0 None,0 None,528570,184250,-0.14737,51.542514,,,Unknown,"(51.542514, -0.14737)",http://opendatacommunities.org/id/london-borough-council/camden,6141,21/12/2020 02:48:38 PM
0116EK40128,CAMDEN,1 Driver/Rider,1 Male,16-24,24,1,3 Slight,-2 Unknown,-2 N/A,3 Powered 2 Wheeler,JAMESTOWN RD 38M SOUTH WEST OF J/W CAMDEN HIGH STREET,1,04/03/2016 10:15:00 PM,Friday,22.15,3 Bor,C,0,6 Single Cwy,1 <= 20 MPH,0 No Jun In 20m,-2 Not Applicable,-2 Not Applicable,0,5 Pedn Phase At Ats,2 Dark,1 Fine,1 Road-Dry,0 None,0 None,528760,184030,-0.144712,51.540494,,,Unknown,"(51.540494, -0.144712)",http://opendatacommunities.org/id/london-borough-council/camden,6085,21/12/2020 02:48:38 PM
1180090514,CAMDEN,3 Pedestrian,2 Female,16-24,19,1,3 Slight,01 Crossing Road On Ped Xing,1 From Drivers N/Side,1 Pedestrian,PENTONVILLE ROAD J/W KINGS CROSS ROAD,1,15/02/2018 10:20:00 PM,Thursday,22.20,1 TLRN,A,501,2 One-Way St,1 <= 20 MPH,7 Multi Jun,2 Auto Sig,A,501,1 Zebra,2 Dark,1 Fine,1 Road-Dry,0 None,0 None,530540,183014,-0.119437,51.530955,,,Unknown,"(51.530955, -0.119437)",http://opendatacommunities.org/id/london-borough-council/camden,7754,21/12/2020 02:48:41 PM
1160025062,CAMDEN,1 Driver/Rider,1 Male,25-59,38,1,3 Slight,-2 Unknown,-2 N/A,3 Powered 2 Wheeler,WEST END LANE J/W LYMINGTON ROAD,2,30/10/2016 07:40:00 PM,Sunday,19.40,3 Bor,B,510,6 Single Cwy,2 30 MPH,3 T/Stag Jun,4 Give Way/Uncontrolled,Unclassified,0,0 No Xing Facility In 50m,2 Dark,1 Fine,1 Road-Dry,0 None,0 None,525490,184930,-0.191518,51.549318,,,Unknown,"(51.549318, -0.191518)",http://opendatacommunities.org/id/london-borough-council/camden,5944,21/12/2020 02:48:38 PM
1180090203,CAMDEN,3 Pedestrian,2 Female,25-59,30,1,2 Serious,05 Crossing Road (Not On Xing),2 From Drivers N/Side Msk,1 Pedestrian,ABERDARE GARDENS 50M W OF J/W FAIRHAZEL GARDENS,1,14/02/2018 06:45:00 PM,Wednesday,18.45,3 Bor,Unclassified,0,3 Dual Cwy,1 <= 20 MPH,0 No Jun In 20m,-2 Not Applicable,-2 Not Applicable,0,0 No Xing Facility In 50m,2 Dark,5 Raining/High Winds,2 Road-Wet,0 None,0 None,526130,184220,-0.182547,51.542794,,,Unknown,"(51.542794, -0.182547)",http://opendatacommunities.org/id/london-borough-council/camden,7751,21/12/2020 02:48:41 PM
1160012770,CAMDEN,1 Driver/Rider,1 Male,25-59,44,1,3 Slight,-2 Unknown,-2 N/A,6 Bus Or Coach,"ON TAVISTOCK SQUARE, NEAR THE JUNCTION WITH TAVISTOCK PLACE .",2,20/09/2016 05:20:00 AM,Tuesday,5.20,3 Bor,A,4200,6 Single Cwy,2 30 MPH,6 Crossroads,2 Auto Sig,C,0,5 Pedn Phase At Ats,2 Dark,1 Fine,1 Road-Dry,0 None,0 None,529960,182320,-0.128049,51.524851,,,Unknown,"(51.524851, -0.128049)",http://opendatacommunities.org/id/london-borough-council/camden,5860,21/12/2020 02:48:38 PM
1170031950,CAMDEN,1 Driver/Rider,1 Male,25-59,38,1,3 Slight,-2 Unknown,-2 N/A,3 Powered 2 Wheeler,KING'S CROSS ROAD J/W PENTONVILLE ROAD,1,12/04/2017 10:52:00 PM,Wednesday,22.52,1 TLRN,A,501,2 One-Way St,1 <= 20 MPH,3 T/Stag Jun,2 Auto Sig,A,501,5 Pedn Phase At Ats,2 Dark,1 Fine,1 Road-Dry,0 None,0 None,530530,183000,-0.119586,51.530831,,,Unknown,"(51.530831, -0.119586)",http://opendatacommunities.org/id/london-borough-council/camden,6880,21/12/2020 02:48:39 PM
1170076157,CAMDEN,3 Pedestrian,2 Female,16-24,19,1,2 Serious,02 Crossing Road In Zig-Zag App,3 From Drivers O/Side,1 Pedestrian,EVERSHOLT STREET 5M N OF J/W PHOENIX ROAD,1,07/12/2017 05:11:00 PM,Thursday,17.11,3 Bor,A,4200,6 Single Cwy,2 30 MPH,3 T/Stag Jun,2 Auto Sig,C,0,1 Zebra,1 Daylight,8 Other,2 Road-Wet,0 None,0 None,529540,182890,-0.133891,51.53007,,,Unknown,"(51.53007, -0.133891)",http://opendatacommunities.org/id/london-borough-council/camden,7592,21/12/2020 02:48:41 PM
1170069098,CAMDEN,1 Driver/Rider,1 Male,25-59,32,1,3 Slight,-2 Unknown,-2 N/A,3 Powered 2 Wheeler,FORTESS ROAD 25M N OF J/W LADY SOMERSET ROAD,2,05/11/2017 11:30:00 AM,Sunday,11.30,3 Bor,A,400,6 Single Cwy,1 <= 20 MPH,0 No Jun In 20m,-2 Not Applicable,-2 Not Applicable,0,0 No Xing Facility In 50m,1 Daylight,1 Fine,1 Road-Dry,0 None,0 None,529077,185692,-0.139535,51.555357,,,Unknown,"(51.555357, -0.139535)",http://opendatacommunities.org/id/london-borough-council/camden,7499,21/12/2020 02:48:41 PM
1190158160,CAMDEN,3 PEDESTRIAN,2 FEMALE,60+,64,1,3 SLIGHT,01 CROSSING ROAD ON PED XING,1 FROM DRIVERS N/SIDE,1 PEDESTRIAN,Mabledon Place jw Euston Rd,1,18/01/2019 11:00:00 AM,Friday,11.00,1 TLRN,A,501,3 DUAL CWY,30,03 T/STAG JUN,2 AUTO SIG,5,0,4 PELICAN OR SIMILAR,2 DAYLIGHT,1 FINE,1 ROAD-DRY,0 NONE,0 NONE,529949,182713,-0.128063,51.528386,,,Unknown,"(51.528386, -0.128063)",http://opendatacommunities.org/id/london-borough-council/camden,8700,21/12/2020 02:48:43 PM
0115EK40392,CAMDEN,1 Driver/Rider,2 Female,25-59,31,1,3 Slight,-2 Unknown,-2 N/A,2 Pedal Cycle,CAREY STREET 39M W OF J/W BELL YARD,2,11/05/2015 09:20:00 AM,Monday,9.20,3 Bor,Unclassified,0,6 Single Cwy,2 30 MPH,0 No Jun In 20m,-2 Not Applicable,-2 Not Applicable,0,0 No Xing Facility In 50m,1 Daylight,1 Fine,1 Road-Dry,0 None,0 None,531040,181250,-0.112888,51.514986,,,Unknown,"(51.514986, -0.112888)",http://opendatacommunities.org/id/london-borough-council/camden,4893,21/12/2020 02:48:36 PM
0115EK40153,CAMDEN,1 Driver/Rider,1 Male,25-59,33,1,2 Serious,-2 Unknown,-2 N/A,3 Powered 2 Wheeler,AGAR ROAD J/W AGAR PLACE,2,07/01/2015 04:45:00 PM,Wednesday,16.45,3 Bor,C,0,6 Single Cwy,2 30 MPH,3 T/Stag Jun,4 Give Way/Uncontrolled,Unclassified,0,0 No Xing Facility In 50m,2 Dark,1 Fine,1 Road-Dry,0 None,0 None,529430,184240,-0.13498,51.542228,,,Unknown,"(51.542228, -0.13498)",http://opendatacommunities.org/id/london-borough-council/camden,4700,21/12/2020 02:48:36 PM
0115EK40450,CAMDEN,1 Driver/Rider,1 Male,25-59,30,1,3 Slight,-2 Unknown,-2 N/A,4 Car,NFL- LYNDHURST ROAD 55M NE OF J/W LYNDHURST TERRACE,2,29/05/2015 05:00:00 PM,Friday,17.00,3 Bor,Unclassified,0,6 Single Cwy,2 30 MPH,0 No Jun In 20m,-2 Not Applicable,-2 Not Applicable,0,0 No Xing Facility In 50m,1 Daylight,1 Fine,1 Road-Dry,0 None,0 None,526720,185290,-0.173659,51.552278,,,Unknown,"(51.552278, -0.173659)",http://opendatacommunities.org/id/london-borough-council/camden,4944,21/12/2020 02:48:36 PM
1170010848,CAMDEN,1 Driver/Rider,1 Male,60+,63,1,3 Slight,-2 Unknown,-2 N/A,8 Other Vehicle,FINCHLEY ROAD J/W LITHOS ROAD,2,10/01/2017 06:20:00 PM,Tuesday,18.20,1 TLRN,A,41,3 Dual Cwy,2 30 MPH,3 T/Stag Jun,4 Give Way/Uncontrolled,Unclassified,0,4 Pelican Or Similar,2 Dark,1 Fine,1 Road-Dry,0 None,0 None,526130,185000,-0.182268,51.549804,,,Unknown,"(51.549804, -0.182268)",http://opendatacommunities.org/id/london-borough-council/camden,6572,21/12/2020 02:48:39 PM
1180105760,CAMDEN,3 Pedestrian,1 Male,25-59,33,1,3 Slight,05 Crossing Road (Not On Xing),3 From Drivers O/Side,1 Pedestrian,KINGSWAY J/W WILD COURT,1,03/05/2018 11:15:00 PM,Thursday,23.15,3 Bor,A,4200,3 Dual Cwy,2 30 MPH,3 T/Stag Jun,2 Auto Sig,Unclassified,0,0 No Xing Facility In 50m,2 Dark,1 Fine,1 Road-Dry,0 None,0 None,530602,181306,-0.119176,51.515591,,,Unknown,"(51.515591, -0.119176)",http://opendatacommunities.org/id/london-borough-council/camden,7954,21/12/2020 02:48:41 PM
1180128750,CAMDEN,1 Driver/Rider,1 Male,16-24,24,1,3 Slight,-2 Unknown,-2 N/A,3 Powered 2 Wheeler,YORK WAY J/W WHARFDALE ROAD,3,23/08/2018 09:21:00 PM,Thursday,21.21,3 Bor,A,5200,6 Single Cwy,1 <= 20 MPH,3 T/Stag Jun,2 Auto Sig,C,0,5 Pedn Phase At Ats,2 Dark,1 Fine,1 Road-Dry,0 None,0 None,530330,183300,-0.122357,51.533573,,,Unknown,"(51.533573, -0.122357)",http://opendatacommunities.org/id/london-borough-council/camden,8273,21/12/2020 02:48:42 PM
1190215974,CAMDEN,1 DRIVER/RIDER,1 MALE,25-59,27,1,3 SLIGHT,'-2 NOT APPLICABLE,'-2 NOT APPLICABLE,3 POWERED 2 WHEELER,"On Shaftesbury Avenue, near the junction with Stacey Street.",1,04/11/2019 08:56:00 AM,Monday,8.56,3 BOR,A,401,2 ONE-WAY ST,20,03 T/STAG JUN,4 GIVE WAY/UNCONTROLLED,6,0,4 PELICAN OR SIMILAR,2 DAYLIGHT,2 RAINING,2 ROAD-WET,0 NONE,0 NONE,529991,181124,-0.128044,51.514096,,,Unknown,"(51.514096, -0.128044)",http://opendatacommunities.org/id/london-borough-council/camden,9493,21/12/2020 02:48:44 PM
1180091660,CAMDEN,1 Driver/Rider,2 Female,25-59,28,1,3 Slight,-2 Unknown,-2 N/A,2 Pedal Cycle,ROSEBERY AVENUE 25M N OF J/W CLERKENWELL  ROAD,2,20/02/2018 10:30:00 AM,Tuesday,10.30,3 Bor,A,401,3 Dual Cwy,2 30 MPH,0 No Jun In 20m,-2 Not Applicable,-2 Not Applicable,0,5 Pedn Phase At Ats,1 Daylight,2 Raining,2 Road-Wet,0 None,0 None,531057,182024,-0.112356,51.521938,,,Unknown,"(51.521938, -0.112356)",http://opendatacommunities.org/id/london-borough-council/camden,7765,21/12/2020 02:48:41 PM
1190167196,CAMDEN,1 DRIVER/RIDER,1 MALE,16-24,24,1,3 SLIGHT,'-2 NOT APPLICABLE,'-2 NOT APPLICABLE,2 PEDAL CYCLE,"On Kilburn High Road, 10 metres north of the junction with Kilburn Park Road.",2,05/03/2019 09:15:00 PM,Tuesday,21.15,3 BOR,A,5,3 DUAL CWY,30,03 T/STAG JUN,4 GIVE WAY/UNCONTROLLED,B,414,1 ZEBRA,1 DARK,2 RAINING,2 ROAD-WET,0 NONE,0 NONE,525649,183360,-0.189787,51.535173,,,Unknown,"(51.535173, -0.189787)",http://opendatacommunities.org/id/london-borough-council/camden,8823,21/12/2020 02:48:43 PM
0116EK40199,CAMDEN,2 Passenger,1 Male,25-59,40,1,3 Slight,-2 Unknown,-2 N/A,6 Bus Or Coach,VERNON PLACE J/W SOUTHAMPTON PLACE,2,03/04/2016 07:00:00 AM,Sunday,7.00,3 Bor,A,40,2 One-Way St,2 30 MPH,3 T/Stag Jun,4 Give Way/Uncontrolled,C,0,0 No Xing Facility In 50m,1 Daylight,1 Fine,1 Road-Dry,0 None,0 None,530380,181620,-0.122258,51.518464,,,Unknown,"(51.518464, -0.122258)",http://opendatacommunities.org/id/london-borough-council/camden,6145,21/12/2020 02:48:38 PM