Reference,London Borough Name,Casualty Class,Casualty Sex,Casualty Age Band,Casualty Age,Number Of Casualties,Casualty Severity,Pedestrian Location,Pedestrian Movement,Mode Of Travel,Attendant Location,Number Of Vehicles,Date,Day,Time,Highway,Road Class 1,Road Number 1,Road Type,Speed Limit,Junction Detail,Junction Control,Road Class 2,Road Number 2,Pedestrian Crossing,Light Condition Band,Weather,Road Surface,Special Conditions,Carriage Way Hazard,Easting,Northing,Longitude,Latitude,Ward Code,Ward Name,Spatial Accuracy,Location,Organisation URI,Socrata ID,Last Uploaded
1190161948,CAMDEN,1 DRIVER/RIDER,2 FEMALE,25-59,28,1,3 SLIGHT,'-2 NOT APPLICABLE,'-2 NOT APPLICABLE,2 PEDAL CYCLE,"On Varndell Street, near the junction with Hampstead Road.",2,05/02/2019 06:50:00 PM,Tuesday,18.50,1 TLRN,A,400,6 SINGLE CWY,20,03 T/STAG JUN,9 UNKNOWN (S/R),A,400,5 PEDN PHASE AT ATS,2 DAYLIGHT,2 RAINING,2 ROAD-WET,0 NONE,0 NONE,529217,182811,-0.138573,51.529434,,,Unknown,"(51.529434, -0.138573)",http://opendatacommunities.org/id/london-borough-council/camden,8766,21/12/2020 02:48:43 PM
1180117111,CAMDEN,1 Driver/Rider,1 Male,25-59,33,1,3 Slight,-2 Unknown,-2 N/A,7 Goods Vehicle,CAMDEN ROAD J/W ST PANCRAS WAY,2,27/06/2018 11:54:00 AM,Wednesday,11.54,1 TLRN,A,503,3 Dual Cwy,1 <= 20 MPH,6 Crossroads,2 Auto Sig,A,5202,5 Pedn Phase At Ats,1 Daylight,1 Fine,1 Road-Dry,0 None,0 None,529250,184300,-0.137552,51.542808,,,Unknown,"(51.542808, -0.137552)",http://opendatacommunities.org/id/london-borough-council/camden,8127,21/12/2020 02:48:42 PM
1190200395,CAMDEN,1 DRIVER/RIDER,1 MALE,25-59,31,1,3 SLIGHT,'-2 NOT APPLICABLE,1 FROM DRIVERS N/SIDE,2 PEDAL CYCLE,"On High Holborn, near the junction with Drury Lane.",2,15/08/2019 11:30:00 AM,Thursday,11.30,3 BOR,A,40,2 ONE-WAY ST,30,03 T/STAG JUN,4 GIVE WAY/UNCONTROLLED,5,0,0 NO XING FACILITY IN 50M,2 DAYLIGHT,1 FINE,9 UNKNOWN (S/R),0 NONE,0 NONE,530235,181355,-0.124444,51.516116,,,Unknown,"(51.516116, -0.124444)",http://opendatacommunities.org/id/london-borough-council/camden,9288,21/12/2020 02:48:44 PM
0115EK40754,CAMDEN,3 Pedestrian,2 Female,25-59,27,1,3 Slight,09 In Road - Not Crossing,5 In Rd Not Crossing,1 Pedestrian,PARKWAY 25M SW OF ALBERT STREET,1,19/08/2015 11:05:00 PM,Wednesday,23.05,3 Bor,A,4201,6 Single Cwy,2 30 MPH,0 No Jun In 20m,-2 Not Applicable,-2 Not Applicable,0,0 No Xing Facility In 50m,2 Dark,1 Fine,1 Road-Dry,0 None,0 None,528730,183710,-0.145262,51.537625,,,Unknown,"(51.537625, -0.145262)",http://opendatacommunities.org/id/london-borough-council/camden,5217,21/12/2020 02:48:37 PM
1180098759,CAMDEN,1 Driver/Rider,1 Male,16-24,24,1,3 Slight,-2 Unknown,-2 N/A,3 Powered 2 Wheeler,HIGHGATE ROAD J/W FORTESS ROAD,2,17/03/2018 02:01:00 PM,Saturday,14.01,3 Bor,A,400,6 Single Cwy,1 <= 20 MPH,3 T/Stag Jun,4 Give Way/Uncontrolled,A,400,9 Unknown (S/R),1 Daylight,1 Fine,1 Road-Dry,0 None,0 None,528940,185320,-0.141646,51.552046,,,Unknown,"(51.552046, -0.141646)",http://opendatacommunities.org/id/london-borough-council/camden,7846,21/12/2020 02:48:41 PM
0116EK40460,CAMDEN,1 Driver/Rider,1 Male,25-59,47,1,3 Slight,-2 Unknown,-2 N/A,4 Car,FINCHLEY ROAD J/W BLACKBURN ROAD,2,17/06/2016 03:30:00 PM,Friday,15.30,1 TLRN,A,41,6 Single Cwy,2 30 MPH,6 Crossroads,2 Auto Sig,Unclassified,0,5 Pedn Phase At Ats,1 Daylight,1 Fine,1 Road-Dry,0 None,0 None,526210,184870,-0.181161,51.548618,,,Unknown,"(51.548618, -0.181161)",http://opendatacommunities.org/id/london-borough-council/camden,6372,21/12/2020 02:48:38 PM
1170065726,CAMDEN,1 Driver/Rider,1 Male,25-59,26,1,3 Slight,-2 Unknown,-2 N/A,3 Powered 2 Wheeler,EUSTON ROAD J/W MELTON STREET NW1,2,20/10/2017 07:09:00 PM,Friday,19.09,1 TLRN,A,501,3 Dual Cwy,2 30 MPH,6 Crossroads,2 Auto Sig,C,0,4 Pelican Or Similar,2 Dark,1 Fine,1 Road-Dry,0 None,0 None,529560,182470,-0.133757,51.526291,,,Unknown,"(51.526291, -0.133757)",http://opendatacommunities.org/id/london-borough-council/camden,7442,21/12/2020 02:48:40 PM
0115EK40165,CAMDEN,1 Driver/Rider,1 Male,25-59,39,1,3 Slight,-2 Unknown,-2 N/A,2 Pedal Cycle,HAMPSTEAD HIGH STREET J/W SPENCER WALK,2,04/02/2015 09:25:00 AM,Wednesday,9.25,3 Bor,A,502,6 Single Cwy,2 30 MPH,3 T/Stag Jun,4 Give Way/Uncontrolled,Unclassified,0,0 No Xing Facility In 50m,1 Daylight,1 Fine,1 Road-Dry,0 None,0 None,526450,185690,-0.177407,51.555934,,,Unknown,"(51.555934, -0.177407)",http://opendatacommunities.org/id/london-borough-council/camden,4707,21/12/2020 02:48:36 PM
0115QK50623,CAMDEN,2 Passenger,2 Female,25-59,56,1,3 Slight,-2 Unknown,-2 N/A,6 Bus Or Coach,KILBURN HIGH RD J/W BRONDESBURY VILLAS,2,04/08/2015 05:03:00 PM,Tuesday,17.03,3 Bor,A,5,6 Single Cwy,2 30 MPH,3 T/Stag Jun,4 Give Way/Uncontrolled,Unclassified,0,0 No Xing Facility In 50m,1 Daylight,1 Fine,1 Road-Dry,0 None,0 None,525400,183640,-0.193275,51.537744,,,Unknown,"(51.537744, -0.193275)",http://opendatacommunities.org/id/london-borough-council/camden,5621,21/12/2020 02:48:37 PM
1170032971,CAMDEN,3 Pedestrian,1 Male,0-15,2,1,3 Slight,01 Crossing Road On Ped Xing,1 From Drivers N/Side,1 Pedestrian,FINCHLEY ROAD J/W WEST END LANE,1,20/04/2017 08:15:00 AM,Thursday,8.15,1 TLRN,A,41,3 Dual Cwy,2 30 MPH,6 Crossroads,2 Auto Sig,C,0,4 Pelican Or Similar,1 Daylight,1 Fine,1 Road-Dry,0 None,0 None,525650,185330,-0.189069,51.552877,,,Unknown,"(51.552877, -0.189069)",http://opendatacommunities.org/id/london-borough-council/camden,6897,21/12/2020 02:48:39 PM
0116EK40592,CAMDEN,1 Driver/Rider,1 Male,Unknown,0,1,3 Slight,-2 Unknown,-2 N/A,5 Taxi,EUSTON ROAD J/W MELTON STREET,2,14/08/2016 11:11:00 PM,Sunday,23.11,1 TLRN,A,501,3 Dual Cwy,3 40 MPH,6 Crossroads,2 Auto Sig,C,0,5 Pedn Phase At Ats,2 Dark,9 Unknown,1 Road-Dry,0 None,0 None,529560,182480,-0.133753,51.526381,,,Unknown,"(51.526381, -0.133753)",http://opendatacommunities.org/id/london-borough-council/camden,6473,21/12/2020 02:48:39 PM
1170039137,CAMDEN,1 Driver/Rider,1 Male,25-59,28,1,3 Slight,-2 Unknown,-2 N/A,3 Powered 2 Wheeler,CAMDEN ROAD 25M W OF J/W YORK WAY THE NEAREST CLASSIFIED ROAD WAS,2,19/05/2017 05:30:00 PM,Friday,17.30,1 TLRN,A,503,6 Single Cwy,2 30 MPH,0 No Jun In 20m,-2 Not Applicable,-2 Not Applicable,0,9 Unknown (S/R),1 Daylight,2 Raining,2 Road-Wet,0 None,0 None,529800,184950,-0.129385,51.548523,,,Unknown,"(51.548523, -0.129385)",http://opendatacommunities.org/id/london-borough-council/camden,6994,21/12/2020 02:48:39 PM
1190225919,CAMDEN,3 PEDESTRIAN,1 MALE,60+,64,1,2 SERIOUS,01 CROSSING ROAD ON PED XING,'-2 NOT APPLICABLE,1 PEDESTRIAN,"On Theobolds Road, 15 metres west of the junction with Southampton Row.",2,18/12/2019 08:15:00 PM,Wednesday,20.15,3 BOR,A,401,3 DUAL CWY,20,07 MULTI JUN,2 AUTO SIG,A,4200,4 PELICAN OR SIMILAR,1 DARK,2 RAINING,2 ROAD-WET,0 NONE,0 NONE,530444,181664,-0.121319,51.518845,,,Unknown,"(51.518845, -0.121319)",http://opendatacommunities.org/id/london-borough-council/camden,9632,21/12/2020 02:48:45 PM
1180091487,CAMDEN,3 Pedestrian,2 Female,25-59,32,1,3 Slight,10 Unknown,1 From Drivers N/Side,1 Pedestrian,WEST CENTRAL STREET 25M S OF J/W NEW OXFORD STREET,1,19/02/2018 01:25:00 PM,Monday,13.25,3 Bor,Unclassified,0,2 One-Way St,2 30 MPH,0 No Jun In 20m,-2 Not Applicable,-2 Not Applicable,0,9 Unknown (S/R),1 Daylight,1 Fine,2 Road-Wet,0 None,0 None,530150,181430,-0.125641,51.516809,,,Unknown,"(51.516809, -0.125641)",http://opendatacommunities.org/id/london-borough-council/camden,7764,21/12/2020 02:48:41 PM
0115EK40784,CAMDEN,1 Driver/Rider,1 Male,25-59,27,1,3 Slight,-2 Unknown,-2 N/A,4 Car,HAVERSTOCK HILL J/W PRINCE OF WALES ROAD.,2,09/09/2015 06:44:00 PM,Wednesday,18.44,3 Bor,A,502,6 Single Cwy,2 30 MPH,3 T/Stag Jun,2 Auto Sig,C,0,5 Pedn Phase At Ats,2 Dark,1 Fine,1 Road-Dry,0 None,0 None,527960,184590,-0.156038,51.545708,,,Unknown,"(51.545708, -0.156038)",http://opendatacommunities.org/id/london-borough-council/camden,5251,21/12/2020 02:48:37 PM
1170063223,CAMDEN,1 Driver/Rider,1 Male,25-59,45,1,2 Serious,-2 Unknown,-2 N/A,3 Powered 2 Wheeler,SANDALL ROAD J/W CAMDEN ROAD,2,08/10/2017 10:45:00 PM,Sunday,22.45,1 TLRN,Unclassified,0,6 Single Cwy,2 30 MPH,5 Slip Road,4 Give Way/Uncontrolled,A,503,0 No Xing Facility In 50m,2 Dark,1 Fine,1 Road-Dry,0 None,0 None,529510,184620,-0.133687,51.545624,,,Unknown,"(51.545624, -0.133687)",http://opendatacommunities.org/id/london-borough-council/camden,7390,21/12/2020 02:48:40 PM
1190197127,CAMDEN,1 DRIVER/RIDER,1 MALE,16-24,21,2,3 SLIGHT,'-2 NOT APPLICABLE,'-2 NOT APPLICABLE,3 POWERED 2 WHEELER,"On Albany Street, near the junction with CHESTER GATE.",1,01/08/2019 07:27:00 AM,Thursday,7.27,3 BOR,A,4201,6 SINGLE CWY,30,03 T/STAG JUN,4 GIVE WAY/UNCONTROLLED,6,0,4 PELICAN OR SIMILAR,2 DAYLIGHT,1 FINE,1 ROAD-DRY,0 NONE,0 NONE,528826,182597,-0.144285,51.5276,,,Unknown,"(51.5276, -0.144285)",http://opendatacommunities.org/id/london-borough-council/camden,9245,21/12/2020 02:48:44 PM
1190187391,CAMDEN,1 DRIVER/RIDER,1 MALE,16-24,23,2,3 SLIGHT,'-2 NOT APPLICABLE,2 FROM DRIVERS N/SIDE MSK,3 POWERED 2 WHEELER,"On EUSTON ROAD, near the junction with MABLEDON PLACE.",1,15/06/2019 01:00:00 PM,Saturday,13.00,1 TLRN,A,501,3 DUAL CWY,30,03 T/STAG JUN,2 AUTO SIG,A,501,5 PEDN PHASE AT ATS,2 DAYLIGHT,1 FINE,1 ROAD-DRY,0 NONE,0 NONE,529962,182724,-0.127872,51.528482,,,Unknown,"(51.528482, -0.127872)",http://opendatacommunities.org/id/london-borough-council/camden,9096,21/12/2020 02:48:44 PM
0115EK40385,CAMDEN,2 Passenger,2 Female,16-24,18,1,3 Slight,-2 Unknown,-2 N/A,3 Powered 2 Wheeler,BAYHAM STREET J/W PLENDER STREET,2,16/05/2015 12:01:00 AM,Saturday,0.01,3 Bor,C,0,6 Single Cwy,2 30 MPH,6 Crossroads,2 Auto Sig,Unclassified,0,5 Pedn Phase At Ats,2 Dark,2 Raining,2 Road-Wet,0 None,0 None,529190,183560,-0.138688,51.536172,,,Unknown,"(51.536172, -0.138688)",http://opendatacommunities.org/id/london-borough-council/camden,4887,21/12/2020 02:48:36 PM
1180131977,CAMDEN,1 Driver/Rider,1 Male,25-59,25,1,3 Slight,-2 Unknown,-2 N/A,3 Powered 2 Wheeler,BUCK STREET J/W CAMDEN HIGH STREET,2,11/09/2018 07:20:00 PM,Tuesday,19.20,3 Bor,Unclassified,0,2 One-Way St,1 <= 20 MPH,3 T/Stag Jun,4 Give Way/Uncontrolled,A,502,0 No Xing Facility In 50m,2 Dark,1 Fine,1 Road-Dry,0 None,0 None,528840,183994,-0.143573,51.540152,,,Unknown,"(51.540152, -0.143573)",http://opendatacommunities.org/id/london-borough-council/camden,8314,21/12/2020 02:48:42 PM
1160008311,CAMDEN,3 Pedestrian,1 Male,25-59,50,1,2 Serious,01 Crossing Road On Ped Xing,1 From Drivers N/Side,1 Pedestrian,EUSTON ROAD J/W GORDON STREET,1,21/12/2016 09:50:00 AM,Wednesday,9.50,1 TLRN,A,501,3 Dual Cwy,2 30 MPH,6 Crossroads,2 Auto Sig,C,0,5 Pedn Phase At Ats,1 Daylight,9 Unknown,9 Unknown (S/R),9 Unknown (S/R),9 Unknown (S/R),529570,182480,-0.133609,51.526379,,,Unknown,"(51.526379, -0.133609)",http://opendatacommunities.org/id/london-borough-council/camden,5796,21/12/2020 02:48:37 PM
1160025088,CAMDEN,3 Pedestrian,1 Male,60+,71,1,3 Slight,05 Crossing Road (Not On Xing),1 From Drivers N/Side,1 Pedestrian,ROSSLYN HILL 45M N OF J/W HAMPSTEAD HILL GARDENS,1,23/10/2016 05:15:00 PM,Sunday,17.15,3 Bor,A,502,6 Single Cwy,1 <= 20 MPH,0 No Jun In 20m,-2 Not Applicable,-2 Not Applicable,0,0 No Xing Facility In 50m,2 Dark,1 Fine,2 Road-Wet,4 Roadworks,0 None,526920,185480,-0.170707,51.553941,,,Unknown,"(51.553941, -0.170707)",http://opendatacommunities.org/id/london-borough-council/camden,5948,21/12/2020 02:48:38 PM
0116EK40617,CAMDEN,2 Passenger,1 Male,25-59,29,1,3 Slight,-2 Unknown,-2 N/A,4 Car,"CAMDEN ROAD, 65 METRES SW OF CAMDEN STREET.",2,26/08/2016 12:20:00 AM,Friday,0.20,1 TLRN,A,503,6 Single Cwy,2 30 MPH,0 No Jun In 20m,-2 Not Applicable,-2 Not Applicable,0,4 Pelican Or Similar,2 Dark,2 Raining,2 Road-Wet,0 None,0 None,529030,184000,-0.140832,51.540162,,,Unknown,"(51.540162, -0.140832)",http://opendatacommunities.org/id/london-borough-council/camden,6496,21/12/2020 02:48:39 PM
0115EK40270,CAMDEN,1 Driver/Rider,1 Male,16-24,24,1,3 Slight,-2 Unknown,-2 N/A,3 Powered 2 Wheeler,KENTISH TOWN ROAD J/W KEELY STREET,2,11/04/2015 02:30:00 PM,Saturday,14.30,3 Bor,A,400,6 Single Cwy,2 30 MPH,6 Crossroads,4 Give Way/Uncontrolled,Unclassified,0,1 Zebra,1 Daylight,1 Fine,1 Road-Dry,0 None,0 None,528960,184590,-0.141625,51.545481,,,Unknown,"(51.545481, -0.141625)",http://opendatacommunities.org/id/london-borough-council/camden,4797,21/12/2020 02:48:36 PM
1170053717,CAMDEN,3 Pedestrian,2 Female,16-24,23,1,3 Slight,01 Crossing Road On Ped Xing,3 From Drivers O/Side,1 Pedestrian,EVERSHOLT STREET J/W PHOENIX ROAD,1,14/08/2017 12:18:00 PM,Monday,12.18,3 Bor,A,4200,6 Single Cwy,1 <= 20 MPH,3 T/Stag Jun,4 Give Way/Uncontrolled,C,0,1 Zebra,1 Daylight,1 Fine,1 Road-Dry,0 None,0 None,529540,182900,-0.133887,51.53016,,,Unknown,"(51.53016, -0.133887)",http://opendatacommunities.org/id/london-borough-council/camden,7242,21/12/2020 02:48:40 PM
0115EK40474,CAMDEN,3 Pedestrian,2 Female,60+,73,1,3 Slight,01 Crossing Road On Ped Xing,1 From Drivers N/Side,1 Pedestrian,KILBURN HIGH ROAD J/W BELSIZE ROAD,1,12/06/2015 04:39:00 PM,Friday,16.39,3 Bor,A,5,6 Single Cwy,2 30 MPH,3 T/Stag Jun,4 Give Way/Uncontrolled,B,509,4 Pelican Or Similar,1 Daylight,1 Fine,1 Road-Dry,0 None,0 None,525440,183590,-0.192717,51.537286,,,Unknown,"(51.537286, -0.192717)",http://opendatacommunities.org/id/london-borough-council/camden,4965,21/12/2020 02:48:36 PM
1180100189,CAMDEN,1 Driver/Rider,1 Male,25-59,29,1,2 Serious,-2 Unknown,-2 N/A,3 Powered 2 Wheeler,ROYAL COLLEGE STREET 50M N OF J/W PLENDER STREET,4,05/04/2018 11:30:00 AM,Thursday,11.30,3 Bor,A,5202,2 One-Way St,1 <= 20 MPH,0 No Jun In 20m,-2 Not Applicable,-2 Not Applicable,0,0 No Xing Facility In 50m,1 Daylight,1 Fine,1 Road-Dry,0 None,0 None,529434,183750,-0.135102,51.537823,,,Unknown,"(51.537823, -0.135102)",http://opendatacommunities.org/id/london-borough-council/camden,7868,21/12/2020 02:48:41 PM
0116EK40197,CAMDEN,2 Passenger,2 Female,25-59,30,1,3 Slight,-2 Unknown,-2 N/A,4 Car,CAMDEN HIGH STREET J/W JAMESTOWN ROAD,2,01/04/2016 11:20:00 PM,Friday,23.20,3 Bor,A,502,6 Single Cwy,1 <= 20 MPH,6 Crossroads,2 Auto Sig,C,0,5 Pedn Phase At Ats,2 Dark,1 Fine,1 Road-Dry,0 None,0 None,528780,184060,-0.144413,51.540759,,,Unknown,"(51.540759, -0.144413)",http://opendatacommunities.org/id/london-borough-council/camden,6142,21/12/2020 02:48:38 PM
1180106757,CAMDEN,1 Driver/Rider,1 Male,25-59,26,1,3 Slight,-2 Unknown,-2 N/A,3 Powered 2 Wheeler,NFL GORDON STREET 25M S OF J/W EUSTON ROAD,2,09/05/2018 09:20:00 AM,Wednesday,9.20,3 Bor,C,0,6 Single Cwy,2 30 MPH,0 No Jun In 20m,-2 Not Applicable,-2 Not Applicable,0,5 Pedn Phase At Ats,1 Daylight,1 Fine,1 Road-Dry,0 None,0 None,529590,182460,-0.133328,51.526194,,,Unknown,"(51.526194, -0.133328)",http://opendatacommunities.org/id/london-borough-council/camden,7973,21/12/2020 02:48:42 PM
0115EK40539,CAMDEN,3 Pedestrian,1 Male,25-59,51,1,2 Serious,01 Crossing Road On Ped Xing,3 From Drivers O/Side,1 Pedestrian,HAMPSTEAD ROAD 25M S OF ROBERT STREET,1,03/07/2015 11:13:00 AM,Friday,11.13,1 TLRN,A,400,6 Single Cwy,2 30 MPH,0 No Jun In 20m,-2 Not Applicable,-2 Not Applicable,0,4 Pelican Or Similar,1 Daylight,1 Fine,1 Road-Dry,0 None,0 None,529210,182680,-0.138722,51.528259,,,Unknown,"(51.528259, -0.138722)",http://opendatacommunities.org/id/london-borough-council/camden,5026,21/12/2020 02:48:36 PM
1170020617,CAMDEN,3 Pedestrian,2 Female,25-59,29,1,3 Slight,06 On Footpath - Verge,9 Unknown Or Other,1 Pedestrian,CARKERS LANE 25M SW OF J/W HIGHGATE ROAD,1,16/02/2017 01:07:00 PM,Thursday,13.07,3 Bor,B,518,6 Single Cwy,2 30 MPH,0 No Jun In 20m,-2 Not Applicable,-2 Not Applicable,0,0 No Xing Facility In 50m,1 Daylight,1 Fine,1 Road-Dry,0 None,0 None,528780,185490,-0.14389,51.55361,,,Unknown,"(51.55361, -0.14389)",http://opendatacommunities.org/id/london-borough-council/camden,6710,21/12/2020 02:48:39 PM
1190198256,CAMDEN,3 PEDESTRIAN,1 MALE,25-59,30,1,2 SERIOUS,08 IN CENTRE OF CARRIAGEWAY,'-2 NOT APPLICABLE,1 PEDESTRIAN,"On Endsleigh Street, near the junction with Tavistock Square.",1,07/08/2019 09:49:00 AM,Wednesday,9.49,3 BOR,6,0,6 SINGLE CWY,20,06 CROSSROADS,4 GIVE WAY/UNCONTROLLED,6,0,0 NO XING FACILITY IN 50M,2 DAYLIGHT,1 FINE,1 ROAD-DRY,0 NONE,0 NONE,529812,182375,-0.130161,51.52538,,,Unknown,"(51.52538, -0.130161)",http://opendatacommunities.org/id/london-borough-council/camden,9261,21/12/2020 02:48:44 PM
1180139733,CAMDEN,1 Driver/Rider,1 Male,25-59,37,1,3 Slight,-2 Unknown,-2 N/A,3 Powered 2 Wheeler,CARLOW STREET 25M E OF J/W ARLINGTON ROAD,2,30/09/2018 05:10:00 PM,Sunday,17.10,3 Bor,Unclassified,0,2 One-Way St,1 <= 20 MPH,0 No Jun In 20m,-2 Not Applicable,-2 Not Applicable,0,0 No Xing Facility In 50m,1 Daylight,1 Fine,1 Road-Dry,0 None,0 None,529091,183455,-0.140153,51.535251,,,Unknown,"(51.535251, -0.140153)",http://opendatacommunities.org/id/london-borough-council/camden,8439,21/12/2020 02:48:43 PM
1190187602,CAMDEN,1 DRIVER/RIDER,1 MALE,25-59,49,2,3 SLIGHT,'-2 NOT APPLICABLE,'-2 NOT APPLICABLE,4 CAR,"On Finchley Road, near the junction with Hilgrove Road.",2,16/06/2019 06:59:00 PM,Sunday,18.59,1 TLRN,A,41,3 DUAL CWY,20,06 CROSSROADS,2 AUTO SIG,B,509,5 PEDN PHASE AT ATS,2 DAYLIGHT,1 FINE,1 ROAD-DRY,0 NONE,0 NONE,526625,184094,-0.175458,51.541551,,,Unknown,"(51.541551, -0.175458)",http://opendatacommunities.org/id/london-borough-council/camden,9105,21/12/2020 02:48:44 PM
0115EK40035,CAMDEN,3 Pedestrian,2 Female,25-59,25,1,3 Slight,09 In Road - Not Crossing,8 In Rd Back To Traffic,1 Pedestrian,CAMDEN ROAD J/W CAMDEN STREET,1,16/01/2015 06:21:00 PM,Friday,18.21,1 TLRN,A,503,6 Single Cwy,2 30 MPH,6 Crossroads,2 Auto Sig,A,400,5 Pedn Phase At Ats,2 Dark,1 Fine,2 Road-Wet,0 None,0 None,529080,184020,-0.140104,51.540331,,,Unknown,"(51.540331, -0.140104)",http://opendatacommunities.org/id/london-borough-council/camden,4606,21/12/2020 02:48:35 PM
0116EK40050,CAMDEN,1 Driver/Rider,1 Male,16-24,23,1,3 Slight,-2 Unknown,-2 N/A,3 Powered 2 Wheeler,KENTISH TOWN ROAD J/W ISLIP STREET.,1,03/02/2016 06:13:00 PM,Wednesday,18.13,3 Bor,A,400,6 Single Cwy,1 <= 20 MPH,3 T/Stag Jun,4 Give Way/Uncontrolled,Unclassified,0,4 Pelican Or Similar,2 Dark,1 Fine,1 Road-Dry,0 None,0 None,528990,185060,-0.14102,51.549698,,,Unknown,"(51.549698, -0.14102)",http://opendatacommunities.org/id/london-borough-council/camden,6021,21/12/2020 02:48:38 PM
1180087067,CAMDEN,1 Driver/Rider,1 Male,Unknown,0,1,3 Slight,-2 Unknown,-2 N/A,2 Pedal Cycle,YORK WAY 50M N OF J/W GOODS WAY,2,31/01/2018 05:38:00 PM,Wednesday,17.38,3 Bor,A,5200,6 Single Cwy,2 30 MPH,0 No Jun In 20m,-2 Not Applicable,-2 Not Applicable,0,9 Unknown (S/R),2 Dark,1 Fine,1 Road-Dry,9 Unknown (S/R),9 Unknown (S/R),530320,183520,-0.122419,51.535553,,,Unknown,"(51.535553, -0.122419)",http://opendatacommunities.org/id/london-borough-council/camden,7707,21/12/2020 02:48:41 PM
1190168032,CAMDEN,1 DRIVER/RIDER,2 FEMALE,25-59,44,1,2 SERIOUS,'-2 NOT APPLICABLE,'-2 NOT APPLICABLE,2 PEDAL CYCLE,"On Avenue Road, near the junction with St Edmunds Terrace, NW8.",2,09/03/2019 05:09:00 PM,Saturday,17.09,3 BOR,B,525,6 SINGLE CWY,20,06 CROSSROADS,4 GIVE WAY/UNCONTROLLED,B,525,0 NO XING FACILITY IN 50M,2 DAYLIGHT,1 FINE,1 ROAD-DRY,0 NONE,0 NONE,527374,183474,-0.164888,51.535811,,,Unknown,"(51.535811, -0.164888)",http://opendatacommunities.org/id/london-borough-council/camden,8832,21/12/2020 02:48:43 PM
0116EK40171,CAMDEN,1 Driver/Rider,1 Male,25-59,50,1,3 Slight,-2 Unknown,-2 N/A,2 Pedal Cycle,TAVISTOCK SQUARE 24M SOUTH WEST J/W BEDFORD WAY,1,18/03/2016 05:40:00 PM,Friday,17.40,3 Bor,C,0,6 Single Cwy,2 30 MPH,0 No Jun In 20m,-2 Not Applicable,-2 Not Applicable,0,0 No Xing Facility In 50m,2 Dark,1 Fine,1 Road-Dry,0 None,0 None,529880,182230,-0.129235,51.524061,,,Unknown,"(51.524061, -0.129235)",http://opendatacommunities.org/id/london-borough-council/camden,6122,21/12/2020 02:48:38 PM
1170051053,CAMDEN,1 Driver/Rider,1 Male,16-24,23,1,3 Slight,-2 Unknown,-2 N/A,4 Car,ESTELLE ROAD 10M S OF J/W SEVERNAKE ROAD,2,28/07/2017 05:25:00 PM,Friday,17.25,3 Bor,Unclassified,0,6 Single Cwy,2 30 MPH,3 T/Stag Jun,4 Give Way/Uncontrolled,Unclassified,0,0 No Xing Facility In 50m,1 Daylight,1 Fine,1 Road-Dry,0 None,0 None,527960,185690,-0.155638,51.555594,,,Unknown,"(51.555594, -0.155638)",http://opendatacommunities.org/id/london-borough-council/camden,7199,21/12/2020 02:48:40 PM
0115EK40141,CAMDEN,1 Driver/Rider,1 Male,60+,60,1,3 Slight,-2 Unknown,-2 N/A,4 Car,FINCHLEY ROAD J/W PLATT'S LANE,2,07/01/2015 11:08:00 AM,Wednesday,11.08,1 TLRN,A,41,6 Single Cwy,2 30 MPH,6 Crossroads,2 Auto Sig,C,0,5 Pedn Phase At Ats,1 Daylight,1 Fine,1 Road-Dry,0 None,0 None,525170,185860,-0.195801,51.557747,,,Unknown,"(51.557747, -0.195801)",http://opendatacommunities.org/id/london-borough-council/camden,4691,21/12/2020 02:48:36 PM
1190204069,CAMDEN,3 PEDESTRIAN,2 FEMALE,25-59,48,1,3 SLIGHT,01 CROSSING ROAD ON PED XING,'-2 NOT APPLICABLE,1 PEDESTRIAN,"On Tottenham Court Road, 21 metres north of the junction with percy street.. The nearest classified road was the B1. The nearest classified road was the B1",1,08/09/2019 02:00:00 PM,Sunday,14.00,3 BOR,A,400,6 SINGLE CWY,20,00 NO JUN IN 20M,,0,0,5 PEDN PHASE AT ATS,2 DAYLIGHT,1 FINE,1 ROAD-DRY,0 NONE,0 NONE,529705,181587,-0.131993,51.518323,,,Unknown,"(51.518323, -0.131993)",http://opendatacommunities.org/id/london-borough-council/camden,9343,21/12/2020 02:48:44 PM
1160002829,CAMDEN,1 Driver/Rider,1 Male,16-24,21,1,2 Serious,-2 Unknown,-2 N/A,3 Powered 2 Wheeler,CAMDEN ROAD J/W TORRIANO AVENUE,2,22/11/2016 02:32:00 PM,Tuesday,14.32,1 TLRN,A,503,6 Single Cwy,2 30 MPH,6 Crossroads,2 Auto Sig,A,5200,5 Pedn Phase At Ats,1 Daylight,1 Fine,1 Road-Dry,0 None,0 None,529728,184879,-0.130449,51.547902,,,Unknown,"(51.547902, -0.130449)",http://opendatacommunities.org/id/london-borough-council/camden,5688,21/12/2020 02:48:37 PM
1190200328,CAMDEN,1 DRIVER/RIDER,1 MALE,25-59,29,1,3 SLIGHT,'-2 NOT APPLICABLE,'-2 NOT APPLICABLE,3 POWERED 2 WHEELER,"On Churchway, 20 metres north of the junction with Euston Road.",2,19/08/2019 08:30:00 AM,Monday,8.30,1 TLRN,6,0,6 SINGLE CWY,30,03 T/STAG JUN,2 AUTO SIG,A,501,9 UNKNOWN (S/R),2 DAYLIGHT,1 FINE,2 ROAD-WET,0 NONE,0 NONE,529829,182640,-0.129819,51.527757,,,Unknown,"(51.527757, -0.129819)",http://opendatacommunities.org/id/london-borough-council/camden,9285,21/12/2020 02:48:44 PM