Reference,London Borough Name,Casualty Class,Casualty Sex,Casualty Age Band,Casualty Age,Number Of Casualties,Casualty Severity,Pedestrian Location,Pedestrian Movement,Mode Of Travel,Attendant Location,Number Of Vehicles,Date,Day,Time,Highway,Road Class 1,Road Number 1,Road Type,Speed Limit,Junction Detail,Junction Control,Road Class 2,Road Number 2,Pedestrian Crossing,Light Condition Band,Weather,Road Surface,Special Conditions,Carriage Way Hazard,Easting,Northing,Longitude,Latitude,Ward Code,Ward Name,Spatial Accuracy,Location,Organisation URI,Socrata ID,Last Uploaded
1170051188,CAMDEN,1 Driver/Rider,1 Male,60+,71,1,3 Slight,-2 Unknown,-2 N/A,3 Powered 2 Wheeler,SUMATRA ROAD 100M W OF J/W DENNINGTON PARK ROAD,2,30/07/2017 04:25:00 PM,Sunday,16.25,3 Bor,Unclassified,0,3 Dual Cwy,1 <= 20 MPH,0 No Jun In 20m,-2 Not Applicable,-2 Not Applicable,0,0 No Xing Facility In 50m,1 Daylight,1 Fine,1 Road-Dry,0 None,0 None,525170,184920,-0.196135,51.549299,,,Unknown,"(51.549299, -0.196135)",http://opendatacommunities.org/id/london-borough-council/camden,7205,21/12/2020 02:48:40 PM
0115EK40253,CAMDEN,1 Driver/Rider,1 Male,25-59,32,1,3 Slight,-2 Unknown,-2 N/A,2 Pedal Cycle,HIGHGATE ROAD J/W ST ALBANS ROAD,2,05/04/2015 08:00:00 AM,Sunday,8.00,3 Bor,C,0,6 Single Cwy,2 30 MPH,3 T/Stag Jun,4 Give Way/Uncontrolled,Unclassified,0,1 Zebra,1 Daylight,1 Fine,1 Road-Dry,0 None,0 None,528310,186270,-0.150381,51.560727,,,Unknown,"(51.560727, -0.150381)",http://opendatacommunities.org/id/london-borough-council/camden,4782,21/12/2020 02:48:36 PM
1170071988,CAMDEN,1 Driver/Rider,1 Male,25-59,25,1,2 Serious,-2 Unknown,-2 N/A,3 Powered 2 Wheeler,FINCHLEY ROAD J/W BURRARD ROAD,2,22/11/2017 03:13:00 PM,Wednesday,15.13,1 TLRN,A,41,3 Dual Cwy,2 30 MPH,9 Other Jun,4 Give Way/Uncontrolled,Unclassified,0,0 No Xing Facility In 50m,1 Daylight,1 Fine,1 Road-Dry,0 None,0 None,525330,185620,-0.193579,51.555554,,,Unknown,"(51.555554, -0.193579)",http://opendatacommunities.org/id/london-borough-council/camden,7531,21/12/2020 02:48:41 PM
1170027794,CAMDEN,3 Pedestrian,2 Female,25-59,30,1,3 Slight,04 Crossing Road Within 50m Xing,2 From Drivers N/Side Msk,1 Pedestrian,CAMDEN ROAD 30M W OF J/W CAMDEN STREET,1,24/03/2017 03:00:00 PM,Friday,15.00,1 TLRN,A,503,6 Single Cwy,2 30 MPH,0 No Jun In 20m,-2 Not Applicable,-2 Not Applicable,0,4 Pelican Or Similar,1 Daylight,1 Fine,1 Road-Dry,0 None,2 Other Object In Cwy,529040,184000,-0.140688,51.54016,,,Unknown,"(51.54016, -0.140688)",http://opendatacommunities.org/id/london-borough-council/camden,6815,21/12/2020 02:48:39 PM
0115EK40635,CAMDEN,3 Pedestrian,2 Female,25-59,45,1,3 Slight,01 Crossing Road On Ped Xing,1 From Drivers N/Side,1 Pedestrian,GRAY'S INN ROAD J/W CALTHORPE STREET,1,23/07/2015 08:00:00 AM,Thursday,8.00,3 Bor,A,5200,6 Single Cwy,2 30 MPH,6 Crossroads,2 Auto Sig,B,502,5 Pedn Phase At Ats,1 Daylight,1 Fine,1 Road-Dry,0 None,0 None,530790,182290,-0.116103,51.52439,,,Unknown,"(51.52439, -0.116103)",http://opendatacommunities.org/id/london-borough-council/camden,5114,21/12/2020 02:48:36 PM
1180141425,CAMDEN,3 Pedestrian,1 Male,25-59,33,1,3 Slight,04 Crossing Road Within 50m Xing,4 From Drivers O/Side Msk,1 Pedestrian,GRAYS INN ROAD 70M N OF J/W THEOBALDS ROAD THE NEAREST CLASSIFIED,1,26/10/2018 08:40:00 AM,Friday,8.40,3 Bor,A,5200,6 Single Cwy,1 <= 20 MPH,0 No Jun In 20m,-2 Not Applicable,-2 Not Applicable,0,5 Pedn Phase At Ats,1 Daylight,2 Raining,2 Road-Wet,0 None,0 None,530980,182020,-0.113466,51.52192,,,Unknown,"(51.52192, -0.113466)",http://opendatacommunities.org/id/london-borough-council/camden,8475,21/12/2020 02:48:43 PM
1180104200,CAMDEN,1 Driver/Rider,1 Male,25-59,32,1,2 Serious,-2 Unknown,-2 N/A,3 Powered 2 Wheeler,YORK WAY J/W VALE ROYAL,2,26/04/2018 01:14:00 PM,Thursday,13.14,3 Bor,A,5200,3 Dual Cwy,1 <= 20 MPH,3 T/Stag Jun,4 Give Way/Uncontrolled,Unclassified,0,1 Zebra,1 Daylight,4 Fine/High Winds,1 Road-Dry,0 None,0 None,530100,184180,-0.125346,51.541535,,,Unknown,"(51.541535, -0.125346)",http://opendatacommunities.org/id/london-borough-council/camden,7932,21/12/2020 02:48:41 PM
0115EK40487,CAMDEN,3 Pedestrian,2 Female,60+,64,1,3 Slight,05 Crossing Road (Not On Xing),1 From Drivers N/Side,1 Pedestrian,HOLMES ROAD J/W CATHCART STREET,1,22/04/2015 08:15:00 AM,Wednesday,8.15,3 Bor,Unclassified,0,6 Single Cwy,2 30 MPH,3 T/Stag Jun,4 Give Way/Uncontrolled,Unclassified,0,0 No Xing Facility In 50m,1 Daylight,1 Fine,1 Road-Dry,0 None,0 None,528700,185030,-0.145212,51.549494,,,Unknown,"(51.549494, -0.145212)",http://opendatacommunities.org/id/london-borough-council/camden,4975,21/12/2020 02:48:36 PM
1190220736,CAMDEN,3 PEDESTRIAN,2 FEMALE,60+,68,1,2 SERIOUS,04 CROSSING ROAD WITHIN 50M XING,'-2 NOT APPLICABLE,1 PEDESTRIAN,"On Royal College Street, near the junction with Crowndale Road.",1,25/11/2019 05:19:00 PM,Monday,17.19,3 BOR,A,5202,6 SINGLE CWY,20,03 T/STAG JUN,2 AUTO SIG,B,512,4 PELICAN OR SIMILAR,1 DARK,2 RAINING,2 ROAD-WET,0 NONE,0 NONE,529566,183513,-0.133287,51.535663,,,Unknown,"(51.535663, -0.133287)",http://opendatacommunities.org/id/london-borough-council/camden,9551,21/12/2020 02:48:44 PM
0115EK41002,CAMDEN,1 Driver/Rider,1 Male,25-59,27,1,3 Slight,-2 Unknown,-2 N/A,2 Pedal Cycle,SHAFTESBURY AVENUE J/W HIGH HOLBORN.,1,09/11/2015 02:45:00 PM,Monday,14.45,3 Bor,A,401,2 One-Way St,2 30 MPH,6 Crossroads,2 Auto Sig,A,40,5 Pedn Phase At Ats,1 Daylight,1 Fine,1 Road-Dry,0 None,0 None,530080,181310,-0.126693,51.515747,,,Unknown,"(51.515747, -0.126693)",http://opendatacommunities.org/id/london-borough-council/camden,5428,21/12/2020 02:48:37 PM
0116EK40021,CAMDEN,1 Driver/Rider,1 Male,25-59,41,1,3 Slight,-2 Unknown,-2 N/A,3 Powered 2 Wheeler,EUSTON ROAD J/W GORDON STREET,2,13/01/2016 06:35:00 PM,Wednesday,18.35,1 TLRN,A,501,3 Dual Cwy,2 30 MPH,6 Crossroads,2 Auto Sig,C,0,5 Pedn Phase At Ats,2 Dark,1 Fine,1 Road-Dry,0 None,0 None,529580,182470,-0.133469,51.526287,,,Unknown,"(51.526287, -0.133469)",http://opendatacommunities.org/id/london-borough-council/camden,5998,21/12/2020 02:48:38 PM
1170033937,CAMDEN,1 Driver/Rider,1 Male,25-59,29,1,3 Slight,-2 Unknown,-2 N/A,3 Powered 2 Wheeler,BLOOMSBURY WAY J/W BURY PLACE,3,03/04/2017 08:50:00 AM,Monday,8.50,3 Bor,A,40,9 Unknown,2 30 MPH,99 Unknown (S/R),9 Unknown (S/R),Unclassified,0,9 Unknown (S/R),1 Daylight,9 Unknown,9 Unknown (S/R),6 Oil Or Diesel,9 Unknown (S/R),530280,181540,-0.123728,51.517768,,,Unknown,"(51.517768, -0.123728)",http://opendatacommunities.org/id/london-borough-council/camden,6911,21/12/2020 02:48:39 PM
1180104129,CAMDEN,3 Pedestrian,1 Male,25-59,30,1,2 Serious,09 In Road - Not Crossing,9 Unknown Or Other,1 Pedestrian,DRUMMOND STREET J/W HAMPSTEAD ROAD,1,26/04/2018 08:50:00 AM,Thursday,8.50,1 TLRN,A,400,6 Single Cwy,2 30 MPH,6 Crossroads,2 Auto Sig,C,0,0 No Xing Facility In 50m,1 Daylight,1 Fine,1 Road-Dry,0 None,0 None,529230,182480,-0.138508,51.526457,,,Unknown,"(51.526457, -0.138508)",http://opendatacommunities.org/id/london-borough-council/camden,7931,21/12/2020 02:48:41 PM
1180130272,CAMDEN,1 Driver/Rider,1 Male,16-24,16,1,3 Slight,-2 Unknown,-2 N/A,3 Powered 2 Wheeler,CAMDEN HIGH STREET 20M N OF J/W PARKWAY,2,02/09/2018 10:41:00 PM,Sunday,22.41,1 TLRN,A,502,6 Single Cwy,1 <= 20 MPH,7 Multi Jun,2 Auto Sig,A,4201,5 Pedn Phase At Ats,2 Dark,1 Fine,1 Road-Dry,0 None,0 None,528896,183884,-0.142806,51.53915,,,Unknown,"(51.53915, -0.142806)",http://opendatacommunities.org/id/london-borough-council/camden,8297,21/12/2020 02:48:42 PM
1180085886,CAMDEN,1 Driver/Rider,2 Female,25-59,32,1,2 Serious,-2 Unknown,-2 N/A,2 Pedal Cycle,CAMDEN HIGH STREET J/W CAMDEN ROAD,2,25/01/2018 07:00:00 PM,Thursday,19.00,1 TLRN,A,400,6 Single Cwy,1 <= 20 MPH,7 Multi Jun,2 Auto Sig,A,503,5 Pedn Phase At Ats,2 Dark,1 Fine,1 Road-Dry,0 None,0 None,528910,183890,-0.142602,51.539201,,,Unknown,"(51.539201, -0.142602)",http://opendatacommunities.org/id/london-borough-council/camden,7693,21/12/2020 02:48:41 PM
1190216368,CAMDEN,3 PEDESTRIAN,2 FEMALE,25-59,43,1,3 SLIGHT,04 CROSSING ROAD WITHIN 50M XING,1 FROM DRIVERS N/SIDE,1 PEDESTRIAN,"On Pancras Road, near the junction with King's Cross Station Drop Off Area.",1,05/11/2019 11:00:00 PM,Tuesday,23.00,3 BOR,A,5202,6 SINGLE CWY,30,08 PRIV DRIVE,4 GIVE WAY/UNCONTROLLED,6,0,5 PEDN PHASE AT ATS,1 DARK,1 FINE,2 ROAD-WET,0 NONE,0 NONE,530126,183120,-0.125363,51.532003,,,Unknown,"(51.532003, -0.125363)",http://opendatacommunities.org/id/london-borough-council/camden,9496,21/12/2020 02:48:44 PM
1180083373,CAMDEN,1 Driver/Rider,2 Female,25-59,30,1,3 Slight,-2 Unknown,-2 N/A,2 Pedal Cycle,NFL ARKWRIGHT ROAD JW LINDFIELD GARDENS,2,11/01/2018 06:40:00 PM,Thursday,18.40,3 Bor,C,0,6 Single Cwy,2 30 MPH,0 No Jun In 20m,-2 Not Applicable,-2 Not Applicable,0,9 Unknown (S/R),2 Dark,1 Fine,2 Road-Wet,0 None,0 None,526130,185170,-0.182207,51.551332,,,Unknown,"(51.551332, -0.182207)",http://opendatacommunities.org/id/london-borough-council/camden,7664,21/12/2020 02:48:41 PM
1170015236,CAMDEN,1 Driver/Rider,1 Male,25-59,30,1,3 Slight,-2 Unknown,-2 N/A,3 Powered 2 Wheeler,GRAYS INN ROAD J/W SIDMOUTH STREET,2,30/01/2017 09:36:00 PM,Monday,21.36,3 Bor,A,5200,6 Single Cwy,2 30 MPH,3 T/Stag Jun,2 Auto Sig,C,0,4 Pelican Or Similar,2 Dark,1 Fine,2 Road-Wet,0 None,0 None,530610,182610,-0.118578,51.527308,,,Unknown,"(51.527308, -0.118578)",http://opendatacommunities.org/id/london-borough-council/camden,6630,21/12/2020 02:48:39 PM
1170062831,CAMDEN,2 Passenger,2 Female,25-59,47,1,3 Slight,-2 Unknown,-2 N/A,6 Bus Or Coach,SOUTHAMPTON ROW 25M N OF J/W HIGH HOLBORN THE NEAREST CLASSIFIED R,1,05/10/2017 11:04:00 PM,Thursday,23.04,3 Bor,A,4200,2 One-Way St,1 <= 20 MPH,0 No Jun In 20m,-2 Not Applicable,-2 Not Applicable,0,5 Pedn Phase At Ats,2 Dark,1 Fine,1 Road-Dry,0 None,0 None,530500,181530,-0.120562,51.517627,,,Unknown,"(51.517627, -0.120562)",http://opendatacommunities.org/id/london-borough-council/camden,7382,21/12/2020 02:48:40 PM
1180116226,CAMDEN,1 Driver/Rider,1 Male,25-59,37,1,3 Slight,-2 Unknown,-2 N/A,3 Powered 2 Wheeler,EUSTON SQUARE J/W MELTON STREET,3,22/06/2018 08:10:00 AM,Friday,8.10,1 TLRN,A,501,3 Dual Cwy,2 30 MPH,6 Crossroads,2 Auto Sig,C,0,5 Pedn Phase At Ats,1 Daylight,8 Other,1 Road-Dry,0 None,0 None,529560,182480,-0.133753,51.526381,,,Unknown,"(51.526381, -0.133753)",http://opendatacommunities.org/id/london-borough-council/camden,8107,21/12/2020 02:48:42 PM
1180101893,CAMDEN,1 Driver/Rider,1 Male,25-59,39,1,3 Slight,-2 Unknown,-2 N/A,5 Taxi,PLENDER STREET 1M S OF J/W BAYHAM STREET,2,15/04/2018 05:15:00 PM,Sunday,17.15,3 Bor,Unclassified,0,2 One-Way St,1 <= 20 MPH,6 Crossroads,4 Give Way/Uncontrolled,C,0,1 Zebra,1 Daylight,1 Fine,1 Road-Dry,0 None,0 None,529190,183560,-0.138688,51.536172,,,Unknown,"(51.536172, -0.138688)",http://opendatacommunities.org/id/london-borough-council/camden,7891,21/12/2020 02:48:41 PM
1170037228,CAMDEN,2 Passenger,1 Male,25-59,47,1,3 Slight,-2 Unknown,-2 N/A,5 Taxi,ABBEY ROAD J/W BELSIZE ROAD,2,13/05/2017 08:08:00 PM,Saturday,20.08,3 Bor,B,507,6 Single Cwy,2 30 MPH,6 Crossroads,2 Auto Sig,B,509,4 Pelican Or Similar,1 Daylight,1 Fine,1 Road-Dry,0 None,0 None,525800,183880,-0.187425,51.539812,,,Unknown,"(51.539812, -0.187425)",http://opendatacommunities.org/id/london-borough-council/camden,6959,21/12/2020 02:48:39 PM
1170057453,CAMDEN,1 Driver/Rider,1 Male,16-24,21,1,3 Slight,-2 Unknown,-2 N/A,3 Powered 2 Wheeler,WEST END LANE 50M N OF J/W CANNON HILL,2,05/09/2017 08:36:00 PM,Tuesday,20.36,3 Bor,C,0,6 Single Cwy,1 <= 20 MPH,0 No Jun In 20m,-2 Not Applicable,-2 Not Applicable,0,0 No Xing Facility In 50m,2 Dark,2 Raining,2 Road-Wet,0 None,0 None,525541,185279,-0.190659,51.552443,,,Unknown,"(51.552443, -0.190659)",http://opendatacommunities.org/id/london-borough-council/camden,7293,21/12/2020 02:48:40 PM
1180134973,CAMDEN,3 Pedestrian,1 Male,16-24,18,1,3 Slight,01 Crossing Road On Ped Xing,1 From Drivers N/Side,1 Pedestrian,A400 BLOOMSBURY STREET J/W NEW OXFORD STREET,1,25/09/2018 10:40:00 PM,Tuesday,22.40,3 Bor,A,400,3 Dual Cwy,2 30 MPH,6 Crossroads,2 Auto Sig,A,40,5 Pedn Phase At Ats,2 Dark,1 Fine,1 Road-Dry,0 None,0 None,530060,181430,-0.126937,51.51683,,,Unknown,"(51.51683, -0.126937)",http://opendatacommunities.org/id/london-borough-council/camden,8355,21/12/2020 02:48:42 PM
0115EO40743,CAMDEN,2 Passenger,2 Female,25-59,27,1,3 Slight,-2 Unknown,-2 N/A,4 Car,YORK WAY J/W WHARFDALE ROAD,2,05/09/2015 08:11:00 PM,Saturday,20.11,3 Bor,A,5200,6 Single Cwy,1 <= 20 MPH,3 T/Stag Jun,4 Give Way/Uncontrolled,C,0,0 No Xing Facility In 50m,2 Dark,1 Fine,1 Road-Dry,0 None,0 None,530320,183310,-0.122497,51.533665,,,Unknown,"(51.533665, -0.122497)",http://opendatacommunities.org/id/london-borough-council/camden,5601,21/12/2020 02:48:37 PM
1190214628,CAMDEN,1 DRIVER/RIDER,1 MALE,16-24,18,1,3 SLIGHT,'-2 NOT APPLICABLE,'-2 NOT APPLICABLE,3 POWERED 2 WHEELER,"On Swain's Lane, 170 metres north of the junction with OAKESHOT AVENUE.. The nearest classified road was the B2. The nearest classified road was the B2",2,28/10/2019 05:30:00 PM,Monday,17.30,3 BOR,6,0,3 DUAL CWY,20,00 NO JUN IN 20M,,0,0,0 NO XING FACILITY IN 50M,1 DARK,1 FINE,2 ROAD-WET,0 NONE,0 NONE,528534,187045,-0.146868,51.56764,,,Unknown,"(51.56764, -0.146868)",http://opendatacommunities.org/id/london-borough-council/camden,9474,21/12/2020 02:48:44 PM
1180120279,CAMDEN,2 Passenger,2 Female,25-59,30,1,3 Slight,-2 Unknown,-2 N/A,4 Car,MAYGROVE ROAD J/W ARIEL ROAD,2,08/07/2018 01:30:00 PM,Sunday,13.30,3 Bor,C,0,6 Single Cwy,1 <= 20 MPH,3 T/Stag Jun,4 Give Way/Uncontrolled,Unclassified,0,9 Unknown (S/R),1 Daylight,1 Fine,1 Road-Dry,9 Unknown (S/R),9 Unknown (S/R),525030,184770,-0.198206,51.547982,,,Unknown,"(51.547982, -0.198206)",http://opendatacommunities.org/id/london-borough-council/camden,8166,21/12/2020 02:48:42 PM
1170045776,CAMDEN,1 Driver/Rider,1 Male,25-59,50,1,3 Slight,-2 Unknown,-2 N/A,5 Taxi,VARNDELL STREET J/W STANHOPE STREET,2,29/06/2017 11:45:00 PM,Thursday,23.45,3 Bor,Unclassified,0,6 Single Cwy,1 <= 20 MPH,6 Crossroads,4 Give Way/Uncontrolled,Unclassified,0,0 No Xing Facility In 50m,2 Dark,1 Fine,1 Road-Dry,0 None,0 None,529070,182800,-0.140695,51.529369,,,Unknown,"(51.529369, -0.140695)",http://opendatacommunities.org/id/london-borough-council/camden,7100,21/12/2020 02:48:40 PM
0116EK40335,CAMDEN,2 Passenger,1 Male,16-24,22,1,3 Slight,-2 Unknown,-2 N/A,4 Car,AVENUE RD 32M NORTH WEST OF J/W FINCHLEY RD SLIP RD,2,13/05/2016 11:38:00 PM,Friday,23.38,1 TLRN,A,41,3 Dual Cwy,2 30 MPH,9 Other Jun,2 Auto Sig,A,41,5 Pedn Phase At Ats,2 Dark,1 Fine,1 Road-Dry,0 None,0 None,526660,184310,-0.174876,51.543485,,,Unknown,"(51.543485, -0.174876)",http://opendatacommunities.org/id/london-borough-council/camden,6267,21/12/2020 02:48:38 PM
1180121125,CAMDEN,1 Driver/Rider,1 Male,25-59,31,1,2 Serious,-2 Unknown,-2 N/A,2 Pedal Cycle,KENTISH TOWN ROAD J/W HAWLEY CRESCENT,1,12/07/2018 12:01:00 AM,Thursday,0.01,3 Bor,A,400,6 Single Cwy,1 <= 20 MPH,99 Unknown (S/R),9 Unknown (S/R),Unclassified,0,0 No Xing Facility In 50m,2 Dark,1 Fine,1 Road-Dry,0 None,0 None,528930,184070,-0.142248,51.540814,,,Unknown,"(51.540814, -0.142248)",http://opendatacommunities.org/id/london-borough-council/camden,8179,21/12/2020 02:48:42 PM
1180093299,CAMDEN,1 Driver/Rider,1 Male,25-59,47,1,3 Slight,-2 Unknown,-2 N/A,4 Car,TOTTENHAM COURT ROAD 5M S OF J/W GOODGE STREET,2,01/03/2018 03:40:00 AM,Thursday,3.40,3 Bor,A,400,2 One-Way St,1 <= 20 MPH,3 T/Stag Jun,4 Give Way/Uncontrolled,B,506,0 No Xing Facility In 50m,2 Dark,3 Snowing,3 Road-Snow,0 None,0 None,529580,181770,-0.133726,51.519996,,,Unknown,"(51.519996, -0.133726)",http://opendatacommunities.org/id/london-borough-council/camden,7786,21/12/2020 02:48:41 PM
0115EK40588,CAMDEN,1 Driver/Rider,1 Male,25-59,41,1,3 Slight,-2 Unknown,-2 N/A,2 Pedal Cycle,OUTER CIRCLE 25M N OF GLOUCESTER GATE,2,09/07/2015 08:51:00 PM,Thursday,20.51,3 Bor,Unclassified,0,6 Single Cwy,2 30 MPH,0 No Jun In 20m,-2 Not Applicable,-2 Not Applicable,0,0 No Xing Facility In 50m,1 Daylight,1 Fine,1 Road-Dry,0 None,0 None,528530,183450,-0.148239,51.535333,,,Unknown,"(51.535333, -0.148239)",http://opendatacommunities.org/id/london-borough-council/camden,5074,21/12/2020 02:48:36 PM
1180137021,CAMDEN,3 Pedestrian,2 Female,25-59,29,1,2 Serious,04 Crossing Road Within 50m Xing,1 From Drivers N/Side,1 Pedestrian,BOUNDARY ROAD J/W ABBEY ROAD,1,05/10/2018 12:00:00 PM,Friday,12.00,3 Bor,B,507,6 Single Cwy,2 30 MPH,3 T/Stag Jun,4 Give Way/Uncontrolled,B,507,1 Zebra,1 Daylight,1 Fine,1 Road-Dry,0 None,0 None,526000,183680,-0.184614,51.53797,,,Unknown,"(51.53797, -0.184614)",http://opendatacommunities.org/id/london-borough-council/camden,8381,21/12/2020 02:48:42 PM
1160007496,CAMDEN,1 Driver/Rider,2 Female,25-59,32,1,3 Slight,-2 Unknown,-2 N/A,4 Car,CAVERSHAM ROAD 105M E OF J/W HAMMOND STREET,3,16/12/2016 10:00:00 PM,Friday,22.00,3 Bor,Unclassified,0,2 One-Way St,1 <= 20 MPH,0 No Jun In 20m,-2 Not Applicable,-2 Not Applicable,0,0 No Xing Facility In 50m,2 Dark,1 Fine,1 Road-Dry,0 None,0 None,529270,184930,-0.137032,51.548465,,,Unknown,"(51.548465, -0.137032)",http://opendatacommunities.org/id/london-borough-council/camden,5784,21/12/2020 02:48:37 PM
1190244445,CAMDEN,1 DRIVER/RIDER,1 MALE,25-59,58,1,2 SERIOUS,'-2 NOT APPLICABLE,'-2 NOT APPLICABLE,3 POWERED 2 WHEELER,"On Euston Road, near the junction with melton street.",2,13/11/2019 01:05:00 PM,Wednesday,13.05,1 TLRN,A,501,2 ONE-WAY ST,30,06 CROSSROADS,9 UNKNOWN (S/R),5,0,9 UNKNOWN (S/R),2 DAYLIGHT,1 FINE,1 ROAD-DRY,9 UNKNOWN (S/R),0 NONE,529560,182484,-0.133752,51.526417,,,Unknown,"(51.526417, -0.133752)",http://opendatacommunities.org/id/london-borough-council/camden,9669,21/12/2020 02:48:45 PM
0116EK40300,CAMDEN,3 Pedestrian,1 Male,25-59,32,1,3 Slight,04 Crossing Road Within 50m Xing,3 From Drivers O/Side,1 Pedestrian,FERDINAND STREET J/W CHALK FARM ROAD.,1,02/05/2016 11:55:00 PM,Monday,23.55,3 Bor,B,517,6 Single Cwy,1 <= 20 MPH,3 T/Stag Jun,2 Auto Sig,A,502,5 Pedn Phase At Ats,2 Dark,1 Fine,1 Road-Dry,0 None,6 Ped In Cwy (Not Inj),528450,184300,-0.149081,51.542991,,,Unknown,"(51.542991, -0.149081)",http://opendatacommunities.org/id/london-borough-council/camden,6236,21/12/2020 02:48:38 PM
1170029165,CAMDEN,1 Driver/Rider,1 Male,25-59,30,1,2 Serious,-2 Unknown,-2 N/A,3 Powered 2 Wheeler,HAMPSTEAD ROAD 30M N OF J/W EUSTON ROAD THE NEAREST CLASSIFIED ROA,2,31/03/2017 03:00:00 AM,Friday,3.00,1 TLRN,A,400,3 Dual Cwy,2 30 MPH,0 No Jun In 20m,-2 Not Applicable,-2 Not Applicable,0,5 Pedn Phase At Ats,2 Dark,1 Fine,1 Road-Dry,0 None,0 None,529230,182370,-0.138548,51.525468,,,Unknown,"(51.525468, -0.138548)",http://opendatacommunities.org/id/london-borough-council/camden,6832,21/12/2020 02:48:39 PM
0115EK40470,CAMDEN,2 Passenger,1 Male,60+,82,1,3 Slight,-2 Unknown,-2 N/A,6 Bus Or Coach,VERNON PLACE J/W SOUTHAMPTON ROW,1,13/06/2015 03:50:00 PM,Saturday,15.50,3 Bor,A,401,3 Dual Cwy,3 40 MPH,6 Crossroads,2 Auto Sig,A,4200,5 Pedn Phase At Ats,1 Daylight,1 Fine,1 Road-Dry,0 None,0 None,530450,181670,-0.121231,51.518897,,,Unknown,"(51.518897, -0.121231)",http://opendatacommunities.org/id/london-borough-council/camden,4961,21/12/2020 02:48:36 PM
1190201285,CAMDEN,1 DRIVER/RIDER,1 MALE,25-59,31,1,3 SLIGHT,'-2 NOT APPLICABLE,'-2 NOT APPLICABLE,2 PEDAL CYCLE,"On Iverson Road, near the junction with Medley Road.",2,24/08/2019 12:15:00 PM,Saturday,12.15,3 BOR,B,520,6 SINGLE CWY,20,03 T/STAG JUN,4 GIVE WAY/UNCONTROLLED,5,0,1 ZEBRA,2 DAYLIGHT,1 FINE,1 ROAD-DRY,0 NONE,0 NONE,525248,184724,-0.19508,51.54752,,,Unknown,"(51.54752, -0.19508)",http://opendatacommunities.org/id/london-borough-council/camden,9296,21/12/2020 02:48:44 PM
1190215211,CAMDEN,3 PEDESTRIAN,1 MALE,16-24,19,1,3 SLIGHT,06 ON FOOTPATH - VERGE,'-2 NOT APPLICABLE,1 PEDESTRIAN,"On Lidlington Place, near the junction with Harrington Square.",1,31/10/2019 04:55:00 PM,Thursday,16.55,1 TLRN,A,400,2 ONE-WAY ST,30,08 PRIV DRIVE,4 GIVE WAY/UNCONTROLLED,6,0,0 NO XING FACILITY IN 50M,1 DARK,1 FINE,1 ROAD-DRY,0 NONE,0 NONE,529248,183167,-0.137996,51.532626,,,Unknown,"(51.532626, -0.137996)",http://opendatacommunities.org/id/london-borough-council/camden,9480,21/12/2020 02:48:44 PM
1180133566,CAMDEN,3 Pedestrian,1 Male,60+,66,1,2 Serious,05 Crossing Road (Not On Xing),1 From Drivers N/Side,1 Pedestrian,FINCHLEY ROAD J/W BURGESS HILL,1,19/09/2018 02:25:00 AM,Wednesday,2.25,1 TLRN,A,41,3 Dual Cwy,2 30 MPH,3 T/Stag Jun,2 Auto Sig,Unclassified,0,5 Pedn Phase At Ats,1 Daylight,4 Fine/High Winds,1 Road-Dry,0 None,0 None,525100,186000,-0.19676,51.55902,,,Unknown,"(51.55902, -0.19676)",http://opendatacommunities.org/id/london-borough-council/camden,8335,21/12/2020 02:48:42 PM
1170032661,CAMDEN,1 Driver/Rider,2 Female,25-59,27,1,3 Slight,-2 Unknown,-2 N/A,2 Pedal Cycle,WILLINGHAM TERRACE J/W LEIGHTON ROAD,1,14/04/2017 03:00:00 PM,Friday,15.00,3 Bor,C,0,9 Unknown,2 30 MPH,3 T/Stag Jun,9 Unknown (S/R),Unclassified,0,9 Unknown (S/R),1 Daylight,1 Fine,1 Road-Dry,9 Unknown (S/R),0 None,529339,185197,-0.135939,51.550849,,,Unknown,"(51.550849, -0.135939)",http://opendatacommunities.org/id/london-borough-council/camden,6892,21/12/2020 02:48:39 PM
1160006872,CAMDEN,1 Driver/Rider,1 Male,25-59,45,1,3 Slight,-2 Unknown,-2 N/A,4 Car,KENTISH TOWN ROAD 25M S OF J/W FARRIER STREET,3,22/11/2016 10:00:00 PM,Tuesday,22.00,3 Bor,A,400,6 Single Cwy,2 30 MPH,0 No Jun In 20m,-2 Not Applicable,-2 Not Applicable,0,0 No Xing Facility In 50m,2 Dark,9 Unknown,9 Unknown (S/R),9 Unknown (S/R),0 None,528957,184365,-0.141751,51.543459,,,Unknown,"(51.543459, -0.141751)",http://opendatacommunities.org/id/london-borough-council/camden,5775,21/12/2020 02:48:37 PM