Reference,London Borough Name,Casualty Class,Casualty Sex,Casualty Age Band,Casualty Age,Number Of Casualties,Casualty Severity,Pedestrian Location,Pedestrian Movement,Mode Of Travel,Attendant Location,Number Of Vehicles,Date,Day,Time,Highway,Road Class 1,Road Number 1,Road Type,Speed Limit,Junction Detail,Junction Control,Road Class 2,Road Number 2,Pedestrian Crossing,Light Condition Band,Weather,Road Surface,Special Conditions,Carriage Way Hazard,Easting,Northing,Longitude,Latitude,Ward Code,Ward Name,Spatial Accuracy,Location,Organisation URI,Socrata ID,Last Uploaded
1180109990,CAMDEN,3 Pedestrian,2 Female,25-59,42,1,3 Slight,05 Crossing Road (Not On Xing),9 Unknown Or Other,1 Pedestrian,HANWAY STREET J/W TOTTENHAM COURT ROAD,1,19/05/2018 05:35:00 PM,Saturday,17.35,3 Bor,A,400,6 Single Cwy,2 30 MPH,3 T/Stag Jun,4 Give Way/Uncontrolled,A,400,0 No Xing Facility In 50m,2 Dark,9 Unknown,9 Unknown (S/R),0 None,0 None,529780,181440,-0.130967,51.516984,,,Unknown,"(51.516984, -0.130967)",http://opendatacommunities.org/id/london-borough-council/camden,8016,21/12/2020 02:48:42 PM
0116CW10485,CAMDEN,3 Pedestrian,2 Female,25-59,25,1,3 Slight,01 Crossing Road On Ped Xing,1 From Drivers N/Side,1 Pedestrian,SHAFTESBURY AVENUE J/W MERCER STREET,1,13/01/2016 10:10:00 PM,Wednesday,22.10,3 Bor,A,401,6 Single Cwy,2 30 MPH,6 Crossroads,4 Give Way/Uncontrolled,Unclassified,0,1 Zebra,2 Dark,2 Raining,2 Road-Wet,0 None,0 None,530000,181140,-0.127908,51.514238,,,Unknown,"(51.514238, -0.127908)",http://opendatacommunities.org/id/london-borough-council/camden,5966,21/12/2020 02:48:38 PM
1190179102,CAMDEN,3 PEDESTRIAN,1 MALE,25-59,41,2,2 SERIOUS,01 CROSSING ROAD ON PED XING,'-2 NOT APPLICABLE,1 PEDESTRIAN,"On Euston Road, near the junction with ARGYLLE road.",1,05/05/2019 11:10:00 PM,Sunday,23.10,1 TLRN,A,501,3 DUAL CWY,30,03 T/STAG JUN,2 AUTO SIG,5,0,4 PELICAN OR SIMILAR,1 DARK,1 FINE,1 ROAD-DRY,0 NONE,0 NONE,530205,182869,-0.124317,51.529729,,,Unknown,"(51.529729, -0.124317)",http://opendatacommunities.org/id/london-borough-council/camden,8983,21/12/2020 02:48:44 PM
1170062277,CAMDEN,3 Pedestrian,1 Male,25-59,34,1,3 Slight,10 Unknown,9 Unknown Or Other,1 Pedestrian,EUSTON ROAD 10M W OF J/W TOTTENHAM COURT ROAD,1,03/10/2017 09:04:00 AM,Tuesday,9.04,1 TLRN,A,501,3 Dual Cwy,2 30 MPH,7 Multi Jun,2 Auto Sig,A,400,5 Pedn Phase At Ats,1 Daylight,1 Fine,1 Road-Dry,0 None,0 None,529217,182302,-0.13876,51.52486,,,Unknown,"(51.52486, -0.13876)",http://opendatacommunities.org/id/london-borough-council/camden,7372,21/12/2020 02:48:40 PM
0116EO40182,CAMDEN,3 Pedestrian,2 Female,16-24,23,1,3 Slight,04 Crossing Road Within 50m Xing,2 From Drivers N/Side Msk,1 Pedestrian,YORK WAY J/W COPENHAGEN STREET,1,26/02/2016 06:21:00 PM,Friday,18.21,3 Bor,A,5200,6 Single Cwy,1 <= 20 MPH,6 Crossroads,4 Give Way/Uncontrolled,B,154,4 Pelican Or Similar,2 Dark,1 Fine,1 Road-Dry,0 None,0 None,530310,183660,-0.122512,51.536813,,,Unknown,"(51.536813, -0.122512)",http://opendatacommunities.org/id/london-borough-council/camden,6527,21/12/2020 02:48:39 PM
1180122423,CAMDEN,1 Driver/Rider,1 Male,16-24,24,1,3 Slight,-2 Unknown,-2 N/A,3 Powered 2 Wheeler,HIGHGATE ROAD J/W WOODSOME ROAD,2,21/07/2018 05:20:00 PM,Saturday,17.20,3 Bor,C,0,6 Single Cwy,1 <= 20 MPH,3 T/Stag Jun,4 Give Way/Uncontrolled,Unclassified,0,0 No Xing Facility In 50m,1 Daylight,1 Fine,1 Road-Dry,0 None,0 None,528430,186040,-0.148735,51.558632,,,Unknown,"(51.558632, -0.148735)",http://opendatacommunities.org/id/london-borough-council/camden,8191,21/12/2020 02:48:42 PM
1190188895,CAMDEN,3 PEDESTRIAN,1 MALE,60+,62,1,3 SLIGHT,01 CROSSING ROAD ON PED XING,1 FROM DRIVERS N/SIDE,1 PEDESTRIAN,"On New Oxford Street, near the junction with Museum Street.",1,22/06/2019 03:25:00 PM,Saturday,15.25,3 BOR,A,40,6 SINGLE CWY,20,06 CROSSROADS,2 AUTO SIG,A,40,5 PEDN PHASE AT ATS,2 DAYLIGHT,1 FINE,1 ROAD-DRY,0 NONE,0 NONE,530178,181470,-0.125223,51.517162,,,Unknown,"(51.517162, -0.125223)",http://opendatacommunities.org/id/london-borough-council/camden,9123,21/12/2020 02:48:44 PM
1170069322,CAMDEN,1 Driver/Rider,2 Female,25-59,51,1,3 Slight,-2 Unknown,-2 N/A,2 Pedal Cycle,HIGHGATE WEST HILL 40M N OF J/W OAKESHOTT AVE,2,10/11/2017 08:50:00 AM,Friday,8.50,3 Bor,C,0,6 Single Cwy,1 <= 20 MPH,0 No Jun In 20m,-2 Not Applicable,-2 Not Applicable,0,0 No Xing Facility In 50m,1 Daylight,1 Fine,2 Road-Wet,6 Oil Or Diesel,0 None,528096,186780,-0.153281,51.565358,,,Unknown,"(51.565358, -0.153281)",http://opendatacommunities.org/id/london-borough-council/camden,7500,21/12/2020 02:48:41 PM
1180123558,CAMDEN,1 Driver/Rider,1 Male,25-59,32,1,3 Slight,-2 Unknown,-2 N/A,2 Pedal Cycle,B507 60M S OF J/W BELSIZE ROAD,2,27/07/2018 10:14:00 AM,Friday,10.14,3 Bor,B,507,6 Single Cwy,2 30 MPH,0 No Jun In 20m,-2 Not Applicable,-2 Not Applicable,0,0 No Xing Facility In 50m,1 Daylight,1 Fine,1 Road-Dry,0 None,0 None,525920,183740,-0.185746,51.538527,,,Unknown,"(51.538527, -0.185746)",http://opendatacommunities.org/id/london-borough-council/camden,8206,21/12/2020 02:48:42 PM
0115CW10579,CAMDEN,2 Passenger,1 Male,25-59,46,1,3 Slight,-2 Unknown,-2 N/A,6 Bus Or Coach,KINGSWAY J/W SARDINIA STREET.,2,02/02/2015 01:00:00 PM,Monday,13.00,3 Bor,A,4200,6 Single Cwy,2 30 MPH,3 T/Stag Jun,4 Give Way/Uncontrolled,A,4200,0 No Xing Facility In 50m,1 Daylight,1 Fine,1 Road-Dry,0 None,0 None,530640,181230,-0.118657,51.514899,,,Unknown,"(51.514899, -0.118657)",http://opendatacommunities.org/id/london-borough-council/camden,4562,21/12/2020 02:48:35 PM
1190213440,CAMDEN,1 DRIVER/RIDER,1 MALE,25-59,52,1,3 SLIGHT,'-2 NOT APPLICABLE,'-2 NOT APPLICABLE,3 POWERED 2 WHEELER,"On Frognal, 20 metres east of the junction with Finchley Road.",2,22/10/2019 10:38:00 PM,Tuesday,22.38,1 TLRN,A,41,6 SINGLE CWY,20,08 PRIV DRIVE,4 GIVE WAY/UNCONTROLLED,6,0,0 NO XING FACILITY IN 50M,1 DARK,1 FINE,1 ROAD-DRY,0 NONE,0 NONE,526171,184954,-0.181693,51.549382,,,Unknown,"(51.549382, -0.181693)",http://opendatacommunities.org/id/london-borough-council/camden,9461,21/12/2020 02:48:44 PM
0115EK41067,CAMDEN,1 Driver/Rider,1 Male,25-59,34,1,3 Slight,-2 Unknown,-2 N/A,3 Powered 2 Wheeler,WOBURN PLACE J/W CORAM STREET.,2,30/11/2015 07:13:00 AM,Monday,7.13,3 Bor,A,4200,6 Single Cwy,2 30 MPH,3 T/Stag Jun,4 Give Way/Uncontrolled,Unclassified,0,0 No Xing Facility In 50m,1 Daylight,1 Fine,1 Road-Dry,0 None,0 None,530030,182210,-0.127082,51.523847,,,Unknown,"(51.523847, -0.127082)",http://opendatacommunities.org/id/london-borough-council/camden,5479,21/12/2020 02:48:37 PM
1190168543,CAMDEN,3 PEDESTRIAN,2 FEMALE,0-15,14,1,3 SLIGHT,01 CROSSING ROAD ON PED XING,3 FROM DRIVERS O/SIDE,1 PEDESTRIAN,"On FINCHLEY ROAD, near the junction with ADELAIDE ROAD.",1,12/03/2019 08:00:00 AM,Tuesday,8.00,1 TLRN,A,41,3 DUAL CWY,30,06 CROSSROADS,2 AUTO SIG,B,509,5 PEDN PHASE AT ATS,2 DAYLIGHT,1 FINE,1 ROAD-DRY,0 NONE,0 NONE,526668,184112,-0.174832,51.541703,,,Unknown,"(51.541703, -0.174832)",http://opendatacommunities.org/id/london-borough-council/camden,8835,21/12/2020 02:48:43 PM
1180081025,CAMDEN,1 Driver/Rider,1 Male,25-59,41,1,3 Slight,-2 Unknown,-2 N/A,4 Car,THEOBALDS ROAD J/W RED LION STREET,2,01/01/2018 12:45:00 PM,Monday,12.45,3 Bor,A,401,6 Single Cwy,1 <= 20 MPH,6 Crossroads,2 Auto Sig,C,0,4 Pelican Or Similar,1 Daylight,1 Fine,1 Road-Dry,0 None,0 None,530690,181840,-0.117711,51.520369,,,Unknown,"(51.520369, -0.117711)",http://opendatacommunities.org/id/london-borough-council/camden,7643,21/12/2020 02:48:41 PM
0115EK41135,CAMDEN,3 Pedestrian,1 Male,16-24,16,1,3 Slight,05 Crossing Road (Not On Xing),1 From Drivers N/Side,1 Pedestrian,N.F.L KENTISH TOWN ROAD 30M S OF BUCK STREET,1,18/12/2015 07:57:00 PM,Friday,19.57,3 Bor,A,400,6 Single Cwy,2 30 MPH,0 No Jun In 20m,-2 Not Applicable,-2 Not Applicable,0,0 No Xing Facility In 50m,2 Dark,1 Fine,1 Road-Dry,0 None,0 None,528920,183980,-0.142425,51.540008,,,Unknown,"(51.540008, -0.142425)",http://opendatacommunities.org/id/london-borough-council/camden,5542,21/12/2020 02:48:37 PM
1170016327,CAMDEN,1 Driver/Rider,1 Male,25-59,31,1,3 Slight,-2 Unknown,-2 N/A,4 Car,OSENEY CRESCENT NW5 J/W BARTHOMLEW ROAD NW5,2,05/02/2017 03:05:00 PM,Sunday,15.05,3 Bor,Unclassified,0,6 Single Cwy,1 <= 20 MPH,6 Crossroads,4 Give Way/Uncontrolled,Unclassified,0,0 No Xing Facility In 50m,1 Daylight,1 Fine,1 Road-Dry,0 None,0 None,529399,184840,-0.135206,51.547627,,,Unknown,"(51.547627, -0.135206)",http://opendatacommunities.org/id/london-borough-council/camden,6647,21/12/2020 02:48:39 PM
0115EK40015,CAMDEN,2 Passenger,1 Male,25-59,27,1,3 Slight,-2 Unknown,-2 N/A,6 Bus Or Coach,HAMPSTEAD ROAD J/W DRUMMOND STREET,2,15/01/2015 02:02:00 PM,Thursday,14.02,1 TLRN,A,400,6 Single Cwy,2 30 MPH,6 Crossroads,2 Auto Sig,A,400,5 Pedn Phase At Ats,1 Daylight,1 Fine,1 Road-Dry,0 None,0 None,529220,182480,-0.138652,51.526459,,,Unknown,"(51.526459, -0.138652)",http://opendatacommunities.org/id/london-borough-council/camden,4593,21/12/2020 02:48:35 PM
1180138198,CAMDEN,1 Driver/Rider,1 Male,25-59,33,1,3 Slight,-2 Unknown,-2 N/A,2 Pedal Cycle,PANCRAS RD 233M N OF J/W EUSTON ROAD THE NEAREST CLASSIFIED ROAD W,2,10/10/2018 06:55:00 PM,Wednesday,18.55,3 Bor,A,5202,6 Single Cwy,1 <= 20 MPH,0 No Jun In 20m,-2 Not Applicable,-2 Not Applicable,0,4 Pelican Or Similar,2 Dark,1 Fine,1 Road-Dry,0 None,0 None,530120,183110,-0.125453,51.531914,,,Unknown,"(51.531914, -0.125453)",http://opendatacommunities.org/id/london-borough-council/camden,8411,21/12/2020 02:48:42 PM
1190161049,CAMDEN,1 DRIVER/RIDER,1 MALE,25-59,50,1,3 SLIGHT,'-2 NOT APPLICABLE,'-2 NOT APPLICABLE,4 CAR,"On Avenue Road, near the junction with Unknown.",2,02/02/2019 08:40:00 PM,Saturday,20.40,3 BOR,B,525,3 DUAL CWY,30,09 OTHER JUN,4 GIVE WAY/UNCONTROLLED,6,0,0 NO XING FACILITY IN 50M,2 DAYLIGHT,1 FINE,1 ROAD-DRY,0 NONE,0 NONE,527313,183542,-0.165743,51.536436,,,Unknown,"(51.536436, -0.165743)",http://opendatacommunities.org/id/london-borough-council/camden,8745,21/12/2020 02:48:43 PM
1190203070,CAMDEN,1 DRIVER/RIDER,1 MALE,25-59,42,1,3 SLIGHT,'-2 NOT APPLICABLE,'-2 NOT APPLICABLE,2 PEDAL CYCLE,"On Euston Road, near the junction with Churchway.",2,04/09/2019 03:50:00 AM,Tuesday,3.50,1 TLRN,A,501,6 SINGLE CWY,30,06 CROSSROADS,9 UNKNOWN (S/R),6,0,9 UNKNOWN (S/R),2 DAYLIGHT,1 FINE,1 ROAD-DRY,9 UNKNOWN (S/R),0 NONE,529857,182666,-0.129406,51.527984,,,Unknown,"(51.527984, -0.129406)",http://opendatacommunities.org/id/london-borough-council/camden,9325,21/12/2020 02:48:44 PM
0116EK40101,CAMDEN,1 Driver/Rider,1 Male,16-24,23,1,3 Slight,-2 Unknown,-2 N/A,3 Powered 2 Wheeler,FINCHLEY ROAD 50M N OF FORTUNE GREEN ROAD,2,24/02/2016 07:25:00 PM,Wednesday,19.25,1 TLRN,A,41,6 Single Cwy,2 30 MPH,0 No Jun In 20m,-2 Not Applicable,-2 Not Applicable,0,8 Central Refuge,2 Dark,1 Fine,1 Road-Dry,0 None,0 None,525150,185900,-0.196075,51.558111,,,Unknown,"(51.558111, -0.196075)",http://opendatacommunities.org/id/london-borough-council/camden,6059,21/12/2020 02:48:38 PM
0115EK40696,CAMDEN,2 Passenger,1 Male,Unknown,0,1,3 Slight,-2 Unknown,-2 N/A,6 Bus Or Coach,PRIMROSE HILL ROAD J/W FELLOWS ROAD,2,09/08/2015 11:31:00 AM,Sunday,11.31,3 Bor,C,0,6 Single Cwy,2 30 MPH,6 Crossroads,4 Give Way/Uncontrolled,Unclassified,0,0 No Xing Facility In 50m,1 Daylight,1 Fine,1 Road-Dry,0 None,0 None,527500,184450,-0.162719,51.544554,,,Unknown,"(51.544554, -0.162719)",http://opendatacommunities.org/id/london-borough-council/camden,5170,21/12/2020 02:48:36 PM
1180111301,CAMDEN,3 Pedestrian,2 Female,25-59,52,1,3 Slight,05 Crossing Road (Not On Xing),1 From Drivers N/Side,1 Pedestrian,GOODGE PLACE J/W TOTTENHAM STREET,1,30/05/2018 05:00:00 PM,Wednesday,17.00,3 Bor,Unclassified,0,6 Single Cwy,1 <= 20 MPH,3 T/Stag Jun,4 Give Way/Uncontrolled,Unclassified,0,0 No Xing Facility In 50m,1 Daylight,1 Fine,1 Road-Dry,0 None,0 None,529340,181740,-0.137194,51.519781,,,Unknown,"(51.519781, -0.137194)",http://opendatacommunities.org/id/london-borough-council/camden,8039,21/12/2020 02:48:42 PM
0115EK40997,CAMDEN,1 Driver/Rider,1 Male,16-24,23,1,3 Slight,-2 Unknown,-2 N/A,3 Powered 2 Wheeler,CAMDEN STREET J/W GREENLAND ROAD,2,08/11/2015 10:25:00 PM,Sunday,22.25,1 TLRN,A,400,2 One-Way St,2 30 MPH,3 T/Stag Jun,4 Give Way/Uncontrolled,Unclassified,0,4 Pelican Or Similar,2 Dark,1 Fine,2 Road-Wet,0 None,0 None,529130,183960,-0.139406,51.53978,,,Unknown,"(51.53978, -0.139406)",http://opendatacommunities.org/id/london-borough-council/camden,5423,21/12/2020 02:48:37 PM
1190193582,CAMDEN,3 PEDESTRIAN,1 MALE,25-59,41,1,3 SLIGHT,08 IN CENTRE OF CARRIAGEWAY,'-2 NOT APPLICABLE,1 PEDESTRIAN,"On CONWAY STREET, W1, 10 metres north of the junction with MAPLE STREET, W1.",1,14/07/2019 08:30:00 PM,Sunday,20.30,3 BOR,6,0,6 SINGLE CWY,20,09 OTHER JUN,4 GIVE WAY/UNCONTROLLED,6,0,0 NO XING FACILITY IN 50M,2 DAYLIGHT,1 FINE,1 ROAD-DRY,0 NONE,0 NONE,529167,181973,-0.139601,51.521915,,,Unknown,"(51.521915, -0.139601)",http://opendatacommunities.org/id/london-borough-council/camden,9186,21/12/2020 02:48:44 PM
1180096282,CAMDEN,1 Driver/Rider,1 Male,60+,62,1,3 Slight,-2 Unknown,-2 N/A,4 Car,FITZJOHN'S AVENUE J/W BELSIZE LANE,2,19/02/2018 04:00:00 PM,Monday,16.00,3 Bor,B,511,3 Dual Cwy,2 30 MPH,3 T/Stag Jun,2 Auto Sig,Unclassified,0,9 Unknown (S/R),1 Daylight,9 Unknown,9 Unknown (S/R),0 None,0 None,526580,184590,-0.175929,51.546019,,,Unknown,"(51.546019, -0.175929)",http://opendatacommunities.org/id/london-borough-council/camden,7815,21/12/2020 02:48:41 PM
0115EK40733,CAMDEN,2 Passenger,2 Female,25-59,29,1,3 Slight,-2 Unknown,-2 N/A,6 Bus Or Coach,EUSTON ROAD J/W ARGYLE STREET,1,21/08/2015 01:15:00 PM,Friday,13.15,1 TLRN,A,501,3 Dual Cwy,2 30 MPH,3 T/Stag Jun,4 Give Way/Uncontrolled,C,0,4 Pelican Or Similar,1 Daylight,1 Fine,1 Road-Dry,0 None,0 None,530200,182870,-0.124389,51.529739,,,Unknown,"(51.529739, -0.124389)",http://opendatacommunities.org/id/london-borough-council/camden,5201,21/12/2020 02:48:37 PM
0115EK40365,CAMDEN,1 Driver/Rider,2 Female,25-59,29,1,3 Slight,-2 Unknown,-2 N/A,2 Pedal Cycle,CAMDEN ROAD 26M NE OF SANDALL ROAD,2,07/04/2015 07:30:00 AM,Tuesday,7.30,1 TLRN,A,503,6 Single Cwy,2 30 MPH,8 Priv Drive,4 Give Way/Uncontrolled,Unclassified,0,0 No Xing Facility In 50m,1 Daylight,1 Fine,1 Road-Dry,0 None,0 None,529530,184640,-0.133391,51.5458,,,Unknown,"(51.5458, -0.133391)",http://opendatacommunities.org/id/london-borough-council/camden,4871,21/12/2020 02:48:36 PM
1170019422,CAMDEN,1 Driver/Rider,1 Male,25-59,38,1,3 Slight,-2 Unknown,-2 N/A,2 Pedal Cycle,OUTER CIRCLE J/W CAMBRIDGE GATE,2,18/02/2017 11:53:00 AM,Saturday,11.53,3 Bor,Unclassified,0,6 Single Cwy,2 30 MPH,3 T/Stag Jun,4 Give Way/Uncontrolled,Unclassified,0,0 No Xing Facility In 50m,1 Daylight,1 Fine,1 Road-Dry,0 None,0 None,528720,182410,-0.145881,51.525944,,,Unknown,"(51.525944, -0.145881)",http://opendatacommunities.org/id/london-borough-council/camden,6687,21/12/2020 02:48:39 PM
0116EK40490,CAMDEN,1 Driver/Rider,1 Male,25-59,32,1,3 Slight,-2 Unknown,-2 N/A,2 Pedal Cycle,NEW OXFORD STREET J/W EARNSHAW STREET,2,21/06/2016 06:00:00 PM,Tuesday,18.00,3 Bor,A,40,6 Single Cwy,2 30 MPH,3 T/Stag Jun,2 Auto Sig,A,40,5 Pedn Phase At Ats,1 Daylight,1 Fine,1 Road-Dry,0 None,0 None,529910,181390,-0.129112,51.516505,,,Unknown,"(51.516505, -0.129112)",http://opendatacommunities.org/id/london-borough-council/camden,6401,21/12/2020 02:48:38 PM
1170043940,CAMDEN,1 Driver/Rider,1 Male,25-59,55,1,3 Slight,-2 Unknown,-2 N/A,7 Goods Vehicle,CAMDEN ROAD J/W ST PANCRAS WAY,2,20/06/2017 02:29:00 PM,Tuesday,14.29,1 TLRN,A,503,6 Single Cwy,2 30 MPH,6 Crossroads,2 Auto Sig,A,5202,5 Pedn Phase At Ats,1 Daylight,1 Fine,1 Road-Dry,0 None,0 None,529250,184300,-0.137552,51.542808,,,Unknown,"(51.542808, -0.137552)",http://opendatacommunities.org/id/london-borough-council/camden,7061,21/12/2020 02:48:39 PM
0116EK40658,CAMDEN,3 Pedestrian,2 Female,25-59,54,1,3 Slight,09 In Road - Not Crossing,6 In Rd Not Crossing Msk,1 Pedestrian,WEST HEATH ROAD J/W TEMPLEWOOD AVENUE.,1,17/08/2016 03:35:00 PM,Wednesday,15.35,3 Bor,C,0,6 Single Cwy,2 30 MPH,3 T/Stag Jun,4 Give Way/Uncontrolled,Unclassified,0,0 No Xing Facility In 50m,1 Daylight,1 Fine,1 Road-Dry,0 None,0 None,525830,186390,-0.186096,51.562363,,,Unknown,"(51.562363, -0.186096)",http://opendatacommunities.org/id/london-borough-council/camden,6510,21/12/2020 02:48:39 PM
0115EK40259,CAMDEN,1 Driver/Rider,1 Male,25-59,38,1,2 Serious,-2 Unknown,-2 N/A,3 Powered 2 Wheeler,FORTUNE GREEN ROAD J/W PARSIFAL ROAD,2,25/03/2015 04:40:00 PM,Wednesday,16.40,3 Bor,B,510,6 Single Cwy,2 30 MPH,3 T/Stag Jun,4 Give Way/Uncontrolled,Unclassified,0,0 No Xing Facility In 50m,1 Daylight,1 Fine,1 Road-Dry,0 None,0 None,525240,185370,-0.194966,51.553327,,,Unknown,"(51.553327, -0.194966)",http://opendatacommunities.org/id/london-borough-council/camden,4790,21/12/2020 02:48:36 PM
1190211694,CAMDEN,3 PEDESTRIAN,1 MALE,25-59,32,1,2 SERIOUS,01 CROSSING ROAD ON PED XING,'-2 NOT APPLICABLE,1 PEDESTRIAN,"On Avenue Road, 10 metres north of the junction with Norfolk Road.",1,14/10/2019 07:21:00 PM,Monday,19.21,3 BOR,B,525,6 SINGLE CWY,20,03 T/STAG JUN,4 GIVE WAY/UNCONTROLLED,B,525,1 ZEBRA,1 DARK,2 RAINING,2 ROAD-WET,0 NONE,0 NONE,527051,183773,-0.169435,51.538571,,,Unknown,"(51.538571, -0.169435)",http://opendatacommunities.org/id/london-borough-council/camden,9436,21/12/2020 02:48:44 PM
1180102383,CAMDEN,2 Passenger,2 Female,Unknown,0,1,3 Slight,-2 Unknown,-2 N/A,6 Bus Or Coach,HIGH HOLBORN J/W SOUTHAMPTON ROW,1,06/04/2018 05:23:00 PM,Friday,17.23,3 Bor,A,40,6 Single Cwy,1 <= 20 MPH,6 Crossroads,2 Auto Sig,A,4200,4 Pelican Or Similar,1 Daylight,1 Fine,1 Road-Dry,0 None,0 None,530490,181510,-0.120714,51.51745,,,Unknown,"(51.51745, -0.120714)",http://opendatacommunities.org/id/london-borough-council/camden,7901,21/12/2020 02:48:41 PM
0115EK40591,CAMDEN,1 Driver/Rider,1 Male,25-59,45,1,3 Slight,-2 Unknown,-2 N/A,6 Bus Or Coach,SOUTH END GREEN 34M W OF CONSTANTINE ROAD,2,16/07/2015 10:44:00 AM,Thursday,10.44,3 Bor,Unclassified,0,6 Single Cwy,2 30 MPH,0 No Jun In 20m,-2 Not Applicable,-2 Not Applicable,0,0 No Xing Facility In 50m,1 Daylight,1 Fine,1 Road-Dry,0 None,0 None,527310,185550,-0.16506,51.554482,,,Unknown,"(51.554482, -0.16506)",http://opendatacommunities.org/id/london-borough-council/camden,5076,21/12/2020 02:48:36 PM
1190166988,CAMDEN,1 DRIVER/RIDER,1 MALE,25-59,36,1,3 SLIGHT,'-2 NOT APPLICABLE,'-2 NOT APPLICABLE,3 POWERED 2 WHEELER,"On Swinton Street, near the junction with Swinton Place .",2,02/03/2019 05:45:00 PM,Saturday,17.45,1 TLRN,A,501,2 ONE-WAY ST,30,03 T/STAG JUN,9 UNKNOWN (S/R),6,0,0 NO XING FACILITY IN 50M,2 DAYLIGHT,1 FINE,1 ROAD-DRY,0 NONE,0 NONE,530680,182806,-0.117497,51.529053,,,Unknown,"(51.529053, -0.117497)",http://opendatacommunities.org/id/london-borough-council/camden,8819,21/12/2020 02:48:43 PM
1170023833,CAMDEN,1 Driver/Rider,1 Male,25-59,59,1,3 Slight,-2 Unknown,-2 N/A,2 Pedal Cycle,KENTISH TOWN ROAD J/W ANGLERS LANE,2,09/03/2017 05:55:00 AM,Thursday,5.55,3 Bor,A,400,6 Single Cwy,2 30 MPH,3 T/Stag Jun,4 Give Way/Uncontrolled,Unclassified,0,0 No Xing Facility In 50m,1 Daylight,1 Fine,1 Road-Dry,4 Roadworks,0 None,528970,184850,-0.141386,51.547815,,,Unknown,"(51.547815, -0.141386)",http://opendatacommunities.org/id/london-borough-council/camden,6754,21/12/2020 02:48:39 PM
1160007403,CAMDEN,1 Driver/Rider,1 Male,60+,66,1,2 Serious,-2 Unknown,-2 N/A,2 Pedal Cycle,ROCHESTER ROAD J/W ROCHESTER PLACE,2,16/12/2016 11:58:00 PM,Friday,23.58,3 Bor,Unclassified,0,6 Single Cwy,1 <= 20 MPH,3 T/Stag Jun,4 Give Way/Uncontrolled,Unclassified,0,0 No Xing Facility In 50m,2 Dark,1 Fine,1 Road-Dry,0 None,0 None,529010,184580,-0.140908,51.545379,,,Unknown,"(51.545379, -0.140908)",http://opendatacommunities.org/id/london-borough-council/camden,5783,21/12/2020 02:48:37 PM
1190215747,CAMDEN,2 PASSENGER,2 FEMALE,25-59,25,1,3 SLIGHT,'-2 NOT APPLICABLE,'-2 NOT APPLICABLE,4 CAR,"On Finchley Road, near the junction with HILLGROVE ROAD, NW3.",1,03/11/2019 05:35:00 AM,Sunday,5.35,1 TLRN,A,41,3 DUAL CWY,20,07 MULTI JUN,2 AUTO SIG,B,509,4 PELICAN OR SIMILAR,1 DARK,1 FINE,1 ROAD-DRY,0 NONE,0 NONE,526645,184141,-0.175153,51.541969,,,Unknown,"(51.541969, -0.175153)",http://opendatacommunities.org/id/london-borough-council/camden,9491,21/12/2020 02:48:44 PM
1180118970,CAMDEN,1 Driver/Rider,1 Male,25-59,50,1,3 Slight,-2 Unknown,-2 N/A,7 Goods Vehicle,JUNIPER CRESCENT 25M N OF J/W CHALK FARM ROAD,2,13/06/2018 02:35:00 PM,Wednesday,14.35,3 Bor,Unclassified,0,6 Single Cwy,2 30 MPH,0 No Jun In 20m,-2 Not Applicable,-2 Not Applicable,0,5 Pedn Phase At Ats,1 Daylight,8 Other,1 Road-Dry,0 None,0 None,528350,184170,-0.15057,51.541845,,,Unknown,"(51.541845, -0.15057)",http://opendatacommunities.org/id/london-borough-council/camden,8147,21/12/2020 02:48:42 PM
0116QK50674,CAMDEN,3 Pedestrian,1 Male,16-24,19,1,3 Slight,01 Crossing Road On Ped Xing,2 From Drivers N/Side Msk,1 Pedestrian,NFL KILBURN HIGH ROAD J/W GREVILLE ROAD,1,20/08/2016 10:17:00 PM,Saturday,22.17,3 Bor,A,5,6 Single Cwy,2 30 MPH,3 T/Stag Jun,4 Give Way/Uncontrolled,A,5,1 Zebra,2 Dark,1 Fine,2 Road-Wet,0 None,0 None,525530,183460,-0.191466,51.536098,,,Unknown,"(51.536098, -0.191466)",http://opendatacommunities.org/id/london-borough-council/camden,6555,21/12/2020 02:48:39 PM
0115EK40735,CAMDEN,1 Driver/Rider,2 Female,25-59,29,1,3 Slight,-2 Unknown,-2 N/A,4 Car,OUTER CIRCLE J/W GLOUCESTER GATE,1,20/08/2015 02:30:00 AM,Thursday,2.30,3 Bor,Unclassified,0,6 Single Cwy,2 30 MPH,3 T/Stag Jun,4 Give Way/Uncontrolled,Unclassified,0,4 Pelican Or Similar,2 Dark,1 Fine,1 Road-Dry,0 None,0 None,528530,183450,-0.148239,51.535333,,,Unknown,"(51.535333, -0.148239)",http://opendatacommunities.org/id/london-borough-council/camden,5203,21/12/2020 02:48:37 PM
1180150900,CAMDEN,1 Driver/Rider,1 Male,25-59,45,1,3 Slight,-2 Unknown,-2 N/A,5 Taxi,NFL THEOBALDS ROAD J/W GRAYS INN ROAD,1,08/12/2018 09:45:00 PM,Saturday,21.45,3 Bor,A,401,9 Unknown,1 <= 20 MPH,6 Crossroads,4 Give Way/Uncontrolled,A,5200,5 Pedn Phase At Ats,2 Dark,2 Raining,2 Road-Wet,0 None,0 None,530970,181970,-0.113629,51.521473,,,Unknown,"(51.521473, -0.113629)",http://opendatacommunities.org/id/london-borough-council/camden,8595,21/12/2020 02:48:43 PM