Reference,London Borough Name,Casualty Class,Casualty Sex,Casualty Age Band,Casualty Age,Number Of Casualties,Casualty Severity,Pedestrian Location,Pedestrian Movement,Mode Of Travel,Attendant Location,Number Of Vehicles,Date,Day,Time,Highway,Road Class 1,Road Number 1,Road Type,Speed Limit,Junction Detail,Junction Control,Road Class 2,Road Number 2,Pedestrian Crossing,Light Condition Band,Weather,Road Surface,Special Conditions,Carriage Way Hazard,Easting,Northing,Longitude,Latitude,Ward Code,Ward Name,Spatial Accuracy,Location,Organisation URI,Socrata ID,Last Uploaded
1170051773,CAMDEN,1 Driver/Rider,1 Male,16-24,19,1,3 Slight,-2 Unknown,-2 N/A,4 Car,CAMDEN ROAD 50M E OF J/W CANAL BLVD,2,02/08/2017 02:50:00 PM,Wednesday,14.50,1 TLRN,A,503,6 Single Cwy,1 <= 20 MPH,0 No Jun In 20m,-2 Not Applicable,-2 Not Applicable,0,0 No Xing Facility In 50m,1 Daylight,2 Raining,2 Road-Wet,0 None,0 None,529620,184760,-0.13205,51.546857,,,Unknown,"(51.546857, -0.13205)",http://opendatacommunities.org/id/london-borough-council/camden,7215,21/12/2020 02:48:40 PM
0116EK40224,CAMDEN,1 Driver/Rider,2 Female,25-59,34,1,3 Slight,-2 Unknown,-2 N/A,4 Car,GORDON HOUSE ROAD J/W LISSENDEN GARDENS,2,07/04/2016 08:10:00 AM,Thursday,8.10,3 Bor,B,518,6 Single Cwy,1 <= 20 MPH,3 T/Stag Jun,4 Give Way/Uncontrolled,Unclassified,0,0 No Xing Facility In 50m,1 Daylight,1 Fine,1 Road-Dry,0 None,0 None,528420,185700,-0.149003,51.555579,,,Unknown,"(51.555579, -0.149003)",http://opendatacommunities.org/id/london-borough-council/camden,6168,21/12/2020 02:48:38 PM
0115EK40586,CAMDEN,1 Driver/Rider,1 Male,25-59,56,1,3 Slight,-2 Unknown,-2 N/A,2 Pedal Cycle,BLOOMSBURY STREET 22M NW OF STREATHAM STREET,2,15/07/2015 01:05:00 PM,Wednesday,13.05,3 Bor,A,400,6 Single Cwy,2 30 MPH,0 No Jun In 20m,-2 Not Applicable,-2 Not Applicable,0,0 No Xing Facility In 50m,1 Daylight,1 Fine,1 Road-Dry,0 None,0 None,530020,181500,-0.127487,51.517468,,,Unknown,"(51.517468, -0.127487)",http://opendatacommunities.org/id/london-borough-council/camden,5072,21/12/2020 02:48:36 PM
0115EK40176,CAMDEN,3 Pedestrian,2 Female,25-59,36,1,3 Slight,05 Crossing Road (Not On Xing),9 Unknown Or Other,1 Pedestrian,KENTISH TOWN ROAD J/W CAMDEN GARDENS,1,28/02/2015 06:30:00 PM,Saturday,18.30,3 Bor,A,400,6 Single Cwy,2 30 MPH,3 T/Stag Jun,4 Give Way/Uncontrolled,Unclassified,0,0 No Xing Facility In 50m,2 Dark,9 Unknown,1 Road-Dry,0 None,0 None,528940,184180,-0.142063,51.541801,,,Unknown,"(51.541801, -0.142063)",http://opendatacommunities.org/id/london-borough-council/camden,4714,21/12/2020 02:48:36 PM
0116EK40064,CAMDEN,3 Pedestrian,2 Female,0-15,12,1,3 Slight,01 Crossing Road On Ped Xing,1 From Drivers N/Side,1 Pedestrian,FORTESS ROAD J/W HIGHGATE ROAD.,1,09/02/2016 08:10:00 AM,Tuesday,8.10,3 Bor,A,400,6 Single Cwy,1 <= 20 MPH,7 Multi Jun,2 Auto Sig,B,518,5 Pedn Phase At Ats,1 Daylight,1 Fine,1 Road-Dry,0 None,0 None,528970,185300,-0.141221,51.551859,,,Unknown,"(51.551859, -0.141221)",http://opendatacommunities.org/id/london-borough-council/camden,6030,21/12/2020 02:48:38 PM
1190174074,CAMDEN,3 PEDESTRIAN,2 FEMALE,60+,68,1,3 SLIGHT,05 CROSSING ROAD (NOT ON XING),1 FROM DRIVERS N/SIDE,1 PEDESTRIAN,"On Kilburn High Road, near the junction with Brondesbury road .",1,08/04/2019 03:41:00 PM,Monday,15.41,3 BOR,A,5,3 DUAL CWY,30,03 T/STAG JUN,2 AUTO SIG,B,451,4 PELICAN OR SIMILAR,2 DAYLIGHT,1 FINE,1 ROAD-DRY,0 NONE,0 NONE,525349,183732,-0.193977,51.538582,,,Unknown,"(51.538582, -0.193977)",http://opendatacommunities.org/id/london-borough-council/camden,8914,21/12/2020 02:48:44 PM
0116EK40066,CAMDEN,3 Pedestrian,2 Female,25-59,42,1,3 Slight,09 In Road - Not Crossing,5 In Rd Not Crossing,1 Pedestrian,ADELAIDE ROAD 60M E OF AVENUE ROAD,1,17/01/2016 07:40:00 PM,Sunday,19.40,3 Bor,B,509,6 Single Cwy,2 30 MPH,0 No Jun In 20m,-2 Not Applicable,-2 Not Applicable,0,0 No Xing Facility In 50m,2 Dark,1 Fine,1 Road-Dry,0 None,0 None,526830,184140,-0.172487,51.541919,,,Unknown,"(51.541919, -0.172487)",http://opendatacommunities.org/id/london-borough-council/camden,6031,21/12/2020 02:48:38 PM
0115EK40877,CAMDEN,3 Pedestrian,1 Male,60+,76,1,3 Slight,04 Crossing Road Within 50m Xing,3 From Drivers O/Side,1 Pedestrian,GRAY'S INN ROAD J/W PENTONVILE ROAD.,1,05/10/2015 02:50:00 PM,Monday,14.50,1 TLRN,A,5200,2 One-Way St,2 30 MPH,6 Crossroads,2 Auto Sig,A,501,5 Pedn Phase At Ats,1 Daylight,2 Raining,2 Road-Wet,0 None,0 None,530350,182970,-0.12219,51.530603,,,Unknown,"(51.530603, -0.12219)",http://opendatacommunities.org/id/london-borough-council/camden,5323,21/12/2020 02:48:37 PM
1180149476,CAMDEN,1 Driver/Rider,2 Female,Unknown,0,1,3 Slight,-2 Unknown,-2 N/A,2 Pedal Cycle,CAMDEN HIGH STREET J/W PARKWAY,2,28/11/2018 05:15:00 AM,Wednesday,5.15,1 TLRN,A,502,2 One-Way St,2 30 MPH,7 Multi Jun,2 Auto Sig,A,4201,9 Unknown (S/R),1 Daylight,2 Raining,2 Road-Wet,0 None,0 None,528920,183860,-0.142469,51.538929,,,Unknown,"(51.538929, -0.142469)",http://opendatacommunities.org/id/london-borough-council/camden,8579,21/12/2020 02:48:43 PM
0116EK40007,CAMDEN,1 Driver/Rider,1 Male,25-59,31,1,3 Slight,-2 Unknown,-2 N/A,2 Pedal Cycle,TAVISTOCK SQUARE 65M NW OF TAVISTOCK PLACE,2,06/01/2016 09:40:00 AM,Wednesday,9.40,3 Bor,A,4200,6 Single Cwy,1 <= 20 MPH,0 No Jun In 20m,-2 Not Applicable,-2 Not Applicable,0,0 No Xing Facility In 50m,1 Daylight,1 Fine,1 Road-Dry,0 None,0 None,529930,182350,-0.128471,51.525128,,,Unknown,"(51.525128, -0.128471)",http://opendatacommunities.org/id/london-borough-council/camden,5983,21/12/2020 02:48:38 PM
0116EK40328,CAMDEN,2 Passenger,2 Female,0-15,4,1,3 Slight,-2 Unknown,-2 N/A,4 Car,GILLIES STREET J/W WOODYARD CLOSE,4,09/05/2016 04:18:00 PM,Monday,16.18,3 Bor,Unclassified,0,6 Single Cwy,1 <= 20 MPH,3 T/Stag Jun,4 Give Way/Uncontrolled,Unclassified,0,0 No Xing Facility In 50m,1 Daylight,1 Fine,1 Road-Dry,0 None,0 None,528460,185160,-0.148624,51.550717,,,Unknown,"(51.550717, -0.148624)",http://opendatacommunities.org/id/london-borough-council/camden,6260,21/12/2020 02:48:38 PM
1190192174,CAMDEN,1 DRIVER/RIDER,2 FEMALE,25-59,29,1,3 SLIGHT,'-2 NOT APPLICABLE,'-2 NOT APPLICABLE,3 POWERED 2 WHEELER,"On A400, near the junction with VARNDELL STREET.",2,08/07/2019 06:15:00 AM,Monday,6.15,1 TLRN,A,400,6 SINGLE CWY,30,09 OTHER JUN,2 AUTO SIG,A,400,4 PELICAN OR SIMILAR,2 DAYLIGHT,1 FINE,1 ROAD-DRY,0 NONE,0 NONE,529210,182772,-0.138689,51.529085,,,Unknown,"(51.529085, -0.138689)",http://opendatacommunities.org/id/london-borough-council/camden,9170,21/12/2020 02:48:44 PM
1170015458,CAMDEN,3 Pedestrian,1 Male,25-59,29,1,3 Slight,01 Crossing Road On Ped Xing,1 From Drivers N/Side,1 Pedestrian,OXFORD STREET J/W TOTTENHAM COURT ROAD,1,31/01/2017 09:25:00 PM,Tuesday,21.25,3 Bor,A,40,6 Single Cwy,1 <= 20 MPH,6 Crossroads,2 Auto Sig,A,400,5 Pedn Phase At Ats,2 Dark,2 Raining,2 Road-Wet,0 None,1 Vehicle Load In Cwy,529800,181370,-0.130704,51.516351,,,Unknown,"(51.516351, -0.130704)",http://opendatacommunities.org/id/london-borough-council/camden,6635,21/12/2020 02:48:39 PM
0115EK40994,CAMDEN,3 Pedestrian,1 Male,25-59,40,1,3 Slight,05 Crossing Road (Not On Xing),4 From Drivers O/Side Msk,1 Pedestrian,"FINCHLEY ROAD, 63 METRES NW OF LITHOS ROAD.",1,03/11/2015 04:44:00 PM,Tuesday,16.44,1 TLRN,A,41,6 Single Cwy,2 30 MPH,0 No Jun In 20m,-2 Not Applicable,-2 Not Applicable,0,0 No Xing Facility In 50m,2 Dark,1 Fine,1 Road-Dry,0 None,0 None,526080,185050,-0.182971,51.550265,,,Unknown,"(51.550265, -0.182971)",http://opendatacommunities.org/id/london-borough-council/camden,5422,21/12/2020 02:48:37 PM
1190185543,CAMDEN,1 DRIVER/RIDER,2 FEMALE,16-24,24,1,3 SLIGHT,'-2 NOT APPLICABLE,'-2 NOT APPLICABLE,2 PEDAL CYCLE,"On Great Queen Street, 27 metres north of the junction with Wild Street, WC2B.",2,04/06/2019 06:15:00 PM,Tuesday,18.15,3 BOR,B,402,6 SINGLE CWY,20,00 NO JUN IN 20M,,0,0,0 NO XING FACILITY IN 50M,2 DAYLIGHT,1 FINE,1 ROAD-DRY,0 NONE,0 NONE,530431,181250,-0.12166,51.515127,,,Unknown,"(51.515127, -0.12166)",http://opendatacommunities.org/id/london-borough-council/camden,9069,21/12/2020 02:48:44 PM
1190189913,CAMDEN,1 DRIVER/RIDER,1 MALE,25-59,30,1,3 SLIGHT,'-2 NOT APPLICABLE,'-2 NOT APPLICABLE,2 PEDAL CYCLE,"On Camden Road, near the junction with Murray Street.",2,08/05/2019 08:00:00 AM,Wednesday,8.00,1 TLRN,A,503,6 SINGLE CWY,30,03 T/STAG JUN,9 UNKNOWN (S/R),6,0,9 UNKNOWN (S/R),2 DAYLIGHT,2 RAINING,2 ROAD-WET,0 NONE,0 NONE,529442,184527,-0.134701,51.544804,,,Unknown,"(51.544804, -0.134701)",http://opendatacommunities.org/id/london-borough-council/camden,9135,21/12/2020 02:48:44 PM
1190209052,CAMDEN,1 DRIVER/RIDER,1 MALE,25-59,45,1,3 SLIGHT,'-2 NOT APPLICABLE,'-2 NOT APPLICABLE,2 PEDAL CYCLE,"On Fairhazel Gardens, near the junction with Greencroft Gardens, NW6.",2,02/10/2019 01:19:00 PM,Wednesday,13.19,3 BOR,6,0,2 ONE-WAY ST,20,03 T/STAG JUN,4 GIVE WAY/UNCONTROLLED,6,0,0 NO XING FACILITY IN 50M,2 DAYLIGHT,1 FINE,1 ROAD-DRY,0 NONE,0 NONE,526157,184308,-0.182127,51.543579,,,Unknown,"(51.543579, -0.182127)",http://opendatacommunities.org/id/london-borough-council/camden,9399,21/12/2020 02:48:44 PM
0116EK40547,CAMDEN,2 Passenger,2 Female,Unknown,0,1,3 Slight,-2 Unknown,-2 N/A,6 Bus Or Coach,THEOBALD'S ROAD J/W RED LION STREET,1,30/07/2016 02:51:00 PM,Saturday,14.51,3 Bor,A,401,6 Single Cwy,2 30 MPH,6 Crossroads,2 Auto Sig,C,0,5 Pedn Phase At Ats,1 Daylight,1 Fine,1 Road-Dry,0 None,0 None,530700,181840,-0.117567,51.520367,,,Unknown,"(51.520367, -0.117567)",http://opendatacommunities.org/id/london-borough-council/camden,6441,21/12/2020 02:48:38 PM
1180152652,CAMDEN,3 Pedestrian,2 Female,25-59,47,1,3 Slight,05 Crossing Road (Not On Xing),2 From Drivers N/Side Msk,1 Pedestrian,A4200 70M N OF J/W SARDINIA STREET,1,17/12/2018 09:51:00 AM,Monday,9.51,3 Bor,A,4200,3 Dual Cwy,1 <= 20 MPH,0 No Jun In 20m,-2 Not Applicable,-2 Not Applicable,0,0 No Xing Facility In 50m,1 Daylight,1 Fine,1 Road-Dry,0 None,0 None,530630,181260,-0.11879,51.515171,,,Unknown,"(51.515171, -0.11879)",http://opendatacommunities.org/id/london-borough-council/camden,8620,21/12/2020 02:48:43 PM
0115EK40783,CAMDEN,1 Driver/Rider,1 Male,60+,62,1,3 Slight,-2 Unknown,-2 N/A,6 Bus Or Coach,CAMDEN ROAD J/W CAMDEN PARK ROAD.,2,10/09/2015 04:13:00 AM,Thursday,4.13,1 TLRN,A,503,6 Single Cwy,2 30 MPH,6 Crossroads,2 Auto Sig,A,5200,5 Pedn Phase At Ats,2 Dark,1 Fine,1 Road-Dry,0 None,0 None,529720,184860,-0.130572,51.547733,,,Unknown,"(51.547733, -0.130572)",http://opendatacommunities.org/id/london-borough-council/camden,5249,21/12/2020 02:48:37 PM
1170061892,CAMDEN,1 Driver/Rider,1 Male,16-24,23,1,3 Slight,-2 Unknown,-2 N/A,4 Car,PLENDER STREET J/W BAYHAM STREET,2,30/09/2017 11:15:00 PM,Saturday,23.15,3 Bor,C,0,2 One-Way St,1 <= 20 MPH,6 Crossroads,4 Give Way/Uncontrolled,Unclassified,0,1 Zebra,2 Dark,1 Fine,2 Road-Wet,0 None,0 None,529190,183560,-0.138688,51.536172,,,Unknown,"(51.536172, -0.138688)",http://opendatacommunities.org/id/london-borough-council/camden,7365,21/12/2020 02:48:40 PM
0116EK40119,CAMDEN,1 Driver/Rider,1 Male,25-59,58,1,2 Serious,-2 Unknown,-2 N/A,2 Pedal Cycle,CAMDEN HIGH STREET J/W PRATT STREET.,2,01/03/2016 07:03:00 AM,Tuesday,7.03,1 TLRN,A,502,2 One-Way St,1 <= 20 MPH,3 T/Stag Jun,2 Auto Sig,A,503,5 Pedn Phase At Ats,1 Daylight,2 Raining,2 Road-Wet,0 None,0 None,529010,183660,-0.141245,51.537111,,,Unknown,"(51.537111, -0.141245)",http://opendatacommunities.org/id/london-borough-council/camden,6075,21/12/2020 02:48:38 PM
1190210441,CAMDEN,2 PASSENGER,2 FEMALE,25-59,33,1,3 SLIGHT,'-2 NOT APPLICABLE,'-2 NOT APPLICABLE,9 PRIVATE HIRE,"On West End Lane, near the junction with GASCONY AVENUE.",2,09/10/2019 08:00:00 AM,Wednesday,8.00,3 BOR,B,510,6 SINGLE CWY,20,03 T/STAG JUN,3 STOP SIGN,6,0,0 NO XING FACILITY IN 50M,2 DAYLIGHT,1 FINE,1 ROAD-DRY,0 NONE,0 NONE,525389,184169,-0.193245,51.542501,,,Unknown,"(51.542501, -0.193245)",http://opendatacommunities.org/id/london-borough-council/camden,9416,21/12/2020 02:48:44 PM
1170039842,CAMDEN,2 Passenger,2 Female,25-59,40,1,3 Slight,-2 Unknown,-2 N/A,6 Bus Or Coach,KILBURN HIGH ROAD J/W WEST END LANE,2,26/05/2017 08:44:00 AM,Friday,8.44,3 Bor,A,5,3 Dual Cwy,1 <= 20 MPH,3 T/Stag Jun,2 Auto Sig,Unclassified,0,0 No Xing Facility In 50m,1 Daylight,1 Fine,1 Road-Dry,0 None,0 None,525380,183670,-0.193553,51.538018,,,Unknown,"(51.538018, -0.193553)",http://opendatacommunities.org/id/london-borough-council/camden,7001,21/12/2020 02:48:39 PM
1190221574,CAMDEN,3 PEDESTRIAN,1 MALE,25-59,38,1,3 SLIGHT,01 CROSSING ROAD ON PED XING,'-2 NOT APPLICABLE,1 PEDESTRIAN,"On Upper Woburn Place, near the junction with Tavistock Place.",1,28/11/2019 08:10:00 PM,Thursday,20.10,3 BOR,A,4200,6 SINGLE CWY,20,03 T/STAG JUN,4 GIVE WAY/UNCONTROLLED,6,0,1 ZEBRA,2 DAYLIGHT,2 RAINING,2 ROAD-WET,0 NONE,0 NONE,529871,182443,-0.129286,51.525977,,,Unknown,"(51.525977, -0.129286)",http://opendatacommunities.org/id/london-borough-council/camden,9561,21/12/2020 02:48:45 PM
1190199984,CAMDEN,3 PEDESTRIAN,1 MALE,25-59,35,1,3 SLIGHT,01 CROSSING ROAD ON PED XING,'-2 NOT APPLICABLE,1 PEDESTRIAN,"On Haverstock Hill, near the junction with Belsize avenue.",1,16/08/2019 10:00:00 PM,Friday,22.00,3 BOR,A,502,6 SINGLE CWY,30,03 T/STAG JUN,4 GIVE WAY/UNCONTROLLED,5,0,1 ZEBRA,1 DARK,2 RAINING,2 ROAD-WET,0 NONE,0 NONE,527256,185174,-0.165974,51.551115,,,Unknown,"(51.551115, -0.165974)",http://opendatacommunities.org/id/london-borough-council/camden,9279,21/12/2020 02:48:44 PM
1180153370,CAMDEN,1 Driver/Rider,1 Male,25-59,40,1,3 Slight,-2 Unknown,-2 N/A,4 Car,MIDLAND ROAD J/W EUSTON ROAD,2,15/12/2018 06:02:00 PM,Saturday,18.02,1 TLRN,C,0,2 One-Way St,2 30 MPH,3 T/Stag Jun,2 Auto Sig,A,501,4 Pelican Or Similar,2 Dark,2 Raining,2 Road-Wet,0 None,0 None,530063,182819,-0.126381,51.529312,,,Unknown,"(51.529312, -0.126381)",http://opendatacommunities.org/id/london-borough-council/camden,8631,21/12/2020 02:48:43 PM
1180142926,CAMDEN,1 Driver/Rider,1 Male,25-59,27,1,3 Slight,-2 Unknown,-2 N/A,2 Pedal Cycle,NFL THEOBALDS ROAD J/W LAMB'S CONDUIT STREET,2,01/11/2018 11:45:00 PM,Thursday,23.45,3 Bor,A,401,6 Single Cwy,1 <= 20 MPH,6 Crossroads,4 Give Way/Uncontrolled,C,0,5 Pedn Phase At Ats,2 Dark,1 Fine,1 Road-Dry,0 None,0 None,530690,181850,-0.117707,51.520459,,,Unknown,"(51.520459, -0.117707)",http://opendatacommunities.org/id/london-borough-council/camden,8487,21/12/2020 02:48:43 PM
0115EK40963,CAMDEN,3 Pedestrian,1 Male,0-15,9,1,3 Slight,05 Crossing Road (Not On Xing),2 From Drivers N/Side Msk,1 Pedestrian,"ADELAIDE ROAD, 160 METRES WEST OF LOWER MERTON RISE.",1,29/10/2015 02:32:00 PM,Thursday,14.32,3 Bor,B,509,6 Single Cwy,2 30 MPH,0 No Jun In 20m,-2 Not Applicable,-2 Not Applicable,0,0 No Xing Facility In 50m,1 Daylight,1 Fine,1 Road-Dry,0 None,0 None,527080,184250,-0.168845,51.542851,,,Unknown,"(51.542851, -0.168845)",http://opendatacommunities.org/id/london-borough-council/camden,5389,21/12/2020 02:48:37 PM
1170060128,CAMDEN,1 Driver/Rider,1 Male,16-24,23,1,3 Slight,-2 Unknown,-2 N/A,3 Powered 2 Wheeler,YORK WAY J/W MARKET ROAD N7,2,20/09/2017 11:47:00 AM,Wednesday,11.47,3 Bor,A,5200,6 Single Cwy,1 <= 20 MPH,2 Mini,4 Give Way/Uncontrolled,Unclassified,0,1 Zebra,1 Daylight,1 Fine,1 Road-Dry,0 None,0 None,530020,184570,-0.126355,51.545058,,,Unknown,"(51.545058, -0.126355)",http://opendatacommunities.org/id/london-borough-council/camden,7333,21/12/2020 02:48:40 PM
0115EK40637,CAMDEN,2 Passenger,1 Male,Unknown,0,1,3 Slight,-2 Unknown,-2 N/A,5 Taxi,CAMLEY STREET 217M NW OF GOODS WAY,2,16/07/2015 10:37:00 AM,Thursday,10.37,3 Bor,Unclassified,0,6 Single Cwy,2 30 MPH,8 Priv Drive,4 Give Way/Uncontrolled,Unclassified,0,0 No Xing Facility In 50m,1 Daylight,1 Fine,1 Road-Dry,0 None,0 None,529910,183500,-0.128335,51.535467,,,Unknown,"(51.535467, -0.128335)",http://opendatacommunities.org/id/london-borough-council/camden,5117,21/12/2020 02:48:36 PM
1170079519,CAMDEN,1 Driver/Rider,1 Male,25-59,26,1,3 Slight,-2 Unknown,-2 N/A,2 Pedal Cycle,QUEX ROAD J/W MUTRIX ROAD,2,18/12/2017 06:00:00 PM,Monday,18.00,3 Bor,B,510,6 Single Cwy,2 30 MPH,3 T/Stag Jun,9 Unknown (S/R),Unclassified,0,1 Zebra,1 Daylight,2 Raining,2 Road-Wet,0 None,0 None,525360,183940,-0.193745,51.540449,,,Unknown,"(51.540449, -0.193745)",http://opendatacommunities.org/id/london-borough-council/camden,7624,21/12/2020 02:48:41 PM
1170054773,CAMDEN,1 Driver/Rider,1 Male,16-24,22,1,3 Slight,-2 Unknown,-2 N/A,3 Powered 2 Wheeler,BAYHAM STREET 21M N OF J/W PRATT STREET,2,06/08/2017 04:00:00 PM,Sunday,16.00,3 Bor,A,503,2 One-Way St,2 30 MPH,0 No Jun In 20m,-2 Not Applicable,-2 Not Applicable,0,1 Zebra,1 Daylight,9 Unknown,1 Road-Dry,9 Unknown (S/R),0 None,529070,183750,-0.140347,51.537906,,,Unknown,"(51.537906, -0.140347)",http://opendatacommunities.org/id/london-borough-council/camden,7257,21/12/2020 02:48:40 PM
0115EK40533,CAMDEN,1 Driver/Rider,1 Male,25-59,26,1,3 Slight,-2 Unknown,-2 N/A,2 Pedal Cycle,CLERKENWELL ROAD J/W EYRE STREET HILL,2,02/07/2015 07:30:00 PM,Thursday,19.30,3 Bor,A,5201,6 Single Cwy,2 30 MPH,6 Crossroads,4 Give Way/Uncontrolled,Unclassified,0,0 No Xing Facility In 50m,2 Dark,1 Fine,1 Road-Dry,0 None,0 None,531200,182030,-0.110293,51.521959,,,Unknown,"(51.521959, -0.110293)",http://opendatacommunities.org/id/london-borough-council/camden,5021,21/12/2020 02:48:36 PM
1160009349,CAMDEN,3 Pedestrian,2 Female,25-59,33,1,3 Slight,05 Crossing Road (Not On Xing),1 From Drivers N/Side,1 Pedestrian,KILBURN PRIORY J/W KILBURN HIGH ROAD,1,31/12/2016 09:45:00 PM,Saturday,21.45,3 Bor,Unclassified,0,6 Single Cwy,2 30 MPH,3 T/Stag Jun,4 Give Way/Uncontrolled,A,5,8 Central Refuge,2 Dark,1 Fine,1 Road-Dry,0 None,0 None,525620,183370,-0.190201,51.535269,,,Unknown,"(51.535269, -0.190201)",http://opendatacommunities.org/id/london-borough-council/camden,5817,21/12/2020 02:48:37 PM
1190192662,CAMDEN,1 DRIVER/RIDER,2 FEMALE,25-59,26,1,3 SLIGHT,'-2 NOT APPLICABLE,'-2 NOT APPLICABLE,2 PEDAL CYCLE,"On Agar Grove, near the junction with York way.",2,26/06/2019 05:05:00 PM,Wednesday,17.05,3 BOR,A,5200,6 SINGLE CWY,20,03 T/STAG JUN,9 UNKNOWN (S/R),5,0,5 PEDN PHASE AT ATS,2 DAYLIGHT,1 FINE,1 ROAD-DRY,0 NONE,0 NONE,530033,184385,-0.126236,51.543392,,,Unknown,"(51.543392, -0.126236)",http://opendatacommunities.org/id/london-borough-council/camden,9175,21/12/2020 02:48:44 PM
1170060298,CAMDEN,1 Driver/Rider,1 Male,25-59,27,1,2 Serious,-2 Unknown,-2 N/A,3 Powered 2 Wheeler,ALBANY STREET 5M N OF J/W CUMBERLAND TERRACE,2,22/09/2017 06:35:00 AM,Friday,6.35,3 Bor,A,4201,6 Single Cwy,1 <= 20 MPH,8 Priv Drive,1 Auth Person,Unclassified,0,0 No Xing Facility In 50m,1 Daylight,1 Fine,1 Road-Dry,0 None,0 None,528709,183167,-0.145763,51.532749,,,Unknown,"(51.532749, -0.145763)",http://opendatacommunities.org/id/london-borough-council/camden,7335,21/12/2020 02:48:40 PM
1170050215,CAMDEN,1 Driver/Rider,1 Male,16-24,24,1,3 Slight,-2 Unknown,-2 N/A,3 Powered 2 Wheeler,CHALTON STREET 25M N OF J/W EUSTON ROAD THE NEAREST CLASSIFIED ROA,2,17/07/2017 08:25:00 AM,Monday,8.25,3 Bor,Unclassified,0,6 Single Cwy,2 30 MPH,0 No Jun In 20m,-2 Not Applicable,-2 Not Applicable,0,0 No Xing Facility In 50m,1 Daylight,1 Fine,1 Road-Dry,0 None,0 None,529850,182750,-0.129476,51.528741,,,Unknown,"(51.528741, -0.129476)",http://opendatacommunities.org/id/london-borough-council/camden,7186,21/12/2020 02:48:40 PM
1190157149,CAMDEN,3 PEDESTRIAN,2 FEMALE,25-59,26,1,2 SERIOUS,04 CROSSING ROAD WITHIN 50M XING,3 FROM DRIVERS O/SIDE,1 PEDESTRIAN,"On Hillgrove Road, 5 metres west of the junction with Finchley Road.",1,12/01/2019 05:50:00 PM,Saturday,17.50,1 TLRN,B,509,6 SINGLE CWY,30,07 MULTI JUN,2 AUTO SIG,A,41,5 PEDN PHASE AT ATS,1 DARK,1 FINE,2 ROAD-WET,0 NONE,0 NONE,526610,184112,-0.175668,51.541716,,,Unknown,"(51.541716, -0.175668)",http://opendatacommunities.org/id/london-borough-council/camden,8688,21/12/2020 02:48:43 PM
0115EK40262,CAMDEN,1 Driver/Rider,1 Male,60+,69,1,3 Slight,-2 Unknown,-2 N/A,3 Powered 2 Wheeler,CAMDEN ROAD 129M SW OF J/W CAMDEN PARK ROAD,2,25/03/2015 11:57:00 AM,Wednesday,11.57,1 TLRN,A,503,6 Single Cwy,2 30 MPH,0 No Jun In 20m,-2 Not Applicable,-2 Not Applicable,0,0 No Xing Facility In 50m,1 Daylight,1 Fine,1 Road-Dry,0 None,0 None,529640,184760,-0.131761,51.546853,,,Unknown,"(51.546853, -0.131761)",http://opendatacommunities.org/id/london-borough-council/camden,4792,21/12/2020 02:48:36 PM
1180149265,CAMDEN,3 Pedestrian,1 Male,60+,64,1,3 Slight,06 On Footpath - Verge,5 In Rd Not Crossing,1 Pedestrian,FLAXMAN TERRACE 25M E OF J/W BIDBOROUGH STREET,1,20/11/2018 03:55:00 PM,Tuesday,15.55,3 Bor,Unclassified,0,6 Single Cwy,2 30 MPH,0 No Jun In 20m,-2 Not Applicable,-2 Not Applicable,0,0 No Xing Facility In 50m,1 Daylight,1 Fine,1 Road-Dry,0 None,0 None,529940,182640,-0.12822,51.527732,,,Unknown,"(51.527732, -0.12822)",http://opendatacommunities.org/id/london-borough-council/camden,8575,21/12/2020 02:48:43 PM
0115EK40628,CAMDEN,1 Driver/Rider,1 Male,25-59,48,1,3 Slight,-2 Unknown,-2 N/A,7 Goods Vehicle,"FORTESS ROAD, 86 METRES NORTH OF FORTESS GROVE.",2,25/07/2015 11:20:00 AM,Saturday,11.20,3 Bor,A,400,6 Single Cwy,2 30 MPH,0 No Jun In 20m,-2 Not Applicable,-2 Not Applicable,0,0 No Xing Facility In 50m,1 Daylight,1 Fine,1 Road-Dry,0 None,0 None,528990,185500,-0.140859,51.553652,,,Unknown,"(51.553652, -0.140859)",http://opendatacommunities.org/id/london-borough-council/camden,5107,21/12/2020 02:48:36 PM
1190193282,CAMDEN,2 PASSENGER,1 MALE,25-59,30,3,3 SLIGHT,'-2 NOT APPLICABLE,'-2 NOT APPLICABLE,4 CAR,"On Camden Road, 30 metres north of the junction with Canal Blvd.",2,13/07/2019 06:40:00 AM,Saturday,6.40,1 TLRN,A,503,3 DUAL CWY,30,00 NO JUN IN 20M,,0,0,0 NO XING FACILITY IN 50M,2 DAYLIGHT,1 FINE,1 ROAD-DRY,0 NONE,0 NONE,529443,184530,-0.134686,51.544831,,,Unknown,"(51.544831, -0.134686)",http://opendatacommunities.org/id/london-borough-council/camden,9181,21/12/2020 02:48:44 PM