Reference,London Borough Name,Casualty Class,Casualty Sex,Casualty Age Band,Casualty Age,Number Of Casualties,Casualty Severity,Pedestrian Location,Pedestrian Movement,Mode Of Travel,Attendant Location,Number Of Vehicles,Date,Day,Time,Highway,Road Class 1,Road Number 1,Road Type,Speed Limit,Junction Detail,Junction Control,Road Class 2,Road Number 2,Pedestrian Crossing,Light Condition Band,Weather,Road Surface,Special Conditions,Carriage Way Hazard,Easting,Northing,Longitude,Latitude,Ward Code,Ward Name,Spatial Accuracy,Location,Organisation URI,Socrata ID,Last Uploaded
1180141131,CAMDEN,3 Pedestrian,2 Female,60+,63,1,3 Slight,01 Crossing Road On Ped Xing,1 From Drivers N/Side,1 Pedestrian,SOUTHAMPTON ROW J/W RUSSEL SQUARE,1,24/10/2018 06:25:00 PM,Wednesday,18.25,3 Bor,A,4200,3 Dual Cwy,1 <= 20 MPH,6 Crossroads,2 Auto Sig,A,4200,5 Pedn Phase At Ats,2 Dark,1 Fine,1 Road-Dry,0 None,0 None,530250,181940,-0.124012,51.52137,,,Unknown,"(51.52137, -0.124012)",http://opendatacommunities.org/id/london-borough-council/camden,8467,21/12/2020 02:48:43 PM
1160001628,CAMDEN,3 Pedestrian,1 Male,25-59,26,1,2 Serious,05 Crossing Road (Not On Xing),2 From Drivers N/Side Msk,1 Pedestrian,AVENUE ROAD 50M N OF J/W PRINCE ALBERT ROAD,1,15/11/2016 08:10:00 AM,Tuesday,8.10,3 Bor,B,525,6 Single Cwy,2 30 MPH,0 No Jun In 20m,-2 Not Applicable,-2 Not Applicable,0,0 No Xing Facility In 50m,1 Daylight,1 Fine,2 Road-Wet,0 None,2 Other Object In Cwy,527300,183530,-0.165934,51.536331,,,Unknown,"(51.536331, -0.165934)",http://opendatacommunities.org/id/london-borough-council/camden,5668,21/12/2020 02:48:37 PM
1170059388,CAMDEN,3 Pedestrian,2 Female,25-59,31,1,2 Serious,05 Crossing Road (Not On Xing),1 From Drivers N/Side,1 Pedestrian,SHAFTESBURY AVENUE 10M E OF J/W EARLHAM STREET,1,17/09/2017 11:14:00 AM,Sunday,11.14,3 Bor,A,401,6 Single Cwy,2 30 MPH,9 Other Jun,4 Give Way/Uncontrolled,Unclassified,0,0 No Xing Facility In 50m,1 Daylight,1 Fine,1 Road-Dry,0 None,0 None,529950,181080,-0.128651,51.51371,,,Unknown,"(51.51371, -0.128651)",http://opendatacommunities.org/id/london-borough-council/camden,7323,21/12/2020 02:48:40 PM
0115EK40441,CAMDEN,2 Passenger,2 Female,25-59,32,1,3 Slight,-2 Unknown,-2 N/A,6 Bus Or Coach,NFL- SPANIARDS ROAD 343M NE OF J/W NORTH END WAY,2,07/06/2015 09:50:00 PM,Sunday,21.50,3 Bor,B,519,6 Single Cwy,2 30 MPH,0 No Jun In 20m,-2 Not Applicable,-2 Not Applicable,0,0 No Xing Facility In 50m,2 Dark,1 Fine,1 Road-Dry,0 None,0 None,526410,186740,-0.177607,51.565379,,,Unknown,"(51.565379, -0.177607)",http://opendatacommunities.org/id/london-borough-council/camden,4934,21/12/2020 02:48:36 PM
1170042406,CAMDEN,1 Driver/Rider,1 Male,25-59,35,1,3 Slight,-2 Unknown,-2 N/A,2 Pedal Cycle,THEOBALD ROAD J/W RED LION STREET,2,12/06/2017 09:25:00 AM,Monday,9.25,3 Bor,A,401,6 Single Cwy,1 <= 20 MPH,3 T/Stag Jun,4 Give Way/Uncontrolled,C,0,5 Pedn Phase At Ats,1 Daylight,1 Fine,1 Road-Dry,0 None,0 None,530695,181842,-0.117638,51.520386,,,Unknown,"(51.520386, -0.117638)",http://opendatacommunities.org/id/london-borough-council/camden,7033,21/12/2020 02:48:39 PM
1160024619,CAMDEN,1 Driver/Rider,1 Male,25-59,29,1,3 Slight,-2 Unknown,-2 N/A,2 Pedal Cycle,THEOBALDS ROAD J/W LAMB'S CONDUIT STREET,2,05/10/2016 09:00:00 PM,Wednesday,21.00,3 Bor,A,401,6 Single Cwy,2 30 MPH,6 Crossroads,2 Auto Sig,C,0,5 Pedn Phase At Ats,2 Dark,1 Fine,1 Road-Dry,0 None,0 None,530670,181840,-0.117999,51.520374,,,Unknown,"(51.520374, -0.117999)",http://opendatacommunities.org/id/london-borough-council/camden,5923,21/12/2020 02:48:38 PM
1160012387,CAMDEN,1 Driver/Rider,1 Male,25-59,57,1,3 Slight,-2 Unknown,-2 N/A,2 Pedal Cycle,"ON PRIORY ROAD, 7METRES NORTH OF THE JUNCTION WITH BELSIZE ROAD",2,11/09/2016 02:00:00 PM,Sunday,14.00,3 Bor,C,0,2 One-Way St,2 30 MPH,0 No Jun In 20m,-2 Not Applicable,-2 Not Applicable,0,0 No Xing Facility In 50m,1 Daylight,1 Fine,1 Road-Dry,0 None,0 None,525580,183810,-0.190621,51.539232,,,Unknown,"(51.539232, -0.190621)",http://opendatacommunities.org/id/london-borough-council/camden,5826,21/12/2020 02:48:37 PM
1180091195,CAMDEN,3 Pedestrian,2 Female,25-59,27,1,3 Slight,01 Crossing Road On Ped Xing,1 From Drivers N/Side,1 Pedestrian,EUSTON ROAD 25M S OF J/W JUDD STREET,1,19/02/2018 01:57:00 PM,Monday,13.57,1 TLRN,A,501,9 Unknown,2 30 MPH,0 No Jun In 20m,-2 Not Applicable,-2 Not Applicable,0,9 Unknown (S/R),1 Daylight,2 Raining,2 Road-Wet,0 None,0 None,530110,182830,-0.1257,51.5294,,,Unknown,"(51.5294, -0.1257)",http://opendatacommunities.org/id/london-borough-council/camden,7761,21/12/2020 02:48:41 PM
1170023839,CAMDEN,3 Pedestrian,1 Male,25-59,37,1,3 Slight,10 Unknown,9 Unknown Or Other,1 Pedestrian,HIGHGATE HIGH STREET J/W TOWNSEND YARD,1,10/02/2017 11:40:00 AM,Friday,11.40,3 Bor,B,519,6 Single Cwy,2 30 MPH,3 T/Stag Jun,9 Unknown (S/R),Unclassified,0,9 Unknown (S/R),1 Daylight,1 Fine,1 Road-Dry,9 Unknown (S/R),9 Unknown (S/R),528530,187370,-0.146807,51.570562,,,Unknown,"(51.570562, -0.146807)",http://opendatacommunities.org/id/london-borough-council/camden,6755,21/12/2020 02:48:39 PM
1190201855,CAMDEN,1 DRIVER/RIDER,1 MALE,25-59,27,1,3 SLIGHT,'-2 NOT APPLICABLE,'-2 NOT APPLICABLE,3 POWERED 2 WHEELER,"On Duke's Road, near the junction with CHURCHWAY.",2,27/08/2019 04:50:00 PM,Tuesday,16.50,1 TLRN,6,0,3 DUAL CWY,30,06 CROSSROADS,2 AUTO SIG,A,501,5 PEDN PHASE AT ATS,2 DAYLIGHT,1 FINE,1 ROAD-DRY,0 NONE,0 NONE,529834,182641,-0.129746,51.527765,,,Unknown,"(51.527765, -0.129746)",http://opendatacommunities.org/id/london-borough-council/camden,9305,21/12/2020 02:48:44 PM
1180137624,CAMDEN,1 Driver/Rider,1 Male,25-59,27,1,3 Slight,-2 Unknown,-2 N/A,2 Pedal Cycle,BAYNES STREET J/W ROYAL COLLEGE STREET,2,08/10/2018 07:20:00 AM,Monday,7.20,3 Bor,A,5202,2 One-Way St,1 <= 20 MPH,3 T/Stag Jun,3 Stop Sign,Unclassified,0,0 No Xing Facility In 50m,1 Daylight,1 Fine,1 Road-Dry,0 None,0 None,529250,184080,-0.137632,51.540831,,,Unknown,"(51.540831, -0.137632)",http://opendatacommunities.org/id/london-borough-council/camden,8400,21/12/2020 02:48:42 PM
1190171561,CAMDEN,3 PEDESTRIAN,2 FEMALE,60+,63,2,3 SLIGHT,05 CROSSING ROAD (NOT ON XING),2 FROM DRIVERS N/SIDE MSK,1 PEDESTRIAN,"On Maiden Lane, near the junction with YORK WAY, N7.",1,27/03/2019 01:20:00 PM,Wednesday,13.20,3 BOR,A,5200,6 SINGLE CWY,20,03 T/STAG JUN,4 GIVE WAY/UNCONTROLLED,6,0,1 ZEBRA,2 DAYLIGHT,1 FINE,1 ROAD-DRY,0 NONE,0 NONE,530072,184286,-0.12571,51.542494,,,Unknown,"(51.542494, -0.12571)",http://opendatacommunities.org/id/london-borough-council/camden,8879,21/12/2020 02:48:43 PM
0116EK40359,CAMDEN,1 Driver/Rider,1 Male,16-24,19,1,3 Slight,-2 Unknown,-2 N/A,3 Powered 2 Wheeler,"NFL - CHALTON STREET, 40 METRES NE OF ALDENHAM STREET.",2,24/05/2016 08:05:00 PM,Tuesday,20.05,3 Bor,Unclassified,0,6 Single Cwy,1 <= 20 MPH,0 No Jun In 20m,-2 Not Applicable,-2 Not Applicable,0,0 No Xing Facility In 50m,1 Daylight,1 Fine,1 Road-Dry,0 None,0 None,529580,183170,-0.133211,51.532577,,,Unknown,"(51.532577, -0.133211)",http://opendatacommunities.org/id/london-borough-council/camden,6285,21/12/2020 02:48:38 PM
1190170763,CAMDEN,1 DRIVER/RIDER,1 MALE,25-59,36,1,3 SLIGHT,'-2 NOT APPLICABLE,'-2 NOT APPLICABLE,2 PEDAL CYCLE,"On Gascony Avenue, 20 metres north of the junction with Smyrna Road .",2,23/03/2019 12:30:00 PM,Saturday,12.30,3 BOR,6,0,6 SINGLE CWY,20,03 T/STAG JUN,9 UNKNOWN (S/R),6,0,1 ZEBRA,2 DAYLIGHT,1 FINE,9 UNKNOWN (S/R),0 NONE,0 NONE,525325,184173,-0.194166,51.542551,,,Unknown,"(51.542551, -0.194166)",http://opendatacommunities.org/id/london-borough-council/camden,8865,21/12/2020 02:48:43 PM
1180083769,CAMDEN,1 Driver/Rider,1 Male,25-59,26,1,2 Serious,-2 Unknown,-2 N/A,3 Powered 2 Wheeler,RUSSELL SQUARE J/W BERNARD STREET,2,15/01/2018 09:58:00 PM,Monday,21.58,3 Bor,A,4200,3 Dual Cwy,1 <= 20 MPH,6 Crossroads,2 Auto Sig,B,504,5 Pedn Phase At Ats,2 Dark,1 Fine,2 Road-Wet,0 None,0 None,530120,182090,-0.125829,51.522748,,,Unknown,"(51.522748, -0.125829)",http://opendatacommunities.org/id/london-borough-council/camden,7670,21/12/2020 02:48:41 PM
0116EK40146,CAMDEN,2 Passenger,2 Female,25-59,34,1,3 Slight,-2 Unknown,-2 N/A,3 Powered 2 Wheeler,CAMDEN HIGH STREET J/W PARKWAY,1,14/03/2016 11:53:00 AM,Monday,11.53,1 TLRN,A,400,6 Single Cwy,1 <= 20 MPH,7 Multi Jun,2 Auto Sig,A,4201,5 Pedn Phase At Ats,1 Daylight,1 Fine,1 Road-Dry,0 None,0 None,528910,183850,-0.142617,51.538842,,,Unknown,"(51.538842, -0.142617)",http://opendatacommunities.org/id/london-borough-council/camden,6102,21/12/2020 02:48:38 PM
0116EK40422,CAMDEN,3 Pedestrian,1 Male,60+,63,1,3 Slight,01 Crossing Road On Ped Xing,1 From Drivers N/Side,1 Pedestrian,WEST END LANE 40M NE OF WEST END LANE,1,16/06/2016 09:45:00 AM,Thursday,9.45,3 Bor,C,0,6 Single Cwy,1 <= 20 MPH,0 No Jun In 20m,-2 Not Applicable,-2 Not Applicable,0,1 Zebra,1 Daylight,1 Fine,1 Road-Dry,0 None,0 None,525440,185230,-0.192132,51.552025,,,Unknown,"(51.552025, -0.192132)",http://opendatacommunities.org/id/london-borough-council/camden,6339,21/12/2020 02:48:38 PM
1190212124,CAMDEN,1 DRIVER/RIDER,2 FEMALE,25-59,38,1,3 SLIGHT,'-2 NOT APPLICABLE,'-2 NOT APPLICABLE,4 CAR,"On Saint Pancras Way, near the junction with Camden Road.",2,14/10/2019 09:54:00 PM,Monday,21.54,1 TLRN,A,5202,2 ONE-WAY ST,30,03 T/STAG JUN,2 AUTO SIG,A,503,9 UNKNOWN (S/R),1 DARK,2 RAINING,2 ROAD-WET,0 NONE,0 NONE,529261,184308,-0.13739,51.542878,,,Unknown,"(51.542878, -0.13739)",http://opendatacommunities.org/id/london-borough-council/camden,9446,21/12/2020 02:48:44 PM
0115EK40286,CAMDEN,3 Pedestrian,1 Male,25-59,40,1,3 Slight,04 Crossing Road Within 50m Xing,4 From Drivers O/Side Msk,1 Pedestrian,UPPER WOBURN PLACE J/W EUSTON SQUARE,1,16/04/2015 12:07:00 AM,Thursday,0.07,1 TLRN,A,4200,3 Dual Cwy,3 40 MPH,6 Crossroads,2 Auto Sig,A,4200,5 Pedn Phase At Ats,2 Dark,1 Fine,1 Road-Dry,0 None,0 None,529750,182590,-0.130975,51.527326,,,Unknown,"(51.527326, -0.130975)",http://opendatacommunities.org/id/london-borough-council/camden,4810,21/12/2020 02:48:36 PM
0115EK40664,CAMDEN,3 Pedestrian,2 Female,60+,86,1,3 Slight,09 In Road - Not Crossing,5 In Rd Not Crossing,1 Pedestrian,HARRINGTON SQUARE 25M N OF LIDLINGTON PLACE,1,02/08/2015 07:30:00 PM,Sunday,19.30,3 Bor,A,400,2 One-Way St,2 30 MPH,0 No Jun In 20m,-2 Not Applicable,-2 Not Applicable,0,0 No Xing Facility In 50m,1 Daylight,1 Fine,1 Road-Dry,0 None,0 None,529234,183218,-0.138179,51.533088,,,Unknown,"(51.533088, -0.138179)",http://opendatacommunities.org/id/london-borough-council/camden,5138,21/12/2020 02:48:36 PM
0115EK40244,CAMDEN,1 Driver/Rider,1 Male,60+,67,1,3 Slight,-2 Unknown,-2 N/A,2 Pedal Cycle,HOLMES ROAD J/W SPRING PLACE,2,31/03/2015 05:07:00 PM,Tuesday,17.07,3 Bor,Unclassified,0,6 Single Cwy,2 30 MPH,3 T/Stag Jun,4 Give Way/Uncontrolled,Unclassified,0,0 No Xing Facility In 50m,1 Daylight,4 Fine/High Winds,1 Road-Dry,0 None,0 None,528630,184950,-0.14625,51.548791,,,Unknown,"(51.548791, -0.14625)",http://opendatacommunities.org/id/london-borough-council/camden,4773,21/12/2020 02:48:36 PM
1170023172,CAMDEN,1 Driver/Rider,1 Male,25-59,26,1,3 Slight,-2 Unknown,-2 N/A,2 Pedal Cycle,MALDEN ROAD J/W PRINCE OF WALES ROAD,2,27/02/2017 06:15:00 PM,Monday,18.15,3 Bor,B,517,6 Single Cwy,1 <= 20 MPH,3 T/Stag Jun,4 Give Way/Uncontrolled,Unclassified,0,9 Unknown (S/R),2 Dark,1 Fine,2 Road-Wet,0 None,0 None,528270,184710,-0.151526,51.546716,,,Unknown,"(51.546716, -0.151526)",http://opendatacommunities.org/id/london-borough-council/camden,6747,21/12/2020 02:48:39 PM
0116EK40241,CAMDEN,1 Driver/Rider,1 Male,25-59,53,1,3 Slight,-2 Unknown,-2 N/A,3 Powered 2 Wheeler,SOUTHAMPTON ROW J/W VERNON PLACE,2,13/01/2016 05:00:00 PM,Wednesday,17.00,3 Bor,A,4200,3 Dual Cwy,2 30 MPH,6 Crossroads,2 Auto Sig,A,401,5 Pedn Phase At Ats,2 Dark,1 Fine,1 Road-Dry,0 None,0 None,530450,181670,-0.121231,51.518897,,,Unknown,"(51.518897, -0.121231)",http://opendatacommunities.org/id/london-borough-council/camden,6179,21/12/2020 02:48:38 PM
0115EK40483,CAMDEN,1 Driver/Rider,1 Male,25-59,32,1,3 Slight,-2 Unknown,-2 N/A,2 Pedal Cycle,HUNTLEY STREET J/W CAPPER STREET,2,11/06/2015 08:17:00 AM,Thursday,8.17,3 Bor,Unclassified,0,2 One-Way St,2 30 MPH,3 T/Stag Jun,4 Give Way/Uncontrolled,Unclassified,0,0 No Xing Facility In 50m,1 Daylight,1 Fine,1 Road-Dry,0 None,0 None,529510,182080,-0.134621,51.522798,,,Unknown,"(51.522798, -0.134621)",http://opendatacommunities.org/id/london-borough-council/camden,4973,21/12/2020 02:48:36 PM
1170025823,CAMDEN,1 Driver/Rider,1 Male,25-59,34,1,3 Slight,-2 Unknown,-2 N/A,2 Pedal Cycle,HERBRAND STREET J/W BERNARD STREET,2,16/03/2017 09:00:00 PM,Thursday,21.00,3 Bor,Unclassified,0,6 Single Cwy,2 30 MPH,6 Crossroads,4 Give Way/Uncontrolled,B,504,0 No Xing Facility In 50m,2 Dark,1 Fine,1 Road-Dry,0 None,0 None,530170,182120,-0.125098,51.523006,,,Unknown,"(51.523006, -0.125098)",http://opendatacommunities.org/id/london-borough-council/camden,6787,21/12/2020 02:48:39 PM
1180145004,CAMDEN,1 Driver/Rider,1 Male,25-59,53,1,3 Slight,-2 Unknown,-2 N/A,2 Pedal Cycle,ELSWORTHY ROAD J/W QUEENS GROVE,2,11/11/2018 05:45:00 AM,Sunday,5.45,3 Bor,B,525,6 Single Cwy,2 30 MPH,3 T/Stag Jun,4 Give Way/Uncontrolled,Unclassified,0,1 Zebra,2 Dark,1 Fine,1 Road-Dry,0 None,0 None,526960,183830,-0.170726,51.539103,,,Unknown,"(51.539103, -0.170726)",http://opendatacommunities.org/id/london-borough-council/camden,8514,21/12/2020 02:48:43 PM
0115EK40567,CAMDEN,2 Passenger,2 Female,60+,62,1,3 Slight,-2 Unknown,-2 N/A,4 Car,SIDMOUTH STREET J/W SEAFORD STREET,1,12/07/2015 01:10:00 PM,Sunday,13.10,3 Bor,C,0,6 Single Cwy,2 30 MPH,3 T/Stag Jun,4 Give Way/Uncontrolled,Unclassified,0,8 Central Refuge,1 Daylight,1 Fine,1 Road-Dry,0 None,0 None,530480,182550,-0.120473,51.526799,,,Unknown,"(51.526799, -0.120473)",http://opendatacommunities.org/id/london-borough-council/camden,5058,21/12/2020 02:48:36 PM
1190187190,CAMDEN,3 PEDESTRIAN,2 FEMALE,25-59,29,1,3 SLIGHT,05 CROSSING ROAD (NOT ON XING),3 FROM DRIVERS O/SIDE,1 PEDESTRIAN,"On Saint Cross Street, 25 metres east of the junction with Leather Lane .",1,14/06/2019 09:30:00 AM,Friday,9.30,3 BOR,6,0,6 SINGLE CWY,20,00 NO JUN IN 20M,,0,0,0 NO XING FACILITY IN 50M,2 DAYLIGHT,1 FINE,1 ROAD-DRY,0 NONE,0 NONE,531279,181879,-0.109212,51.520583,,,Unknown,"(51.520583, -0.109212)",http://opendatacommunities.org/id/london-borough-council/camden,9092,21/12/2020 02:48:44 PM
0116QK50568,CAMDEN,1 Driver/Rider,1 Male,25-59,30,1,3 Slight,-2 Unknown,-2 N/A,2 Pedal Cycle,"KILBURN HIGH ROAD, J/W OXFORD ROAD",2,24/06/2016 08:16:00 AM,Friday,8.16,3 Bor,A,5,6 Single Cwy,2 30 MPH,3 T/Stag Jun,4 Give Way/Uncontrolled,C,0,1 Zebra,1 Daylight,1 Fine,1 Road-Dry,0 None,0 None,525520,183480,-0.191603,51.53628,,,Unknown,"(51.53628, -0.191603)",http://opendatacommunities.org/id/london-borough-council/camden,6550,21/12/2020 02:48:39 PM
0116QK50415,CAMDEN,1 Driver/Rider,1 Male,25-59,58,1,3 Slight,-2 Unknown,-2 N/A,3 Powered 2 Wheeler,"KILBURN HIGH ROAD, J/W BRONDESBURY ROAD",2,03/06/2016 11:40:00 AM,Friday,11.40,3 Bor,A,5,6 Single Cwy,2 30 MPH,3 T/Stag Jun,2 Auto Sig,B,451,5 Pedn Phase At Ats,1 Daylight,1 Fine,1 Road-Dry,0 None,0 None,525340,183710,-0.194115,51.538387,,,Unknown,"(51.538387, -0.194115)",http://opendatacommunities.org/id/london-borough-council/camden,6548,21/12/2020 02:48:39 PM
1170066987,CAMDEN,1 Driver/Rider,1 Male,16-24,19,1,3 Slight,-2 Unknown,-2 N/A,3 Powered 2 Wheeler,FAIRFAX ROAD 20M W OF J/W FAIRFAX ROAD,2,28/10/2017 05:00:00 PM,Saturday,17.00,1 TLRN,C,0,6 Single Cwy,1 <= 20 MPH,5 Slip Road,4 Give Way/Uncontrolled,C,0,4 Pelican Or Similar,1 Daylight,1 Fine,1 Road-Dry,0 None,0 None,526440,184480,-0.177986,51.545062,,,Unknown,"(51.545062, -0.177986)",http://opendatacommunities.org/id/london-borough-council/camden,7460,21/12/2020 02:48:40 PM
1190162146,CAMDEN,2 PASSENGER,2 FEMALE,25-59,48,1,3 SLIGHT,'-2 NOT APPLICABLE,'-2 NOT APPLICABLE,6 BUS OR COACH,"On Fortune Green Road, near the junction with Burrard road .",1,08/02/2019 04:44:00 PM,Thursday,16.44,3 BOR,B,510,6 SINGLE CWY,20,03 T/STAG JUN,4 GIVE WAY/UNCONTROLLED,6,0,1 ZEBRA,1 DARK,1 FINE,1 ROAD-DRY,0 NONE,0 NONE,525124,185458,-0.196607,51.554144,,,Unknown,"(51.554144, -0.196607)",http://opendatacommunities.org/id/london-borough-council/camden,8767,21/12/2020 02:48:43 PM
1190210640,CAMDEN,1 DRIVER/RIDER,1 MALE,25-59,30,1,3 SLIGHT,'-2 NOT APPLICABLE,1 FROM DRIVERS N/SIDE,3 POWERED 2 WHEELER,"On Euston Road NW1, 283 metres east of the junction with Great Portland Street.",2,09/10/2019 10:00:00 PM,Wednesday,22.00,1 TLRN,A,501,3 DUAL CWY,30,00 NO JUN IN 20M,,0,0,0 NO XING FACILITY IN 50M,1 DARK,1 FINE,1 ROAD-DRY,0 NONE,0 NONE,529167,182267,-0.139493,51.524557,,,Unknown,"(51.524557, -0.139493)",http://opendatacommunities.org/id/london-borough-council/camden,9418,21/12/2020 02:48:44 PM
1170034145,CAMDEN,1 Driver/Rider,2 Female,60+,72,1,2 Serious,-2 Unknown,-2 N/A,4 Car,BELSIZE AVENUE J/W HILFIELD COURT,2,25/04/2017 03:34:00 PM,Tuesday,15.34,3 Bor,C,0,6 Single Cwy,2 30 MPH,3 T/Stag Jun,4 Give Way/Uncontrolled,Unclassified,0,0 No Xing Facility In 50m,1 Daylight,1 Fine,1 Road-Dry,0 None,0 None,527130,185110,-0.167813,51.550569,,,Unknown,"(51.550569, -0.167813)",http://opendatacommunities.org/id/london-borough-council/camden,6914,21/12/2020 02:48:39 PM
1180149425,CAMDEN,1 Driver/Rider,2 Female,25-59,50,1,3 Slight,-2 Unknown,-2 N/A,4 Car,ROSSLYN HILL J/W ROSSLYN HILL,2,02/12/2018 01:14:00 PM,Sunday,13.14,3 Bor,A,502,6 Single Cwy,1 <= 20 MPH,6 Crossroads,2 Auto Sig,A,502,5 Pedn Phase At Ats,1 Daylight,1 Fine,1 Road-Dry,0 None,0 None,527030,185390,-0.169154,51.553107,,,Unknown,"(51.553107, -0.169154)",http://opendatacommunities.org/id/london-borough-council/camden,8578,21/12/2020 02:48:43 PM
1180111324,CAMDEN,1 Driver/Rider,1 Male,16-24,22,1,2 Serious,-2 Unknown,-2 N/A,3 Powered 2 Wheeler,TOTTENHAM COURT ROAD J/W UNIVERSITY STREET,2,31/05/2018 02:59:00 AM,Thursday,2.59,3 Bor,A,400,2 One-Way St,1 <= 20 MPH,6 Crossroads,2 Auto Sig,C,0,5 Pedn Phase At Ats,2 Dark,7 Fog/Mist,1 Road-Dry,0 None,0 None,529370,182100,-0.13663,51.52301,,,Unknown,"(51.52301, -0.13663)",http://opendatacommunities.org/id/london-borough-council/camden,8040,21/12/2020 02:48:42 PM
1170053050,CAMDEN,3 Pedestrian,1 Male,Unknown,0,1,3 Slight,05 Crossing Road (Not On Xing),9 Unknown Or Other,1 Pedestrian,CAMDEN HIGH STREET 20M W OF J/W UNKNOWN,1,06/08/2017 04:15:00 AM,Sunday,4.15,1 TLRN,A,502,9 Unknown,2 30 MPH,3 T/Stag Jun,9 Unknown (S/R),Unclassified,0,9 Unknown (S/R),2 Dark,9 Unknown,9 Unknown (S/R),9 Unknown (S/R),9 Unknown (S/R),528950,183780,-0.142066,51.538204,,,Unknown,"(51.538204, -0.142066)",http://opendatacommunities.org/id/london-borough-council/camden,7233,21/12/2020 02:48:40 PM
0115EK40268,CAMDEN,3 Pedestrian,1 Male,25-59,48,1,3 Slight,05 Crossing Road (Not On Xing),2 From Drivers N/Side Msk,1 Pedestrian,EUSTON ROAD J/W CHALTON STREET,1,10/04/2015 01:13:00 PM,Friday,13.13,1 TLRN,A,501,6 Single Cwy,2 30 MPH,3 T/Stag Jun,4 Give Way/Uncontrolled,Unclassified,0,0 No Xing Facility In 50m,1 Daylight,1 Fine,1 Road-Dry,0 None,0 None,529910,182680,-0.128637,51.528098,,,Unknown,"(51.528098, -0.128637)",http://opendatacommunities.org/id/london-borough-council/camden,4795,21/12/2020 02:48:36 PM
1180098108,CAMDEN,3 Pedestrian,1 Male,60+,60,1,3 Slight,01 Crossing Road On Ped Xing,3 From Drivers O/Side,1 Pedestrian,KILBURN HIGH ROAD 20M N OF J/W PRIORY PARK ROAD,1,24/03/2018 06:00:00 PM,Saturday,18.00,3 Bor,A,5,6 Single Cwy,2 30 MPH,3 T/Stag Jun,2 Auto Sig,Unclassified,0,4 Pelican Or Similar,2 Dark,1 Fine,1 Road-Dry,0 None,0 None,525170,183960,-0.196476,51.540671,,,Unknown,"(51.540671, -0.196476)",http://opendatacommunities.org/id/london-borough-council/camden,7837,21/12/2020 02:48:41 PM
1180090282,CAMDEN,1 Driver/Rider,1 Male,25-59,32,1,3 Slight,-2 Unknown,-2 N/A,4 Car,HAVERSTOCK HILL J/W FOUNTAIN MEWS,2,15/02/2018 06:20:00 AM,Thursday,6.20,3 Bor,A,502,6 Single Cwy,1 <= 20 MPH,99 Unknown (S/R),9 Unknown (S/R),Unclassified,0,1 Zebra,1 Daylight,1 Fine,2 Road-Wet,0 None,0 None,527630,184820,-0.160711,51.54785,,,Unknown,"(51.54785, -0.160711)",http://opendatacommunities.org/id/london-borough-council/camden,7752,21/12/2020 02:48:41 PM
1190178231,CAMDEN,1 DRIVER/RIDER,1 MALE,25-59,30,1,3 SLIGHT,'-2 NOT APPLICABLE,'-2 NOT APPLICABLE,2 PEDAL CYCLE,"On New Oxford Street, near the junction with Shaftesbury Avenue.",2,01/05/2019 06:52:00 PM,Wednesday,18.52,3 BOR,A,40,6 SINGLE CWY,30,06 CROSSROADS,2 AUTO SIG,A,401,5 PEDN PHASE AT ATS,2 DAYLIGHT,1 FINE,1 ROAD-DRY,0 NONE,0 NONE,530131,181451,-0.125907,51.517002,,,Unknown,"(51.517002, -0.125907)",http://opendatacommunities.org/id/london-borough-council/camden,8963,21/12/2020 02:48:44 PM
0115EK40541,CAMDEN,1 Driver/Rider,1 Male,16-24,17,1,3 Slight,-2 Unknown,-2 N/A,2 Pedal Cycle,QUEEN'S CRESCENT J/W WEEDINGTON ROAD,2,05/07/2015 04:08:00 PM,Sunday,16.08,3 Bor,Unclassified,0,6 Single Cwy,2 30 MPH,3 T/Stag Jun,4 Give Way/Uncontrolled,Unclassified,0,0 No Xing Facility In 50m,1 Daylight,1 Fine,1 Road-Dry,0 None,0 None,528290,185100,-0.151096,51.550216,,,Unknown,"(51.550216, -0.151096)",http://opendatacommunities.org/id/london-borough-council/camden,5029,21/12/2020 02:48:36 PM
1170035500,CAMDEN,1 Driver/Rider,1 Male,25-59,50,1,3 Slight,-2 Unknown,-2 N/A,3 Powered 2 Wheeler,CHARTERHOUSE STREET 30M E OF J/W FARRINGDON ROAD,2,04/05/2017 12:10:00 PM,Thursday,12.10,3 Bor,B,500,6 Single Cwy,1 <= 20 MPH,0 No Jun In 20m,-2 Not Applicable,-2 Not Applicable,0,5 Pedn Phase At Ats,1 Daylight,1 Fine,1 Road-Dry,0 None,0 None,531606,181680,-0.104576,51.518719,,,Unknown,"(51.518719, -0.104576)",http://opendatacommunities.org/id/london-borough-council/camden,6938,21/12/2020 02:48:39 PM
0115EK40030,CAMDEN,1 Driver/Rider,1 Male,25-59,46,1,3 Slight,-2 Unknown,-2 N/A,2 Pedal Cycle,ADELAIDE ROAD J/W HAVERSTOCK HILL,2,19/01/2015 07:25:00 PM,Monday,19.25,3 Bor,B,509,6 Single Cwy,2 30 MPH,3 T/Stag Jun,2 Auto Sig,A,502,5 Pedn Phase At Ats,2 Dark,8 Other,1 Road-Dry,0 None,0 None,528150,184390,-0.153372,51.543868,,,Unknown,"(51.543868, -0.153372)",http://opendatacommunities.org/id/london-borough-council/camden,4603,21/12/2020 02:48:35 PM