Reference,London Borough Name,Casualty Class,Casualty Sex,Casualty Age Band,Casualty Age,Number Of Casualties,Casualty Severity,Pedestrian Location,Pedestrian Movement,Mode Of Travel,Attendant Location,Number Of Vehicles,Date,Day,Time,Highway,Road Class 1,Road Number 1,Road Type,Speed Limit,Junction Detail,Junction Control,Road Class 2,Road Number 2,Pedestrian Crossing,Light Condition Band,Weather,Road Surface,Special Conditions,Carriage Way Hazard,Easting,Northing,Longitude,Latitude,Ward Code,Ward Name,Spatial Accuracy,Location,Organisation URI,Socrata ID,Last Uploaded
1160024977,CAMDEN,2 Passenger,1 Male,Unknown,0,1,3 Slight,-2 Unknown,-2 N/A,4 Car,OUTER CIRCLE 25M S OF J/W GLOUCESTER GATE,1,10/10/2016 01:30:00 PM,Monday,13.30,3 Bor,Unclassified,0,6 Single Cwy,2 30 MPH,0 No Jun In 20m,-2 Not Applicable,-2 Not Applicable,0,0 No Xing Facility In 50m,1 Daylight,1 Fine,1 Road-Dry,0 None,0 None,528550,183400,-0.147969,51.53488,,,Unknown,"(51.53488, -0.147969)",http://opendatacommunities.org/id/london-borough-council/camden,5940,21/12/2020 02:48:38 PM
1180091325,CAMDEN,3 Pedestrian,2 Female,25-59,52,1,3 Slight,10 Unknown,9 Unknown Or Other,1 Pedestrian,NFL CHARTERHOUSE STREET J/W FARRINGDON RD,1,09/02/2018 06:47:00 AM,Friday,6.47,1 TLRN,A,201,9 Unknown,2 30 MPH,6 Crossroads,9 Unknown (S/R),B,500,9 Unknown (S/R),2 Dark,1 Fine,1 Road-Dry,0 None,9 Unknown (S/R),531590,181670,-0.10481,51.518633,,,Unknown,"(51.518633, -0.10481)",http://opendatacommunities.org/id/london-borough-council/camden,7763,21/12/2020 02:48:41 PM
0115EK40938,CAMDEN,3 Pedestrian,2 Female,16-24,24,1,3 Slight,01 Crossing Road On Ped Xing,3 From Drivers O/Side,1 Pedestrian,TOTTENHAM COURT ROAD J/W CAPPER STREET.,1,22/10/2015 06:40:00 PM,Thursday,18.40,3 Bor,A,400,2 One-Way St,2 30 MPH,3 T/Stag Jun,4 Give Way/Uncontrolled,A,400,4 Pelican Or Similar,2 Dark,1 Fine,1 Road-Dry,0 None,0 None,529410,182030,-0.13608,51.522371,,,Unknown,"(51.522371, -0.13608)",http://opendatacommunities.org/id/london-borough-council/camden,5369,21/12/2020 02:48:37 PM
0115EK40780,CAMDEN,1 Driver/Rider,1 Male,25-59,39,1,3 Slight,-2 Unknown,-2 N/A,4 Car,CAMDEN ROAD J/W ROYAL COLLEGE STREET,2,31/08/2015 01:25:00 AM,Monday,1.25,1 TLRN,A,503,6 Single Cwy,2 30 MPH,6 Crossroads,2 Auto Sig,A,5202,5 Pedn Phase At Ats,2 Dark,1 Fine,1 Road-Dry,0 None,0 None,529180,184170,-0.138608,51.541656,,,Unknown,"(51.541656, -0.138608)",http://opendatacommunities.org/id/london-borough-council/camden,5246,21/12/2020 02:48:37 PM
1180084085,CAMDEN,3 Pedestrian,1 Male,25-59,51,1,2 Serious,01 Crossing Road On Ped Xing,3 From Drivers O/Side,1 Pedestrian,EVERSHOLT STREET J/W GRAFTON PLACE,1,17/01/2018 08:08:00 AM,Wednesday,8.08,3 Bor,A,4200,6 Single Cwy,2 30 MPH,3 T/Stag Jun,2 Auto Sig,A,4200,5 Pedn Phase At Ats,1 Daylight,1 Fine,1 Road-Dry,0 None,0 None,529710,182640,-0.131533,51.527785,,,Unknown,"(51.527785, -0.131533)",http://opendatacommunities.org/id/london-borough-council/camden,7675,21/12/2020 02:48:41 PM
0115EK41026,CAMDEN,2 Passenger,1 Male,25-59,54,1,3 Slight,-2 Unknown,-2 N/A,7 Goods Vehicle,BLOOMSBURY STREET J/W GREAT RUSSELL STREET.,2,18/11/2015 04:45:00 PM,Wednesday,16.45,3 Bor,A,400,2 One-Way St,2 30 MPH,6 Crossroads,2 Auto Sig,C,0,5 Pedn Phase At Ats,2 Dark,1 Fine,2 Road-Wet,0 None,0 None,530010,181530,-0.12762,51.51774,,,Unknown,"(51.51774, -0.12762)",http://opendatacommunities.org/id/london-borough-council/camden,5446,21/12/2020 02:48:37 PM
1160003293,CAMDEN,2 Passenger,1 Male,16-24,22,1,3 Slight,-2 Unknown,-2 N/A,4 Car,MILL LANE J/W WEST END LANE,1,22/11/2016 03:53:00 AM,Tuesday,3.53,3 Bor,C,0,6 Single Cwy,2 30 MPH,3 T/Stag Jun,4 Give Way/Uncontrolled,B,510,8 Central Refuge,2 Dark,2 Raining,2 Road-Wet,0 None,0 None,525400,185220,-0.192712,51.551944,,,Unknown,"(51.551944, -0.192712)",http://opendatacommunities.org/id/london-borough-council/camden,5697,21/12/2020 02:48:37 PM
0115EK40451,CAMDEN,1 Driver/Rider,1 Male,25-59,32,1,3 Slight,-2 Unknown,-2 N/A,2 Pedal Cycle,KENTISH TOWN ROAD J/W PATS HILL ROAD,2,08/06/2015 07:45:00 AM,Monday,7.45,3 Bor,A,400,6 Single Cwy,2 30 MPH,3 T/Stag Jun,4 Give Way/Uncontrolled,Unclassified,0,4 Pelican Or Similar,1 Daylight,1 Fine,1 Road-Dry,0 None,0 None,528960,184790,-0.141552,51.547278,,,Unknown,"(51.547278, -0.141552)",http://opendatacommunities.org/id/london-borough-council/camden,4945,21/12/2020 02:48:36 PM
1170069070,CAMDEN,2 Passenger,2 Female,25-59,26,1,3 Slight,-2 Unknown,-2 N/A,4 Car,HEATH STREET 25M NE OF J/W NEW END,1,05/11/2017 01:45:00 AM,Sunday,1.45,3 Bor,A,502,6 Single Cwy,2 30 MPH,0 No Jun In 20m,-2 Not Applicable,-2 Not Applicable,0,9 Unknown (S/R),2 Dark,1 Fine,1 Road-Dry,9 Unknown (S/R),9 Unknown (S/R),526368,186022,-0.17847,51.558936,,,Unknown,"(51.558936, -0.17847)",http://opendatacommunities.org/id/london-borough-council/camden,7496,21/12/2020 02:48:41 PM
0115EK40659,CAMDEN,3 Pedestrian,2 Female,0-15,13,1,3 Slight,05 Crossing Road (Not On Xing),1 From Drivers N/Side,1 Pedestrian,FINCHLEY ROAD J/W FROGNAL,1,03/08/2015 02:00:00 PM,Monday,14.00,1 TLRN,A,41,6 Single Cwy,2 30 MPH,3 T/Stag Jun,4 Give Way/Uncontrolled,Unclassified,0,0 No Xing Facility In 50m,1 Daylight,1 Fine,1 Road-Dry,0 None,0 None,526170,184960,-0.181706,51.549436,,,Unknown,"(51.549436, -0.181706)",http://opendatacommunities.org/id/london-borough-council/camden,5130,21/12/2020 02:48:36 PM
1170037191,CAMDEN,1 Driver/Rider,1 Male,25-59,34,1,3 Slight,-2 Unknown,-2 N/A,2 Pedal Cycle,ROYAL COLLEGE STREET NW1 J/W CAMDEN ROAD NW1,2,13/05/2017 12:10:00 PM,Saturday,12.10,1 TLRN,A,5202,2 One-Way St,1 <= 20 MPH,6 Crossroads,2 Auto Sig,A,503,5 Pedn Phase At Ats,1 Daylight,1 Fine,1 Road-Dry,0 None,0 None,529200,184170,-0.13832,51.541651,,,Unknown,"(51.541651, -0.13832)",http://opendatacommunities.org/id/london-borough-council/camden,6958,21/12/2020 02:48:39 PM
1190220393,CAMDEN,1 DRIVER/RIDER,1 MALE,16-24,24,1,3 SLIGHT,'-2 NOT APPLICABLE,'-2 NOT APPLICABLE,3 POWERED 2 WHEELER,"On COLLEGE CRESENT, near the junction with BAUCKLAND CRESENT.",2,23/11/2019 08:05:00 PM,Saturday,20.05,3 BOR,B,511,6 SINGLE CWY,20,03 T/STAG JUN,4 GIVE WAY/UNCONTROLLED,B,511,0 NO XING FACILITY IN 50M,1 DARK,1 FINE,2 ROAD-WET,0 NONE,0 NONE,526652,184447,-0.174942,51.544718,,,Unknown,"(51.544718, -0.174942)",http://opendatacommunities.org/id/london-borough-council/camden,9542,21/12/2020 02:48:44 PM
0115EK41023,CAMDEN,1 Driver/Rider,1 Male,25-59,41,1,3 Slight,-2 Unknown,-2 N/A,5 Taxi,FINCHLEY ROAD J/W FROGNAL COURT.,2,13/11/2015 08:00:00 PM,Friday,20.00,1 TLRN,A,41,3 Dual Cwy,2 30 MPH,6 Crossroads,2 Auto Sig,Unclassified,0,5 Pedn Phase At Ats,2 Dark,1 Fine,1 Road-Dry,0 None,0 None,526210,184880,-0.181158,51.548708,,,Unknown,"(51.548708, -0.181158)",http://opendatacommunities.org/id/london-borough-council/camden,5443,21/12/2020 02:48:37 PM
0115EK40183,CAMDEN,2 Passenger,2 Female,25-59,26,1,3 Slight,-2 Unknown,-2 N/A,4 Car,NFL- EUSTON ROAD J/W GORDON STREET,2,16/02/2015 01:30:00 PM,Monday,13.30,1 TLRN,A,501,3 Dual Cwy,3 40 MPH,6 Crossroads,2 Auto Sig,C,0,5 Pedn Phase At Ats,1 Daylight,1 Fine,1 Road-Dry,0 None,0 None,529590,182480,-0.133321,51.526374,,,Unknown,"(51.526374, -0.133321)",http://opendatacommunities.org/id/london-borough-council/camden,4724,21/12/2020 02:48:36 PM
1180101944,CAMDEN,2 Passenger,2 Female,16-24,21,1,3 Slight,-2 Unknown,-2 N/A,4 Car,AGAR GROVE 30M W OF J/W ST PAULS CRESCENT,7,16/04/2018 02:48:00 AM,Monday,2.48,3 Bor,C,0,6 Single Cwy,1 <= 20 MPH,0 No Jun In 20m,-2 Not Applicable,-2 Not Applicable,0,0 No Xing Facility In 50m,2 Dark,1 Fine,1 Road-Dry,0 None,0 None,529780,184350,-0.129895,51.543136,,,Unknown,"(51.543136, -0.129895)",http://opendatacommunities.org/id/london-borough-council/camden,7894,21/12/2020 02:48:41 PM
1180102736,CAMDEN,2 Passenger,2 Female,25-59,54,1,3 Slight,-2 Unknown,-2 N/A,4 Car,SHAFTESBURY AVENUE J/W BLOOMSBURY STREET,2,19/04/2018 04:30:00 PM,Thursday,16.30,3 Bor,Unclassified,0,6 Single Cwy,1 <= 20 MPH,6 Crossroads,2 Auto Sig,Unclassified,0,5 Pedn Phase At Ats,1 Daylight,1 Fine,1 Road-Dry,0 None,0 None,530093,181338,-0.126496,51.515996,,,Unknown,"(51.515996, -0.126496)",http://opendatacommunities.org/id/london-borough-council/camden,7908,21/12/2020 02:48:41 PM
1180121804,CAMDEN,3 Pedestrian,2 Female,25-59,36,1,2 Serious,05 Crossing Road (Not On Xing),1 From Drivers N/Side,1 Pedestrian,CHARING CROSS ROAD J/W MANETTE STREET,1,17/07/2018 03:50:00 PM,Tuesday,15.50,3 Bor,A,400,6 Single Cwy,2 30 MPH,3 T/Stag Jun,4 Give Way/Uncontrolled,A,40,0 No Xing Facility In 50m,1 Daylight,1 Fine,1 Road-Dry,0 None,0 None,529850,181250,-0.130028,51.515261,,,Unknown,"(51.515261, -0.130028)",http://opendatacommunities.org/id/london-borough-council/camden,8187,21/12/2020 02:48:42 PM
0115EK40700,CAMDEN,1 Driver/Rider,1 Male,25-59,26,1,3 Slight,-2 Unknown,-2 N/A,4 Car,FINCHLEY ROAD J/W FROGNAL,2,11/08/2015 04:55:00 PM,Tuesday,16.55,1 TLRN,A,41,6 Single Cwy,2 30 MPH,3 T/Stag Jun,4 Give Way/Uncontrolled,Unclassified,0,8 Central Refuge,1 Daylight,1 Fine,1 Road-Dry,0 None,0 None,526170,184950,-0.181709,51.549346,,,Unknown,"(51.549346, -0.181709)",http://opendatacommunities.org/id/london-borough-council/camden,5176,21/12/2020 02:48:36 PM
1170021468,CAMDEN,3 Pedestrian,2 Female,16-24,19,1,3 Slight,01 Crossing Road On Ped Xing,2 From Drivers N/Side Msk,1 Pedestrian,GOWER STREET J/W GRAFTON WAY,1,27/02/2017 04:00:00 PM,Monday,16.00,3 Bor,A,400,2 One-Way St,1 <= 20 MPH,3 T/Stag Jun,2 Auto Sig,A,400,4 Pelican Or Similar,1 Daylight,5 Raining/High Winds,2 Road-Wet,0 None,0 None,529480,182280,-0.134979,51.524602,,,Unknown,"(51.524602, -0.134979)",http://opendatacommunities.org/id/london-borough-council/camden,6723,21/12/2020 02:48:39 PM
1180136043,CAMDEN,1 Driver/Rider,2 Female,25-59,40,1,3 Slight,-2 Unknown,-2 N/A,4 Car,QUEX ROAD J/W KINGSGATE ROAD,2,30/09/2018 07:41:00 PM,Sunday,19.41,3 Bor,B,510,6 Single Cwy,2 30 MPH,3 T/Stag Jun,4 Give Way/Uncontrolled,Unclassified,0,0 No Xing Facility In 50m,2 Dark,8 Other,1 Road-Dry,0 None,0 None,525280,183880,-0.194919,51.539928,,,Unknown,"(51.539928, -0.194919)",http://opendatacommunities.org/id/london-borough-council/camden,8370,21/12/2020 02:48:42 PM
0116EK40498,CAMDEN,1 Driver/Rider,2 Female,Unknown,0,1,3 Slight,-2 Unknown,-2 N/A,2 Pedal Cycle,WILLOW ROAD J/W PILGRIM'S LANE.,2,29/06/2016 07:30:00 AM,Wednesday,7.30,3 Bor,Unclassified,0,6 Single Cwy,1 <= 20 MPH,3 T/Stag Jun,4 Give Way/Uncontrolled,Unclassified,0,0 No Xing Facility In 50m,1 Daylight,1 Fine,1 Road-Dry,0 None,0 None,527000,185860,-0.169417,51.557338,,,Unknown,"(51.557338, -0.169417)",http://opendatacommunities.org/id/london-borough-council/camden,6409,21/12/2020 02:48:38 PM
1180094252,CAMDEN,3 Pedestrian,2 Female,25-59,26,1,3 Slight,01 Crossing Road On Ped Xing,3 From Drivers O/Side,1 Pedestrian,NEW OXFORD STREET J/W MUSEUM STREET,1,06/03/2018 08:54:00 AM,Tuesday,8.54,3 Bor,A,40,6 Single Cwy,2 30 MPH,6 Crossroads,2 Auto Sig,C,0,4 Pelican Or Similar,1 Daylight,1 Fine,1 Road-Dry,0 None,0 None,530180,181470,-0.125194,51.517162,,,Unknown,"(51.517162, -0.125194)",http://opendatacommunities.org/id/london-borough-council/camden,7791,21/12/2020 02:48:41 PM
1190220741,CAMDEN,2 PASSENGER,1 MALE,25-59,40,1,3 SLIGHT,'-2 NOT APPLICABLE,'-2 NOT APPLICABLE,6 BUS OR COACH,"On High Holborn, near the junction with Grays inn Road.",2,25/11/2019 05:35:00 PM,Monday,17.35,3 BOR,A,40,3 DUAL CWY,30,06 CROSSROADS,2 AUTO SIG,A,5200,5 PEDN PHASE AT ATS,1 DARK,1 FINE,1 ROAD-DRY,0 NONE,0 NONE,531137,181612,-0.111356,51.518217,,,Unknown,"(51.518217, -0.111356)",http://opendatacommunities.org/id/london-borough-council/camden,9552,21/12/2020 02:48:44 PM
0115EK40370,CAMDEN,3 Pedestrian,2 Female,25-59,44,1,3 Slight,09 In Road - Not Crossing,9 Unknown Or Other,1 Pedestrian,ELLERDALE ROAD J/W ARKWRIGHT ROAD,1,12/05/2015 04:11:00 PM,Tuesday,16.11,3 Bor,C,0,6 Single Cwy,2 30 MPH,3 T/Stag Jun,4 Give Way/Uncontrolled,Unclassified,0,0 No Xing Facility In 50m,1 Daylight,1 Fine,1 Road-Dry,0 None,0 None,526370,185330,-0.17869,51.552716,,,Unknown,"(51.552716, -0.17869)",http://opendatacommunities.org/id/london-borough-council/camden,4874,21/12/2020 02:48:36 PM
1160003257,CAMDEN,1 Driver/Rider,1 Male,25-59,43,1,3 Slight,-2 Unknown,-2 N/A,4 Car,OUTER CIRLE J/W CHESTER GATE,2,23/11/2016 08:37:00 PM,Wednesday,20.37,3 Bor,Unclassified,0,2 One-Way St,1 <= 20 MPH,5 Slip Road,4 Give Way/Uncontrolled,Unclassified,0,0 No Xing Facility In 50m,2 Dark,1 Fine,1 Road-Dry,0 None,0 None,528723,182602,-0.145767,51.527669,,,Unknown,"(51.527669, -0.145767)",http://opendatacommunities.org/id/london-borough-council/camden,5696,21/12/2020 02:48:37 PM
1180116240,CAMDEN,3 Pedestrian,1 Male,60+,75,1,3 Slight,01 Crossing Road On Ped Xing,1 From Drivers N/Side,1 Pedestrian,A502 J/W JUNIPER CRESENT,1,23/06/2018 01:50:00 PM,Saturday,13.50,3 Bor,A,502,6 Single Cwy,2 30 MPH,3 T/Stag Jun,2 Auto Sig,Unclassified,0,4 Pelican Or Similar,1 Daylight,1 Fine,1 Road-Dry,0 None,0 None,528360,184310,-0.150375,51.543101,,,Unknown,"(51.543101, -0.150375)",http://opendatacommunities.org/id/london-borough-council/camden,8108,21/12/2020 02:48:42 PM
0116EK40493,CAMDEN,3 Pedestrian,1 Male,25-59,57,1,3 Slight,09 In Road - Not Crossing,9 Unknown Or Other,1 Pedestrian,HANDYSIDE COURT J/W YORK WAY,1,11/07/2016 02:50:00 PM,Monday,14.50,3 Bor,B,154,6 Single Cwy,2 30 MPH,6 Crossroads,2 Auto Sig,A,5200,5 Pedn Phase At Ats,1 Daylight,9 Unknown,1 Road-Dry,0 None,0 None,530300,183670,-0.122652,51.536905,,,Unknown,"(51.536905, -0.122652)",http://opendatacommunities.org/id/london-borough-council/camden,6404,21/12/2020 02:48:38 PM
1170013058,CAMDEN,3 Pedestrian,2 Female,16-24,20,1,2 Serious,10 Unknown,9 Unknown Or Other,1 Pedestrian,WEST END LANE NW6 1QS 10M S OF J/W FAWLEY ROAD NW6,1,20/01/2017 02:50:00 PM,Friday,14.50,3 Bor,B,510,6 Single Cwy,2 30 MPH,3 T/Stag Jun,4 Give Way/Uncontrolled,Unclassified,0,1 Zebra,1 Daylight,1 Fine,1 Road-Dry,0 None,0 None,525493,185002,-0.191449,51.549964,,,Unknown,"(51.549964, -0.191449)",http://opendatacommunities.org/id/london-borough-council/camden,6601,21/12/2020 02:48:39 PM
1170051049,CAMDEN,3 Pedestrian,1 Male,25-59,47,1,3 Slight,04 Crossing Road Within 50m Xing,3 From Drivers O/Side,1 Pedestrian,YORK WAY J/W YORK WAY,1,28/07/2017 04:50:00 PM,Friday,16.50,1 TLRN,A,5200,2 One-Way St,1 <= 20 MPH,7 Multi Jun,2 Auto Sig,A,501,4 Pelican Or Similar,1 Daylight,1 Fine,1 Road-Dry,0 None,0 None,530320,183000,-0.122612,51.53088,,,Unknown,"(51.53088, -0.122612)",http://opendatacommunities.org/id/london-borough-council/camden,7198,21/12/2020 02:48:40 PM
1170029692,CAMDEN,3 Pedestrian,2 Female,25-59,51,1,3 Slight,01 Crossing Road On Ped Xing,1 From Drivers N/Side,1 Pedestrian,CAMDEN ROAD 30M W OF J/W CAMDEN STREET THE NEAREST CLASSIFIED ROAD,1,02/04/2017 12:53:00 PM,Sunday,12.53,1 TLRN,A,503,3 Dual Cwy,1 <= 20 MPH,0 No Jun In 20m,-2 Not Applicable,-2 Not Applicable,0,5 Pedn Phase At Ats,1 Daylight,1 Fine,1 Road-Dry,0 None,0 None,529030,184040,-0.140818,51.540522,,,Unknown,"(51.540522, -0.140818)",http://opendatacommunities.org/id/london-borough-council/camden,6840,21/12/2020 02:48:39 PM
1180102488,CAMDEN,3 Pedestrian,1 Male,25-59,54,1,3 Slight,06 On Footpath - Verge,9 Unknown Or Other,1 Pedestrian,FINCHLEY ROAD J/W FAIRFAX ROAD,1,18/04/2018 02:05:00 PM,Wednesday,14.05,1 TLRN,A,41,3 Dual Cwy,2 30 MPH,3 T/Stag Jun,1 Auth Person,C,0,4 Pelican Or Similar,1 Daylight,1 Fine,1 Road-Dry,1 Traf Sig Out,0 None,526490,184510,-0.177255,51.54532,,,Unknown,"(51.54532, -0.177255)",http://opendatacommunities.org/id/london-borough-council/camden,7904,21/12/2020 02:48:41 PM
0116EK40225,CAMDEN,1 Driver/Rider,2 Female,25-59,25,1,3 Slight,-2 Unknown,-2 N/A,4 Car,ROYAL COLLEGE STREET J/W JEFFREY'S STREET,2,18/04/2016 01:20:00 PM,Monday,13.20,3 Bor,A,5202,2 One-Way St,1 <= 20 MPH,6 Crossroads,2 Auto Sig,Unclassified,0,5 Pedn Phase At Ats,1 Daylight,1 Fine,1 Road-Dry,0 None,0 None,529090,184360,-0.139836,51.543384,,,Unknown,"(51.543384, -0.139836)",http://opendatacommunities.org/id/london-borough-council/camden,6169,21/12/2020 02:48:38 PM
1180104261,CAMDEN,3 Pedestrian,2 Female,16-24,18,1,2 Serious,04 Crossing Road Within 50m Xing,1 From Drivers N/Side,1 Pedestrian,PENTONVILLE ROAD J/W KING'S CROSS BRIDGE,1,26/04/2018 04:45:00 PM,Thursday,16.45,1 TLRN,A,501,6 Single Cwy,1 <= 20 MPH,6 Crossroads,2 Auto Sig,Unclassified,0,5 Pedn Phase At Ats,1 Daylight,1 Fine,1 Road-Dry,0 None,0 None,530430,183000,-0.121027,51.530854,,,Unknown,"(51.530854, -0.121027)",http://opendatacommunities.org/id/london-borough-council/camden,7933,21/12/2020 02:48:41 PM
1190217592,CAMDEN,1 DRIVER/RIDER,1 MALE,25-59,33,1,3 SLIGHT,'-2 NOT APPLICABLE,'-2 NOT APPLICABLE,2 PEDAL CYCLE,"On Gower Street, near the junction with Torrington Place.",2,10/11/2019 09:15:00 AM,Sunday,9.15,3 BOR,A,400,6 SINGLE CWY,30,06 CROSSROADS,2 AUTO SIG,5,0,5 PEDN PHASE AT ATS,2 DAYLIGHT,1 FINE,1 ROAD-DRY,4 ROADWORKS,0 NONE,529636,182068,-0.13281,51.522661,,,Unknown,"(51.522661, -0.13281)",http://opendatacommunities.org/id/london-borough-council/camden,9510,21/12/2020 02:48:44 PM
0115EK40470,CAMDEN,2 Passenger,2 Female,60+,76,1,3 Slight,-2 Unknown,-2 N/A,6 Bus Or Coach,VERNON PLACE J/W SOUTHAMPTON ROW,1,13/06/2015 03:50:00 PM,Saturday,15.50,3 Bor,A,401,3 Dual Cwy,3 40 MPH,6 Crossroads,2 Auto Sig,A,4200,5 Pedn Phase At Ats,1 Daylight,1 Fine,1 Road-Dry,0 None,0 None,530450,181670,-0.121231,51.518897,,,Unknown,"(51.518897, -0.121231)",http://opendatacommunities.org/id/london-borough-council/camden,4962,21/12/2020 02:48:36 PM
1160026739,CAMDEN,1 Driver/Rider,1 Male,Unknown,0,1,3 Slight,-2 Unknown,-2 N/A,2 Pedal Cycle,PANCRAS ROAD 21M S OF J/W GOODS WAY,2,02/12/2016 11:30:00 PM,Friday,23.30,3 Bor,C,0,9 Unknown,2 30 MPH,0 No Jun In 20m,-2 Not Applicable,-2 Not Applicable,0,9 Unknown (S/R),2 Dark,9 Unknown,9 Unknown (S/R),0 None,9 Unknown (S/R),530030,183260,-0.126694,51.533283,,,Unknown,"(51.533283, -0.126694)",http://opendatacommunities.org/id/london-borough-council/camden,5955,21/12/2020 02:48:38 PM
0116CW10969,CAMDEN,1 Driver/Rider,1 Male,25-59,29,1,3 Slight,-2 Unknown,-2 N/A,3 Powered 2 Wheeler,ABBEY ROAD J/W BOUNDARY ROAD,2,13/07/2016 08:53:00 AM,Wednesday,8.53,3 Bor,B,507,6 Single Cwy,2 30 MPH,6 Crossroads,4 Give Way/Uncontrolled,B,507,1 Zebra,1 Daylight,1 Fine,1 Road-Dry,0 None,0 None,525990,183670,-0.184762,51.537883,,,Unknown,"(51.537883, -0.184762)",http://opendatacommunities.org/id/london-borough-council/camden,5972,21/12/2020 02:48:38 PM
1190215330,CAMDEN,3 PEDESTRIAN,2 FEMALE,25-59,52,1,2 SERIOUS,01 CROSSING ROAD ON PED XING,'-2 NOT APPLICABLE,1 PEDESTRIAN,"On Bedford way , near the junction with Tavistock Square.",1,01/11/2019 04:46:00 AM,Friday,4.46,3 BOR,5,0,6 SINGLE CWY,20,06 CROSSROADS,2 AUTO SIG,5,0,5 PEDN PHASE AT ATS,1 DARK,2 RAINING,2 ROAD-WET,0 NONE,0 NONE,529908,182244,-0.128827,51.52418,,,Unknown,"(51.52418, -0.128827)",http://opendatacommunities.org/id/london-borough-council/camden,9482,21/12/2020 02:48:44 PM
0116EK40268,CAMDEN,1 Driver/Rider,1 Male,16-24,23,1,3 Slight,-2 Unknown,-2 N/A,3 Powered 2 Wheeler,FROGNAL RISE J/W LOWER TERRACE.,2,23/04/2016 07:50:00 PM,Saturday,19.50,3 Bor,Unclassified,0,6 Single Cwy,2 30 MPH,3 T/Stag Jun,4 Give Way/Uncontrolled,Unclassified,0,0 No Xing Facility In 50m,1 Daylight,1 Fine,1 Road-Dry,0 None,0 None,526140,186030,-0.181755,51.559059,,,Unknown,"(51.559059, -0.181755)",http://opendatacommunities.org/id/london-borough-council/camden,6207,21/12/2020 02:48:38 PM
0115EK40525,CAMDEN,3 Pedestrian,2 Female,25-59,52,1,3 Slight,05 Crossing Road (Not On Xing),3 From Drivers O/Side,1 Pedestrian,GRAFTON WAY J/W GOWER STREET,1,01/07/2015 11:20:00 AM,Wednesday,11.20,3 Bor,C,0,6 Single Cwy,2 30 MPH,3 T/Stag Jun,4 Give Way/Uncontrolled,A,400,0 No Xing Facility In 50m,1 Daylight,1 Fine,1 Road-Dry,0 None,0 None,529470,182270,-0.135127,51.524514,,,Unknown,"(51.524514, -0.135127)",http://opendatacommunities.org/id/london-borough-council/camden,5014,21/12/2020 02:48:36 PM
1190225450,CAMDEN,1 DRIVER/RIDER,2 FEMALE,25-59,37,3,3 SLIGHT,'-2 NOT APPLICABLE,'-2 NOT APPLICABLE,4 CAR,"On Robert Street, near the junction with Stanhope Street.",1,13/12/2019 10:15:00 PM,Friday,22.15,3 BOR,6,0,6 SINGLE CWY,20,06 CROSSROADS,4 GIVE WAY/UNCONTROLLED,6,0,9 UNKNOWN (S/R),2 DAYLIGHT,5 RAINING/HIGH WINDS,2 ROAD-WET,9 UNKNOWN (S/R),0 NONE,529063,182711,-0.140829,51.528571,,,Unknown,"(51.528571, -0.140829)",http://opendatacommunities.org/id/london-borough-council/camden,9624,21/12/2020 02:48:45 PM
1190159138,CAMDEN,2 PASSENGER,2 FEMALE,25-59,50,1,3 SLIGHT,'-2 NOT APPLICABLE,'-2 NOT APPLICABLE,9 PRIVATE HIRE,"On Camden Road, near the junction with Rochester Road.",2,23/01/2019 05:50:00 PM,Wednesday,17.50,1 TLRN,A,503,6 SINGLE CWY,30,03 T/STAG JUN,4 GIVE WAY/UNCONTROLLED,6,0,8 CENTRAL REFUGE,1 DARK,1 FINE,4 ROAD-FROST/ICE,0 NONE,0 NONE,529346,184420,-0.136124,51.543865,,,Unknown,"(51.543865, -0.136124)",http://opendatacommunities.org/id/london-borough-council/camden,8719,21/12/2020 02:48:43 PM
1170021552,CAMDEN,1 Driver/Rider,2 Female,25-59,39,1,3 Slight,-2 Unknown,-2 N/A,4 Car,NEW OXFORD STREET J/W BLOOMSBURY STREET,1,18/02/2017 09:05:00 AM,Saturday,9.05,3 Bor,A,40,6 Single Cwy,1 <= 20 MPH,6 Crossroads,2 Auto Sig,A,400,9 Unknown (S/R),2 Dark,1 Fine,9 Unknown (S/R),9 Unknown (S/R),9 Unknown (S/R),530060,181440,-0.126933,51.51692,,,Unknown,"(51.51692, -0.126933)",http://opendatacommunities.org/id/london-borough-council/camden,6728,21/12/2020 02:48:39 PM
0115EK40447,CAMDEN,3 Pedestrian,2 Female,25-59,48,1,3 Slight,01 Crossing Road On Ped Xing,1 From Drivers N/Side,1 Pedestrian,HIGHGATE ROAD J/W LITTLE GREEN STREET,1,05/06/2015 05:00:00 PM,Friday,17.00,3 Bor,B,518,6 Single Cwy,2 30 MPH,3 T/Stag Jun,4 Give Way/Uncontrolled,Unclassified,0,1 Zebra,1 Daylight,1 Fine,1 Road-Dry,0 None,0 None,528660,185710,-0.14554,51.555614,,,Unknown,"(51.555614, -0.14554)",http://opendatacommunities.org/id/london-borough-council/camden,4940,21/12/2020 02:48:36 PM