Reference,London Borough Name,Casualty Class,Casualty Sex,Casualty Age Band,Casualty Age,Number Of Casualties,Casualty Severity,Pedestrian Location,Pedestrian Movement,Mode Of Travel,Attendant Location,Number Of Vehicles,Date,Day,Time,Highway,Road Class 1,Road Number 1,Road Type,Speed Limit,Junction Detail,Junction Control,Road Class 2,Road Number 2,Pedestrian Crossing,Light Condition Band,Weather,Road Surface,Special Conditions,Carriage Way Hazard,Easting,Northing,Longitude,Latitude,Ward Code,Ward Name,Spatial Accuracy,Location,Organisation URI,Socrata ID,Last Uploaded
0115EK40891,CAMDEN,3 Pedestrian,2 Female,25-59,52,1,3 Slight,04 Crossing Road Within 50m Xing,4 From Drivers O/Side Msk,1 Pedestrian,CAMDEN ROAD 50M SW OF CAMDEN STREET,1,06/10/2015 08:30:00 PM,Tuesday,20.30,1 TLRN,A,503,6 Single Cwy,1 <= 20 MPH,0 No Jun In 20m,-2 Not Applicable,-2 Not Applicable,0,4 Pelican Or Similar,2 Dark,1 Fine,1 Road-Dry,0 None,0 None,529050,184010,-0.14054,51.540248,,,Unknown,"(51.540248, -0.14054)",http://opendatacommunities.org/id/london-borough-council/camden,5335,21/12/2020 02:48:37 PM
0116EK40471,CAMDEN,3 Pedestrian,2 Female,25-59,54,1,3 Slight,04 Crossing Road Within 50m Xing,1 From Drivers N/Side,1 Pedestrian,CAMDEN HIGH STREET J/W JAMESTOWN ROAD,1,03/07/2016 05:05:00 PM,Sunday,17.05,3 Bor,A,502,6 Single Cwy,2 30 MPH,6 Crossroads,2 Auto Sig,C,0,5 Pedn Phase At Ats,1 Daylight,9 Unknown,1 Road-Dry,0 None,0 None,528780,184050,-0.144417,51.540669,,,Unknown,"(51.540669, -0.144417)",http://opendatacommunities.org/id/london-borough-council/camden,6380,21/12/2020 02:48:38 PM
1180142400,CAMDEN,1 Driver/Rider,1 Male,25-59,36,1,3 Slight,-2 Unknown,-2 N/A,2 Pedal Cycle,YORK WAY J/W VALE ROYAL,2,31/10/2018 09:30:00 AM,Wednesday,9.30,3 Bor,A,5200,6 Single Cwy,1 <= 20 MPH,3 T/Stag Jun,4 Give Way/Uncontrolled,Unclassified,0,0 No Xing Facility In 50m,1 Daylight,1 Fine,1 Road-Dry,0 None,0 None,530100,184180,-0.125346,51.541535,,,Unknown,"(51.541535, -0.125346)",http://opendatacommunities.org/id/london-borough-council/camden,8483,21/12/2020 02:48:43 PM
1190165211,CAMDEN,2 PASSENGER,1 MALE,16-24,20,2,2 SERIOUS,'-2 NOT APPLICABLE,'-2 NOT APPLICABLE,4 CAR,"On OSSOULSTON STREET, NW1, 30 metres south of the junction with PHOENIX ROAD, NW1.",4,23/02/2019 01:42:00 PM,Saturday,13.42,3 BOR,5,0,7 SLIP RD,20,00 NO JUN IN 20M,,0,0,0 NO XING FACILITY IN 50M,2 DAYLIGHT,1 FINE,1 ROAD-DRY,0 NONE,0 NONE,529799,183006,-0.130116,51.531053,,,Unknown,"(51.531053, -0.130116)",http://opendatacommunities.org/id/london-borough-council/camden,8799,21/12/2020 02:48:43 PM
0115EK40657,CAMDEN,3 Pedestrian,2 Female,25-59,26,1,3 Slight,01 Crossing Road On Ped Xing,3 From Drivers O/Side,1 Pedestrian,WEST END LANE 25M S OF SUMATRA ROAD,1,31/07/2015 08:42:00 AM,Friday,8.42,3 Bor,B,510,6 Single Cwy,2 30 MPH,0 No Jun In 20m,-2 Not Applicable,-2 Not Applicable,0,4 Pelican Or Similar,1 Daylight,1 Fine,1 Road-Dry,0 None,0 None,525510,184880,-0.191248,51.548864,,,Unknown,"(51.548864, -0.191248)",http://opendatacommunities.org/id/london-borough-council/camden,5128,21/12/2020 02:48:36 PM
1170051081,CAMDEN,1 Driver/Rider,1 Male,25-59,36,1,3 Slight,-2 Unknown,-2 N/A,3 Powered 2 Wheeler,FARRINGDON ROAD J/W ST CROSS STREET,2,29/07/2017 08:03:00 AM,Saturday,8.03,1 TLRN,A,201,6 Single Cwy,1 <= 20 MPH,3 T/Stag Jun,4 Give Way/Uncontrolled,Unclassified,0,0 No Xing Facility In 50m,1 Daylight,1 Fine,1 Road-Dry,0 None,0 None,531470,181940,-0.106438,51.521087,,,Unknown,"(51.521087, -0.106438)",http://opendatacommunities.org/id/london-borough-council/camden,7203,21/12/2020 02:48:40 PM
1190201132,CAMDEN,1 DRIVER/RIDER,1 MALE,25-59,34,1,2 SERIOUS,'-2 NOT APPLICABLE,'-2 NOT APPLICABLE,3 POWERED 2 WHEELER,"On Prince of Wales Rd, 30 metres west of the junction with Talacre Road.",2,22/08/2019 10:11:00 PM,Thursday,22.11,3 BOR,5,0,6 SINGLE CWY,30,06 CROSSROADS,2 AUTO SIG,B,517,0 NO XING FACILITY IN 50M,1 DARK,8 OTHER,1 ROAD-DRY,0 NONE,0 NONE,528350,184624,-0.150405,51.545925,,,Unknown,"(51.545925, -0.150405)",http://opendatacommunities.org/id/london-borough-council/camden,9293,21/12/2020 02:48:44 PM
0116EK40486,CAMDEN,2 Passenger,1 Male,25-59,51,1,3 Slight,-2 Unknown,-2 N/A,4 Car,ARLINGTON ROAD J/W UNDERHILL STREET,1,10/07/2016 02:59:00 PM,Sunday,14.59,3 Bor,Unclassified,0,6 Single Cwy,2 30 MPH,8 Priv Drive,4 Give Way/Uncontrolled,Unclassified,0,0 No Xing Facility In 50m,1 Daylight,1 Fine,1 Road-Dry,0 None,0 None,528860,183720,-0.143385,51.537685,,,Unknown,"(51.537685, -0.143385)",http://opendatacommunities.org/id/london-borough-council/camden,6398,21/12/2020 02:48:38 PM
1180123376,CAMDEN,1 Driver/Rider,2 Female,25-59,52,1,3 Slight,-2 Unknown,-2 N/A,2 Pedal Cycle,PRIMROSE HILL ROAD J/W KING HENRY'S ROAD,2,03/07/2018 11:55:00 AM,Tuesday,11.55,3 Bor,C,0,6 Single Cwy,2 30 MPH,6 Crossroads,9 Unknown (S/R),Unclassified,0,1 Zebra,1 Daylight,1 Fine,1 Road-Dry,0 None,0 None,527530,184210,-0.162374,51.54239,,,Unknown,"(51.54239, -0.162374)",http://opendatacommunities.org/id/london-borough-council/camden,8204,21/12/2020 02:48:42 PM
1170012388,CAMDEN,1 Driver/Rider,1 Male,25-59,42,1,3 Slight,-2 Unknown,-2 N/A,2 Pedal Cycle,BELSIZE PARK 30M E OF J/W BELSIZE SQUARE,2,18/01/2017 06:00:00 AM,Wednesday,6.00,3 Bor,C,0,6 Single Cwy,1 <= 20 MPH,0 No Jun In 20m,-2 Not Applicable,-2 Not Applicable,0,0 No Xing Facility In 50m,2 Dark,1 Fine,2 Road-Wet,0 None,0 None,526860,184830,-0.171806,51.548113,,,Unknown,"(51.548113, -0.171806)",http://opendatacommunities.org/id/london-borough-council/camden,6593,21/12/2020 02:48:39 PM
1190200362,CAMDEN,1 DRIVER/RIDER,1 MALE,25-59,38,1,3 SLIGHT,'-2 NOT APPLICABLE,'-2 NOT APPLICABLE,4 CAR,"On Euston Road, 50 metres east of the junction with Judd Street.",2,19/08/2019 11:45:00 AM,Monday,11.45,1 TLRN,A,501,3 DUAL CWY,30,00 NO JUN IN 20M,,0,0,5 PEDN PHASE AT ATS,2 DAYLIGHT,1 FINE,1 ROAD-DRY,0 NONE,0 NONE,530171,182860,-0.12481,51.529656,,,Unknown,"(51.529656, -0.12481)",http://opendatacommunities.org/id/london-borough-council/camden,9286,21/12/2020 02:48:44 PM
0115EK40886,CAMDEN,1 Driver/Rider,1 Male,16-24,21,1,3 Slight,-2 Unknown,-2 N/A,3 Powered 2 Wheeler,PARK SQUARE EAST J/W OUTER CIRCLE.,2,07/10/2015 09:00:00 AM,Wednesday,9.00,3 Bor,Unclassified,0,6 Single Cwy,2 30 MPH,6 Crossroads,4 Give Way/Uncontrolled,Unclassified,0,0 No Xing Facility In 50m,1 Daylight,1 Fine,1 Road-Dry,0 None,0 None,528730,182330,-0.145766,51.525223,,,Unknown,"(51.525223, -0.145766)",http://opendatacommunities.org/id/london-borough-council/camden,5329,21/12/2020 02:48:37 PM
1180115399,CAMDEN,1 Driver/Rider,1 Male,25-59,53,1,3 Slight,-2 Unknown,-2 N/A,2 Pedal Cycle,OUTER CIRCLE 25M N OF J/W CUMBERLAND PLACE,2,19/06/2018 08:45:00 PM,Tuesday,20.45,3 Bor,Unclassified,0,6 Single Cwy,2 30 MPH,0 No Jun In 20m,-2 Not Applicable,-2 Not Applicable,0,0 No Xing Facility In 50m,1 Daylight,1 Fine,1 Road-Dry,0 None,0 None,528690,182930,-0.146123,51.530624,,,Unknown,"(51.530624, -0.146123)",http://opendatacommunities.org/id/london-borough-council/camden,8088,21/12/2020 02:48:42 PM
1170044823,CAMDEN,2 Passenger,2 Female,16-24,23,1,3 Slight,-2 Unknown,-2 N/A,4 Car,DELANCEY STREET J/W ARLINGTON ROAD,2,25/06/2017 03:45:00 PM,Sunday,15.45,3 Bor,A,503,6 Single Cwy,1 <= 20 MPH,6 Crossroads,4 Give Way/Uncontrolled,Unclassified,0,0 No Xing Facility In 50m,1 Daylight,1 Fine,1 Road-Dry,0 None,0 None,528920,183610,-0.14256,51.536683,,,Unknown,"(51.536683, -0.14256)",http://opendatacommunities.org/id/london-borough-council/camden,7077,21/12/2020 02:48:40 PM
0115EK40868,CAMDEN,1 Driver/Rider,1 Male,25-59,57,1,3 Slight,-2 Unknown,-2 N/A,2 Pedal Cycle,FINCHLEY ROAD J/W CANNON HILL,2,30/09/2015 07:50:00 AM,Wednesday,7.50,1 TLRN,A,41,6 Single Cwy,2 30 MPH,6 Crossroads,2 Auto Sig,Unclassified,0,5 Pedn Phase At Ats,1 Daylight,1 Fine,1 Road-Dry,0 None,0 None,525520,185460,-0.190897,51.554074,,,Unknown,"(51.554074, -0.190897)",http://opendatacommunities.org/id/london-borough-council/camden,5315,21/12/2020 02:48:37 PM
1170020296,CAMDEN,2 Passenger,2 Female,60+,61,1,3 Slight,-2 Unknown,-2 N/A,4 Car,SOUTHAMPTON PLACE J/W BLOOMSBURY WAY,3,22/02/2017 07:58:00 PM,Wednesday,19.58,3 Bor,A,401,2 One-Way St,2 30 MPH,3 T/Stag Jun,2 Auto Sig,A,40,5 Pedn Phase At Ats,2 Dark,2 Raining,2 Road-Wet,0 None,2 Other Object In Cwy,530380,181610,-0.122261,51.518374,,,Unknown,"(51.518374, -0.122261)",http://opendatacommunities.org/id/london-borough-council/camden,6700,21/12/2020 02:48:39 PM
1190202753,CAMDEN,1 DRIVER/RIDER,2 FEMALE,16-24,19,1,3 SLIGHT,'-2 NOT APPLICABLE,'-2 NOT APPLICABLE,4 CAR,"On Burghley Road, 21 metres east of the junction with Ingestre Road.",3,01/09/2019 10:00:00 PM,Sunday,22.00,3 BOR,6,0,6 SINGLE CWY,20,00 NO JUN IN 20M,,0,0,0 NO XING FACILITY IN 50M,1 DARK,1 FINE,1 ROAD-DRY,0 NONE,0 NONE,529016,185830,-0.140363,51.556612,,,Unknown,"(51.556612, -0.140363)",http://opendatacommunities.org/id/london-borough-council/camden,9321,21/12/2020 02:48:44 PM
0115EK40594,CAMDEN,1 Driver/Rider,1 Male,25-59,49,1,2 Serious,-2 Unknown,-2 N/A,2 Pedal Cycle,"THEOBALD'S ROAD, 23 METRES NE OF JOHN STREET.",1,18/07/2015 12:59:00 PM,Saturday,12.59,3 Bor,A,401,6 Single Cwy,2 30 MPH,0 No Jun In 20m,-2 Not Applicable,-2 Not Applicable,0,0 No Xing Facility In 50m,1 Daylight,1 Fine,1 Road-Dry,0 None,0 None,530910,181930,-0.114508,51.521127,,,Unknown,"(51.521127, -0.114508)",http://opendatacommunities.org/id/london-borough-council/camden,5079,21/12/2020 02:48:36 PM
1180142639,CAMDEN,1 Driver/Rider,1 Male,25-59,52,1,3 Slight,-2 Unknown,-2 N/A,2 Pedal Cycle,OUTER CIRCLE J/W ST ANDREWS PLACE,2,01/11/2018 09:45:00 AM,Thursday,9.45,3 Bor,Unclassified,0,6 Single Cwy,2 30 MPH,3 T/Stag Jun,4 Give Way/Uncontrolled,Unclassified,0,0 No Xing Facility In 50m,1 Daylight,2 Raining,2 Road-Wet,0 None,0 None,528720,182340,-0.145906,51.525315,,,Unknown,"(51.525315, -0.145906)",http://opendatacommunities.org/id/london-borough-council/camden,8484,21/12/2020 02:48:43 PM
1170043166,CAMDEN,3 Pedestrian,2 Female,25-59,29,1,2 Serious,01 Crossing Road On Ped Xing,9 Unknown Or Other,1 Pedestrian,SOUTHAMPTON ROAD J/W MALDEN ROAD,1,15/06/2017 03:10:00 PM,Thursday,15.10,3 Bor,B,517,6 Single Cwy,2 30 MPH,3 T/Stag Jun,4 Give Way/Uncontrolled,Unclassified,0,1 Zebra,1 Daylight,1 Fine,1 Road-Dry,0 None,0 None,527890,185180,-0.156833,51.551026,,,Unknown,"(51.551026, -0.156833)",http://opendatacommunities.org/id/london-borough-council/camden,7045,21/12/2020 02:48:39 PM
1180092887,CAMDEN,1 Driver/Rider,1 Male,25-59,50,1,3 Slight,-2 Unknown,-2 N/A,3 Powered 2 Wheeler,EUSTON ROAD 22M E OF J/W CONWAY STREET,2,26/02/2018 04:35:00 PM,Monday,16.35,3 Bor,Unclassified,0,2 One-Way St,2 30 MPH,0 No Jun In 20m,-2 Not Applicable,-2 Not Applicable,0,9 Unknown (S/R),1 Daylight,1 Fine,1 Road-Dry,0 None,0 None,529027,182221,-0.141527,51.524175,,,Unknown,"(51.524175, -0.141527)",http://opendatacommunities.org/id/london-borough-council/camden,7782,21/12/2020 02:48:41 PM
0115EK40513,CAMDEN,2 Passenger,2 Female,25-59,30,1,3 Slight,-2 Unknown,-2 N/A,4 Car,CHALK FARM ROAD J/W HARTLAND ROAD,2,27/06/2015 11:45:00 AM,Saturday,11.45,3 Bor,A,502,6 Single Cwy,2 30 MPH,3 T/Stag Jun,4 Give Way/Uncontrolled,Unclassified,0,1 Zebra,1 Daylight,1 Fine,1 Road-Dry,0 None,0 None,528570,184240,-0.147374,51.542424,,,Unknown,"(51.542424, -0.147374)",http://opendatacommunities.org/id/london-borough-council/camden,5003,21/12/2020 02:48:36 PM
0116EK40380,CAMDEN,2 Passenger,1 Male,16-24,23,1,3 Slight,-2 Unknown,-2 N/A,4 Car,ENGLAND'S LANE 21M SOUTH WEST OF J/W CHALCOT GARDENS SLIP RD,2,24/05/2016 07:31:00 AM,Tuesday,7.31,3 Bor,C,0,6 Single Cwy,1 <= 20 MPH,0 No Jun In 20m,-2 Not Applicable,-2 Not Applicable,0,1 Zebra,1 Daylight,1 Fine,1 Road-Dry,0 None,0 None,527520,184590,-0.16238,51.545807,,,Unknown,"(51.545807, -0.16238)",http://opendatacommunities.org/id/london-borough-council/camden,6304,21/12/2020 02:48:38 PM
1190163291,CAMDEN,1 DRIVER/RIDER,1 MALE,25-59,37,1,2 SERIOUS,'-2 NOT APPLICABLE,'-2 NOT APPLICABLE,2 PEDAL CYCLE,"On Prince Albert Road, 20 metres west of the junction with Albert Terrace.",2,13/02/2019 09:10:00 PM,Wednesday,21.10,3 BOR,A,5205,3 DUAL CWY,20,03 T/STAG JUN,2 AUTO SIG,6,0,5 PEDN PHASE AT ATS,1 DARK,1 FINE,1 ROAD-DRY,0 NONE,0 NONE,528051,183655,-0.155067,51.537285,,,Unknown,"(51.537285, -0.155067)",http://opendatacommunities.org/id/london-borough-council/camden,8781,21/12/2020 02:48:43 PM
1180148213,CAMDEN,3 Pedestrian,2 Female,0-15,13,1,3 Slight,05 Crossing Road (Not On Xing),3 From Drivers O/Side,1 Pedestrian,CHESTER ROAD 25M N OF J/W BERTRAM SHIFT,1,26/11/2018 06:16:00 PM,Monday,18.16,3 Bor,Unclassified,0,2 One-Way St,1 <= 20 MPH,0 No Jun In 20m,-2 Not Applicable,-2 Not Applicable,0,0 No Xing Facility In 50m,2 Dark,8 Other,1 Road-Dry,0 None,0 None,528800,186610,-0.143192,51.56367,,,Unknown,"(51.56367, -0.143192)",http://opendatacommunities.org/id/london-borough-council/camden,8560,21/12/2020 02:48:43 PM
1160006350,CAMDEN,1 Driver/Rider,1 Male,25-59,50,1,3 Slight,-2 Unknown,-2 N/A,3 Powered 2 Wheeler,GRAFTON ROAD J/W INKERMAN ROAD,3,09/12/2016 06:30:00 PM,Friday,18.30,3 Bor,C,0,6 Single Cwy,1 <= 20 MPH,3 T/Stag Jun,4 Give Way/Uncontrolled,Unclassified,0,0 No Xing Facility In 50m,2 Dark,1 Fine,1 Road-Dry,0 None,0 None,528700,184820,-0.145288,51.547607,,,Unknown,"(51.547607, -0.145288)",http://opendatacommunities.org/id/london-borough-council/camden,5762,21/12/2020 02:48:37 PM
0116EK40414,CAMDEN,2 Passenger,2 Female,25-59,31,1,3 Slight,-2 Unknown,-2 N/A,5 Taxi,EUSTON ROAD J/W CHALTON STREET,2,12/06/2016 12:06:00 AM,Sunday,0.06,1 TLRN,A,501,6 Single Cwy,2 30 MPH,3 T/Stag Jun,4 Give Way/Uncontrolled,Unclassified,0,8 Central Refuge,2 Dark,1 Fine,1 Road-Dry,0 None,0 None,529900,182680,-0.128781,51.5281,,,Unknown,"(51.5281, -0.128781)",http://opendatacommunities.org/id/london-borough-council/camden,6331,21/12/2020 02:48:38 PM
0116EK40103,CAMDEN,1 Driver/Rider,1 Male,25-59,39,1,3 Slight,-2 Unknown,-2 N/A,3 Powered 2 Wheeler,CHALK FARM ROAD J/W FERDINAND STREET.,2,25/02/2016 06:52:00 PM,Thursday,18.52,3 Bor,A,502,6 Single Cwy,2 30 MPH,3 T/Stag Jun,2 Auto Sig,B,517,5 Pedn Phase At Ats,2 Dark,1 Fine,1 Road-Dry,0 None,0 None,528460,184280,-0.148945,51.542809,,,Unknown,"(51.542809, -0.148945)",http://opendatacommunities.org/id/london-borough-council/camden,6061,21/12/2020 02:48:38 PM
0115SX20579,CAMDEN,1 Driver/Rider,1 Male,25-59,46,1,3 Slight,-2 Unknown,-2 N/A,3 Powered 2 Wheeler,FINCHLEY RD J/W BURGESS HILL,2,17/06/2015 10:38:00 AM,Wednesday,10.38,1 TLRN,A,41,3 Dual Cwy,2 30 MPH,8 Priv Drive,4 Give Way/Uncontrolled,Unclassified,0,5 Pedn Phase At Ats,1 Daylight,1 Fine,1 Road-Dry,0 None,0 None,525090,186020,-0.196897,51.559202,,,Unknown,"(51.559202, -0.196897)",http://opendatacommunities.org/id/london-borough-council/camden,5632,21/12/2020 02:48:37 PM
1180136071,CAMDEN,1 Driver/Rider,1 Male,25-59,49,1,3 Slight,-2 Unknown,-2 N/A,4 Car,EUSTON ROAD 267M E OF J/W HAMPSTEAD ROAD THE NEAREST CLASSIFIED RO,2,30/09/2018 04:30:00 AM,Sunday,4.30,1 TLRN,A,501,3 Dual Cwy,2 30 MPH,0 No Jun In 20m,-2 Not Applicable,-2 Not Applicable,0,0 No Xing Facility In 50m,2 Dark,1 Fine,1 Road-Dry,0 None,0 None,529490,182430,-0.13478,51.525948,,,Unknown,"(51.525948, -0.13478)",http://opendatacommunities.org/id/london-borough-council/camden,8371,21/12/2020 02:48:42 PM
1180138621,CAMDEN,3 Pedestrian,1 Male,25-59,30,1,3 Slight,10 Unknown,1 From Drivers N/Side,1 Pedestrian,HAMPSTEAD ROAD 25M S OF J/W ROBERT STREET,1,09/10/2018 06:36:00 AM,Tuesday,6.36,1 TLRN,A,400,3 Dual Cwy,2 30 MPH,0 No Jun In 20m,-2 Not Applicable,-2 Not Applicable,0,5 Pedn Phase At Ats,1 Daylight,1 Fine,1 Road-Dry,0 None,0 None,529218,182683,-0.138606,51.528284,,,Unknown,"(51.528284, -0.138606)",http://opendatacommunities.org/id/london-borough-council/camden,8420,21/12/2020 02:48:43 PM
1190224526,CAMDEN,1 DRIVER/RIDER,1 MALE,25-59,39,1,3 SLIGHT,'-2 NOT APPLICABLE,1 FROM DRIVERS N/SIDE,2 PEDAL CYCLE,"On Russell Square, 10 metres west of the junction with Montague Street.",2,12/12/2019 12:30:00 PM,Thursday,12.30,3 BOR,A,4200,6 SINGLE CWY,30,03 T/STAG JUN,2 AUTO SIG,5,0,0 NO XING FACILITY IN 50M,2 DAYLIGHT,9 UNKNOWN,2 ROAD-WET,0 NONE,0 NONE,530119,181868,-0.125926,51.520753,,,Unknown,"(51.520753, -0.125926)",http://opendatacommunities.org/id/london-borough-council/camden,9612,21/12/2020 02:48:45 PM
1190208741,CAMDEN,1 DRIVER/RIDER,1 MALE,25-59,57,1,2 SERIOUS,'-2 NOT APPLICABLE,'-2 NOT APPLICABLE,3 POWERED 2 WHEELER,"On Finchley Road, near the junction with Hendon Way.",3,27/09/2019 07:35:00 AM,Friday,7.35,1 TLRN,A,598,3 DUAL CWY,40,03 T/STAG JUN,2 AUTO SIG,A,41,5 PEDN PHASE AT ATS,2 DAYLIGHT,1 FINE,1 ROAD-DRY,0 NONE,0 NONE,525081,186055,-0.197015,51.559519,,,Unknown,"(51.559519, -0.197015)",http://opendatacommunities.org/id/london-borough-council/camden,9394,21/12/2020 02:48:44 PM
1190196316,CAMDEN,1 DRIVER/RIDER,1 MALE,25-59,37,1,3 SLIGHT,'-2 NOT APPLICABLE,'-2 NOT APPLICABLE,2 PEDAL CYCLE,"On Shaftesbury Avenue, near the junction with Mercer Street.",2,27/07/2019 07:30:00 PM,Saturday,19.30,3 BOR,A,401,6 SINGLE CWY,20,03 T/STAG JUN,4 GIVE WAY/UNCONTROLLED,6,0,1 ZEBRA,2 DAYLIGHT,1 FINE,1 ROAD-DRY,0 NONE,0 NONE,530014,181169,-0.127696,51.514495,,,Unknown,"(51.514495, -0.127696)",http://opendatacommunities.org/id/london-borough-council/camden,9237,21/12/2020 02:48:44 PM
1180153573,CAMDEN,3 Pedestrian,2 Female,60+,74,1,2 Serious,01 Crossing Road On Ped Xing,1 From Drivers N/Side,1 Pedestrian,KILBURN HIGH ROAD J/W PRIORY PARK ROAD,1,21/12/2018 07:40:00 AM,Friday,7.40,3 Bor,A,5,6 Single Cwy,2 30 MPH,3 T/Stag Jun,2 Auto Sig,Unclassified,0,4 Pelican Or Similar,2 Dark,2 Raining,2 Road-Wet,0 None,0 None,525180,183940,-0.196339,51.540489,,,Unknown,"(51.540489, -0.196339)",http://opendatacommunities.org/id/london-borough-council/camden,8632,21/12/2020 02:48:43 PM
0116EK40503,CAMDEN,1 Driver/Rider,1 Male,25-59,50,1,3 Slight,-2 Unknown,-2 N/A,3 Powered 2 Wheeler,HAMPSTEAD ROAD 55M S OF J/W DRUMMOND STREET,2,31/07/2016 05:50:00 AM,Sunday,5.50,1 TLRN,A,400,6 Single Cwy,2 30 MPH,0 No Jun In 20m,-2 Not Applicable,-2 Not Applicable,0,5 Pedn Phase At Ats,1 Daylight,9 Unknown,1 Road-Dry,0 None,0 None,529220,182420,-0.138674,51.52592,,,Unknown,"(51.52592, -0.138674)",http://opendatacommunities.org/id/london-borough-council/camden,6413,21/12/2020 02:48:38 PM
1180152195,CAMDEN,3 Pedestrian,1 Male,25-59,29,1,3 Slight,10 Unknown,1 From Drivers N/Side,1 Pedestrian,STORE STREET J/W TOTTENHAM COURT ROAD,1,14/12/2018 08:10:00 PM,Friday,20.10,3 Bor,C,0,2 One-Way St,2 30 MPH,3 T/Stag Jun,9 Unknown (S/R),A,400,9 Unknown (S/R),2 Dark,1 Fine,1 Road-Dry,0 None,0 None,529650,181700,-0.132743,51.519351,,,Unknown,"(51.519351, -0.132743)",http://opendatacommunities.org/id/london-borough-council/camden,8612,21/12/2020 02:48:43 PM
1180109832,CAMDEN,3 Pedestrian,2 Female,25-59,33,1,3 Slight,05 Crossing Road (Not On Xing),1 From Drivers N/Side,1 Pedestrian,NFL BUCKNALL STREET J/W EARNSHAW STREET,1,23/05/2018 10:44:00 AM,Wednesday,10.44,3 Bor,Unclassified,0,6 Single Cwy,2 30 MPH,3 T/Stag Jun,4 Give Way/Uncontrolled,Unclassified,0,0 No Xing Facility In 50m,1 Daylight,1 Fine,1 Road-Dry,0 None,0 None,529950,181340,-0.128555,51.516047,,,Unknown,"(51.516047, -0.128555)",http://opendatacommunities.org/id/london-borough-council/camden,8014,21/12/2020 02:48:42 PM
0116EK40218,CAMDEN,1 Driver/Rider,1 Male,16-24,24,1,3 Slight,-2 Unknown,-2 N/A,2 Pedal Cycle,CAMDEN STREET J/W CAMDEN ROAD,1,14/04/2016 09:03:00 AM,Thursday,9.03,1 TLRN,A,400,2 One-Way St,1 <= 20 MPH,6 Crossroads,2 Auto Sig,A,503,5 Pedn Phase At Ats,1 Daylight,1 Fine,1 Road-Dry,0 None,0 None,529090,184030,-0.139957,51.540418,,,Unknown,"(51.540418, -0.139957)",http://opendatacommunities.org/id/london-borough-council/camden,6163,21/12/2020 02:48:38 PM
1190218255,CAMDEN,3 PEDESTRIAN,1 MALE,25-59,48,1,2 SERIOUS,05 CROSSING ROAD (NOT ON XING),9 UNKNOWN OR OTHER,1 PEDESTRIAN,"On Woburn Place, near the junction with BERNARD STREET.",1,14/11/2019 10:36:00 AM,Thursday,10.36,3 BOR,A,4200,6 SINGLE CWY,20,06 CROSSROADS,2 AUTO SIG,B,504,5 PEDN PHASE AT ATS,2 DAYLIGHT,1 FINE,1 ROAD-DRY,0 NONE,0 NONE,530125,182097,-0.125755,51.522809,,,Unknown,"(51.522809, -0.125755)",http://opendatacommunities.org/id/london-borough-council/camden,9515,21/12/2020 02:48:44 PM
1170039933,CAMDEN,1 Driver/Rider,2 Female,25-59,52,1,3 Slight,-2 Unknown,-2 N/A,2 Pedal Cycle,YORK RISE J/W DARTMOUTH PARK ROAD,2,26/05/2017 08:37:00 AM,Friday,8.37,3 Bor,Unclassified,0,6 Single Cwy,1 <= 20 MPH,6 Crossroads,4 Give Way/Uncontrolled,Unclassified,0,0 No Xing Facility In 50m,1 Daylight,1 Fine,1 Road-Dry,0 None,0 None,528760,186080,-0.143963,51.558917,,,Unknown,"(51.558917, -0.143963)",http://opendatacommunities.org/id/london-borough-council/camden,7003,21/12/2020 02:48:39 PM
1170043565,CAMDEN,3 Pedestrian,2 Female,25-59,29,1,3 Slight,01 Crossing Road On Ped Xing,9 Unknown Or Other,1 Pedestrian,JAMESTOWN ROAD J/W CAMDEN HIGH STREET,1,18/06/2017 06:20:00 PM,Sunday,18.20,3 Bor,C,0,6 Single Cwy,1 <= 20 MPH,6 Crossroads,2 Auto Sig,A,502,5 Pedn Phase At Ats,1 Daylight,1 Fine,1 Road-Dry,0 None,0 None,528780,184050,-0.144417,51.540669,,,Unknown,"(51.540669, -0.144417)",http://opendatacommunities.org/id/london-borough-council/camden,7053,21/12/2020 02:48:39 PM
0115EK40804,CAMDEN,3 Pedestrian,1 Male,60+,71,1,3 Slight,01 Crossing Road On Ped Xing,1 From Drivers N/Side,1 Pedestrian,CAMDEN ROAD J/W CAMDEN STREET,1,15/09/2015 01:00:00 PM,Tuesday,13.00,1 TLRN,A,503,6 Single Cwy,2 30 MPH,6 Crossroads,2 Auto Sig,A,400,5 Pedn Phase At Ats,1 Daylight,1 Fine,1 Road-Dry,0 None,0 None,529100,184040,-0.139809,51.540506,,,Unknown,"(51.540506, -0.139809)",http://opendatacommunities.org/id/london-borough-council/camden,5263,21/12/2020 02:48:37 PM
1170056843,CAMDEN,1 Driver/Rider,1 Male,25-59,31,1,3 Slight,-2 Unknown,-2 N/A,2 Pedal Cycle,PENTONVILLE ROAD J/W CALEDONIAN ROAD,2,01/09/2017 08:35:00 AM,Friday,8.35,1 TLRN,A,501,3 Dual Cwy,2 30 MPH,7 Multi Jun,4 Give Way/Uncontrolled,A,5203,5 Pedn Phase At Ats,1 Daylight,1 Fine,1 Road-Dry,0 None,0 None,530430,183000,-0.121027,51.530854,,,Unknown,"(51.530854, -0.121027)",http://opendatacommunities.org/id/london-borough-council/camden,7286,21/12/2020 02:48:40 PM