Reference,London Borough Name,Casualty Class,Casualty Sex,Casualty Age Band,Casualty Age,Number Of Casualties,Casualty Severity,Pedestrian Location,Pedestrian Movement,Mode Of Travel,Attendant Location,Number Of Vehicles,Date,Day,Time,Highway,Road Class 1,Road Number 1,Road Type,Speed Limit,Junction Detail,Junction Control,Road Class 2,Road Number 2,Pedestrian Crossing,Light Condition Band,Weather,Road Surface,Special Conditions,Carriage Way Hazard,Easting,Northing,Longitude,Latitude,Ward Code,Ward Name,Spatial Accuracy,Location,Organisation URI,Socrata ID,Last Uploaded
0115EK41005,CAMDEN,1 Driver/Rider,1 Male,25-59,58,1,3 Slight,-2 Unknown,-2 N/A,3 Powered 2 Wheeler,EAST HEATH ROAD J/W HEATHSIDE,2,12/11/2015 04:26:00 PM,Thursday,16.26,3 Bor,C,0,6 Single Cwy,2 30 MPH,3 T/Stag Jun,4 Give Way/Uncontrolled,Unclassified,0,0 No Xing Facility In 50m,2 Dark,1 Fine,2 Road-Wet,0 None,0 None,526930,186030,-0.170365,51.558881,,,Unknown,"(51.558881, -0.170365)",http://opendatacommunities.org/id/london-borough-council/camden,5430,21/12/2020 02:48:37 PM
0115EK41062,CAMDEN,3 Pedestrian,2 Female,16-24,24,1,2 Serious,05 Crossing Road (Not On Xing),1 From Drivers N/Side,1 Pedestrian,"NFL, NEW OXFORD STREET, 35M W J/W DYOTT STREET",1,28/11/2015 01:01:00 AM,Saturday,1.01,3 Bor,A,40,6 Single Cwy,2 30 MPH,0 No Jun In 20m,-2 Not Applicable,-2 Not Applicable,0,0 No Xing Facility In 50m,2 Dark,1 Fine,2 Road-Wet,0 None,0 None,529970,181410,-0.128241,51.516671,,,Unknown,"(51.516671, -0.128241)",http://opendatacommunities.org/id/london-borough-council/camden,5475,21/12/2020 02:48:37 PM
0116EK40602,CAMDEN,1 Driver/Rider,1 Male,16-24,24,1,3 Slight,-2 Unknown,-2 N/A,4 Car,LYNDHURST GARDENS J/W WEDDERBURN ROAD.,2,17/08/2016 12:50:00 PM,Wednesday,12.50,3 Bor,Unclassified,0,6 Single Cwy,2 30 MPH,6 Crossroads,4 Give Way/Uncontrolled,Unclassified,0,0 No Xing Facility In 50m,1 Daylight,1 Fine,1 Road-Dry,0 None,0 None,526880,185200,-0.171385,51.551434,,,Unknown,"(51.551434, -0.171385)",http://opendatacommunities.org/id/london-borough-council/camden,6483,21/12/2020 02:48:39 PM
0116EO40140,CAMDEN,1 Driver/Rider,1 Male,25-59,32,1,3 Slight,-2 Unknown,-2 N/A,4 Car,GREVILLE STREET J/W FARRINGDON ROAD,2,27/02/2016 08:38:00 AM,Saturday,8.38,1 TLRN,Unclassified,0,6 Single Cwy,2 30 MPH,6 Crossroads,2 Auto Sig,A,201,5 Pedn Phase At Ats,1 Daylight,1 Fine,1 Road-Dry,0 None,0 None,531520,181790,-0.105773,51.519728,,,Unknown,"(51.519728, -0.105773)",http://opendatacommunities.org/id/london-borough-council/camden,6521,21/12/2020 02:48:39 PM
1190187708,CAMDEN,1 DRIVER/RIDER,1 MALE,25-59,30,1,3 SLIGHT,'-2 NOT APPLICABLE,'-2 NOT APPLICABLE,4 CAR,"On Kentish Town Road, 25 metres north of the junction with Rochester Road .",2,16/06/2019 09:30:00 AM,Sunday,9.30,3 BOR,A,400,2 ONE-WAY ST,20,00 NO JUN IN 20M,,0,0,1 ZEBRA,2 DAYLIGHT,1 FINE,1 ROAD-DRY,4 ROADWORKS,0 NONE,528964,184588,-0.141568,51.545462,,,Unknown,"(51.545462, -0.141568)",http://opendatacommunities.org/id/london-borough-council/camden,9107,21/12/2020 02:48:44 PM
1170024645,CAMDEN,3 Pedestrian,1 Male,25-59,26,1,3 Slight,01 Crossing Road On Ped Xing,1 From Drivers N/Side,1 Pedestrian,KINGSWAY J/W HIGH HOLBORN,1,11/03/2017 09:25:00 PM,Saturday,21.25,3 Bor,A,4200,3 Dual Cwy,2 30 MPH,6 Crossroads,2 Auto Sig,A,40,5 Pedn Phase At Ats,2 Dark,1 Fine,1 Road-Dry,0 None,0 None,530520,181510,-0.120282,51.517443,,,Unknown,"(51.517443, -0.120282)",http://opendatacommunities.org/id/london-borough-council/camden,6768,21/12/2020 02:48:39 PM
0115EK40504,CAMDEN,2 Passenger,1 Male,0-15,5,1,3 Slight,-2 Unknown,-2 N/A,6 Bus Or Coach,FLEET ROAD J/W LAWN ROAD,1,23/06/2015 11:04:00 AM,Tuesday,11.04,3 Bor,B,518,2 One-Way St,2 30 MPH,3 T/Stag Jun,4 Give Way/Uncontrolled,Unclassified,0,1 Zebra,1 Daylight,1 Fine,1 Road-Dry,0 None,0 None,527550,185440,-0.16164,51.55344,,,Unknown,"(51.55344, -0.16164)",http://opendatacommunities.org/id/london-borough-council/camden,4993,21/12/2020 02:48:36 PM
1190187390,CAMDEN,1 DRIVER/RIDER,1 MALE,25-59,26,1,3 SLIGHT,'-2 NOT APPLICABLE,'-2 NOT APPLICABLE,3 POWERED 2 WHEELER,"On Albany St, near the junction with Redhill Street.",1,12/06/2019 06:30:00 PM,Wednesday,18.30,3 BOR,A,4201,9 UNKNOWN,30,03 T/STAG JUN,9 UNKNOWN (S/R),6,0,9 UNKNOWN (S/R),2 DAYLIGHT,5 RAINING/HIGH WINDS,2 ROAD-WET,0 NONE,0 NONE,528808,182841,-0.144455,51.529797,,,Unknown,"(51.529797, -0.144455)",http://opendatacommunities.org/id/london-borough-council/camden,9095,21/12/2020 02:48:44 PM
1160005467,CAMDEN,1 Driver/Rider,1 Male,25-59,57,1,3 Slight,-2 Unknown,-2 N/A,4 Car,FINCHLEY ROAD J/W HEATH DRIVE,2,18/11/2016 01:40:00 PM,Friday,13.40,1 TLRN,A,41,3 Dual Cwy,2 30 MPH,6 Crossroads,2 Auto Sig,Unclassified,0,9 Unknown (S/R),2 Dark,1 Fine,1 Road-Dry,9 Unknown (S/R),9 Unknown (S/R),525500,185480,-0.191178,51.554258,,,Unknown,"(51.554258, -0.191178)",http://opendatacommunities.org/id/london-borough-council/camden,5742,21/12/2020 02:48:37 PM
1180083250,CAMDEN,1 Driver/Rider,1 Male,25-59,25,1,2 Serious,-2 Unknown,-2 N/A,3 Powered 2 Wheeler,TOTTENHAM COURT ROAD J/W NEW OXFORD ST,2,12/01/2018 03:10:00 PM,Friday,15.10,3 Bor,A,400,2 One-Way St,1 <= 20 MPH,6 Crossroads,2 Auto Sig,A,40,5 Pedn Phase At Ats,1 Daylight,1 Fine,1 Road-Dry,0 None,0 None,529810,181380,-0.130557,51.516438,,,Unknown,"(51.516438, -0.130557)",http://opendatacommunities.org/id/london-borough-council/camden,7662,21/12/2020 02:48:41 PM
1180114575,CAMDEN,2 Passenger,2 Female,25-59,46,1,3 Slight,-2 Unknown,-2 N/A,6 Bus Or Coach,WOBURN PLACE J/W BERNARD STREET,1,15/06/2018 01:20:00 PM,Friday,13.20,3 Bor,A,4200,6 Single Cwy,1 <= 20 MPH,6 Crossroads,2 Auto Sig,B,504,5 Pedn Phase At Ats,1 Daylight,1 Fine,1 Road-Dry,0 None,0 None,530120,182100,-0.125826,51.522837,,,Unknown,"(51.522837, -0.125826)",http://opendatacommunities.org/id/london-borough-council/camden,8077,21/12/2020 02:48:42 PM
0116EK40318,CAMDEN,3 Pedestrian,2 Female,0-15,12,1,2 Serious,04 Crossing Road Within 50m Xing,1 From Drivers N/Side,1 Pedestrian,EVERSHOLT STREET 33M NORTH WEST OF J/W ALDENHAM STREET,1,05/05/2016 07:59:00 AM,Thursday,7.59,3 Bor,A,4200,6 Single Cwy,1 <= 20 MPH,0 No Jun In 20m,-2 Not Applicable,-2 Not Applicable,0,1 Zebra,1 Daylight,1 Fine,1 Road-Dry,0 None,0 None,529420,183060,-0.135557,51.531626,,,Unknown,"(51.531626, -0.135557)",http://opendatacommunities.org/id/london-borough-council/camden,6248,21/12/2020 02:48:38 PM
1160023984,CAMDEN,1 Driver/Rider,2 Female,25-59,28,1,3 Slight,-2 Unknown,-2 N/A,2 Pedal Cycle,REGENT'S PARK ROAD J/W ALBERT TERRACE,2,04/10/2016 06:40:00 PM,Tuesday,18.40,3 Bor,C,0,6 Single Cwy,2 30 MPH,3 T/Stag Jun,4 Give Way/Uncontrolled,C,0,0 No Xing Facility In 50m,2 Dark,1 Fine,1 Road-Dry,0 None,0 None,528060,183780,-0.154891,51.538406,,,Unknown,"(51.538406, -0.154891)",http://opendatacommunities.org/id/london-borough-council/camden,5876,21/12/2020 02:48:38 PM
1170076276,CAMDEN,3 Pedestrian,2 Female,0-15,5,1,3 Slight,05 Crossing Road (Not On Xing),1 From Drivers N/Side,1 Pedestrian,BELSIZE ROAD 50M W OF J/W LOUDOUN ROAD,1,08/12/2017 07:38:00 AM,Friday,7.38,3 Bor,B,509,6 Single Cwy,1 <= 20 MPH,0 No Jun In 20m,-2 Not Applicable,-2 Not Applicable,0,0 No Xing Facility In 50m,1 Daylight,1 Fine,1 Road-Dry,0 None,0 None,526294,184087,-0.180231,51.541562,,,Unknown,"(51.541562, -0.180231)",http://opendatacommunities.org/id/london-borough-council/camden,7594,21/12/2020 02:48:41 PM
0115EK41046,CAMDEN,3 Pedestrian,1 Male,16-24,22,1,2 Serious,05 Crossing Road (Not On Xing),1 From Drivers N/Side,1 Pedestrian,THEOBALD'S ROAD J/W JOHN STREET.,1,25/11/2015 02:55:00 PM,Wednesday,14.55,3 Bor,A,401,6 Single Cwy,2 30 MPH,3 T/Stag Jun,4 Give Way/Uncontrolled,Unclassified,0,0 No Xing Facility In 50m,1 Daylight,1 Fine,1 Road-Dry,0 None,0 None,530880,181920,-0.114944,51.521044,,,Unknown,"(51.521044, -0.114944)",http://opendatacommunities.org/id/london-borough-council/camden,5462,21/12/2020 02:48:37 PM
1190160262,CAMDEN,3 PEDESTRIAN,1 MALE,60+,66,1,3 SLIGHT,04 CROSSING ROAD WITHIN 50M XING,1 FROM DRIVERS N/SIDE,1 PEDESTRIAN,"On Oakley Square, near the junction with Eversholt Street.",1,29/01/2019 02:12:00 PM,Tuesday,14.12,1 TLRN,A,4200,6 SINGLE CWY,20,03 T/STAG JUN,4 GIVE WAY/UNCONTROLLED,A,4200,4 PELICAN OR SIMILAR,2 DAYLIGHT,1 FINE,1 ROAD-DRY,0 NONE,0 NONE,529304,183247,-0.13716,51.533333,,,Unknown,"(51.533333, -0.13716)",http://opendatacommunities.org/id/london-borough-council/camden,8736,21/12/2020 02:48:43 PM
1170064391,CAMDEN,1 Driver/Rider,1 Male,25-59,27,1,3 Slight,-2 Unknown,-2 N/A,4 Car,BELGROVE STREET 40M NW OF J/W ST CHADS STREET,1,07/09/2017 10:46:00 PM,Thursday,22.46,3 Bor,Unclassified,0,9 Unknown,2 30 MPH,0 No Jun In 20m,-2 Not Applicable,-2 Not Applicable,0,0 No Xing Facility In 50m,2 Dark,9 Unknown,9 Unknown (S/R),9 Unknown (S/R),9 Unknown (S/R),530270,182850,-0.123388,51.529543,,,Unknown,"(51.529543, -0.123388)",http://opendatacommunities.org/id/london-borough-council/camden,7409,21/12/2020 02:48:40 PM
1180116563,CAMDEN,3 Pedestrian,2 Female,25-59,27,1,3 Slight,04 Crossing Road Within 50m Xing,3 From Drivers O/Side,1 Pedestrian,GOODGE STREET 10M W OF J/W TOTTENHAM COURT ROAD,1,25/06/2018 08:55:00 AM,Monday,8.55,3 Bor,B,506,2 One-Way St,1 <= 20 MPH,3 T/Stag Jun,2 Auto Sig,A,400,5 Pedn Phase At Ats,2 Dark,1 Fine,1 Road-Dry,0 None,0 None,529560,181770,-0.134014,51.52,,,Unknown,"(51.52, -0.134014)",http://opendatacommunities.org/id/london-borough-council/camden,8116,21/12/2020 02:48:42 PM
0115EK40576,CAMDEN,3 Pedestrian,2 Female,0-15,3,1,3 Slight,01 Crossing Road On Ped Xing,1 From Drivers N/Side,1 Pedestrian,BAYHAM STREET J/W CROWNDALE ROAD,1,13/07/2015 03:40:00 PM,Monday,15.40,3 Bor,C,0,6 Single Cwy,2 30 MPH,3 T/Stag Jun,4 Give Way/Uncontrolled,B,512,1 Zebra,1 Daylight,1 Fine,1 Road-Dry,0 None,0 None,529270,183410,-0.13759,51.534805,,,Unknown,"(51.534805, -0.13759)",http://opendatacommunities.org/id/london-borough-council/camden,5065,21/12/2020 02:48:36 PM
1190165757,CAMDEN,2 PASSENGER,2 FEMALE,25-59,54,1,3 SLIGHT,'-2 NOT APPLICABLE,'-2 NOT APPLICABLE,5 TAXI,"On Euston Road, near the junction with GOWER STREET.",2,26/02/2019 12:36:00 PM,Tuesday,12.36,1 TLRN,A,501,6 SINGLE CWY,30,09 OTHER JUN,2 AUTO SIG,A,400,4 PELICAN OR SIMILAR,2 DAYLIGHT,1 FINE,1 ROAD-DRY,4 ROADWORKS,2 OTHER OBJECT IN CWY,529415,182384,-0.135877,51.525552,,,Unknown,"(51.525552, -0.135877)",http://opendatacommunities.org/id/london-borough-council/camden,8806,21/12/2020 02:48:43 PM
0115EK40801,CAMDEN,1 Driver/Rider,1 Male,25-59,27,1,3 Slight,-2 Unknown,-2 N/A,3 Powered 2 Wheeler,THEOBALD'S ROAD J/W BEDFORD ROW.,1,15/09/2015 11:39:00 AM,Tuesday,11.39,3 Bor,A,401,6 Single Cwy,2 30 MPH,6 Crossroads,4 Give Way/Uncontrolled,Unclassified,0,1 Zebra,1 Daylight,1 Fine,1 Road-Dry,0 None,0 None,530780,181880,-0.116399,51.520708,,,Unknown,"(51.520708, -0.116399)",http://opendatacommunities.org/id/london-borough-council/camden,5261,21/12/2020 02:48:37 PM
0116EK40013,CAMDEN,2 Passenger,2 Female,60+,75,1,3 Slight,-2 Unknown,-2 N/A,4 Car,FINCHLEY ROAD J/W HILGROVE ROAD,2,23/01/2016 01:10:00 PM,Saturday,13.10,1 TLRN,A,41,3 Dual Cwy,2 30 MPH,6 Crossroads,2 Auto Sig,B,509,5 Pedn Phase At Ats,1 Daylight,1 Fine,1 Road-Dry,0 None,0 None,526630,184100,-0.175384,51.541604,,,Unknown,"(51.541604, -0.175384)",http://opendatacommunities.org/id/london-borough-council/camden,5991,21/12/2020 02:48:38 PM
0115EK41112,CAMDEN,2 Passenger,1 Male,16-24,18,1,3 Slight,-2 Unknown,-2 N/A,4 Car,CAMDEN STREET J/W CAMDEN ROAD.,3,12/12/2015 10:30:00 PM,Saturday,22.30,1 TLRN,A,400,2 One-Way St,2 30 MPH,6 Crossroads,2 Auto Sig,A,503,5 Pedn Phase At Ats,2 Dark,1 Fine,1 Road-Dry,0 None,0 None,529080,184050,-0.140093,51.5406,,,Unknown,"(51.5406, -0.140093)",http://opendatacommunities.org/id/london-borough-council/camden,5523,21/12/2020 02:48:37 PM
1170015876,CAMDEN,1 Driver/Rider,1 Male,25-59,35,1,3 Slight,-2 Unknown,-2 N/A,2 Pedal Cycle,CAMDEN STREET J/W PRATT STREET,2,02/02/2017 06:00:00 PM,Thursday,18.00,1 TLRN,A,400,6 Single Cwy,2 30 MPH,6 Crossroads,2 Auto Sig,C,0,5 Pedn Phase At Ats,2 Dark,1 Fine,2 Road-Wet,0 None,0 None,529230,183800,-0.138023,51.538319,,,Unknown,"(51.538319, -0.138023)",http://opendatacommunities.org/id/london-borough-council/camden,6637,21/12/2020 02:48:39 PM
1190171851,CAMDEN,3 PEDESTRIAN,1 MALE,25-59,45,1,3 SLIGHT,01 CROSSING ROAD ON PED XING,3 FROM DRIVERS O/SIDE,1 PEDESTRIAN,"On Grays Inn Road, near the junction with Wren Street.",1,28/03/2019 06:47:00 PM,Thursday,18.47,3 BOR,A,5200,6 SINGLE CWY,20,09 OTHER JUN,2 AUTO SIG,6,0,1 ZEBRA,1 DARK,1 FINE,1 ROAD-DRY,0 NONE,0 NONE,530759,182347,-0.116529,51.52491,,,Unknown,"(51.52491, -0.116529)",http://opendatacommunities.org/id/london-borough-council/camden,8886,21/12/2020 02:48:43 PM
1180102998,CAMDEN,1 Driver/Rider,1 Male,25-59,29,1,3 Slight,-2 Unknown,-2 N/A,2 Pedal Cycle,CAMDEN ROAD J/W ROYAL COLLEGE STREET,2,20/04/2018 07:05:00 PM,Friday,19.05,1 TLRN,A,503,3 Dual Cwy,1 <= 20 MPH,6 Crossroads,2 Auto Sig,A,5202,5 Pedn Phase At Ats,1 Daylight,1 Fine,1 Road-Dry,0 None,0 None,529190,184170,-0.138464,51.541654,,,Unknown,"(51.541654, -0.138464)",http://opendatacommunities.org/id/london-borough-council/camden,7916,21/12/2020 02:48:41 PM
0115EK40607,CAMDEN,1 Driver/Rider,2 Female,Unknown,0,1,3 Slight,-2 Unknown,-2 N/A,2 Pedal Cycle,ST PANCRAS WAY J/W CAMDEN ROAD,2,17/07/2015 07:00:00 PM,Friday,19.00,1 TLRN,A,5202,6 Single Cwy,2 30 MPH,6 Crossroads,2 Auto Sig,A,503,5 Pedn Phase At Ats,1 Daylight,1 Fine,1 Road-Dry,0 None,0 None,529260,184290,-0.137411,51.542716,,,Unknown,"(51.542716, -0.137411)",http://opendatacommunities.org/id/london-borough-council/camden,5091,21/12/2020 02:48:36 PM
0115EO40125,CAMDEN,3 Pedestrian,1 Male,25-59,45,1,2 Serious,01 Crossing Road On Ped Xing,1 From Drivers N/Side,1 Pedestrian,PENTONVILLE RD J/W KING'S CROSS RD,1,30/01/2015 12:39:00 PM,Friday,12.39,1 TLRN,A,501,6 Single Cwy,2 30 MPH,3 T/Stag Jun,2 Auto Sig,A,501,5 Pedn Phase At Ats,1 Daylight,1 Fine,2 Road-Wet,0 None,0 None,530530,183010,-0.119582,51.530921,,,Unknown,"(51.530921, -0.119582)",http://opendatacommunities.org/id/london-borough-council/camden,5588,21/12/2020 02:48:37 PM
1180122631,CAMDEN,1 Driver/Rider,1 Male,16-24,23,1,3 Slight,-2 Unknown,-2 N/A,3 Powered 2 Wheeler,HAMPSTEAD ROAD J/W VARNDELL STREET,2,22/07/2018 11:56:00 PM,Sunday,23.56,1 TLRN,A,400,6 Single Cwy,2 30 MPH,3 T/Stag Jun,4 Give Way/Uncontrolled,A,400,0 No Xing Facility In 50m,2 Dark,1 Fine,1 Road-Dry,0 None,0 None,529210,182810,-0.138675,51.529427,,,Unknown,"(51.529427, -0.138675)",http://opendatacommunities.org/id/london-borough-council/camden,8196,21/12/2020 02:48:42 PM
1190254652,CAMDEN,1 DRIVER/RIDER,1 MALE,25-59,52,1,1 FATAL,'-2 NOT APPLICABLE,'-2 NOT APPLICABLE,2 PEDAL CYCLE,"On West End Lane, near the junction with Inglewood Road.",1,09/02/2019 08:40:00 AM,Saturday,8.40,3 BOR,B,510,6 SINGLE CWY,20,03 T/STAG JUN,4 GIVE WAY/UNCONTROLLED,6,0,0 NO XING FACILITY IN 50M,2 DAYLIGHT,9 UNKNOWN,1 ROAD-DRY,0 NONE,0 NONE,525494,185100,-0.1914,51.550845,,,Unknown,"(51.550845, -0.1914)",http://opendatacommunities.org/id/london-borough-council/camden,9670,21/12/2020 02:48:45 PM
0115EK40222,CAMDEN,1 Driver/Rider,1 Male,25-59,33,1,3 Slight,-2 Unknown,-2 N/A,2 Pedal Cycle,WES END LANE J/W GASCONY AVENUE,2,25/02/2015 06:10:00 PM,Wednesday,18.10,3 Bor,B,510,6 Single Cwy,2 30 MPH,3 T/Stag Jun,4 Give Way/Uncontrolled,Unclassified,0,0 No Xing Facility In 50m,1 Daylight,1 Fine,1 Road-Dry,0 None,0 None,525390,184170,-0.193231,51.54251,,,Unknown,"(51.54251, -0.193231)",http://opendatacommunities.org/id/london-borough-council/camden,4754,21/12/2020 02:48:36 PM
1170034536,CAMDEN,1 Driver/Rider,1 Male,25-59,59,1,3 Slight,-2 Unknown,-2 N/A,4 Car,THEOBALDS ROAD J/W PROCTOR STREET,1,28/04/2017 04:20:00 PM,Friday,16.20,3 Bor,A,401,6 Single Cwy,1 <= 20 MPH,7 Multi Jun,2 Auto Sig,A,40,5 Pedn Phase At Ats,1 Daylight,1 Fine,1 Road-Dry,0 None,0 None,530500,181750,-0.120481,51.519604,,,Unknown,"(51.519604, -0.120481)",http://opendatacommunities.org/id/london-borough-council/camden,6925,21/12/2020 02:48:39 PM
1190192449,CAMDEN,1 DRIVER/RIDER,1 MALE,25-59,40,1,3 SLIGHT,'-2 NOT APPLICABLE,'-2 NOT APPLICABLE,3 POWERED 2 WHEELER,"On Alexandra Road, near the junction with Alexandra Road.",2,06/07/2019 07:00:00 PM,Saturday,19.00,3 BOR,6,0,6 SINGLE CWY,20,03 T/STAG JUN,4 GIVE WAY/UNCONTROLLED,6,0,0 NO XING FACILITY IN 50M,2 DAYLIGHT,9 UNKNOWN,9 UNKNOWN (S/R),9 UNKNOWN (S/R),0 NONE,526539,184040,-0.176717,51.541085,,,Unknown,"(51.541085, -0.176717)",http://opendatacommunities.org/id/london-borough-council/camden,9171,21/12/2020 02:48:44 PM
1180083761,CAMDEN,3 Pedestrian,1 Male,Unknown,0,1,3 Slight,05 Crossing Road (Not On Xing),1 From Drivers N/Side,1 Pedestrian,WEST END LANE 5M S OF J/W BLACKBURN ROAD,1,15/01/2018 11:20:00 PM,Monday,23.20,3 Bor,B,510,6 Single Cwy,1 <= 20 MPH,3 T/Stag Jun,2 Auto Sig,Unclassified,0,5 Pedn Phase At Ats,2 Dark,1 Fine,1 Road-Dry,0 None,0 None,525524,184666,-0.191122,51.546938,,,Unknown,"(51.546938, -0.191122)",http://opendatacommunities.org/id/london-borough-council/camden,7668,21/12/2020 02:48:41 PM
1160005703,CAMDEN,1 Driver/Rider,2 Female,25-59,28,1,3 Slight,-2 Unknown,-2 N/A,2 Pedal Cycle,HAMPSTEAD ROAD J/W ROBERT STREET,2,05/12/2016 11:00:00 PM,Monday,23.00,1 TLRN,A,400,6 Single Cwy,2 30 MPH,3 T/Stag Jun,4 Give Way/Uncontrolled,Unclassified,0,8 Central Refuge,2 Dark,1 Fine,1 Road-Dry,0 None,9 Unknown (S/R),529210,182710,-0.138711,51.528528,,,Unknown,"(51.528528, -0.138711)",http://opendatacommunities.org/id/london-borough-council/camden,5749,21/12/2020 02:48:37 PM
0115EK40374,CAMDEN,3 Pedestrian,2 Female,25-59,48,1,3 Slight,05 Crossing Road (Not On Xing),9 Unknown Or Other,1 Pedestrian,NFL- FROGNAL 42M SE OF J/W FROGNAL CLOSE,1,07/05/2015 03:10:00 PM,Thursday,15.10,3 Bor,Unclassified,0,6 Single Cwy,2 30 MPH,0 No Jun In 20m,-2 Not Applicable,-2 Not Applicable,0,0 No Xing Facility In 50m,1 Daylight,1 Fine,1 Road-Dry,0 None,0 None,526170,185390,-0.181552,51.5533,,,Unknown,"(51.5533, -0.181552)",http://opendatacommunities.org/id/london-borough-council/camden,4876,21/12/2020 02:48:36 PM
0115EK41144,CAMDEN,1 Driver/Rider,1 Male,16-24,23,1,3 Slight,-2 Unknown,-2 N/A,3 Powered 2 Wheeler,THEOBALD'S ROAD J/W HARPUR STREET.,2,21/12/2015 11:10:00 AM,Monday,11.10,3 Bor,A,401,6 Single Cwy,2 30 MPH,3 T/Stag Jun,4 Give Way/Uncontrolled,Unclassified,0,0 No Xing Facility In 50m,1 Daylight,1 Fine,1 Road-Dry,0 None,0 None,530640,181820,-0.118438,51.520201,,,Unknown,"(51.520201, -0.118438)",http://opendatacommunities.org/id/london-borough-council/camden,5547,21/12/2020 02:48:37 PM
1180141073,CAMDEN,2 Passenger,2 Female,25-59,36,1,2 Serious,-2 Unknown,-2 N/A,4 Car,PLATT'S LANE J/W FINCHLEY ROAD,2,24/10/2018 03:53:00 PM,Wednesday,15.53,1 TLRN,C,0,3 Dual Cwy,3 40 MPH,6 Crossroads,2 Auto Sig,A,41,0 No Xing Facility In 50m,1 Daylight,1 Fine,1 Road-Dry,0 None,0 None,525170,185870,-0.195797,51.557837,,,Unknown,"(51.557837, -0.195797)",http://opendatacommunities.org/id/london-borough-council/camden,8466,21/12/2020 02:48:43 PM
1190170679,CAMDEN,1 DRIVER/RIDER,1 MALE,25-59,37,1,3 SLIGHT,'-2 NOT APPLICABLE,'-2 NOT APPLICABLE,2 PEDAL CYCLE,"On Baynes Street, near the junction with ROYAL COLLEGE STREET.",2,22/03/2019 08:17:00 PM,Friday,20.17,3 BOR,A,5202,2 ONE-WAY ST,20,03 T/STAG JUN,4 GIVE WAY/UNCONTROLLED,6,0,0 NO XING FACILITY IN 50M,1 DARK,1 FINE,1 ROAD-DRY,0 NONE,0 NONE,529258,184089,-0.137514,51.54091,,,Unknown,"(51.54091, -0.137514)",http://opendatacommunities.org/id/london-borough-council/camden,8862,21/12/2020 02:48:43 PM
1190169618,CAMDEN,1 DRIVER/RIDER,1 MALE,25-59,30,1,3 SLIGHT,'-2 NOT APPLICABLE,'-2 NOT APPLICABLE,3 POWERED 2 WHEELER,"On York Way, near the junction with Brandon Road.",2,17/03/2019 02:15:00 PM,Sunday,14.15,3 BOR,A,5200,2 ONE-WAY ST,30,06 CROSSROADS,2 AUTO SIG,A,5200,4 PELICAN OR SIMILAR,2 DAYLIGHT,1 FINE,1 ROAD-DRY,0 NONE,0 NONE,530065,184350,-0.125787,51.54307,,,Unknown,"(51.54307, -0.125787)",http://opendatacommunities.org/id/london-borough-council/camden,8850,21/12/2020 02:48:43 PM
1180109341,CAMDEN,1 Driver/Rider,2 Female,25-59,40,1,3 Slight,-2 Unknown,-2 N/A,3 Powered 2 Wheeler,GOLDHURST TERRACE J/W FAIRHAZEL GARDENS,2,18/05/2018 03:25:00 PM,Friday,15.25,3 Bor,Unclassified,0,6 Single Cwy,1 <= 20 MPH,3 T/Stag Jun,9 Unknown (S/R),Unclassified,0,9 Unknown (S/R),1 Daylight,1 Fine,1 Road-Dry,0 None,0 None,526190,184150,-0.181708,51.542152,,,Unknown,"(51.542152, -0.181708)",http://opendatacommunities.org/id/london-borough-council/camden,8009,21/12/2020 02:48:42 PM
1170068359,CAMDEN,1 Driver/Rider,1 Male,25-59,34,1,3 Slight,-2 Unknown,-2 N/A,4 Car,FINCHLEY ROAD J/W HENDON WAY,2,07/10/2017 09:15:00 PM,Saturday,21.15,1 TLRN,A,41,6 Single Cwy,2 30 MPH,7 Multi Jun,2 Auto Sig,A,41,9 Unknown (S/R),2 Dark,1 Fine,2 Road-Wet,9 Unknown (S/R),9 Unknown (S/R),525090,186030,-0.196894,51.559292,,,Unknown,"(51.559292, -0.196894)",http://opendatacommunities.org/id/london-borough-council/camden,7483,21/12/2020 02:48:40 PM
1180143341,CAMDEN,1 Driver/Rider,2 Female,60+,60,1,3 Slight,-2 Unknown,-2 N/A,2 Pedal Cycle,KILBURN HIGH ROAD J/W BELSIZE ROAD,2,04/11/2018 09:26:00 AM,Sunday,9.26,3 Bor,A,5,6 Single Cwy,2 30 MPH,3 T/Stag Jun,2 Auto Sig,B,509,9 Unknown (S/R),1 Daylight,1 Fine,1 Road-Dry,0 None,0 None,525420,183610,-0.192998,51.53747,,,Unknown,"(51.53747, -0.192998)",http://opendatacommunities.org/id/london-borough-council/camden,8493,21/12/2020 02:48:43 PM
1190220476,CAMDEN,3 PEDESTRIAN,2 FEMALE,60+,63,1,3 SLIGHT,05 CROSSING ROAD (NOT ON XING),'-2 NOT APPLICABLE,1 PEDESTRIAN,"On Saint Cross Street, near the junction with Kirby Street.",1,24/11/2019 01:36:00 PM,Sunday,13.36,3 BOR,6,0,2 ONE-WAY ST,20,03 T/STAG JUN,4 GIVE WAY/UNCONTROLLED,6,0,0 NO XING FACILITY IN 50M,2 DAYLIGHT,1 FINE,1 ROAD-DRY,0 NONE,0 NONE,531394,181895,-0.107549,51.520701,,,Unknown,"(51.520701, -0.107549)",http://opendatacommunities.org/id/london-borough-council/camden,9545,21/12/2020 02:48:44 PM