Reference,London Borough Name,Casualty Class,Casualty Sex,Casualty Age Band,Casualty Age,Number Of Casualties,Casualty Severity,Pedestrian Location,Pedestrian Movement,Mode Of Travel,Attendant Location,Number Of Vehicles,Date,Day,Time,Highway,Road Class 1,Road Number 1,Road Type,Speed Limit,Junction Detail,Junction Control,Road Class 2,Road Number 2,Pedestrian Crossing,Light Condition Band,Weather,Road Surface,Special Conditions,Carriage Way Hazard,Easting,Northing,Longitude,Latitude,Ward Code,Ward Name,Spatial Accuracy,Location,Organisation URI,Socrata ID,Last Uploaded
1170065245,CAMDEN,2 Passenger,2 Female,25-59,52,1,3 Slight,-2 Unknown,-2 N/A,4 Car,CAMDEN ROAD J/W CAMDEN PARK ROAD,3,18/10/2017 12:26:00 PM,Wednesday,12.26,1 TLRN,A,503,3 Dual Cwy,5 60 MPH,6 Crossroads,2 Auto Sig,A,5200,1 Zebra,1 Daylight,2 Raining,2 Road-Wet,0 None,0 None,529719,184867,-0.130583,51.547796,,,Unknown,"(51.547796, -0.130583)",http://opendatacommunities.org/id/london-borough-council/camden,7433,21/12/2020 02:48:40 PM
0116EK40594,CAMDEN,1 Driver/Rider,1 Male,25-59,33,1,3 Slight,-2 Unknown,-2 N/A,3 Powered 2 Wheeler,EUSTON ROAD J/W CHALTON STREET.,2,17/08/2016 10:30:00 PM,Wednesday,22.30,1 TLRN,A,501,3 Dual Cwy,2 30 MPH,3 T/Stag Jun,4 Give Way/Uncontrolled,Unclassified,0,4 Pelican Or Similar,2 Dark,1 Fine,1 Road-Dry,0 None,0 None,529910,182690,-0.128633,51.528188,,,Unknown,"(51.528188, -0.128633)",http://opendatacommunities.org/id/london-borough-council/camden,6476,21/12/2020 02:48:39 PM
1180087118,CAMDEN,1 Driver/Rider,1 Male,25-59,38,1,3 Slight,-2 Unknown,-2 N/A,2 Pedal Cycle,EUSTON ROAD 300M W OF J/W HAMPSTEAD ROAD THE NEAREST CLASSIFIED RO,2,01/02/2018 08:55:00 AM,Thursday,8.55,1 TLRN,A,501,3 Dual Cwy,2 30 MPH,0 No Jun In 20m,-2 Not Applicable,-2 Not Applicable,0,9 Unknown (S/R),1 Daylight,1 Fine,1 Road-Dry,0 None,0 None,528910,182190,-0.143224,51.523923,,,Unknown,"(51.523923, -0.143224)",http://opendatacommunities.org/id/london-borough-council/camden,7708,21/12/2020 02:48:41 PM
1180102778,CAMDEN,3 Pedestrian,1 Male,25-59,51,1,3 Slight,04 Crossing Road Within 50m Xing,4 From Drivers O/Side Msk,1 Pedestrian,EVERSHOLT STREET J/W EUSTON ROAD,1,19/04/2018 10:45:00 PM,Thursday,22.45,1 TLRN,A,4200,6 Single Cwy,1 <= 20 MPH,6 Crossroads,2 Auto Sig,A,501,5 Pedn Phase At Ats,2 Dark,1 Fine,1 Road-Dry,0 None,0 None,529750,182600,-0.130972,51.527416,,,Unknown,"(51.527416, -0.130972)",http://opendatacommunities.org/id/london-borough-council/camden,7909,21/12/2020 02:48:41 PM
1180137500,CAMDEN,2 Passenger,1 Male,16-24,21,1,3 Slight,-2 Unknown,-2 N/A,4 Car,CAMDEN ROAD J/W ROYAL COLLEGE STREET,2,07/10/2018 07:28:00 PM,Sunday,19.28,1 TLRN,A,503,6 Single Cwy,1 <= 20 MPH,6 Crossroads,2 Auto Sig,A,5202,5 Pedn Phase At Ats,2 Dark,1 Fine,1 Road-Dry,0 None,0 None,529190,184180,-0.13846,51.541743,,,Unknown,"(51.541743, -0.13846)",http://opendatacommunities.org/id/london-borough-council/camden,8395,21/12/2020 02:48:42 PM
1170057680,CAMDEN,1 Driver/Rider,1 Male,25-59,29,1,3 Slight,-2 Unknown,-2 N/A,2 Pedal Cycle,THEOBALDS ROAD J/W GRAY'S INN ROAD,2,06/09/2017 11:22:00 PM,Wednesday,23.22,3 Bor,A,401,6 Single Cwy,2 30 MPH,6 Crossroads,2 Auto Sig,A,5200,4 Pelican Or Similar,2 Dark,1 Fine,1 Road-Dry,4 Roadworks,0 None,530990,181970,-0.113341,51.521468,,,Unknown,"(51.521468, -0.113341)",http://opendatacommunities.org/id/london-borough-council/camden,7303,21/12/2020 02:48:40 PM
1160008757,CAMDEN,1 Driver/Rider,1 Male,25-59,56,1,3 Slight,-2 Unknown,-2 N/A,5 Taxi,ADELAIDE ROAD NW3 J/W ST JOHNS JOHNS WOOD PARK NW3,2,25/12/2016 11:40:00 AM,Sunday,11.40,1 TLRN,B,509,6 Single Cwy,1 <= 20 MPH,7 Multi Jun,2 Auto Sig,A,41,5 Pedn Phase At Ats,1 Daylight,1 Fine,1 Road-Dry,0 None,0 None,526750,184110,-0.173651,51.541667,,,Unknown,"(51.541667, -0.173651)",http://opendatacommunities.org/id/london-borough-council/camden,5805,21/12/2020 02:48:37 PM
0116EK40587,CAMDEN,1 Driver/Rider,1 Male,25-59,26,1,3 Slight,-2 Unknown,-2 N/A,2 Pedal Cycle,GRAY'S INN ROAD J/W BIRKENHEAD STREET,2,10/08/2016 08:55:00 PM,Wednesday,20.55,1 TLRN,A,5200,6 Single Cwy,2 30 MPH,3 T/Stag Jun,2 Auto Sig,A,501,5 Pedn Phase At Ats,2 Dark,1 Fine,1 Road-Dry,0 None,0 None,530320,182960,-0.122626,51.53052,,,Unknown,"(51.53052, -0.122626)",http://opendatacommunities.org/id/london-borough-council/camden,6470,21/12/2020 02:48:39 PM
1170017276,CAMDEN,3 Pedestrian,2 Female,25-59,54,1,2 Serious,01 Crossing Road On Ped Xing,3 From Drivers O/Side,1 Pedestrian,GUILFORD STREET J/W GUILDFORD PLACE,1,09/02/2017 05:30:00 PM,Thursday,17.30,3 Bor,B,502,6 Single Cwy,1 <= 20 MPH,3 T/Stag Jun,4 Give Way/Uncontrolled,B,502,1 Zebra,2 Dark,1 Fine,2 Road-Wet,0 None,0 None,530570,182190,-0.11931,51.523543,,,Unknown,"(51.523543, -0.11931)",http://opendatacommunities.org/id/london-borough-council/camden,6659,21/12/2020 02:48:39 PM
1190190891,CAMDEN,1 DRIVER/RIDER,1 MALE,16-24,19,2,2 SERIOUS,'-2 NOT APPLICABLE,'-2 NOT APPLICABLE,3 POWERED 2 WHEELER,"On Prince Albert Road, 30 metres north of the junction with St Marks Square.",2,29/06/2019 04:30:00 PM,Saturday,16.30,3 BOR,A,5205,3 DUAL CWY,20,00 NO JUN IN 20M,,0,0,0 NO XING FACILITY IN 50M,2 DAYLIGHT,1 FINE,1 ROAD-DRY,0 NONE,0 NONE,528160,183678,-0.153487,51.537467,,,Unknown,"(51.537467, -0.153487)",http://opendatacommunities.org/id/london-borough-council/camden,9150,21/12/2020 02:48:44 PM
0116EK40029,CAMDEN,3 Pedestrian,2 Female,16-24,16,1,3 Slight,01 Crossing Road On Ped Xing,3 From Drivers O/Side,1 Pedestrian,TORRIANO AVENUE J/W LEIGHTON ROAD,1,26/01/2016 05:15:00 PM,Tuesday,17.15,3 Bor,A,5200,2 One-Way St,1 <= 20 MPH,3 T/Stag Jun,4 Give Way/Uncontrolled,C,0,1 Zebra,2 Dark,1 Fine,1 Road-Dry,0 None,0 None,529530,185180,-0.133192,51.550652,,,Unknown,"(51.550652, -0.133192)",http://opendatacommunities.org/id/london-borough-council/camden,6006,21/12/2020 02:48:38 PM
1160002157,CAMDEN,3 Pedestrian,1 Male,16-24,20,1,3 Slight,05 Crossing Road (Not On Xing),2 From Drivers N/Side Msk,1 Pedestrian,TAVISTOCK SQUARE 25M N OF J/W BEDFORD WAY,1,18/11/2016 09:05:00 AM,Friday,9.05,3 Bor,Unclassified,0,6 Single Cwy,1 <= 20 MPH,0 No Jun In 20m,-2 Not Applicable,-2 Not Applicable,0,0 No Xing Facility In 50m,1 Daylight,1 Fine,1 Road-Dry,0 None,0 None,529860,182310,-0.129494,51.524784,,,Unknown,"(51.524784, -0.129494)",http://opendatacommunities.org/id/london-borough-council/camden,5679,21/12/2020 02:48:37 PM
1190216876,CAMDEN,1 DRIVER/RIDER,1 MALE,16-24,23,1,3 SLIGHT,'-2 NOT APPLICABLE,'-2 NOT APPLICABLE,3 POWERED 2 WHEELER,"On Frognal, 25 metres west of the junction with Frognal way .",2,07/11/2019 06:05:00 PM,Thursday,18.05,3 BOR,6,0,9 UNKNOWN,20,00 NO JUN IN 20M,,0,0,9 UNKNOWN (S/R),1 DARK,1 FINE,1 ROAD-DRY,0 NONE,0 NONE,526089,185511,-0.182676,51.554406,,,Unknown,"(51.554406, -0.182676)",http://opendatacommunities.org/id/london-borough-council/camden,9502,21/12/2020 02:48:44 PM
1180154737,CAMDEN,2 Passenger,2 Female,25-59,30,1,3 Slight,-2 Unknown,-2 N/A,4 Car,KILBURN HIGH ROAD 25M N OF J/W PRIORY PARK ROAD,2,28/12/2018 03:30:00 PM,Friday,15.30,3 Bor,A,5,3 Dual Cwy,2 30 MPH,0 No Jun In 20m,-2 Not Applicable,-2 Not Applicable,0,9 Unknown (S/R),1 Daylight,1 Fine,1 Road-Dry,9 Unknown (S/R),9 Unknown (S/R),525170,183980,-0.196469,51.540851,,,Unknown,"(51.540851, -0.196469)",http://opendatacommunities.org/id/london-borough-council/camden,8648,21/12/2020 02:48:43 PM
1190197915,CAMDEN,1 DRIVER/RIDER,2 FEMALE,25-59,27,1,3 SLIGHT,'-2 NOT APPLICABLE,'-2 NOT APPLICABLE,3 POWERED 2 WHEELER,"On Arlington Road, 25 metres south of the junction with Jamestown Road.",2,04/08/2019 03:23:00 PM,Sunday,15.23,3 BOR,6,0,9 UNKNOWN,20,00 NO JUN IN 20M,,0,0,9 UNKNOWN (S/R),2 DAYLIGHT,1 FINE,1 ROAD-DRY,0 NONE,0 NONE,528715,183983,-0.145378,51.540081,,,Unknown,"(51.540081, -0.145378)",http://opendatacommunities.org/id/london-borough-council/camden,9255,21/12/2020 02:48:44 PM
1170075945,CAMDEN,1 Driver/Rider,2 Female,16-24,17,1,2 Serious,-2 Unknown,-2 N/A,2 Pedal Cycle,GUILFORD STREET J/W GRAYS INN ROAD,2,06/12/2017 12:40:00 PM,Wednesday,12.40,3 Bor,B,502,9 Unknown,2 30 MPH,6 Crossroads,2 Auto Sig,A,5200,5 Pedn Phase At Ats,1 Daylight,9 Unknown,1 Road-Dry,0 None,0 None,530780,182280,-0.116251,51.524303,,,Unknown,"(51.524303, -0.116251)",http://opendatacommunities.org/id/london-borough-council/camden,7591,21/12/2020 02:48:41 PM
1180112750,CAMDEN,3 Pedestrian,1 Male,25-59,34,1,3 Slight,09 In Road - Not Crossing,5 In Rd Not Crossing,1 Pedestrian,MELTON STREET 100M S OF J/W EUSTON ROAD THE NEAREST CLASSIFIED ROA,1,04/06/2018 01:45:00 PM,Monday,13.45,3 Bor,C,0,6 Single Cwy,1 <= 20 MPH,0 No Jun In 20m,-2 Not Applicable,-2 Not Applicable,0,0 No Xing Facility In 50m,1 Daylight,1 Fine,1 Road-Dry,4 Roadworks,2 Other Object In Cwy,529520,182530,-0.134311,51.52684,,,Unknown,"(51.52684, -0.134311)",http://opendatacommunities.org/id/london-borough-council/camden,8058,21/12/2020 02:48:42 PM
1180139787,CAMDEN,1 Driver/Rider,2 Female,16-24,24,1,3 Slight,-2 Unknown,-2 N/A,2 Pedal Cycle,THEOBALDS ROAD J/W GRAYS INN ROAD,2,17/10/2018 06:00:00 PM,Wednesday,18.00,3 Bor,A,401,3 Dual Cwy,1 <= 20 MPH,6 Crossroads,2 Auto Sig,A,5200,5 Pedn Phase At Ats,2 Dark,1 Fine,2 Road-Wet,0 None,0 None,530990,181970,-0.113341,51.521468,,,Unknown,"(51.521468, -0.113341)",http://opendatacommunities.org/id/london-borough-council/camden,8442,21/12/2020 02:48:43 PM
1160024350,CAMDEN,2 Passenger,2 Female,60+,96,1,3 Slight,-2 Unknown,-2 N/A,6 Bus Or Coach,HAMPSTEAD ROAD J/W BROCK STREET,1,16/10/2016 12:50:00 PM,Sunday,12.50,1 TLRN,A,400,3 Dual Cwy,2 30 MPH,3 T/Stag Jun,4 Give Way/Uncontrolled,Unclassified,0,5 Pedn Phase At Ats,1 Daylight,1 Fine,1 Road-Dry,0 None,0 None,529230,182390,-0.138541,51.525648,,,Unknown,"(51.525648, -0.138541)",http://opendatacommunities.org/id/london-borough-council/camden,5886,21/12/2020 02:48:38 PM
1190159603,CAMDEN,2 PASSENGER,2 FEMALE,60+,74,2,2 SERIOUS,'-2 NOT APPLICABLE,'-2 NOT APPLICABLE,4 CAR,"On Well Road, near the junction with Cannon Place.",2,25/01/2019 05:21:00 PM,Friday,17.21,3 BOR,6,0,6 SINGLE CWY,20,03 T/STAG JUN,4 GIVE WAY/UNCONTROLLED,6,0,0 NO XING FACILITY IN 50M,1 DARK,1 FINE,2 ROAD-WET,0 NONE,0 NONE,526663,186100,-0.174189,51.559571,,,Unknown,"(51.559571, -0.174189)",http://opendatacommunities.org/id/london-borough-council/camden,8724,21/12/2020 02:48:43 PM
0116EK40139,CAMDEN,1 Driver/Rider,1 Male,25-59,59,1,3 Slight,-2 Unknown,-2 N/A,2 Pedal Cycle,ROSSLYN HILL J/W DOWNSHIRE HILL.,2,10/03/2016 05:22:00 PM,Thursday,17.22,3 Bor,A,502,6 Single Cwy,2 30 MPH,6 Crossroads,4 Give Way/Uncontrolled,Unclassified,0,1 Zebra,1 Daylight,1 Fine,1 Road-Dry,0 None,0 None,526820,185540,-0.172127,51.554503,,,Unknown,"(51.554503, -0.172127)",http://opendatacommunities.org/id/london-borough-council/camden,6096,21/12/2020 02:48:38 PM
1190187565,CAMDEN,1 DRIVER/RIDER,1 MALE,25-59,34,2,3 SLIGHT,'-2 NOT APPLICABLE,'-2 NOT APPLICABLE,4 CAR,Location uncertain  Chalk Farm Road,2,16/06/2019 02:11:00 PM,Sunday,14.11,3 BOR,A,502,7 SLIP RD,20,05 SLIP ROAD,2 AUTO SIG,A,502,4 PELICAN OR SIMILAR,2 DAYLIGHT,4 FINE/HIGH WINDS,1 ROAD-DRY,0 NONE,0 NONE,528457,184301,-0.14898,51.542998,,,Unknown,"(51.542998, -0.14898)",http://opendatacommunities.org/id/london-borough-council/camden,9103,21/12/2020 02:48:44 PM
0115EK40661,CAMDEN,1 Driver/Rider,1 Male,60+,62,1,3 Slight,-2 Unknown,-2 N/A,6 Bus Or Coach,WOBURN PLACE 40M SE OF TAVISTOCK PLACE,1,03/08/2015 01:12:00 PM,Monday,13.12,3 Bor,A,4200,6 Single Cwy,2 30 MPH,0 No Jun In 20m,-2 Not Applicable,-2 Not Applicable,0,0 No Xing Facility In 50m,1 Daylight,1 Fine,1 Road-Dry,0 None,0 None,529990,182270,-0.127636,51.524395,,,Unknown,"(51.524395, -0.127636)",http://opendatacommunities.org/id/london-borough-council/camden,5133,21/12/2020 02:48:36 PM
0115EK40069,CAMDEN,1 Driver/Rider,1 Male,25-59,28,1,3 Slight,-2 Unknown,-2 N/A,3 Powered 2 Wheeler,CAMDEN ROAD J/W MURRAY STREET,2,01/02/2015 09:50:00 AM,Sunday,9.50,1 TLRN,A,503,6 Single Cwy,2 30 MPH,3 T/Stag Jun,4 Give Way/Uncontrolled,Unclassified,0,4 Pelican Or Similar,1 Daylight,4 Fine/High Winds,1 Road-Dry,0 None,0 None,529440,184520,-0.134732,51.544742,,,Unknown,"(51.544742, -0.134732)",http://opendatacommunities.org/id/london-borough-council/camden,4635,21/12/2020 02:48:35 PM
1170010379,CAMDEN,1 Driver/Rider,1 Male,25-59,39,1,2 Serious,-2 Unknown,-2 N/A,2 Pedal Cycle,EVERSHOLT STREET J/W POLYGON ROAD,2,05/01/2017 05:00:00 AM,Thursday,5.00,3 Bor,A,4200,6 Single Cwy,2 30 MPH,3 T/Stag Jun,4 Give Way/Uncontrolled,Unclassified,0,0 No Xing Facility In 50m,2 Dark,1 Fine,1 Road-Dry,0 None,0 None,529480,182970,-0.134726,51.530803,,,Unknown,"(51.530803, -0.134726)",http://opendatacommunities.org/id/london-borough-council/camden,6562,21/12/2020 02:48:39 PM
1180110749,CAMDEN,1 Driver/Rider,1 Male,25-59,53,1,3 Slight,-2 Unknown,-2 N/A,4 Car,BLACKBURN ROAD 342M E OF J/W FINCHLEY ROAD THE NEAREST CLASSIFIED,2,27/05/2018 04:20:00 PM,Sunday,16.20,3 Bor,Unclassified,0,9 Unknown,2 30 MPH,0 No Jun In 20m,-2 Not Applicable,-2 Not Applicable,0,1 Zebra,1 Daylight,1 Fine,1 Road-Dry,0 None,0 None,526050,184820,-0.183486,51.548204,,,Unknown,"(51.548204, -0.183486)",http://opendatacommunities.org/id/london-borough-council/camden,8029,21/12/2020 02:48:42 PM
1190216454,CAMDEN,1 DRIVER/RIDER,2 FEMALE,25-59,41,1,3 SLIGHT,'-2 NOT APPLICABLE,'-2 NOT APPLICABLE,3 POWERED 2 WHEELER,"On Plender Street, near the junction with Bayham Street.",2,31/10/2019 07:30:00 PM,Thursday,19.30,3 BOR,5,0,6 SINGLE CWY,20,03 T/STAG JUN,4 GIVE WAY/UNCONTROLLED,6,0,1 ZEBRA,2 DAYLIGHT,8 OTHER,1 ROAD-DRY,0 NONE,0 NONE,529197,183563,-0.138586,51.536197,,,Unknown,"(51.536197, -0.138586)",http://opendatacommunities.org/id/london-borough-council/camden,9498,21/12/2020 02:48:44 PM
0116EK40115,CAMDEN,2 Passenger,1 Male,25-59,37,1,3 Slight,-2 Unknown,-2 N/A,4 Car,REGENT'S PARK ROAD J/W OVAL ROAD.,2,19/02/2016 06:15:00 PM,Friday,18.15,3 Bor,C,0,6 Single Cwy,2 30 MPH,3 T/Stag Jun,2 Auto Sig,C,0,5 Pedn Phase At Ats,2 Dark,1 Fine,1 Road-Dry,0 None,0 None,528620,183640,-0.146872,51.537021,,,Unknown,"(51.537021, -0.146872)",http://opendatacommunities.org/id/london-borough-council/camden,6071,21/12/2020 02:48:38 PM
1190224793,CAMDEN,1 DRIVER/RIDER,1 MALE,25-59,50,1,3 SLIGHT,'-2 NOT APPLICABLE,'-2 NOT APPLICABLE,3 POWERED 2 WHEELER,"On Finchley Road, near the junction with Burrard Road.",2,11/12/2019 02:30:00 AM,Wednesday,2.30,1 TLRN,A,41,9 UNKNOWN,30,99 UNKNOWN (S/R),9 UNKNOWN (S/R),6,0,9 UNKNOWN (S/R),1 DARK,9 UNKNOWN,9 UNKNOWN (S/R),9 UNKNOWN (S/R),9 UNKNOWN (S/R),525320,185632,-0.193719,51.555664,,,Unknown,"(51.555664, -0.193719)",http://opendatacommunities.org/id/london-borough-council/camden,9616,21/12/2020 02:48:45 PM
0115EK40465,CAMDEN,1 Driver/Rider,1 Male,25-59,35,1,3 Slight,-2 Unknown,-2 N/A,3 Powered 2 Wheeler,NFL- LINCOLN'S INN FIELDS 57M NE OF J/W GATE STREET,2,10/06/2015 09:20:00 AM,Wednesday,9.20,3 Bor,Unclassified,0,2 One-Way St,2 30 MPH,0 No Jun In 20m,-2 Not Applicable,-2 Not Applicable,0,0 No Xing Facility In 50m,1 Daylight,1 Fine,1 Road-Dry,0 None,0 None,530690,181440,-0.117859,51.516775,,,Unknown,"(51.516775, -0.117859)",http://opendatacommunities.org/id/london-borough-council/camden,4956,21/12/2020 02:48:36 PM
1190225699,CAMDEN,1 DRIVER/RIDER,1 MALE,25-59,51,1,3 SLIGHT,'-2 NOT APPLICABLE,'-2 NOT APPLICABLE,4 CAR,"On Fitzjohns Avenue, near the junction with Arkwright Road.",2,17/12/2019 08:14:00 PM,Tuesday,20.14,3 BOR,B,511,3 DUAL CWY,20,03 T/STAG JUN,2 AUTO SIG,5,0,0 NO XING FACILITY IN 50M,1 DARK,1 FINE,2 ROAD-WET,0 NONE,0 NONE,526506,185434,-0.176692,51.55362,,,Unknown,"(51.55362, -0.176692)",http://opendatacommunities.org/id/london-borough-council/camden,9629,21/12/2020 02:48:45 PM
0115EK40555,CAMDEN,2 Passenger,2 Female,25-59,31,1,3 Slight,-2 Unknown,-2 N/A,4 Car,ADELAIDE ROAD J/W ETON COLLEGE ROAD,2,27/06/2015 07:09:00 PM,Saturday,19.09,3 Bor,B,509,6 Single Cwy,2 30 MPH,3 T/Stag Jun,4 Give Way/Uncontrolled,Unclassified,0,1 Zebra,1 Daylight,1 Fine,1 Road-Dry,0 None,0 None,528050,184390,-0.154814,51.54389,,,Unknown,"(51.54389, -0.154814)",http://opendatacommunities.org/id/london-borough-council/camden,5041,21/12/2020 02:48:36 PM
1180149690,CAMDEN,3 Pedestrian,2 Female,25-59,34,1,3 Slight,05 Crossing Road (Not On Xing),3 From Drivers O/Side,1 Pedestrian,GOWER STREET J/W GRAFTON WAY,1,03/12/2018 06:28:00 PM,Monday,18.28,3 Bor,A,400,2 One-Way St,2 30 MPH,3 T/Stag Jun,4 Give Way/Uncontrolled,C,0,1 Zebra,2 Dark,1 Fine,2 Road-Wet,0 None,0 None,529460,182260,-0.135275,51.524427,,,Unknown,"(51.524427, -0.135275)",http://opendatacommunities.org/id/london-borough-council/camden,8584,21/12/2020 02:48:43 PM
1170023435,CAMDEN,3 Pedestrian,2 Female,25-59,25,1,3 Slight,10 Unknown,9 Unknown Or Other,1 Pedestrian,CHARTERHOUSE STREET J/W FARRINGDON STREET,1,02/03/2017 06:30:00 PM,Thursday,18.30,1 TLRN,B,400,6 Single Cwy,2 30 MPH,6 Crossroads,9 Unknown (S/R),A,201,9 Unknown (S/R),2 Dark,1 Fine,9 Unknown (S/R),9 Unknown (S/R),9 Unknown (S/R),531548,181656,-0.10542,51.518517,,,Unknown,"(51.518517, -0.10542)",http://opendatacommunities.org/id/london-borough-council/camden,6748,21/12/2020 02:48:39 PM
0116EK40240,CAMDEN,3 Pedestrian,2 Female,25-59,56,1,3 Slight,05 Crossing Road (Not On Xing),1 From Drivers N/Side,1 Pedestrian,HUNTER STREET J/W HANDEL STREET,1,07/01/2016 07:20:00 AM,Thursday,7.20,3 Bor,B,504,6 Single Cwy,1 <= 20 MPH,6 Crossroads,4 Give Way/Uncontrolled,Unclassified,0,0 No Xing Facility In 50m,2 Dark,2 Raining,2 Road-Wet,0 None,0 None,530280,182390,-0.123413,51.525407,,,Unknown,"(51.525407, -0.123413)",http://opendatacommunities.org/id/london-borough-council/camden,6178,21/12/2020 02:48:38 PM
0115EK40107,CAMDEN,3 Pedestrian,1 Male,25-59,28,1,3 Slight,01 Crossing Road On Ped Xing,9 Unknown Or Other,1 Pedestrian,HIGH HOLBORN J/W KINGSWAY,1,11/02/2015 11:05:00 PM,Wednesday,23.05,3 Bor,A,40,6 Single Cwy,2 30 MPH,6 Crossroads,2 Auto Sig,A,4200,5 Pedn Phase At Ats,2 Dark,1 Fine,1 Road-Dry,0 None,0 None,530510,181520,-0.120422,51.517535,,,Unknown,"(51.517535, -0.120422)",http://opendatacommunities.org/id/london-borough-council/camden,4664,21/12/2020 02:48:35 PM
1190170265,CAMDEN,1 DRIVER/RIDER,1 MALE,25-59,33,1,3 SLIGHT,'-2 NOT APPLICABLE,'-2 NOT APPLICABLE,2 PEDAL CYCLE,"On Camden Road, near the junction with rochester toad.",2,20/03/2019 05:03:00 PM,Wednesday,17.03,1 TLRN,A,503,6 SINGLE CWY,20,09 OTHER JUN,3 STOP SIGN,6,0,5 PEDN PHASE AT ATS,2 DAYLIGHT,1 FINE,1 ROAD-DRY,0 NONE,0 NONE,529342,184411,-0.136185,51.543785,,,Unknown,"(51.543785, -0.136185)",http://opendatacommunities.org/id/london-borough-council/camden,8858,21/12/2020 02:48:43 PM
1170020321,CAMDEN,1 Driver/Rider,1 Male,60+,65,1,3 Slight,-2 Unknown,-2 N/A,4 Car,KILBURN HIGH ROAD J/W QUEX ROAD,2,22/02/2017 01:24:00 PM,Wednesday,13.24,3 Bor,A,5,6 Single Cwy,2 30 MPH,7 Multi Jun,2 Auto Sig,B,510,0 No Xing Facility In 50m,1 Daylight,1 Fine,1 Road-Dry,0 None,0 None,525240,183860,-0.195503,51.539757,,,Unknown,"(51.539757, -0.195503)",http://opendatacommunities.org/id/london-borough-council/camden,6702,21/12/2020 02:48:39 PM
1190184090,CAMDEN,2 PASSENGER,2 FEMALE,25-59,30,1,3 SLIGHT,'-2 NOT APPLICABLE,'-2 NOT APPLICABLE,5 TAXI,"On Swinton Street, 25 metres west of the junction with Kings Cross Road .. The nearest classified road was the A501. The nearest classified road was the A501",1,26/05/2019 12:10:00 AM,Sunday,0.10,1 TLRN,A,501,6 SINGLE CWY,20,00 NO JUN IN 20M,,0,0,9 UNKNOWN (S/R),1 DARK,1 FINE,1 ROAD-DRY,0 NONE,0 NONE,530672,182804,-0.117613,51.529037,,,Unknown,"(51.529037, -0.117613)",http://opendatacommunities.org/id/london-borough-council/camden,9052,21/12/2020 02:48:44 PM
1170065788,CAMDEN,1 Driver/Rider,1 Male,25-59,53,1,3 Slight,-2 Unknown,-2 N/A,4 Car,ETON AVENUE J/W WINCHESTER ROAD,2,21/10/2017 11:00:00 AM,Saturday,11.00,3 Bor,Unclassified,0,6 Single Cwy,1 <= 20 MPH,6 Crossroads,4 Give Way/Uncontrolled,Unclassified,0,0 No Xing Facility In 50m,1 Daylight,1 Fine,1 Road-Dry,0 None,0 None,526780,184390,-0.173118,51.544177,,,Unknown,"(51.544177, -0.173118)",http://opendatacommunities.org/id/london-borough-council/camden,7445,21/12/2020 02:48:40 PM
1180144992,CAMDEN,1 Driver/Rider,1 Male,25-59,31,1,3 Slight,-2 Unknown,-2 N/A,2 Pedal Cycle,BRUNSWICK SQUARE J/W GRENVILLE STREET,2,12/11/2018 08:35:00 AM,Monday,8.35,3 Bor,C,0,1 Roundabout,1 <= 20 MPH,1 Roundabout,9 Unknown (S/R),B,504,1 Zebra,1 Daylight,1 Fine,1 Road-Dry,0 None,0 None,530350,182240,-0.12246,51.524043,,,Unknown,"(51.524043, -0.12246)",http://opendatacommunities.org/id/london-borough-council/camden,8513,21/12/2020 02:48:43 PM
1170027794,CAMDEN,1 Driver/Rider,1 Male,16-24,18,1,3 Slight,-2 Unknown,-2 N/A,3 Powered 2 Wheeler,CAMDEN ROAD 30M W OF J/W CAMDEN STREET,1,24/03/2017 03:00:00 PM,Friday,15.00,1 TLRN,A,503,6 Single Cwy,2 30 MPH,0 No Jun In 20m,-2 Not Applicable,-2 Not Applicable,0,4 Pelican Or Similar,1 Daylight,1 Fine,1 Road-Dry,0 None,2 Other Object In Cwy,529040,184000,-0.140688,51.54016,,,Unknown,"(51.54016, -0.140688)",http://opendatacommunities.org/id/london-borough-council/camden,6814,21/12/2020 02:48:39 PM
1190194434,CAMDEN,2 PASSENGER,2 FEMALE,25-59,54,1,3 SLIGHT,'-2 NOT APPLICABLE,'-2 NOT APPLICABLE,6 BUS OR COACH,"Location uncertain. On HARRINGTON SQUARE, near the junction with HAMPSTEAD ROAD.",1,18/07/2019 05:25:00 PM,Thursday,17.25,1 TLRN,A,400,3 DUAL CWY,20,09 OTHER JUN,4 GIVE WAY/UNCONTROLLED,A,400,1 ZEBRA,2 DAYLIGHT,1 FINE,1 ROAD-DRY,3 ROAD SIGN DEF,0 NONE,529175,183086,-0.139078,51.531915,,,Unknown,"(51.531915, -0.139078)",http://opendatacommunities.org/id/london-borough-council/camden,9198,21/12/2020 02:48:44 PM
1180093516,CAMDEN,2 Passenger,1 Male,25-59,50,1,3 Slight,-2 Unknown,-2 N/A,5 Taxi,GRAFTON WAY J/W WHITFIELD STREET,2,01/03/2018 11:00:00 PM,Thursday,23.00,3 Bor,Unclassified,0,2 One-Way St,1 <= 20 MPH,6 Crossroads,4 Give Way/Uncontrolled,Unclassified,0,0 No Xing Facility In 50m,2 Dark,3 Snowing,4 Road-Frost/Ice,0 None,2 Other Object In Cwy,529250,182120,-0.138351,51.523217,,,Unknown,"(51.523217, -0.138351)",http://opendatacommunities.org/id/london-borough-council/camden,7787,21/12/2020 02:48:41 PM