Reference,London Borough Name,Casualty Class,Casualty Sex,Casualty Age Band,Casualty Age,Number Of Casualties,Casualty Severity,Pedestrian Location,Pedestrian Movement,Mode Of Travel,Attendant Location,Number Of Vehicles,Date,Day,Time,Highway,Road Class 1,Road Number 1,Road Type,Speed Limit,Junction Detail,Junction Control,Road Class 2,Road Number 2,Pedestrian Crossing,Light Condition Band,Weather,Road Surface,Special Conditions,Carriage Way Hazard,Easting,Northing,Longitude,Latitude,Ward Code,Ward Name,Spatial Accuracy,Location,Organisation URI,Socrata ID,Last Uploaded
1190171616,CAMDEN,3 PEDESTRIAN,2 FEMALE,25-59,43,1,3 SLIGHT,01 CROSSING ROAD ON PED XING,2 FROM DRIVERS N/SIDE MSK,1 PEDESTRIAN,"On Kentish Town Road, 25 metres south of the junction with Anglers Lane.",1,27/03/2019 06:00:00 PM,Wednesday,18.00,3 BOR,A,400,6 SINGLE CWY,20,00 NO JUN IN 20M,,0,0,4 PELICAN OR SIMILAR,1 DARK,1 FINE,1 ROAD-DRY,0 NONE,0 NONE,528969,184820,-0.141411,51.547546,,,Unknown,"(51.547546, -0.141411)",http://opendatacommunities.org/id/london-borough-council/camden,8880,21/12/2020 02:48:43 PM
0115EK40545,CAMDEN,1 Driver/Rider,2 Female,25-59,51,1,3 Slight,-2 Unknown,-2 N/A,3 Powered 2 Wheeler,BLOOMSBURY SQUARE J/W BLOOMSBURY WAY,2,01/07/2015 11:50:00 AM,Wednesday,11.50,3 Bor,Unclassified,0,2 One-Way St,1 <= 20 MPH,3 T/Stag Jun,4 Give Way/Uncontrolled,A,40,4 Pelican Or Similar,1 Daylight,1 Fine,1 Road-Dry,0 None,0 None,530330,181600,-0.122985,51.518296,,,Unknown,"(51.518296, -0.122985)",http://opendatacommunities.org/id/london-borough-council/camden,5032,21/12/2020 02:48:36 PM
0115EK40506,CAMDEN,3 Pedestrian,2 Female,25-59,58,1,3 Slight,05 Crossing Road (Not On Xing),3 From Drivers O/Side,1 Pedestrian,HAMPSTEAD ROAD J/W NETLEY STREET,1,24/06/2015 02:47:00 PM,Wednesday,14.47,1 TLRN,A,400,6 Single Cwy,2 30 MPH,3 T/Stag Jun,4 Give Way/Uncontrolled,Unclassified,0,8 Central Refuge,1 Daylight,1 Fine,1 Road-Dry,0 None,0 None,529210,182620,-0.138744,51.527719,,,Unknown,"(51.527719, -0.138744)",http://opendatacommunities.org/id/london-borough-council/camden,4995,21/12/2020 02:48:36 PM
1160003427,CAMDEN,3 Pedestrian,1 Male,60+,88,1,2 Serious,01 Crossing Road On Ped Xing,1 From Drivers N/Side,1 Pedestrian,PRINCE OF WALES ROAD J/W WILLIES ROAD,1,25/11/2016 02:00:00 PM,Friday,14.00,3 Bor,C,0,6 Single Cwy,2 30 MPH,9 Other Jun,2 Auto Sig,Unclassified,0,5 Pedn Phase At Ats,1 Daylight,1 Fine,1 Road-Dry,4 Roadworks,0 None,528831,184715,-0.143439,51.546633,,,Unknown,"(51.546633, -0.143439)",http://opendatacommunities.org/id/london-borough-council/camden,5700,21/12/2020 02:48:37 PM
0115CW11897,CAMDEN,2 Passenger,2 Female,16-24,19,1,3 Slight,-2 Unknown,-2 N/A,4 Car,KILBURN HIGH ROAD J/W KILBURN PARK ROAD,2,10/12/2015 10:21:00 PM,Thursday,22.21,3 Bor,A,5,6 Single Cwy,2 30 MPH,3 T/Stag Jun,4 Give Way/Uncontrolled,B,414,1 Zebra,2 Dark,1 Fine,1 Road-Dry,0 None,0 None,525660,183350,-0.189632,51.53508,,,Unknown,"(51.53508, -0.189632)",http://opendatacommunities.org/id/london-borough-council/camden,4583,21/12/2020 02:48:35 PM
1170046861,CAMDEN,3 Pedestrian,1 Male,0-15,9,1,3 Slight,05 Crossing Road (Not On Xing),9 Unknown Or Other,1 Pedestrian,KILBURN HIGH ROAD J/W PRIORY PARK ROAD,1,06/07/2017 07:28:00 AM,Thursday,7.28,3 Bor,A,5,6 Single Cwy,2 30 MPH,3 T/Stag Jun,4 Give Way/Uncontrolled,Unclassified,0,0 No Xing Facility In 50m,1 Daylight,1 Fine,1 Road-Dry,0 None,0 None,525180,183930,-0.196343,51.540399,,,Unknown,"(51.540399, -0.196343)",http://opendatacommunities.org/id/london-borough-council/camden,7119,21/12/2020 02:48:40 PM
1170014952,CAMDEN,1 Driver/Rider,1 Male,25-59,45,1,3 Slight,-2 Unknown,-2 N/A,4 Car,EUSTON ROAD J/W JUDD STREET,2,28/01/2017 11:15:00 PM,Saturday,23.15,1 TLRN,A,501,3 Dual Cwy,2 30 MPH,6 Crossroads,2 Auto Sig,B,504,5 Pedn Phase At Ats,2 Dark,1 Fine,2 Road-Wet,0 None,0 None,530080,182790,-0.126147,51.529048,,,Unknown,"(51.529048, -0.126147)",http://opendatacommunities.org/id/london-borough-council/camden,6619,21/12/2020 02:48:39 PM
0116EK40192,CAMDEN,1 Driver/Rider,2 Female,25-59,30,1,3 Slight,-2 Unknown,-2 N/A,2 Pedal Cycle,GORDON SQUARE J/W TAVISTOCK SQUARE.,2,30/03/2016 05:20:00 PM,Wednesday,17.20,3 Bor,C,0,6 Single Cwy,1 <= 20 MPH,6 Crossroads,2 Auto Sig,C,0,5 Pedn Phase At Ats,1 Daylight,1 Fine,1 Road-Dry,0 None,0 None,529890,182250,-0.129084,51.524238,,,Unknown,"(51.524238, -0.129084)",http://opendatacommunities.org/id/london-borough-council/camden,6137,21/12/2020 02:48:38 PM
1190183901,CAMDEN,1 DRIVER/RIDER,2 FEMALE,25-59,41,1,3 SLIGHT,'-2 NOT APPLICABLE,'-2 NOT APPLICABLE,2 PEDAL CYCLE,"On Woburn Place, near the junction with Coram Street.",2,29/05/2019 03:45:00 PM,Wednesday,15.45,3 BOR,A,4200,2 ONE-WAY ST,20,03 T/STAG JUN,4 GIVE WAY/UNCONTROLLED,6,0,8 CENTRAL REFUGE,2 DAYLIGHT,2 RAINING,2 ROAD-WET,0 NONE,0 NONE,530039,182173,-0.126966,51.523512,,,Unknown,"(51.523512, -0.126966)",http://opendatacommunities.org/id/london-borough-council/camden,9050,21/12/2020 02:48:44 PM
1160008628,CAMDEN,1 Driver/Rider,1 Male,25-59,35,1,3 Slight,-2 Unknown,-2 N/A,3 Powered 2 Wheeler,SWINTON STREET WC1 15M W OF J/W KINGS CROSS ROAD WC1,2,23/12/2016 08:23:00 PM,Friday,20.23,1 TLRN,A,501,2 One-Way St,1 <= 20 MPH,3 T/Stag Jun,2 Auto Sig,Unclassified,0,5 Pedn Phase At Ats,2 Dark,1 Fine,2 Road-Wet,1 Traf Sig Out,0 None,530757,182833,-0.116377,51.529278,,,Unknown,"(51.529278, -0.116377)",http://opendatacommunities.org/id/london-borough-council/camden,5801,21/12/2020 02:48:37 PM
1190177942,CAMDEN,3 PEDESTRIAN,1 MALE,25-59,47,1,2 SERIOUS,06 ON FOOTPATH - VERGE,9 UNKNOWN OR OTHER,1 PEDESTRIAN,"On Georgiana Street, near the junction with royal college street.",1,30/04/2019 11:50:00 AM,Tuesday,11.50,3 BOR,A,5202,2 ONE-WAY ST,20,06 CROSSROADS,4 GIVE WAY/UNCONTROLLED,6,0,0 NO XING FACILITY IN 50M,2 DAYLIGHT,1 FINE,1 ROAD-DRY,0 NONE,0 NONE,529310,183977,-0.136806,51.539892,,,Unknown,"(51.539892, -0.136806)",http://opendatacommunities.org/id/london-borough-council/camden,8959,21/12/2020 02:48:44 PM
0115EK40955,CAMDEN,1 Driver/Rider,1 Male,25-59,42,1,3 Slight,-2 Unknown,-2 N/A,3 Powered 2 Wheeler,GOWER STREET J/W GRAFTON WAY.,2,27/10/2015 06:05:00 PM,Tuesday,18.05,3 Bor,A,400,6 Single Cwy,2 30 MPH,3 T/Stag Jun,4 Give Way/Uncontrolled,C,0,4 Pelican Or Similar,2 Dark,1 Fine,1 Road-Dry,0 None,0 None,529480,182280,-0.134979,51.524602,,,Unknown,"(51.524602, -0.134979)",http://opendatacommunities.org/id/london-borough-council/camden,5381,21/12/2020 02:48:37 PM
1170079502,CAMDEN,1 Driver/Rider,2 Female,25-59,30,1,3 Slight,-2 Unknown,-2 N/A,3 Powered 2 Wheeler,BAYHAM STREET J/W PLENDER STREET,2,21/12/2017 11:20:00 AM,Thursday,11.20,3 Bor,C,0,6 Single Cwy,1 <= 20 MPH,3 T/Stag Jun,4 Give Way/Uncontrolled,Unclassified,0,1 Zebra,1 Daylight,1 Fine,1 Road-Dry,0 None,0 None,529190,183560,-0.138688,51.536172,,,Unknown,"(51.536172, -0.138688)",http://opendatacommunities.org/id/london-borough-council/camden,7623,21/12/2020 02:48:41 PM
0116EK40206,CAMDEN,1 Driver/Rider,1 Male,16-24,23,1,3 Slight,-2 Unknown,-2 N/A,2 Pedal Cycle,EVERSHOLT STREET J/W EUSTON ROAD,2,07/04/2016 01:12:00 PM,Thursday,13.12,1 TLRN,A,4200,6 Single Cwy,1 <= 20 MPH,6 Crossroads,2 Auto Sig,A,501,5 Pedn Phase At Ats,1 Daylight,1 Fine,1 Road-Dry,0 None,0 None,529750,182600,-0.130972,51.527416,,,Unknown,"(51.527416, -0.130972)",http://opendatacommunities.org/id/london-borough-council/camden,6153,21/12/2020 02:48:38 PM
1180116362,CAMDEN,1 Driver/Rider,1 Male,25-59,29,1,3 Slight,-2 Unknown,-2 N/A,4 Car,BAYHAM STREET J/W CROWNDALE ROAD,1,24/06/2018 03:29:00 AM,Sunday,3.29,3 Bor,C,0,6 Single Cwy,1 <= 20 MPH,3 T/Stag Jun,4 Give Way/Uncontrolled,B,512,1 Zebra,2 Dark,1 Fine,1 Road-Dry,4 Roadworks,2 Other Object In Cwy,529260,183430,-0.137727,51.534987,,,Unknown,"(51.534987, -0.137727)",http://opendatacommunities.org/id/london-borough-council/camden,8110,21/12/2020 02:48:42 PM
0115EK40193,CAMDEN,1 Driver/Rider,1 Male,25-59,45,1,3 Slight,-2 Unknown,-2 N/A,4 Car,NETHERWOOD STREET 51M NE OF J/W KILBURN HIGH ROAD,2,08/03/2015 04:55:00 PM,Sunday,16.55,3 Bor,Unclassified,0,6 Single Cwy,2 30 MPH,0 No Jun In 20m,-2 Not Applicable,-2 Not Applicable,0,0 No Xing Facility In 50m,1 Daylight,1 Fine,1 Road-Dry,0 None,0 None,524850,184430,-0.200921,51.544966,,,Unknown,"(51.544966, -0.200921)",http://opendatacommunities.org/id/london-borough-council/camden,4733,21/12/2020 02:48:36 PM
1170041641,CAMDEN,1 Driver/Rider,1 Male,25-59,38,1,2 Serious,-2 Unknown,-2 N/A,4 Car,FAIRFAX ROAD J/W HARBEN ROAD,2,07/06/2017 07:10:00 AM,Wednesday,7.10,3 Bor,C,0,6 Single Cwy,1 <= 20 MPH,3 T/Stag Jun,4 Give Way/Uncontrolled,Unclassified,0,0 No Xing Facility In 50m,1 Daylight,1 Fine,1 Road-Dry,0 None,0 None,526410,184400,-0.178447,51.544349,,,Unknown,"(51.544349, -0.178447)",http://opendatacommunities.org/id/london-borough-council/camden,7017,21/12/2020 02:48:39 PM
1170068449,CAMDEN,2 Passenger,1 Male,0-15,8,1,3 Slight,-2 Unknown,-2 N/A,4 Car,HIGHGATE ROAD J/W CHETWYND ROAD,3,06/11/2017 02:15:00 PM,Monday,14.15,3 Bor,C,0,6 Single Cwy,2 30 MPH,9 Other Jun,2 Auto Sig,C,0,5 Pedn Phase At Ats,1 Daylight,1 Fine,1 Road-Dry,0 None,0 None,528580,185840,-0.146645,51.556801,,,Unknown,"(51.556801, -0.146645)",http://opendatacommunities.org/id/london-borough-council/camden,7484,21/12/2020 02:48:41 PM
1180104368,CAMDEN,1 Driver/Rider,1 Male,16-24,24,1,3 Slight,-2 Unknown,-2 N/A,3 Powered 2 Wheeler,CAMDEN ROAD J/W ROCHESTER SQUARE,2,27/04/2018 09:45:00 AM,Friday,9.45,1 TLRN,A,503,6 Single Cwy,2 30 MPH,9 Other Jun,4 Give Way/Uncontrolled,Unclassified,0,0 No Xing Facility In 50m,1 Daylight,2 Raining,2 Road-Wet,0 None,0 None,529360,184430,-0.135919,51.543951,,,Unknown,"(51.543951, -0.135919)",http://opendatacommunities.org/id/london-borough-council/camden,7935,21/12/2020 02:48:41 PM
1170044253,CAMDEN,1 Driver/Rider,1 Male,25-59,42,1,3 Slight,-2 Unknown,-2 N/A,4 Car,SWINTON STREET J/W GRAY'S INN ROAD,4,21/06/2017 07:20:00 PM,Wednesday,19.20,1 TLRN,A,501,2 One-Way St,1 <= 20 MPH,3 T/Stag Jun,2 Auto Sig,A,501,4 Pelican Or Similar,1 Daylight,1 Fine,1 Road-Dry,0 None,0 None,530580,182770,-0.118951,51.528753,,,Unknown,"(51.528753, -0.118951)",http://opendatacommunities.org/id/london-borough-council/camden,7068,21/12/2020 02:48:40 PM
1170026961,CAMDEN,1 Driver/Rider,2 Female,25-59,51,1,2 Serious,-2 Unknown,-2 N/A,2 Pedal Cycle,GUILFORD STREET J/W LANDSDOWNE TERRACE,2,21/03/2017 07:55:00 AM,Tuesday,7.55,3 Bor,B,502,3 Dual Cwy,1 <= 20 MPH,3 T/Stag Jun,4 Give Way/Uncontrolled,B,502,1 Zebra,1 Daylight,1 Fine,1 Road-Dry,0 None,2 Other Object In Cwy,530480,182160,-0.120617,51.523294,,,Unknown,"(51.523294, -0.120617)",http://opendatacommunities.org/id/london-borough-council/camden,6804,21/12/2020 02:48:39 PM
1190185859,CAMDEN,2 PASSENGER,1 MALE,60+,71,1,3 SLIGHT,'-2 NOT APPLICABLE,'-2 NOT APPLICABLE,6 BUS OR COACH,"On KILBURN HIGH ROAD, near the junction with PRIORY PARK ROAD.",1,07/06/2019 02:48:00 PM,Friday,14.48,3 BOR,A,5,3 DUAL CWY,30,03 T/STAG JUN,4 GIVE WAY/UNCONTROLLED,6,0,0 NO XING FACILITY IN 50M,2 DAYLIGHT,1 FINE,1 ROAD-DRY,0 NONE,0 NONE,525144,183970,-0.196847,51.540767,,,Unknown,"(51.540767, -0.196847)",http://opendatacommunities.org/id/london-borough-council/camden,9076,21/12/2020 02:48:44 PM
0115EK40509,CAMDEN,1 Driver/Rider,1 Male,25-59,52,1,3 Slight,-2 Unknown,-2 N/A,2 Pedal Cycle,BLOOMSBURY STREET J/W NEW OXFORD STREET,2,10/07/2015 02:45:00 PM,Friday,14.45,3 Bor,A,400,6 Single Cwy,2 30 MPH,6 Crossroads,2 Auto Sig,A,40,5 Pedn Phase At Ats,1 Daylight,1 Fine,1 Road-Dry,0 None,0 None,530050,181450,-0.127074,51.517012,,,Unknown,"(51.517012, -0.127074)",http://opendatacommunities.org/id/london-borough-council/camden,4998,21/12/2020 02:48:36 PM
0115EK40225,CAMDEN,1 Driver/Rider,1 Male,25-59,25,1,3 Slight,-2 Unknown,-2 N/A,3 Powered 2 Wheeler,ADELAIDE ROAD J/W ELSWORTHY RISE,2,24/03/2015 03:15:00 PM,Tuesday,15.15,3 Bor,B,509,6 Single Cwy,2 30 MPH,3 T/Stag Jun,4 Give Way/Uncontrolled,Unclassified,0,0 No Xing Facility In 50m,1 Daylight,1 Fine,1 Road-Dry,0 None,0 None,527360,184310,-0.164787,51.543327,,,Unknown,"(51.543327, -0.164787)",http://opendatacommunities.org/id/london-borough-council/camden,4757,21/12/2020 02:48:36 PM
1170033678,CAMDEN,3 Pedestrian,2 Female,0-15,10,1,3 Slight,01 Crossing Road On Ped Xing,3 From Drivers O/Side,1 Pedestrian,KENTISH TOWN ROAD J/W YORK MEWS,1,20/04/2017 07:20:00 PM,Thursday,19.20,3 Bor,A,400,6 Single Cwy,2 30 MPH,3 T/Stag Jun,4 Give Way/Uncontrolled,Unclassified,0,4 Pelican Or Similar,1 Daylight,1 Fine,1 Road-Dry,0 None,0 None,529000,185070,-0.140873,51.549785,,,Unknown,"(51.549785, -0.140873)",http://opendatacommunities.org/id/london-borough-council/camden,6907,21/12/2020 02:48:39 PM
1180120045,CAMDEN,1 Driver/Rider,1 Male,25-59,59,1,3 Slight,-2 Unknown,-2 N/A,2 Pedal Cycle,OUTER CIRCLE J/W CUMBERLAND TERRACE,2,10/07/2018 07:45:00 AM,Tuesday,7.45,3 Bor,Unclassified,0,6 Single Cwy,2 30 MPH,3 T/Stag Jun,4 Give Way/Uncontrolled,Unclassified,0,0 No Xing Facility In 50m,1 Daylight,1 Fine,1 Road-Dry,0 None,0 None,528684,182974,-0.146193,51.531021,,,Unknown,"(51.531021, -0.146193)",http://opendatacommunities.org/id/london-borough-council/camden,8161,21/12/2020 02:48:42 PM
1190197367,CAMDEN,1 DRIVER/RIDER,2 FEMALE,25-59,43,1,3 SLIGHT,'-2 NOT APPLICABLE,'-2 NOT APPLICABLE,3 POWERED 2 WHEELER,"On Fitzjohn's Avenue, near the junction with Prince Arthur Road.",2,30/07/2019 06:50:00 PM,Tuesday,18.50,3 BOR,B,511,6 SINGLE CWY,20,06 CROSSROADS,9 UNKNOWN (S/R),6,0,0 NO XING FACILITY IN 50M,2 DAYLIGHT,8 OTHER,2 ROAD-WET,0 NONE,0 NONE,526462,185510,-0.177299,51.554313,,,Unknown,"(51.554313, -0.177299)",http://opendatacommunities.org/id/london-borough-council/camden,9251,21/12/2020 02:48:44 PM
1160024584,CAMDEN,1 Driver/Rider,2 Female,16-24,22,1,3 Slight,-2 Unknown,-2 N/A,4 Car,SOUTHAMPTON PLACE J/W BLOOMSBURY WAY,2,07/10/2016 05:35:00 PM,Friday,17.35,3 Bor,C,0,2 One-Way St,1 <= 20 MPH,3 T/Stag Jun,2 Auto Sig,A,40,5 Pedn Phase At Ats,1 Daylight,1 Fine,1 Road-Dry,0 None,0 None,530370,181620,-0.122402,51.518466,,,Unknown,"(51.518466, -0.122402)",http://opendatacommunities.org/id/london-borough-council/camden,5910,21/12/2020 02:48:38 PM
1180087274,CAMDEN,3 Pedestrian,1 Male,16-24,18,1,3 Slight,04 Crossing Road Within 50m Xing,9 Unknown Or Other,1 Pedestrian,ROYAL COLLEGE STREET J/W KENTISH TOWN ROAD,1,24/01/2018 09:07:00 PM,Wednesday,21.07,3 Bor,A,5202,6 Single Cwy,2 30 MPH,7 Multi Jun,2 Auto Sig,A,400,9 Unknown (S/R),1 Daylight,8 Other,2 Road-Wet,0 None,0 None,528980,184530,-0.141359,51.544937,,,Unknown,"(51.544937, -0.141359)",http://opendatacommunities.org/id/london-borough-council/camden,7710,21/12/2020 02:48:41 PM
0116EK40370,CAMDEN,1 Driver/Rider,1 Male,25-59,30,1,3 Slight,-2 Unknown,-2 N/A,3 Powered 2 Wheeler,GREAT RUSSELL STREET J/W COPTIC STREET.,3,28/05/2016 04:45:00 PM,Saturday,16.45,3 Bor,C,0,6 Single Cwy,2 30 MPH,3 T/Stag Jun,4 Give Way/Uncontrolled,C,0,0 No Xing Facility In 50m,1 Daylight,1 Fine,1 Road-Dry,0 None,0 None,530080,181570,-0.126597,51.518084,,,Unknown,"(51.518084, -0.126597)",http://opendatacommunities.org/id/london-borough-council/camden,6291,21/12/2020 02:48:38 PM
0116EK40212,CAMDEN,1 Driver/Rider,1 Male,25-59,31,1,3 Slight,-2 Unknown,-2 N/A,3 Powered 2 Wheeler,HIGHGATE ROAD J/W ST ALBAN'S ROAD,2,09/04/2016 03:55:00 PM,Saturday,15.55,3 Bor,C,0,6 Single Cwy,1 <= 20 MPH,3 T/Stag Jun,4 Give Way/Uncontrolled,Unclassified,0,0 No Xing Facility In 50m,1 Daylight,1 Fine,1 Road-Dry,0 None,0 None,528310,186280,-0.150377,51.560816,,,Unknown,"(51.560816, -0.150377)",http://opendatacommunities.org/id/london-borough-council/camden,6158,21/12/2020 02:48:38 PM
1170062328,CAMDEN,1 Driver/Rider,1 Male,25-59,26,1,3 Slight,-2 Unknown,-2 N/A,2 Pedal Cycle,OUTER CIRCLE 50M S OF J/W CHESTER GATE,3,03/10/2017 01:50:00 PM,Tuesday,13.50,3 Bor,Unclassified,0,6 Single Cwy,2 30 MPH,0 No Jun In 20m,-2 Not Applicable,-2 Not Applicable,0,0 No Xing Facility In 50m,1 Daylight,1 Fine,1 Road-Dry,0 None,0 None,528720,182450,-0.145866,51.526303,,,Unknown,"(51.526303, -0.145866)",http://opendatacommunities.org/id/london-borough-council/camden,7373,21/12/2020 02:48:40 PM
1170021034,CAMDEN,3 Pedestrian,2 Female,25-59,39,1,3 Slight,05 Crossing Road (Not On Xing),1 From Drivers N/Side,1 Pedestrian,FLAXMAN TERRACE 30M W OF J/W MABLEDON PLACE,1,25/02/2017 09:58:00 AM,Saturday,9.58,3 Bor,Unclassified,0,3 Dual Cwy,1 <= 20 MPH,0 No Jun In 20m,-2 Not Applicable,-2 Not Applicable,0,0 No Xing Facility In 50m,1 Daylight,1 Fine,1 Road-Dry,0 None,0 None,529940,182610,-0.128231,51.527462,,,Unknown,"(51.527462, -0.128231)",http://opendatacommunities.org/id/london-borough-council/camden,6714,21/12/2020 02:48:39 PM
0115EK40599,CAMDEN,1 Driver/Rider,1 Male,25-59,29,1,3 Slight,-2 Unknown,-2 N/A,2 Pedal Cycle,FITZJOHN'S AVENUE 30M S OF NUTLEY TERRACE,2,18/07/2015 11:55:00 AM,Saturday,11.55,3 Bor,B,511,6 Single Cwy,2 30 MPH,0 No Jun In 20m,-2 Not Applicable,-2 Not Applicable,0,0 No Xing Facility In 50m,1 Daylight,1 Fine,1 Road-Dry,0 None,0 None,526570,184940,-0.175947,51.549167,,,Unknown,"(51.549167, -0.175947)",http://opendatacommunities.org/id/london-borough-council/camden,5084,21/12/2020 02:48:36 PM
1170073442,CAMDEN,1 Driver/Rider,1 Male,25-59,39,1,3 Slight,-2 Unknown,-2 N/A,2 Pedal Cycle,TOTTENHAM COURT ROAD 25M E OF J/W EUSTON ROAD THE NEAREST CLASSIFI,1,12/11/2017 06:00:00 AM,Sunday,6.00,3 Bor,A,400,6 Single Cwy,2 30 MPH,0 No Jun In 20m,-2 Not Applicable,-2 Not Applicable,0,0 No Xing Facility In 50m,1 Daylight,1 Fine,1 Road-Dry,0 None,0 None,529530,181850,-0.134417,51.520726,,,Unknown,"(51.520726, -0.134417)",http://opendatacommunities.org/id/london-borough-council/camden,7559,21/12/2020 02:48:41 PM
0115EK40363,CAMDEN,2 Passenger,1 Male,25-59,42,1,3 Slight,-2 Unknown,-2 N/A,6 Bus Or Coach,SHAFTESBURY AVENUE J/W MERCER STREET,1,10/05/2015 04:14:00 PM,Sunday,16.14,3 Bor,A,401,6 Single Cwy,2 30 MPH,6 Crossroads,4 Give Way/Uncontrolled,Unclassified,0,1 Zebra,1 Daylight,1 Fine,1 Road-Dry,0 None,0 None,530000,181140,-0.127908,51.514238,,,Unknown,"(51.514238, -0.127908)",http://opendatacommunities.org/id/london-borough-council/camden,4869,21/12/2020 02:48:36 PM
1190181053,CAMDEN,2 PASSENGER,2 FEMALE,0-15,8,1,3 SLIGHT,'-2 NOT APPLICABLE,'-2 NOT APPLICABLE,6 BUS OR COACH,"On Southampton Row, near the junction with Russell Square.",2,15/05/2019 03:45:00 PM,Wednesday,15.45,3 BOR,A,4200,6 SINGLE CWY,20,07 MULTI JUN,2 AUTO SIG,A,4200,4 PELICAN OR SIMILAR,2 DAYLIGHT,1 FINE,1 ROAD-DRY,0 NONE,0 NONE,530263,181932,-0.123828,51.521295,,,Unknown,"(51.521295, -0.123828)",http://opendatacommunities.org/id/london-borough-council/camden,9008,21/12/2020 02:48:44 PM
1190185614,CAMDEN,1 DRIVER/RIDER,1 MALE,25-59,29,1,3 SLIGHT,'-2 NOT APPLICABLE,'-2 NOT APPLICABLE,3 POWERED 2 WHEELER,"On Albany Street NW1, near the junction with Cambridge Gate Mews.",2,06/06/2019 05:40:00 PM,Thursday,17.40,3 BOR,A,4201,3 DUAL CWY,30,03 T/STAG JUN,4 GIVE WAY/UNCONTROLLED,6,0,0 NO XING FACILITY IN 50M,2 DAYLIGHT,1 FINE,1 ROAD-DRY,0 NONE,0 NONE,528846,182533,-0.144021,51.527021,,,Unknown,"(51.527021, -0.144021)",http://opendatacommunities.org/id/london-borough-council/camden,9072,21/12/2020 02:48:44 PM
0116EK40036,CAMDEN,1 Driver/Rider,1 Male,16-24,24,1,3 Slight,-2 Unknown,-2 N/A,3 Powered 2 Wheeler,FORTESS ROAD 50M S OF BRECKNOCK ROAD,1,20/01/2016 06:07:00 PM,Wednesday,18.07,3 Bor,A,400,6 Single Cwy,2 30 MPH,0 No Jun In 20m,-2 Not Applicable,-2 Not Applicable,0,0 No Xing Facility In 50m,2 Dark,1 Fine,1 Road-Dry,0 None,0 None,529130,185810,-0.138727,51.556406,,,Unknown,"(51.556406, -0.138727)",http://opendatacommunities.org/id/london-borough-council/camden,6011,21/12/2020 02:48:38 PM
0116EK40011,CAMDEN,3 Pedestrian,1 Male,25-59,34,1,3 Slight,05 Crossing Road (Not On Xing),1 From Drivers N/Side,1 Pedestrian,SHERRIFF ROAD J/W WEST END LANE,1,24/01/2016 05:00:00 PM,Sunday,17.00,3 Bor,Unclassified,0,6 Single Cwy,2 30 MPH,3 T/Stag Jun,4 Give Way/Uncontrolled,B,510,0 No Xing Facility In 50m,2 Dark,1 Fine,1 Road-Dry,0 None,0 None,525500,184560,-0.191506,51.54599,,,Unknown,"(51.54599, -0.191506)",http://opendatacommunities.org/id/london-borough-council/camden,5987,21/12/2020 02:48:38 PM
1170015220,CAMDEN,3 Pedestrian,2 Female,25-59,46,1,3 Slight,06 On Footpath - Verge,9 Unknown Or Other,1 Pedestrian,LEATHER LANE 25M N OF J/W GREVILLE STREET,1,30/01/2017 03:45:00 PM,Monday,15.45,3 Bor,Unclassified,0,2 One-Way St,1 <= 20 MPH,0 No Jun In 20m,-2 Not Applicable,-2 Not Applicable,0,0 No Xing Facility In 50m,2 Dark,1 Fine,1 Road-Dry,0 None,2 Other Object In Cwy,531270,181780,-0.109378,51.519696,,,Unknown,"(51.519696, -0.109378)",http://opendatacommunities.org/id/london-borough-council/camden,6628,21/12/2020 02:48:39 PM
0115EK41009,CAMDEN,2 Passenger,2 Female,25-59,52,1,2 Serious,-2 Unknown,-2 N/A,6 Bus Or Coach,YORK WAY J/W EUSTON ROAD.,1,13/11/2015 10:30:00 AM,Friday,10.30,1 TLRN,A,5200,2 One-Way St,2 30 MPH,7 Multi Jun,2 Auto Sig,A,501,5 Pedn Phase At Ats,1 Daylight,1 Fine,1 Road-Dry,0 None,0 None,530320,182990,-0.122615,51.53079,,,Unknown,"(51.53079, -0.122615)",http://opendatacommunities.org/id/london-borough-council/camden,5433,21/12/2020 02:48:37 PM
1190213168,CAMDEN,3 PEDESTRIAN,2 FEMALE,0-15,11,1,3 SLIGHT,05 CROSSING ROAD (NOT ON XING),2 FROM DRIVERS N/SIDE MSK,1 PEDESTRIAN,"On ADELAIDE ROAD, 75 metres west of the junction with WINCHESTER ROAD.",1,17/10/2019 03:00:00 PM,Thursday,15.00,3 BOR,B,509,6 SINGLE CWY,20,00 NO JUN IN 20M,,0,0,0 NO XING FACILITY IN 50M,2 DAYLIGHT,1 FINE,1 ROAD-DRY,0 NONE,0 NONE,526857,184147,-0.172096,51.541975,,,Unknown,"(51.541975, -0.172096)",http://opendatacommunities.org/id/london-borough-council/camden,9458,21/12/2020 02:48:44 PM
0115EK40763,CAMDEN,2 Passenger,1 Male,25-59,39,1,3 Slight,-2 Unknown,-2 N/A,5 Taxi,"EUSTON ROAD, 200 METRES NE OF EUSTON ROAD SLIP ROAD.",4,01/09/2015 04:26:00 PM,Tuesday,16.26,1 TLRN,A,501,3 Dual Cwy,4 50 MPH,0 No Jun In 20m,-2 Not Applicable,-2 Not Applicable,0,0 No Xing Facility In 50m,1 Daylight,1 Fine,1 Road-Dry,0 None,0 None,529260,182330,-0.13813,51.525102,,,Unknown,"(51.525102, -0.13813)",http://opendatacommunities.org/id/london-borough-council/camden,5231,21/12/2020 02:48:37 PM