Reference,London Borough Name,Casualty Class,Casualty Sex,Casualty Age Band,Casualty Age,Number Of Casualties,Casualty Severity,Pedestrian Location,Pedestrian Movement,Mode Of Travel,Attendant Location,Number Of Vehicles,Date,Day,Time,Highway,Road Class 1,Road Number 1,Road Type,Speed Limit,Junction Detail,Junction Control,Road Class 2,Road Number 2,Pedestrian Crossing,Light Condition Band,Weather,Road Surface,Special Conditions,Carriage Way Hazard,Easting,Northing,Longitude,Latitude,Ward Code,Ward Name,Spatial Accuracy,Location,Organisation URI,Socrata ID,Last Uploaded
1180097740,CAMDEN,1 Driver/Rider,1 Male,25-59,28,1,2 Serious,-2 Unknown,-2 N/A,3 Powered 2 Wheeler,FORTUNE GREEN ROAD J/W HILLFIELD ROAD,2,22/03/2018 06:15:00 PM,Thursday,18.15,3 Bor,B,510,6 Single Cwy,1 <= 20 MPH,3 T/Stag Jun,4 Give Way/Uncontrolled,Unclassified,0,0 No Xing Facility In 50m,2 Dark,1 Fine,1 Road-Dry,0 None,0 None,525190,185400,-0.195676,51.553608,,,Unknown,"(51.553608, -0.195676)",http://opendatacommunities.org/id/london-borough-council/camden,7831,21/12/2020 02:48:41 PM
1180139208,CAMDEN,1 Driver/Rider,2 Female,25-59,55,1,3 Slight,-2 Unknown,-2 N/A,2 Pedal Cycle,NFL WOBURN PLACE J/W CORAM STREET,3,12/10/2018 05:35:00 PM,Friday,17.35,3 Bor,A,4200,6 Single Cwy,2 30 MPH,3 T/Stag Jun,4 Give Way/Uncontrolled,Unclassified,0,5 Pedn Phase At Ats,1 Daylight,1 Fine,1 Road-Dry,0 None,0 None,530040,182200,-0.126941,51.523755,,,Unknown,"(51.523755, -0.126941)",http://opendatacommunities.org/id/london-borough-council/camden,8436,21/12/2020 02:48:43 PM
0115EK40211,CAMDEN,1 Driver/Rider,1 Male,16-24,21,1,3 Slight,-2 Unknown,-2 N/A,3 Powered 2 Wheeler,EVERSHOLT STREET J/W LANCING STREET,2,17/03/2015 06:30:00 PM,Tuesday,18.30,3 Bor,A,4200,6 Single Cwy,2 30 MPH,3 T/Stag Jun,4 Give Way/Uncontrolled,Unclassified,0,4 Pelican Or Similar,1 Daylight,1 Fine,1 Road-Dry,0 None,0 None,529680,182690,-0.131947,51.528241,,,Unknown,"(51.528241, -0.131947)",http://opendatacommunities.org/id/london-borough-council/camden,4744,21/12/2020 02:48:36 PM
0115EK40310,CAMDEN,3 Pedestrian,2 Female,25-59,31,1,3 Slight,05 Crossing Road (Not On Xing),3 From Drivers O/Side,1 Pedestrian,CAMDEN STREET J/W BONNY STREET,1,23/04/2015 09:21:00 AM,Thursday,9.21,3 Bor,A,400,6 Single Cwy,2 30 MPH,3 T/Stag Jun,4 Give Way/Uncontrolled,Unclassified,0,0 No Xing Facility In 50m,1 Daylight,1 Fine,1 Road-Dry,0 None,0 None,529040,184140,-0.140637,51.541418,,,Unknown,"(51.541418, -0.140637)",http://opendatacommunities.org/id/london-borough-council/camden,4832,21/12/2020 02:48:36 PM
1180154621,CAMDEN,1 Driver/Rider,1 Male,25-59,26,1,3 Slight,-2 Unknown,-2 N/A,4 Car,CAMDEN ROAD 50M S OF J/W MURRAY STREET,2,27/12/2018 09:55:00 PM,Thursday,21.55,1 TLRN,A,503,6 Single Cwy,1 <= 20 MPH,0 No Jun In 20m,-2 Not Applicable,-2 Not Applicable,0,0 No Xing Facility In 50m,2 Dark,1 Fine,1 Road-Dry,0 None,0 None,529400,184480,-0.135324,51.544391,,,Unknown,"(51.544391, -0.135324)",http://opendatacommunities.org/id/london-borough-council/camden,8646,21/12/2020 02:48:43 PM
1170073134,CAMDEN,1 Driver/Rider,1 Male,16-24,22,1,2 Serious,-2 Unknown,-2 N/A,2 Pedal Cycle,PENTOVILLE ROAD N1 J/W KING'S CROSS BRIDGE,2,26/11/2017 07:40:00 PM,Sunday,19.40,1 TLRN,A,501,2 One-Way St,2 30 MPH,6 Crossroads,2 Auto Sig,A,5203,5 Pedn Phase At Ats,2 Dark,1 Fine,1 Road-Dry,3 Road Sign Def,0 None,530440,183000,-0.120883,51.530852,,,Unknown,"(51.530852, -0.120883)",http://opendatacommunities.org/id/london-borough-council/camden,7553,21/12/2020 02:48:41 PM
1170019099,CAMDEN,1 Driver/Rider,1 Male,25-59,32,1,3 Slight,-2 Unknown,-2 N/A,3 Powered 2 Wheeler,GRAYS INN ROAD J/W VERALUM STREET,2,17/02/2017 11:53:00 AM,Friday,11.53,3 Bor,A,5200,6 Single Cwy,2 30 MPH,3 T/Stag Jun,3 Stop Sign,Unclassified,0,0 No Xing Facility In 50m,1 Daylight,1 Fine,1 Road-Dry,0 None,0 None,531051,181835,-0.112512,51.520241,,,Unknown,"(51.520241, -0.112512)",http://opendatacommunities.org/id/london-borough-council/camden,6683,21/12/2020 02:48:39 PM
1190170136,CAMDEN,1 DRIVER/RIDER,2 FEMALE,25-59,26,1,3 SLIGHT,'-2 NOT APPLICABLE,'-2 NOT APPLICABLE,2 PEDAL CYCLE,"On Eversholt Street, 10 metres south of the junction with Doric Way.",2,20/03/2019 08:20:00 AM,Wednesday,8.20,3 BOR,A,4200,6 SINGLE CWY,20,03 T/STAG JUN,4 GIVE WAY/UNCONTROLLED,6,0,1 ZEBRA,2 DAYLIGHT,1 FINE,1 ROAD-DRY,0 NONE,0 NONE,529661,182726,-0.132208,51.528569,,,Unknown,"(51.528569, -0.132208)",http://opendatacommunities.org/id/london-borough-council/camden,8857,21/12/2020 02:48:43 PM
0116EK40425,CAMDEN,1 Driver/Rider,1 Male,25-59,42,1,3 Slight,-2 Unknown,-2 N/A,3 Powered 2 Wheeler,EVERSHOLT STREET J/W DORIC WAY,2,18/06/2016 12:30:00 PM,Saturday,12.30,3 Bor,A,4200,6 Single Cwy,1 <= 20 MPH,3 T/Stag Jun,4 Give Way/Uncontrolled,Unclassified,0,4 Pelican Or Similar,1 Daylight,1 Fine,1 Road-Dry,0 None,0 None,529650,182740,-0.132361,51.528697,,,Unknown,"(51.528697, -0.132361)",http://opendatacommunities.org/id/london-borough-council/camden,6341,21/12/2020 02:48:38 PM
1180132014,CAMDEN,3 Pedestrian,1 Male,25-59,37,1,3 Slight,04 Crossing Road Within 50m Xing,1 From Drivers N/Side,1 Pedestrian,HIGH HOLBORN J/W GRAYS INN ROAD,1,11/09/2018 10:50:00 PM,Tuesday,22.50,3 Bor,A,40,6 Single Cwy,2 30 MPH,3 T/Stag Jun,2 Auto Sig,A,5200,5 Pedn Phase At Ats,2 Dark,2 Raining,2 Road-Wet,0 None,0 None,531160,181600,-0.11103,51.518104,,,Unknown,"(51.518104, -0.11103)",http://opendatacommunities.org/id/london-borough-council/camden,8315,21/12/2020 02:48:42 PM
0116EK40382,CAMDEN,3 Pedestrian,2 Female,25-59,30,1,3 Slight,04 Crossing Road Within 50m Xing,1 From Drivers N/Side,1 Pedestrian,SOUTH END RD J/W SOUTH END RD,1,08/05/2016 04:45:00 PM,Sunday,16.45,3 Bor,C,0,6 Single Cwy,2 30 MPH,6 Crossroads,4 Give Way/Uncontrolled,Unclassified,0,1 Zebra,1 Daylight,1 Fine,1 Road-Dry,0 None,6 Ped In Cwy (Not Inj),527220,185640,-0.166325,51.555311,,,Unknown,"(51.555311, -0.166325)",http://opendatacommunities.org/id/london-borough-council/camden,6305,21/12/2020 02:48:38 PM
0115EK40858,CAMDEN,1 Driver/Rider,2 Female,16-24,23,1,3 Slight,-2 Unknown,-2 N/A,3 Powered 2 Wheeler,CAMDEN STREET J/W GREENLAND ROAD.,2,30/09/2015 10:55:00 PM,Wednesday,22.55,1 TLRN,A,400,2 One-Way St,2 30 MPH,3 T/Stag Jun,4 Give Way/Uncontrolled,Unclassified,0,0 No Xing Facility In 50m,2 Dark,1 Fine,1 Road-Dry,0 None,0 None,529130,183970,-0.139402,51.53987,,,Unknown,"(51.53987, -0.139402)",http://opendatacommunities.org/id/london-borough-council/camden,5306,21/12/2020 02:48:37 PM
0115EK40263,CAMDEN,1 Driver/Rider,1 Male,25-59,40,1,3 Slight,-2 Unknown,-2 N/A,2 Pedal Cycle,HAMPSTEAD ROAD J/W DRUMMOND STREET,2,09/04/2015 08:37:00 AM,Thursday,8.37,1 TLRN,A,400,6 Single Cwy,2 30 MPH,6 Crossroads,2 Auto Sig,A,400,5 Pedn Phase At Ats,1 Daylight,1 Fine,1 Road-Dry,0 None,0 None,529220,182470,-0.138655,51.526369,,,Unknown,"(51.526369, -0.138655)",http://opendatacommunities.org/id/london-borough-council/camden,4793,21/12/2020 02:48:36 PM
0116EK40153,CAMDEN,2 Passenger,2 Female,25-59,58,1,3 Slight,-2 Unknown,-2 N/A,4 Car,HAMPSTEAD ROAD J/W HARRINGTON SQUARE,3,29/02/2016 04:00:00 PM,Monday,16.00,1 TLRN,A,400,6 Single Cwy,2 30 MPH,3 T/Stag Jun,4 Give Way/Uncontrolled,A,400,4 Pelican Or Similar,1 Daylight,1 Fine,1 Road-Dry,0 None,0 None,529150,183260,-0.139374,51.533485,,,Unknown,"(51.533485, -0.139374)",http://opendatacommunities.org/id/london-borough-council/camden,6108,21/12/2020 02:48:38 PM
1160006220,CAMDEN,1 Driver/Rider,1 Male,0-15,15,1,1 Fatal,-2 Unknown,-2 N/A,2 Pedal Cycle,MALDEN ROAD 5M S OF J/W QUEENS CRESCENT,2,10/12/2016 02:49:00 PM,Saturday,14.49,3 Bor,B,517,6 Single Cwy,1 <= 20 MPH,6 Crossroads,4 Give Way/Uncontrolled,Unclassified,0,1 Zebra,1 Daylight,2 Raining,2 Road-Wet,0 None,0 None,528166,184968,-0.152931,51.549058,,,Unknown,"(51.549058, -0.152931)",http://opendatacommunities.org/id/london-borough-council/camden,5758,21/12/2020 02:48:37 PM
1180114686,CAMDEN,1 Driver/Rider,1 Male,25-59,43,1,3 Slight,-2 Unknown,-2 N/A,3 Powered 2 Wheeler,CAMDEN STREET J/W CROWNDALE ROAD,2,15/06/2018 03:40:00 PM,Friday,15.40,1 TLRN,A,400,3 Dual Cwy,1 <= 20 MPH,6 Crossroads,2 Auto Sig,B,512,5 Pedn Phase At Ats,1 Daylight,1 Fine,1 Road-Dry,0 None,0 None,529420,183460,-0.13541,51.53522,,,Unknown,"(51.53522, -0.13541)",http://opendatacommunities.org/id/london-borough-council/camden,8078,21/12/2020 02:48:42 PM
1190185126,CAMDEN,1 DRIVER/RIDER,2 FEMALE,25-59,30,1,3 SLIGHT,'-2 NOT APPLICABLE,'-2 NOT APPLICABLE,2 PEDAL CYCLE,"On Euston Road, 20 metres west of the junction with kings boulvard .",2,04/06/2019 10:00:00 AM,Tuesday,10.00,3 BOR,A,5202,6 SINGLE CWY,30,99 UNKNOWN (S/R),9 UNKNOWN (S/R),6,0,5 PEDN PHASE AT ATS,2 DAYLIGHT,1 FINE,1 ROAD-DRY,0 NONE,0 NONE,530077,183058,-0.126091,51.531457,,,Unknown,"(51.531457, -0.126091)",http://opendatacommunities.org/id/london-borough-council/camden,9064,21/12/2020 02:48:44 PM
1190170810,CAMDEN,1 DRIVER/RIDER,2 FEMALE,25-59,29,1,3 SLIGHT,'-2 NOT APPLICABLE,'-2 NOT APPLICABLE,2 PEDAL CYCLE,"On Hampstead Road, near the junction with Robert street.",2,23/03/2019 07:00:00 PM,Saturday,19.00,1 TLRN,A,400,6 SINGLE CWY,30,03 T/STAG JUN,4 GIVE WAY/UNCONTROLLED,6,0,0 NO XING FACILITY IN 50M,1 DARK,1 FINE,1 ROAD-DRY,0 NONE,0 NONE,529209,182713,-0.138725,51.528555,,,Unknown,"(51.528555, -0.138725)",http://opendatacommunities.org/id/london-borough-council/camden,8867,21/12/2020 02:48:43 PM
0116EK40279,CAMDEN,1 Driver/Rider,2 Female,60+,82,1,3 Slight,-2 Unknown,-2 N/A,4 Car,AINGER ROAD J/W OPPIDANS ROAD,1,04/04/2016 01:19:00 PM,Monday,13.19,3 Bor,Unclassified,0,6 Single Cwy,2 30 MPH,3 T/Stag Jun,4 Give Way/Uncontrolled,Unclassified,0,0 No Xing Facility In 50m,1 Daylight,1 Fine,1 Road-Dry,0 None,0 None,527800,184110,-0.158519,51.54143,,,Unknown,"(51.54143, -0.158519)",http://opendatacommunities.org/id/london-borough-council/camden,6216,21/12/2020 02:48:38 PM
1190157032,CAMDEN,3 PEDESTRIAN,1 MALE,16-24,19,1,3 SLIGHT,05 CROSSING ROAD (NOT ON XING),3 FROM DRIVERS O/SIDE,1 PEDESTRIAN,On Pentonville Road  20 metres east of the junction with CALEDONIAN ROAD.,1,11/01/2019 05:40:00 PM,Friday,17.40,1 TLRN,A,501,6 SINGLE CWY,20,06 CROSSROADS,2 AUTO SIG,A,5203,5 PEDN PHASE AT ATS,1 DARK,1 FINE,1 ROAD-DRY,0 NONE,0 NONE,530477,183009,-0.120346,51.530924,,,Unknown,"(51.530924, -0.120346)",http://opendatacommunities.org/id/london-borough-council/camden,8685,21/12/2020 02:48:43 PM
1180108841,CAMDEN,1 Driver/Rider,1 Male,60+,80,1,3 Slight,-2 Unknown,-2 N/A,4 Car,WELLESLEY PLACE 10M E OF J/W MALDEN ROAD,1,18/05/2018 04:40:00 PM,Friday,16.40,3 Bor,Unclassified,0,6 Single Cwy,1 <= 20 MPH,3 T/Stag Jun,4 Give Way/Uncontrolled,B,517,0 No Xing Facility In 50m,1 Daylight,1 Fine,1 Road-Dry,0 None,0 None,528070,185130,-0.154256,51.550536,,,Unknown,"(51.550536, -0.154256)",http://opendatacommunities.org/id/london-borough-council/camden,8005,21/12/2020 02:48:42 PM
1190220563,CAMDEN,1 DRIVER/RIDER,1 MALE,25-59,55,1,3 SLIGHT,'-2 NOT APPLICABLE,'-2 NOT APPLICABLE,4 CAR,"Location uncertain Southampton Row,",1,23/11/2019 11:16:00 AM,Saturday,11.16,3 BOR,A,401,6 SINGLE CWY,20,06 CROSSROADS,2 AUTO SIG,A,4200,5 PEDN PHASE AT ATS,2 DAYLIGHT,9 UNKNOWN,9 UNKNOWN (S/R),0 NONE,0 NONE,530430,181720,-0.1215,51.519351,,,Unknown,"(51.519351, -0.1215)",http://opendatacommunities.org/id/london-borough-council/camden,9548,21/12/2020 02:48:44 PM
1170049707,CAMDEN,1 Driver/Rider,1 Male,25-59,42,1,3 Slight,-2 Unknown,-2 N/A,4 Car,KINGS CROSS ROAD 200M N OF J/W EUSTON ROAD THE NEAREST CLASSIFIED,2,20/07/2017 09:35:00 AM,Thursday,9.35,1 TLRN,A,400,2 One-Way St,1 <= 20 MPH,0 No Jun In 20m,-2 Not Applicable,-2 Not Applicable,0,0 No Xing Facility In 50m,1 Daylight,1 Fine,1 Road-Dry,0 None,0 None,529200,182830,-0.138811,51.529609,,,Unknown,"(51.529609, -0.138811)",http://opendatacommunities.org/id/london-borough-council/camden,7172,21/12/2020 02:48:40 PM
1170057974,CAMDEN,1 Driver/Rider,1 Male,25-59,38,1,2 Serious,-2 Unknown,-2 N/A,3 Powered 2 Wheeler,AVENUE ROAD 2M S OF J/W ADELAIDE ROAD,2,08/09/2017 07:45:00 AM,Friday,7.45,1 TLRN,A,41,6 Single Cwy,1 <= 20 MPH,6 Crossroads,2 Auto Sig,B,509,0 No Xing Facility In 50m,1 Daylight,2 Raining,2 Road-Wet,0 None,0 None,526772,184117,-0.173332,51.541725,,,Unknown,"(51.541725, -0.173332)",http://opendatacommunities.org/id/london-borough-council/camden,7306,21/12/2020 02:48:40 PM
0115CW11529,CAMDEN,3 Pedestrian,2 Female,25-59,39,1,3 Slight,06 On Footpath - Verge,9 Unknown Or Other,1 Pedestrian,CHARING CROSS ROAD J/W OXFORD STREET,1,09/10/2015 10:40:00 PM,Friday,22.40,3 Bor,A,40,6 Single Cwy,2 30 MPH,6 Crossroads,2 Auto Sig,A,40,5 Pedn Phase At Ats,2 Dark,1 Fine,1 Road-Dry,0 None,0 None,529820,181360,-0.13042,51.516256,,,Unknown,"(51.516256, -0.13042)",http://opendatacommunities.org/id/london-borough-council/camden,4577,21/12/2020 02:48:35 PM
0115EK40560,CAMDEN,1 Driver/Rider,2 Female,25-59,41,1,3 Slight,-2 Unknown,-2 N/A,2 Pedal Cycle,CAMDEN ROAD 26M NE OF SANDALL ROAD,2,01/07/2015 09:40:00 AM,Wednesday,9.40,1 TLRN,A,503,6 Single Cwy,2 30 MPH,8 Priv Drive,4 Give Way/Uncontrolled,Unclassified,0,0 No Xing Facility In 50m,1 Daylight,1 Fine,1 Road-Dry,0 None,0 None,529530,184640,-0.133391,51.5458,,,Unknown,"(51.5458, -0.133391)",http://opendatacommunities.org/id/london-borough-council/camden,5047,21/12/2020 02:48:36 PM
0115EK41001,CAMDEN,3 Pedestrian,2 Female,25-59,48,1,3 Slight,04 Crossing Road Within 50m Xing,3 From Drivers O/Side,1 Pedestrian,ARLINGTON ROAD J/W PARKWAY.,1,10/11/2015 08:32:00 AM,Tuesday,8.32,3 Bor,Unclassified,0,6 Single Cwy,2 30 MPH,6 Crossroads,2 Auto Sig,A,4201,5 Pedn Phase At Ats,1 Daylight,1 Fine,1 Road-Dry,0 None,0 None,528821,183808,-0.143914,51.538485,,,Unknown,"(51.538485, -0.143914)",http://opendatacommunities.org/id/london-borough-council/camden,5427,21/12/2020 02:48:37 PM
0115EK40510,CAMDEN,1 Driver/Rider,1 Male,16-24,22,1,3 Slight,-2 Unknown,-2 N/A,2 Pedal Cycle,HEATH STREET J/W HAMPSTEAD HIGH STREET,2,25/06/2015 07:05:00 PM,Thursday,19.05,3 Bor,B,511,6 Single Cwy,2 30 MPH,6 Crossroads,2 Auto Sig,A,502,5 Pedn Phase At Ats,1 Daylight,1 Fine,1 Road-Dry,0 None,0 None,526360,185760,-0.17868,51.556583,,,Unknown,"(51.556583, -0.17868)",http://opendatacommunities.org/id/london-borough-council/camden,4999,21/12/2020 02:48:36 PM
0116EK40621,CAMDEN,3 Pedestrian,1 Male,25-59,33,1,3 Slight,05 Crossing Road (Not On Xing),1 From Drivers N/Side,1 Pedestrian,CORAM STREET J/W MARCHMONT STREET,1,27/08/2016 03:34:00 PM,Saturday,15.34,3 Bor,Unclassified,0,6 Single Cwy,1 <= 20 MPH,3 T/Stag Jun,4 Give Way/Uncontrolled,Unclassified,0,0 No Xing Facility In 50m,1 Daylight,1 Fine,1 Road-Dry,0 None,0 None,530170,182260,-0.125046,51.524264,,,Unknown,"(51.524264, -0.125046)",http://opendatacommunities.org/id/london-borough-council/camden,6500,21/12/2020 02:48:39 PM
1190155740,CAMDEN,1 DRIVER/RIDER,1 MALE,0-15,12,1,3 SLIGHT,'-2 NOT APPLICABLE,'-2 NOT APPLICABLE,2 PEDAL CYCLE,"On Crowndale Road NW1, 58 metres east of the junction with Camden high Street.. The nearest classified road was the A400",2,04/01/2019 01:28:00 PM,Friday,13.28,3 BOR,B,512,2 ONE-WAY ST,20,00 NO JUN IN 20M,,0,0,5 PEDN PHASE AT ATS,2 DAYLIGHT,1 FINE,1 ROAD-DRY,0 NONE,0 NONE,529238,183385,-0.13806,51.534588,,,Unknown,"(51.534588, -0.13806)",http://opendatacommunities.org/id/london-borough-council/camden,8669,21/12/2020 02:48:43 PM
0115EK40171,CAMDEN,1 Driver/Rider,1 Male,Unknown,0,1,3 Slight,-2 Unknown,-2 N/A,3 Powered 2 Wheeler,CROFTDOWN ROAD J/W YORK RISE,2,10/02/2015 07:50:00 PM,Tuesday,19.50,3 Bor,Unclassified,0,6 Single Cwy,2 30 MPH,3 T/Stag Jun,4 Give Way/Uncontrolled,Unclassified,0,1 Zebra,2 Dark,1 Fine,1 Road-Dry,0 None,0 None,528640,186260,-0.145627,51.560562,,,Unknown,"(51.560562, -0.145627)",http://opendatacommunities.org/id/london-borough-council/camden,4711,21/12/2020 02:48:36 PM
0115EK40575,CAMDEN,1 Driver/Rider,1 Male,16-24,21,1,2 Serious,-2 Unknown,-2 N/A,3 Powered 2 Wheeler,HUNTER STREET J/W TAVISTOCK PLACE,2,13/07/2015 08:10:00 PM,Monday,20.10,3 Bor,B,504,6 Single Cwy,2 30 MPH,6 Crossroads,2 Auto Sig,C,0,5 Pedn Phase At Ats,1 Daylight,1 Fine,1 Road-Dry,0 None,0 None,530260,182450,-0.123679,51.525951,,,Unknown,"(51.525951, -0.123679)",http://opendatacommunities.org/id/london-borough-council/camden,5064,21/12/2020 02:48:36 PM
1190161900,CAMDEN,3 PEDESTRIAN,2 FEMALE,16-24,17,1,3 SLIGHT,06 ON FOOTPATH - VERGE,9 UNKNOWN OR OTHER,1 PEDESTRIAN,"On Drury Lane, near the junction with Short's Gardens .",1,05/02/2019 03:09:00 PM,Tuesday,15.09,3 BOR,5,0,6 SINGLE CWY,30,03 T/STAG JUN,4 GIVE WAY/UNCONTROLLED,6,0,0 NO XING FACILITY IN 50M,2 DAYLIGHT,1 FINE,1 ROAD-DRY,0 NONE,0 NONE,530308,181290,-0.123417,51.515515,,,Unknown,"(51.515515, -0.123417)",http://opendatacommunities.org/id/london-borough-council/camden,8765,21/12/2020 02:48:43 PM
1180145477,CAMDEN,1 Driver/Rider,1 Male,16-24,23,1,3 Slight,-2 Unknown,-2 N/A,4 Car,YORK WAY J/W VALE ROYAL,3,13/11/2018 11:30:00 PM,Tuesday,23.30,3 Bor,A,5200,6 Single Cwy,1 <= 20 MPH,9 Other Jun,2 Auto Sig,Unclassified,0,0 No Xing Facility In 50m,2 Dark,1 Fine,1 Road-Dry,0 None,0 None,530110,184190,-0.125198,51.541622,,,Unknown,"(51.541622, -0.125198)",http://opendatacommunities.org/id/london-borough-council/camden,8520,21/12/2020 02:48:43 PM
1190174447,CAMDEN,1 DRIVER/RIDER,'-1 UNKNOWN,U,,1,3 SLIGHT,'-2 NOT APPLICABLE,'-2 NOT APPLICABLE,2 PEDAL CYCLE,"On Tottenham Court Road, 25 metres north of the junction with Fitzroy Court.",2,10/04/2019 05:55:00 PM,Wednesday,17.55,3 BOR,A,400,6 SINGLE CWY,30,00 NO JUN IN 20M,,0,0,5 PEDN PHASE AT ATS,2 DAYLIGHT,1 FINE,1 ROAD-DRY,4 ROADWORKS,0 NONE,529300,182225,-0.137593,51.524149,,,Unknown,"(51.524149, -0.137593)",http://opendatacommunities.org/id/london-borough-council/camden,8916,21/12/2020 02:48:44 PM
1180107426,CAMDEN,1 Driver/Rider,2 Female,0-15,12,1,3 Slight,-2 Unknown,-2 N/A,2 Pedal Cycle,ST JOHNS WOOD PARK J/W ADELAIDE ROAD,2,12/05/2018 10:17:00 AM,Saturday,10.17,1 TLRN,B,509,6 Single Cwy,2 30 MPH,7 Multi Jun,1 Auth Person,A,41,0 No Xing Facility In 50m,1 Daylight,1 Fine,1 Road-Dry,0 None,0 None,526760,184090,-0.173514,51.541485,,,Unknown,"(51.541485, -0.173514)",http://opendatacommunities.org/id/london-borough-council/camden,7988,21/12/2020 02:48:42 PM
1170060649,CAMDEN,2 Passenger,1 Male,25-59,29,1,3 Slight,-2 Unknown,-2 N/A,4 Car,CLERKENWELL ROAD 5M W OF J/W BACK HILL,2,24/09/2017 09:51:00 PM,Sunday,21.51,3 Bor,A,5201,6 Single Cwy,1 <= 20 MPH,9 Other Jun,4 Give Way/Uncontrolled,A,5201,0 No Xing Facility In 50m,2 Dark,8 Other,2 Road-Wet,0 None,0 None,531240,182040,-0.109714,51.522039,,,Unknown,"(51.522039, -0.109714)",http://opendatacommunities.org/id/london-borough-council/camden,7339,21/12/2020 02:48:40 PM
1160007133,CAMDEN,2 Passenger,2 Female,Unknown,0,1,3 Slight,-2 Unknown,-2 N/A,6 Bus Or Coach,FINCHLEY ROAD J/W CANNON HILL,2,15/12/2016 01:48:00 PM,Thursday,13.48,1 TLRN,A,41,3 Dual Cwy,2 30 MPH,6 Crossroads,2 Auto Sig,Unclassified,0,5 Pedn Phase At Ats,2 Dark,1 Fine,1 Road-Dry,0 None,0 None,525510,185460,-0.191041,51.554076,,,Unknown,"(51.554076, -0.191041)",http://opendatacommunities.org/id/london-borough-council/camden,5779,21/12/2020 02:48:37 PM
0115EK40389,CAMDEN,1 Driver/Rider,1 Male,25-59,56,1,3 Slight,-2 Unknown,-2 N/A,7 Goods Vehicle,FARRINGDON ROAD J/W GRVILLE STREET,2,16/05/2015 03:25:00 AM,Saturday,3.25,1 TLRN,A,201,6 Single Cwy,2 30 MPH,6 Crossroads,2 Auto Sig,Unclassified,0,5 Pedn Phase At Ats,2 Dark,1 Fine,2 Road-Wet,0 None,0 None,531520,181800,-0.10577,51.519817,,,Unknown,"(51.519817, -0.10577)",http://opendatacommunities.org/id/london-borough-council/camden,4891,21/12/2020 02:48:36 PM
0115EK40686,CAMDEN,1 Driver/Rider,1 Male,25-59,25,1,2 Serious,-2 Unknown,-2 N/A,2 Pedal Cycle,GRAY'S INN ROAD J/W THEOBALD'S ROAD,2,08/08/2015 10:25:00 AM,Saturday,10.25,3 Bor,A,5200,6 Single Cwy,2 30 MPH,6 Crossroads,2 Auto Sig,A,401,5 Pedn Phase At Ats,1 Daylight,1 Fine,1 Road-Dry,0 None,0 None,530990,181970,-0.113341,51.521468,,,Unknown,"(51.521468, -0.113341)",http://opendatacommunities.org/id/london-borough-council/camden,5161,21/12/2020 02:48:36 PM
1190188834,CAMDEN,1 DRIVER/RIDER,1 MALE,25-59,52,1,3 SLIGHT,'-2 NOT APPLICABLE,'-2 NOT APPLICABLE,2 PEDAL CYCLE,"On Eversholt Street, 50 metres south of the junction with Polygon Road.",2,18/06/2019 05:30:00 PM,Tuesday,17.30,3 BOR,A,4200,6 SINGLE CWY,30,00 NO JUN IN 20M,,0,0,5 PEDN PHASE AT ATS,2 DAYLIGHT,2 RAINING,2 ROAD-WET,4 ROADWORKS,0 NONE,529455,183018,-0.135068,51.53124,,,Unknown,"(51.53124, -0.135068)",http://opendatacommunities.org/id/london-borough-council/camden,9122,21/12/2020 02:48:44 PM
0115EO40566,CAMDEN,1 Driver/Rider,1 Male,25-59,27,1,3 Slight,-2 Unknown,-2 N/A,2 Pedal Cycle,YORK WAY 24M NORTH J/W VALE ROYAL,2,19/07/2015 04:27:00 AM,Sunday,4.27,3 Bor,A,5200,6 Single Cwy,2 30 MPH,0 No Jun In 20m,-2 Not Applicable,-2 Not Applicable,0,0 No Xing Facility In 50m,2 Dark,1 Fine,1 Road-Dry,0 None,0 None,530090,184200,-0.125482,51.541717,,,Unknown,"(51.541717, -0.125482)",http://opendatacommunities.org/id/london-borough-council/camden,5595,21/12/2020 02:48:37 PM
1180100401,CAMDEN,1 Driver/Rider,1 Male,25-59,28,1,3 Slight,-2 Unknown,-2 N/A,4 Car,NFL - KILBURN HIGH ROAD 45M NW KILBURN PRIORY,2,29/03/2018 12:10:00 AM,Thursday,0.10,3 Bor,A,5,3 Dual Cwy,1 <= 20 MPH,0 No Jun In 20m,-2 Not Applicable,-2 Not Applicable,0,0 No Xing Facility In 50m,2 Dark,1 Fine,1 Road-Dry,0 None,0 None,525600,183400,-0.190479,51.535543,,,Unknown,"(51.535543, -0.190479)",http://opendatacommunities.org/id/london-borough-council/camden,7870,21/12/2020 02:48:41 PM
0116EK40564,CAMDEN,1 Driver/Rider,1 Male,16-24,18,1,3 Slight,-2 Unknown,-2 N/A,3 Powered 2 Wheeler,CAMDEN ROAD J/W CAMDEN STREET,2,08/08/2016 12:22:00 AM,Monday,0.22,1 TLRN,A,503,6 Single Cwy,2 30 MPH,6 Crossroads,2 Auto Sig,A,400,5 Pedn Phase At Ats,2 Dark,1 Fine,1 Road-Dry,0 None,0 None,529100,184040,-0.139809,51.540506,,,Unknown,"(51.540506, -0.139809)",http://opendatacommunities.org/id/london-borough-council/camden,6456,21/12/2020 02:48:38 PM