Reference,London Borough Name,Casualty Class,Casualty Sex,Casualty Age Band,Casualty Age,Number Of Casualties,Casualty Severity,Pedestrian Location,Pedestrian Movement,Mode Of Travel,Attendant Location,Number Of Vehicles,Date,Day,Time,Highway,Road Class 1,Road Number 1,Road Type,Speed Limit,Junction Detail,Junction Control,Road Class 2,Road Number 2,Pedestrian Crossing,Light Condition Band,Weather,Road Surface,Special Conditions,Carriage Way Hazard,Easting,Northing,Longitude,Latitude,Ward Code,Ward Name,Spatial Accuracy,Location,Organisation URI,Socrata ID,Last Uploaded
1190206523,CAMDEN,1 DRIVER/RIDER,2 FEMALE,16-24,23,1,3 SLIGHT,'-2 NOT APPLICABLE,'-2 NOT APPLICABLE,2 PEDAL CYCLE,"On Euston Road, near the junction with Argyle Street.",2,23/08/2019 10:20:00 AM,Friday,10.20,1 TLRN,A,501,3 DUAL CWY,20,05 SLIP ROAD,2 AUTO SIG,5,0,5 PEDN PHASE AT ATS,2 DAYLIGHT,1 FINE,1 ROAD-DRY,5 SURFACE DEFECT,0 NONE,530205,182875,-0.124315,51.529783,,,Unknown,"(51.529783, -0.124315)",http://opendatacommunities.org/id/london-borough-council/camden,9374,21/12/2020 02:48:44 PM
0116EK40157,CAMDEN,1 Driver/Rider,1 Male,25-59,51,1,3 Slight,-2 Unknown,-2 N/A,2 Pedal Cycle,CAMLEY STREET 116M NORTH OF J/W CEDAR WAY,2,02/03/2016 08:30:00 AM,Wednesday,8.30,3 Bor,Unclassified,0,2 One-Way St,1 <= 20 MPH,0 No Jun In 20m,-2 Not Applicable,-2 Not Applicable,0,0 No Xing Facility In 50m,1 Daylight,9 Unknown,2 Road-Wet,3 Road Sign Def,0 None,529650,184170,-0.131835,51.541548,,,Unknown,"(51.541548, -0.131835)",http://opendatacommunities.org/id/london-borough-council/camden,6112,21/12/2020 02:48:38 PM
1180147596,CAMDEN,1 Driver/Rider,2 Female,25-59,51,1,2 Serious,-2 Unknown,-2 N/A,2 Pedal Cycle,KENTISH TOWN ROAD J/W CAMDEN STREET,2,23/11/2018 12:58:00 PM,Friday,12.58,3 Bor,A,400,6 Single Cwy,1 <= 20 MPH,7 Multi Jun,2 Auto Sig,A,400,4 Pelican Or Similar,1 Daylight,1 Fine,1 Road-Dry,0 None,0 None,528950,184280,-0.141883,51.542697,,,Unknown,"(51.542697, -0.141883)",http://opendatacommunities.org/id/london-borough-council/camden,8549,21/12/2020 02:48:43 PM
1180101099,CAMDEN,3 Pedestrian,1 Male,0-15,12,1,2 Serious,01 Crossing Road On Ped Xing,1 From Drivers N/Side,1 Pedestrian,KINGSWAY J/W REMNANT ST,1,11/04/2018 09:20:00 AM,Wednesday,9.20,3 Bor,A,4200,6 Single Cwy,2 30 MPH,3 T/Stag Jun,2 Auto Sig,B,402,5 Pedn Phase At Ats,1 Daylight,1 Fine,1 Road-Dry,1 Traf Sig Out,0 None,530570,181390,-0.119606,51.516353,,,Unknown,"(51.516353, -0.119606)",http://opendatacommunities.org/id/london-borough-council/camden,7881,21/12/2020 02:48:41 PM
1170037489,CAMDEN,1 Driver/Rider,1 Male,25-59,34,1,2 Serious,-2 Unknown,-2 N/A,2 Pedal Cycle,OUTER CIRCLE REGENTS PARK LONDON NW1 150M N OF J/W CHESTER ROAD LO,2,15/05/2017 07:07:00 PM,Monday,19.07,3 Bor,Unclassified,0,6 Single Cwy,2 30 MPH,0 No Jun In 20m,-2 Not Applicable,-2 Not Applicable,0,0 No Xing Facility In 50m,1 Daylight,2 Raining,2 Road-Wet,0 None,0 None,528660,182960,-0.146544,51.5309,,,Unknown,"(51.5309, -0.146544)",http://opendatacommunities.org/id/london-borough-council/camden,6964,21/12/2020 02:48:39 PM
1190209138,CAMDEN,3 PEDESTRIAN,2 FEMALE,U,,1,3 SLIGHT,05 CROSSING ROAD (NOT ON XING),1 FROM DRIVERS N/SIDE,1 PEDESTRIAN,"On Quex Road, near the junction with Kilburn High Road.",1,02/10/2019 03:07:00 PM,Wednesday,15.07,3 BOR,B,510,6 SINGLE CWY,20,09 OTHER JUN,2 AUTO SIG,A,5,5 PEDN PHASE AT ATS,2 DAYLIGHT,1 FINE,1 ROAD-DRY,0 NONE,0 NONE,525261,183869,-0.195197,51.539833,,,Unknown,"(51.539833, -0.195197)",http://opendatacommunities.org/id/london-borough-council/camden,9400,21/12/2020 02:48:44 PM
1160007621,CAMDEN,1 Driver/Rider,1 Male,25-59,28,1,3 Slight,-2 Unknown,-2 N/A,2 Pedal Cycle,PRINCE OF WALES ROAD NW5 J/W HAVERSTOCK HILL NW3,1,18/12/2016 11:35:00 PM,Sunday,23.35,3 Bor,A,502,2 One-Way St,1 <= 20 MPH,3 T/Stag Jun,2 Auto Sig,C,0,1 Zebra,2 Dark,1 Fine,1 Road-Dry,4 Roadworks,0 None,527975,184592,-0.155821,51.545723,,,Unknown,"(51.545723, -0.155821)",http://opendatacommunities.org/id/london-borough-council/camden,5788,21/12/2020 02:48:37 PM
0116EK40324,CAMDEN,1 Driver/Rider,1 Male,25-59,29,1,3 Slight,-2 Unknown,-2 N/A,2 Pedal Cycle,MANSFIELD ROAD J/W SAVERNAKE ROAD,2,08/05/2016 11:10:00 AM,Sunday,11.10,3 Bor,B,518,6 Single Cwy,2 30 MPH,3 T/Stag Jun,4 Give Way/Uncontrolled,Unclassified,0,0 No Xing Facility In 50m,1 Daylight,1 Fine,1 Road-Dry,0 None,0 None,528180,185580,-0.152507,51.554555,,,Unknown,"(51.554555, -0.152507)",http://opendatacommunities.org/id/london-borough-council/camden,6255,21/12/2020 02:48:38 PM
1190171536,CAMDEN,1 DRIVER/RIDER,1 MALE,25-59,35,2,3 SLIGHT,'-2 NOT APPLICABLE,'-2 NOT APPLICABLE,7 GOODS VEHICLE,"On Finchley Road, near the junction with Weech Road.",2,27/03/2019 12:00:00 PM,Wednesday,12.00,1 TLRN,A,41,3 DUAL CWY,30,09 OTHER JUN,4 GIVE WAY/UNCONTROLLED,6,0,0 NO XING FACILITY IN 50M,2 DAYLIGHT,1 FINE,1 ROAD-DRY,0 NONE,0 NONE,525267,185687,-0.194464,51.55617,,,Unknown,"(51.55617, -0.194464)",http://opendatacommunities.org/id/london-borough-council/camden,8877,21/12/2020 02:48:43 PM
0115EK40115,CAMDEN,1 Driver/Rider,2 Female,25-59,39,1,3 Slight,-2 Unknown,-2 N/A,4 Car,OAKLEY SQAURE J/W EVERSHOLT STREET,2,12/02/2015 06:45:00 PM,Thursday,18.45,1 TLRN,A,400,6 Single Cwy,2 30 MPH,6 Crossroads,2 Auto Sig,A,4200,5 Pedn Phase At Ats,2 Dark,1 Fine,2 Road-Wet,0 None,0 None,529310,183220,-0.137083,51.533089,,,Unknown,"(51.533089, -0.137083)",http://opendatacommunities.org/id/london-borough-council/camden,4671,21/12/2020 02:48:36 PM
1180149532,CAMDEN,1 Driver/Rider,1 Male,25-59,32,1,3 Slight,-2 Unknown,-2 N/A,2 Pedal Cycle,MARCHMONT STREET J/W TAVISTOCK PLACE,2,03/12/2018 07:00:00 AM,Monday,7.00,3 Bor,Unclassified,0,2 One-Way St,1 <= 20 MPH,6 Crossroads,2 Auto Sig,C,0,4 Pelican Or Similar,2 Dark,1 Fine,1 Road-Dry,0 None,0 None,530120,182410,-0.125711,51.525623,,,Unknown,"(51.525623, -0.125711)",http://opendatacommunities.org/id/london-borough-council/camden,8581,21/12/2020 02:48:43 PM
1180112455,CAMDEN,1 Driver/Rider,1 Male,Unknown,0,1,3 Slight,-2 Unknown,-2 N/A,2 Pedal Cycle,UPPER WOBURN PLACE 100M S OF J/W EUSTON ROAD THE NEAREST CLASSIFIE,2,06/06/2018 09:24:00 AM,Wednesday,9.24,3 Bor,A,4200,6 Single Cwy,2 30 MPH,0 No Jun In 20m,-2 Not Applicable,-2 Not Applicable,0,1 Zebra,1 Daylight,1 Fine,1 Road-Dry,0 None,0 None,529850,182460,-0.129583,51.526135,,,Unknown,"(51.526135, -0.129583)",http://opendatacommunities.org/id/london-borough-council/camden,8050,21/12/2020 02:48:42 PM
1180101570,CAMDEN,1 Driver/Rider,1 Male,25-59,31,1,3 Slight,-2 Unknown,-2 N/A,3 Powered 2 Wheeler,FINCHLEY ROAD J/W FAIRAX ROAD,2,13/04/2018 03:29:00 PM,Friday,15.29,1 TLRN,A,41,3 Dual Cwy,2 30 MPH,3 T/Stag Jun,4 Give Way/Uncontrolled,C,0,4 Pelican Or Similar,1 Daylight,1 Fine,1 Road-Dry,0 None,0 None,526460,184510,-0.177687,51.545327,,,Unknown,"(51.545327, -0.177687)",http://opendatacommunities.org/id/london-borough-council/camden,7885,21/12/2020 02:48:41 PM
1160000146,CAMDEN,2 Passenger,2 Female,60+,64,1,3 Slight,-2 Unknown,-2 N/A,6 Bus Or Coach,SOUTHAMPTON ROW WC1 J/W RUSSEL SQ WC1,1,02/11/2016 12:30:00 PM,Wednesday,12.30,3 Bor,A,4200,6 Single Cwy,1 <= 20 MPH,3 T/Stag Jun,2 Auto Sig,A,4200,5 Pedn Phase At Ats,2 Dark,1 Fine,1 Road-Dry,0 None,0 None,530240,181950,-0.124152,51.521462,,,Unknown,"(51.521462, -0.124152)",http://opendatacommunities.org/id/london-borough-council/camden,5639,21/12/2020 02:48:37 PM
1190219028,CAMDEN,1 DRIVER/RIDER,1 MALE,25-59,39,1,3 SLIGHT,'-2 NOT APPLICABLE,'-2 NOT APPLICABLE,3 POWERED 2 WHEELER,"On Finchley Road, 100 metres north of the junction with Canfield Gardens.",2,17/11/2019 07:25:00 PM,Sunday,19.25,1 TLRN,A,41,3 DUAL CWY,30,00 NO JUN IN 20M,,0,0,0 NO XING FACILITY IN 50M,1 DARK,1 FINE,1 ROAD-DRY,0 NONE,0 NONE,526271,184765,-0.18032,51.547661,,,Unknown,"(51.547661, -0.18032)",http://opendatacommunities.org/id/london-borough-council/camden,9528,21/12/2020 02:48:44 PM
0115EK40490,CAMDEN,1 Driver/Rider,2 Female,25-59,36,1,3 Slight,-2 Unknown,-2 N/A,2 Pedal Cycle,DELANCEY STREET J/W ALBERT STREET,2,16/06/2015 03:42:00 PM,Tuesday,15.42,3 Bor,A,503,6 Single Cwy,2 30 MPH,6 Crossroads,2 Auto Sig,Unclassified,0,5 Pedn Phase At Ats,1 Daylight,1 Fine,1 Road-Dry,0 None,0 None,528870,183590,-0.143288,51.536514,,,Unknown,"(51.536514, -0.143288)",http://opendatacommunities.org/id/london-borough-council/camden,4976,21/12/2020 02:48:36 PM
0115EK40212,CAMDEN,1 Driver/Rider,1 Male,16-24,18,1,3 Slight,-2 Unknown,-2 N/A,3 Powered 2 Wheeler,CROWNDALE ROAD J/W OAKLEY SQUARE,2,18/03/2015 11:00:00 PM,Wednesday,23.00,1 TLRN,B,512,2 One-Way St,2 30 MPH,6 Crossroads,2 Auto Sig,A,400,5 Pedn Phase At Ats,2 Dark,1 Fine,1 Road-Dry,0 None,0 None,529430,183460,-0.135266,51.535218,,,Unknown,"(51.535218, -0.135266)",http://opendatacommunities.org/id/london-borough-council/camden,4745,21/12/2020 02:48:36 PM
1170028215,CAMDEN,1 Driver/Rider,1 Male,25-59,36,1,3 Slight,-2 Unknown,-2 N/A,2 Pedal Cycle,KINGSWAY J/W KEELEY STREET,1,19/03/2017 07:25:00 PM,Sunday,19.25,3 Bor,A,4200,6 Single Cwy,2 30 MPH,3 T/Stag Jun,2 Auto Sig,Unclassified,0,9 Unknown (S/R),2 Dark,1 Fine,1 Road-Dry,0 None,0 None,530610,181270,-0.119074,51.515265,,,Unknown,"(51.515265, -0.119074)",http://opendatacommunities.org/id/london-borough-council/camden,6822,21/12/2020 02:48:39 PM
1190162401,CAMDEN,3 PEDESTRIAN,1 MALE,60+,74,1,3 SLIGHT,05 CROSSING ROAD (NOT ON XING),1 FROM DRIVERS N/SIDE,1 PEDESTRIAN,"Rosslyn Hill A502, near the junction with Belsize Lane nw3.",1,09/02/2019 09:29:00 AM,Saturday,9.29,3 BOR,A,502,3 DUAL CWY,20,03 T/STAG JUN,4 GIVE WAY/UNCONTROLLED,6,0,0 NO XING FACILITY IN 50M,2 DAYLIGHT,1 FINE,1 ROAD-DRY,0 NONE,0 NONE,527128,185329,-0.167763,51.552537,,,Unknown,"(51.552537, -0.167763)",http://opendatacommunities.org/id/london-borough-council/camden,8769,21/12/2020 02:48:43 PM
1180106870,CAMDEN,3 Pedestrian,1 Male,16-24,21,1,3 Slight,01 Crossing Road On Ped Xing,3 From Drivers O/Side,1 Pedestrian,KINGSWAY J/W KEELEY STREET,1,09/05/2018 05:15:00 PM,Wednesday,17.15,3 Bor,A,4200,3 Dual Cwy,2 30 MPH,3 T/Stag Jun,2 Auto Sig,Unclassified,0,4 Pelican Or Similar,1 Daylight,1 Fine,1 Road-Dry,0 None,0 None,530610,181270,-0.119074,51.515265,,,Unknown,"(51.515265, -0.119074)",http://opendatacommunities.org/id/london-borough-council/camden,7975,21/12/2020 02:48:42 PM
0115EK40229,CAMDEN,3 Pedestrian,2 Female,25-59,33,1,3 Slight,05 Crossing Road (Not On Xing),3 From Drivers O/Side,1 Pedestrian,KENTISH TOWN ROAD J/W HOLMES ROAD,1,22/03/2015 12:17:00 AM,Sunday,0.17,3 Bor,A,400,6 Single Cwy,2 30 MPH,3 T/Stag Jun,4 Give Way/Uncontrolled,Unclassified,0,8 Central Refuge,2 Dark,1 Fine,1 Road-Dry,0 None,0 None,528990,184990,-0.141046,51.549069,,,Unknown,"(51.549069, -0.141046)",http://opendatacommunities.org/id/london-borough-council/camden,4761,21/12/2020 02:48:36 PM
1160007232,CAMDEN,1 Driver/Rider,2 Female,25-59,26,1,3 Slight,-2 Unknown,-2 N/A,2 Pedal Cycle,HIGHGATE ROAD J/W SANDERSON CLOSE,2,05/12/2016 01:45:00 PM,Monday,13.45,3 Bor,B,518,6 Single Cwy,1 <= 20 MPH,3 T/Stag Jun,4 Give Way/Uncontrolled,Unclassified,0,0 No Xing Facility In 50m,1 Daylight,9 Unknown,9 Unknown (S/R),9 Unknown (S/R),9 Unknown (S/R),528720,185580,-0.144722,51.554432,,,Unknown,"(51.554432, -0.144722)",http://opendatacommunities.org/id/london-borough-council/camden,5780,21/12/2020 02:48:37 PM
0115EK40739,CAMDEN,1 Driver/Rider,1 Male,25-59,28,1,3 Slight,-2 Unknown,-2 N/A,4 Car,BAYHAM STREET J/W PLENDER STREET,2,24/08/2015 12:00:00 PM,Monday,12.00,3 Bor,C,0,6 Single Cwy,2 30 MPH,6 Crossroads,4 Give Way/Uncontrolled,Unclassified,0,1 Zebra,1 Daylight,1 Fine,2 Road-Wet,0 None,0 None,529190,183560,-0.138688,51.536172,,,Unknown,"(51.536172, -0.138688)",http://opendatacommunities.org/id/london-borough-council/camden,5207,21/12/2020 02:48:37 PM
1170012105,CAMDEN,1 Driver/Rider,1 Male,25-59,43,1,3 Slight,-2 Unknown,-2 N/A,2 Pedal Cycle,TOTTENHAM STREET J/W TOTTENHAM COURT ROAD,2,17/01/2017 05:55:00 AM,Tuesday,5.55,3 Bor,A,400,3 Dual Cwy,1 <= 20 MPH,3 T/Stag Jun,4 Give Way/Uncontrolled,Unclassified,0,5 Pedn Phase At Ats,2 Dark,1 Fine,1 Road-Dry,0 None,0 None,529510,181860,-0.134701,51.520821,,,Unknown,"(51.520821, -0.134701)",http://opendatacommunities.org/id/london-borough-council/camden,6591,21/12/2020 02:48:39 PM
1170020764,CAMDEN,2 Passenger,2 Female,60+,75,1,2 Serious,-2 Unknown,-2 N/A,6 Bus Or Coach,FERDINAND STREET 80M N OF J/W CHALK FARM ROAD,1,24/02/2017 02:10:00 PM,Friday,14.10,3 Bor,B,517,6 Single Cwy,2 30 MPH,0 No Jun In 20m,-2 Not Applicable,-2 Not Applicable,0,0 No Xing Facility In 50m,1 Daylight,1 Fine,1 Road-Dry,0 None,0 None,528440,184370,-0.1492,51.543622,,,Unknown,"(51.543622, -0.1492)",http://opendatacommunities.org/id/london-borough-council/camden,6712,21/12/2020 02:48:39 PM
0116EK40123,CAMDEN,2 Passenger,1 Male,25-59,59,1,3 Slight,-2 Unknown,-2 N/A,6 Bus Or Coach,EUSTON RD 50M SOUTH WEST OF J/W UPPER WOBURN PLACE,1,05/03/2016 03:30:00 AM,Saturday,3.30,1 TLRN,A,501,3 Dual Cwy,2 30 MPH,0 No Jun In 20m,-2 Not Applicable,-2 Not Applicable,0,5 Pedn Phase At Ats,2 Dark,1 Fine,1 Road-Dry,0 None,0 None,529720,182550,-0.131422,51.526973,,,Unknown,"(51.526973, -0.131422)",http://opendatacommunities.org/id/london-borough-council/camden,6079,21/12/2020 02:48:38 PM
0115EO40108,CAMDEN,1 Driver/Rider,1 Male,25-59,28,1,3 Slight,-2 Unknown,-2 N/A,4 Car,YORK WAY J/W WHARFDALE RD,1,30/01/2015 11:53:00 PM,Friday,23.53,3 Bor,A,5200,6 Single Cwy,2 30 MPH,3 T/Stag Jun,4 Give Way/Uncontrolled,C,0,4 Pelican Or Similar,2 Dark,1 Fine,2 Road-Wet,0 None,0 None,530320,183300,-0.122501,51.533576,,,Unknown,"(51.533576, -0.122501)",http://opendatacommunities.org/id/london-borough-council/camden,5587,21/12/2020 02:48:37 PM
1190183646,CAMDEN,1 DRIVER/RIDER,2 FEMALE,25-59,27,1,3 SLIGHT,'-2 NOT APPLICABLE,'-2 NOT APPLICABLE,2 PEDAL CYCLE,"On Baynes Street, near the junction with ROYAL COLLEGE STREET .",2,28/05/2019 12:50:00 PM,Tuesday,12.50,3 BOR,A,5202,2 ONE-WAY ST,30,03 T/STAG JUN,4 GIVE WAY/UNCONTROLLED,6,0,1 ZEBRA,2 DAYLIGHT,1 FINE,1 ROAD-DRY,0 NONE,0 NONE,529259,184086,-0.1375,51.540883,,,Unknown,"(51.540883, -0.1375)",http://opendatacommunities.org/id/london-borough-council/camden,9048,21/12/2020 02:48:44 PM
1180090468,CAMDEN,1 Driver/Rider,2 Female,25-59,33,1,3 Slight,-2 Unknown,-2 N/A,2 Pedal Cycle,WARDEN ROAD J/W WARDEN ROAD,2,15/02/2018 06:37:00 PM,Thursday,18.37,3 Bor,Unclassified,0,6 Single Cwy,1 <= 20 MPH,3 T/Stag Jun,4 Give Way/Uncontrolled,C,0,0 No Xing Facility In 50m,2 Dark,1 Fine,1 Road-Dry,0 None,0 None,528540,184950,-0.147547,51.548812,,,Unknown,"(51.548812, -0.147547)",http://opendatacommunities.org/id/london-borough-council/camden,7753,21/12/2020 02:48:41 PM
1180106908,CAMDEN,1 Driver/Rider,2 Female,25-59,45,1,3 Slight,-2 Unknown,-2 N/A,3 Powered 2 Wheeler,ROCHESTER ROAD 20M E OF J/W ROCHESTER MEWS,2,09/05/2018 07:30:00 PM,Wednesday,19.30,3 Bor,Unclassified,0,6 Single Cwy,2 30 MPH,6 Crossroads,2 Auto Sig,Unclassified,0,5 Pedn Phase At Ats,1 Daylight,1 Fine,1 Road-Dry,0 None,0 None,529311,184437,-0.136622,51.544025,,,Unknown,"(51.544025, -0.136622)",http://opendatacommunities.org/id/london-borough-council/camden,7978,21/12/2020 02:48:42 PM
1170073566,CAMDEN,3 Pedestrian,1 Male,16-24,22,1,2 Serious,06 On Footpath - Verge,9 Unknown Or Other,1 Pedestrian,GOWER STREET 5M S OF J/W GRAFTON WAY,1,28/11/2017 09:55:00 PM,Tuesday,21.55,3 Bor,A,400,2 One-Way St,1 <= 20 MPH,3 T/Stag Jun,4 Give Way/Uncontrolled,C,0,4 Pelican Or Similar,2 Dark,1 Fine,1 Road-Dry,0 None,0 None,529490,182260,-0.134843,51.52442,,,Unknown,"(51.52442, -0.134843)",http://opendatacommunities.org/id/london-borough-council/camden,7561,21/12/2020 02:48:41 PM
1190181183,CAMDEN,1 DRIVER/RIDER,1 MALE,25-59,54,1,3 SLIGHT,'-2 NOT APPLICABLE,'-2 NOT APPLICABLE,2 PEDAL CYCLE,"On Camden Road, near the junction with St Pancras Way.",2,16/05/2019 09:00:00 AM,Thursday,9.00,1 TLRN,A,503,6 SINGLE CWY,20,06 CROSSROADS,4 GIVE WAY/UNCONTROLLED,A,5202,0 NO XING FACILITY IN 50M,2 DAYLIGHT,1 FINE,1 ROAD-DRY,0 NONE,0 NONE,529251,184309,-0.137534,51.542889,,,Unknown,"(51.542889, -0.137534)",http://opendatacommunities.org/id/london-borough-council/camden,9011,21/12/2020 02:48:44 PM
1170073330,CAMDEN,1 Driver/Rider,1 Male,Unknown,0,1,3 Slight,-2 Unknown,-2 N/A,3 Powered 2 Wheeler,MILL LANE J/W FORDWYCH ROAD,2,07/11/2017 12:30:00 PM,Tuesday,12.30,3 Bor,C,0,6 Single Cwy,2 30 MPH,6 Crossroads,4 Give Way/Uncontrolled,Unclassified,0,0 No Xing Facility In 50m,1 Daylight,2 Raining,2 Road-Wet,0 None,0 None,524480,185060,-0.206031,51.550709,,,Unknown,"(51.550709, -0.206031)",http://opendatacommunities.org/id/london-borough-council/camden,7556,21/12/2020 02:48:41 PM
1160012757,CAMDEN,1 Driver/Rider,1 Male,25-59,41,1,3 Slight,-2 Unknown,-2 N/A,2 Pedal Cycle,"ON CAMDEN ROAD , NEAR THE JUNCTION WITH BAYHAM STREET .",2,13/09/2016 06:30:00 PM,Tuesday,18.30,1 TLRN,A,503,6 Single Cwy,2 30 MPH,3 T/Stag Jun,2 Auto Sig,A,503,0 No Xing Facility In 50m,1 Daylight,1 Fine,1 Road-Dry,0 None,0 None,528960,183940,-0.141863,51.539639,,,Unknown,"(51.539639, -0.141863)",http://opendatacommunities.org/id/london-borough-council/camden,5858,21/12/2020 02:48:38 PM
1180140406,CAMDEN,2 Passenger,2 Female,Unknown,0,1,3 Slight,-2 Unknown,-2 N/A,4 Car,HIGHGATE ROAD 35M E OF J/W GORDON HOUSE ROAD,2,20/10/2018 07:00:00 PM,Saturday,19.00,3 Bor,B,518,9 Unknown,2 30 MPH,0 No Jun In 20m,-2 Not Applicable,-2 Not Applicable,0,5 Pedn Phase At Ats,1 Daylight,1 Fine,1 Road-Dry,0 None,0 None,528600,185790,-0.146375,51.556347,,,Unknown,"(51.556347, -0.146375)",http://opendatacommunities.org/id/london-borough-council/camden,8450,21/12/2020 02:48:43 PM
1190186034,CAMDEN,1 DRIVER/RIDER,1 MALE,25-59,35,1,3 SLIGHT,'-2 NOT APPLICABLE,'-2 NOT APPLICABLE,2 PEDAL CYCLE,"On Cleve Road, 50 metres west of the junction with Priory Road.",2,08/06/2019 04:05:00 PM,Saturday,16.05,3 BOR,6,0,2 ONE-WAY ST,20,00 NO JUN IN 20M,,0,0,0 NO XING FACILITY IN 50M,2 DAYLIGHT,1 FINE,1 ROAD-DRY,0 NONE,0 NONE,525588,184359,-0.190309,51.544164,,,Unknown,"(51.544164, -0.190309)",http://opendatacommunities.org/id/london-borough-council/camden,9079,21/12/2020 02:48:44 PM
1170063771,CAMDEN,1 Driver/Rider,1 Male,25-59,25,1,3 Slight,-2 Unknown,-2 N/A,2 Pedal Cycle,KILBURN HIGH ROAD J/W WEST END LANE,2,11/10/2017 09:15:00 AM,Wednesday,9.15,3 Bor,A,5,3 Dual Cwy,2 30 MPH,3 T/Stag Jun,4 Give Way/Uncontrolled,A,5,5 Pedn Phase At Ats,1 Daylight,1 Fine,1 Road-Dry,0 None,0 None,525370,183690,-0.19369,51.5382,,,Unknown,"(51.5382, -0.19369)",http://opendatacommunities.org/id/london-borough-council/camden,7400,21/12/2020 02:48:40 PM
1160009233,CAMDEN,1 Driver/Rider,2 Female,25-59,47,1,3 Slight,-2 Unknown,-2 N/A,4 Car,FINCHLEY ROAD J/W HENDON WAY,2,30/12/2016 01:08:00 PM,Friday,13.08,1 TLRN,A,598,3 Dual Cwy,2 30 MPH,3 T/Stag Jun,2 Auto Sig,A,41,4 Pelican Or Similar,1 Daylight,1 Fine,2 Road-Wet,0 None,0 None,525080,186040,-0.197034,51.559384,,,Unknown,"(51.559384, -0.197034)",http://opendatacommunities.org/id/london-borough-council/camden,5815,21/12/2020 02:48:37 PM
0115EK40948,CAMDEN,1 Driver/Rider,1 Male,16-24,22,1,3 Slight,-2 Unknown,-2 N/A,3 Powered 2 Wheeler,"HIGH HOLBORN, 4 METRES WEST OF HOLBORN PLACE.",2,26/10/2015 07:00:00 PM,Monday,19.00,3 Bor,A,40,6 Single Cwy,2 30 MPH,8 Priv Drive,4 Give Way/Uncontrolled,Unclassified,0,0 No Xing Facility In 50m,2 Dark,1 Fine,1 Road-Dry,0 None,0 None,530710,181560,-0.117526,51.517848,,,Unknown,"(51.517848, -0.117526)",http://opendatacommunities.org/id/london-borough-council/camden,5378,21/12/2020 02:48:37 PM
0115EK40049,CAMDEN,3 Pedestrian,2 Female,25-59,26,1,3 Slight,01 Crossing Road On Ped Xing,2 From Drivers N/Side Msk,1 Pedestrian,NFL- UPPER WOBURN PLACE J/W TAVISTOCK SQUARE,1,23/01/2015 08:42:00 PM,Friday,20.42,3 Bor,A,4200,6 Single Cwy,2 30 MPH,3 T/Stag Jun,4 Give Way/Uncontrolled,Unclassified,0,1 Zebra,2 Dark,1 Fine,1 Road-Dry,0 None,0 None,529870,182430,-0.129305,51.525861,,,Unknown,"(51.525861, -0.129305)",http://opendatacommunities.org/id/london-borough-council/camden,4617,21/12/2020 02:48:35 PM
1170043166,CAMDEN,3 Pedestrian,2 Female,0-15,1,1,3 Slight,01 Crossing Road On Ped Xing,3 From Drivers O/Side,1 Pedestrian,SOUTHAMPTON ROAD J/W MALDEN ROAD,1,15/06/2017 03:10:00 PM,Thursday,15.10,3 Bor,B,517,6 Single Cwy,2 30 MPH,3 T/Stag Jun,4 Give Way/Uncontrolled,Unclassified,0,1 Zebra,1 Daylight,1 Fine,1 Road-Dry,0 None,0 None,527890,185180,-0.156833,51.551026,,,Unknown,"(51.551026, -0.156833)",http://opendatacommunities.org/id/london-borough-council/camden,7043,21/12/2020 02:48:39 PM
0115QK50688,CAMDEN,1 Driver/Rider,1 Male,25-59,31,1,3 Slight,-2 Unknown,-2 N/A,2 Pedal Cycle,KILBURN HIGH RD J/W WEST END LANE,2,01/10/2015 12:15:00 PM,Thursday,12.15,3 Bor,A,5,6 Single Cwy,2 30 MPH,3 T/Stag Jun,4 Give Way/Uncontrolled,A,5,0 No Xing Facility In 50m,1 Daylight,1 Fine,1 Road-Dry,0 None,0 None,525370,183690,-0.19369,51.5382,,,Unknown,"(51.5382, -0.19369)",http://opendatacommunities.org/id/london-borough-council/camden,5623,21/12/2020 02:48:37 PM
1190222040,CAMDEN,3 PEDESTRIAN,1 MALE,25-59,55,1,3 SLIGHT,05 CROSSING ROAD (NOT ON XING),'-2 NOT APPLICABLE,1 PEDESTRIAN,"On Grays Inn Road, near the junction with BRITANNIA STREET.",1,01/12/2019 04:49:00 PM,Sunday,16.49,1 TLRN,A,501,7 SLIP RD,20,05 SLIP ROAD,4 GIVE WAY/UNCONTROLLED,6,0,0 NO XING FACILITY IN 50M,1 DARK,1 FINE,1 ROAD-DRY,0 NONE,0 NONE,530502,182841,-0.120048,51.529409,,,Unknown,"(51.529409, -0.120048)",http://opendatacommunities.org/id/london-borough-council/camden,9567,21/12/2020 02:48:45 PM
1170062953,CAMDEN,1 Driver/Rider,1 Male,25-59,42,1,3 Slight,-2 Unknown,-2 N/A,2 Pedal Cycle,FINCHLEY ROAD J/W PLATT'S LANE,1,27/09/2017 08:45:00 AM,Wednesday,8.45,1 TLRN,A,41,6 Single Cwy,2 30 MPH,9 Other Jun,2 Auto Sig,Unclassified,0,5 Pedn Phase At Ats,1 Daylight,1 Fine,1 Road-Dry,0 None,0 None,525160,185890,-0.195934,51.558019,,,Unknown,"(51.558019, -0.195934)",http://opendatacommunities.org/id/london-borough-council/camden,7387,21/12/2020 02:48:40 PM