Reference,London Borough Name,Casualty Class,Casualty Sex,Casualty Age Band,Casualty Age,Number Of Casualties,Casualty Severity,Pedestrian Location,Pedestrian Movement,Mode Of Travel,Attendant Location,Number Of Vehicles,Date,Day,Time,Highway,Road Class 1,Road Number 1,Road Type,Speed Limit,Junction Detail,Junction Control,Road Class 2,Road Number 2,Pedestrian Crossing,Light Condition Band,Weather,Road Surface,Special Conditions,Carriage Way Hazard,Easting,Northing,Longitude,Latitude,Ward Code,Ward Name,Spatial Accuracy,Location,Organisation URI,Socrata ID,Last Uploaded
1180167142,CAMDEN,1 Driver/Rider,1 Male,25-59,33,1,2 Serious,-2 Unknown,-2 N/A,7 Goods Vehicle,ROYAL COLLEGE ST J/W CROWNDALE ROAD,1,07/11/2018 05:30:00 PM,Wednesday,17.30,3 Bor,A,5202,6 Single Cwy,1 <= 20 MPH,7 Multi Jun,9 Unknown (S/R),B,512,9 Unknown (S/R),2 Dark,1 Fine,1 Road-Dry,0 None,0 None,529567,183501,-0.133277,51.535555,,,Unknown,"(51.535555, -0.133277)",http://opendatacommunities.org/id/london-borough-council/camden,8661,21/12/2020 02:48:43 PM
0115EK40281,CAMDEN,2 Passenger,2 Female,60+,83,1,3 Slight,-2 Unknown,-2 N/A,6 Bus Or Coach,CHALK FARM ROAD J/W JUNIPER CRESCENT,1,14/04/2015 01:29:00 PM,Tuesday,13.29,3 Bor,A,502,6 Single Cwy,2 30 MPH,6 Crossroads,2 Auto Sig,A,502,5 Pedn Phase At Ats,1 Daylight,1 Fine,1 Road-Dry,0 None,6 Ped In Cwy (Not Inj),528450,184290,-0.149085,51.542901,,,Unknown,"(51.542901, -0.149085)",http://opendatacommunities.org/id/london-borough-council/camden,4805,21/12/2020 02:48:36 PM
0115EO40509,CAMDEN,1 Driver/Rider,1 Male,25-59,46,1,3 Slight,-2 Unknown,-2 N/A,4 Car,NFL PENTONVILLE ROAD J/W CALEDONIAN ROAD,2,25/06/2015 02:00:00 PM,Thursday,14.00,1 TLRN,A,501,6 Single Cwy,2 30 MPH,6 Crossroads,2 Auto Sig,A,5203,5 Pedn Phase At Ats,1 Daylight,1 Fine,1 Road-Dry,0 None,0 None,530410,183000,-0.121315,51.530859,,,Unknown,"(51.530859, -0.121315)",http://opendatacommunities.org/id/london-borough-council/camden,5592,21/12/2020 02:48:37 PM
1190167199,CAMDEN,1 DRIVER/RIDER,1 MALE,25-59,34,1,3 SLIGHT,'-2 NOT APPLICABLE,'-2 NOT APPLICABLE,3 POWERED 2 WHEELER,"On ADELAIDE ROAD, near the junction with WINCHESTER ROAD.",2,05/03/2019 08:20:00 PM,Tuesday,20.20,3 BOR,B,509,3 DUAL CWY,20,07 MULTI JUN,2 AUTO SIG,6,0,5 PEDN PHASE AT ATS,1 DARK,2 RAINING,2 ROAD-WET,0 NONE,0 NONE,526908,184165,-0.171354,51.542126,,,Unknown,"(51.542126, -0.171354)",http://opendatacommunities.org/id/london-borough-council/camden,8824,21/12/2020 02:48:43 PM
1160008681,CAMDEN,2 Passenger,2 Female,0-15,15,1,3 Slight,-2 Unknown,-2 N/A,3 Powered 2 Wheeler,TORRIANO AVENUE J/W BUSBY PLACE,2,24/12/2016 11:59:00 AM,Saturday,11.59,3 Bor,A,5200,3 Dual Cwy,1 <= 20 MPH,9 Other Jun,4 Give Way/Uncontrolled,Unclassified,0,1 Zebra,1 Daylight,1 Fine,1 Road-Dry,0 None,0 None,529660,184920,-0.131414,51.548286,,,Unknown,"(51.548286, -0.131414)",http://opendatacommunities.org/id/london-borough-council/camden,5803,21/12/2020 02:48:37 PM
1170062485,CAMDEN,1 Driver/Rider,2 Female,25-59,58,1,2 Serious,-2 Unknown,-2 N/A,2 Pedal Cycle,EUSTON ROAD J/W OSSULSTON STREET,2,05/09/2017 08:15:00 PM,Tuesday,20.15,1 TLRN,A,501,6 Single Cwy,2 30 MPH,99 Unknown (S/R),9 Unknown (S/R),Unclassified,0,5 Pedn Phase At Ats,2 Dark,1 Fine,9 Unknown (S/R),9 Unknown (S/R),9 Unknown (S/R),529970,182730,-0.127754,51.528534,,,Unknown,"(51.528534, -0.127754)",http://opendatacommunities.org/id/london-borough-council/camden,7377,21/12/2020 02:48:40 PM
1170064483,CAMDEN,2 Passenger,2 Female,16-24,18,1,3 Slight,-2 Unknown,-2 N/A,6 Bus Or Coach,FINCHLEY ROAD J/W HILGROVE ROAD,2,14/10/2017 10:58:00 AM,Saturday,10.58,1 TLRN,A,41,2 One-Way St,2 30 MPH,6 Crossroads,2 Auto Sig,B,509,5 Pedn Phase At Ats,1 Daylight,1 Fine,1 Road-Dry,0 None,0 None,526630,184100,-0.175384,51.541604,,,Unknown,"(51.541604, -0.175384)",http://opendatacommunities.org/id/london-borough-council/camden,7413,21/12/2020 02:48:40 PM
1170042310,CAMDEN,1 Driver/Rider,1 Male,25-59,54,1,3 Slight,-2 Unknown,-2 N/A,2 Pedal Cycle,OUTER CIRCLE 50M N OF J/W GLOUCESTER GATE,3,11/06/2017 11:35:00 AM,Sunday,11.35,3 Bor,Unclassified,0,6 Single Cwy,2 30 MPH,0 No Jun In 20m,-2 Not Applicable,-2 Not Applicable,0,0 No Xing Facility In 50m,1 Daylight,1 Fine,1 Road-Dry,0 None,0 None,528500,183500,-0.148653,51.53579,,,Unknown,"(51.53579, -0.148653)",http://opendatacommunities.org/id/london-borough-council/camden,7031,21/12/2020 02:48:39 PM
1170064483,CAMDEN,2 Passenger,1 Male,25-59,30,1,3 Slight,-2 Unknown,-2 N/A,6 Bus Or Coach,FINCHLEY ROAD J/W HILGROVE ROAD,2,14/10/2017 10:58:00 AM,Saturday,10.58,1 TLRN,A,41,2 One-Way St,2 30 MPH,6 Crossroads,2 Auto Sig,B,509,5 Pedn Phase At Ats,1 Daylight,1 Fine,1 Road-Dry,0 None,0 None,526630,184100,-0.175384,51.541604,,,Unknown,"(51.541604, -0.175384)",http://opendatacommunities.org/id/london-borough-council/camden,7415,21/12/2020 02:48:40 PM
0115EK41088,CAMDEN,1 Driver/Rider,1 Male,25-59,32,1,3 Slight,-2 Unknown,-2 N/A,5 Taxi,ADELAIDE ROAD J/W PRIMROSE HILL ROAD.,2,29/11/2015 04:30:00 AM,Sunday,4.30,3 Bor,B,509,6 Single Cwy,2 30 MPH,6 Crossroads,2 Auto Sig,C,0,5 Pedn Phase At Ats,2 Dark,1 Fine,1 Road-Dry,0 None,0 None,527500,184340,-0.162759,51.543565,,,Unknown,"(51.543565, -0.162759)",http://opendatacommunities.org/id/london-borough-council/camden,5493,21/12/2020 02:48:37 PM
0115EK40112,CAMDEN,3 Pedestrian,1 Male,25-59,27,1,3 Slight,05 Crossing Road (Not On Xing),4 From Drivers O/Side Msk,1 Pedestrian,PARKWAY J/W ALBERT STREET,1,13/02/2015 01:56:00 PM,Friday,13.56,3 Bor,A,4201,6 Single Cwy,2 30 MPH,3 T/Stag Jun,4 Give Way/Uncontrolled,Unclassified,0,0 No Xing Facility In 50m,1 Daylight,2 Raining,2 Road-Wet,0 None,0 None,528750,183730,-0.144966,51.5378,,,Unknown,"(51.5378, -0.144966)",http://opendatacommunities.org/id/london-borough-council/camden,4669,21/12/2020 02:48:36 PM
1170012863,CAMDEN,2 Passenger,1 Male,25-59,34,1,3 Slight,-2 Unknown,-2 N/A,4 Car,CORAM STREET J/W HERBRAND STREET,2,19/01/2017 08:35:00 PM,Thursday,20.35,3 Bor,Unclassified,0,6 Single Cwy,1 <= 20 MPH,7 Multi Jun,4 Give Way/Uncontrolled,Unclassified,0,0 No Xing Facility In 50m,2 Dark,1 Fine,1 Road-Dry,0 None,0 None,530110,182240,-0.125918,51.524098,,,Unknown,"(51.524098, -0.125918)",http://opendatacommunities.org/id/london-borough-council/camden,6598,21/12/2020 02:48:39 PM
1190175350,CAMDEN,1 DRIVER/RIDER,1 MALE,25-59,32,1,3 SLIGHT,'-2 NOT APPLICABLE,'-2 NOT APPLICABLE,2 PEDAL CYCLE,"On Hampstead Road, near the junction with WILLIAM ROAD.",2,15/04/2019 02:20:00 PM,Monday,14.20,1 TLRN,A,400,6 SINGLE CWY,30,03 T/STAG JUN,4 GIVE WAY/UNCONTROLLED,6,0,0 NO XING FACILITY IN 50M,2 DAYLIGHT,1 FINE,1 ROAD-DRY,0 NONE,0 NONE,529216,182560,-0.13868,51.527179,,,Unknown,"(51.527179, -0.13868)",http://opendatacommunities.org/id/london-borough-council/camden,8928,21/12/2020 02:48:44 PM
1190190092,CAMDEN,1 DRIVER/RIDER,1 MALE,16-24,24,1,2 SERIOUS,'-2 NOT APPLICABLE,'-2 NOT APPLICABLE,2 PEDAL CYCLE,"On Euston Road, 64 metres east of the junction with Gower Street.. The nearest classified road was the A400",2,27/06/2019 06:40:00 PM,Thursday,18.40,1 TLRN,A,501,3 DUAL CWY,30,00 NO JUN IN 20M,,0,0,9 UNKNOWN (S/R),2 DAYLIGHT,4 FINE/HIGH WINDS,1 ROAD-DRY,9 UNKNOWN (S/R),9 UNKNOWN (S/R),529468,182415,-0.135103,51.525818,,,Unknown,"(51.525818, -0.135103)",http://opendatacommunities.org/id/london-borough-council/camden,9139,21/12/2020 02:48:44 PM
1190161124,CAMDEN,2 PASSENGER,1 MALE,60+,62,2,3 SLIGHT,'-2 NOT APPLICABLE,'-2 NOT APPLICABLE,6 BUS OR COACH,"On Brondesbury Villas, near the junction with KILBURN HIGH ROAD.",2,02/02/2019 04:44:00 PM,Saturday,16.44,3 BOR,A,5,6 SINGLE CWY,30,03 T/STAG JUN,4 GIVE WAY/UNCONTROLLED,6,0,1 ZEBRA,2 DAYLIGHT,1 FINE,2 ROAD-WET,0 NONE,0 NONE,525406,183635,-0.193191,51.537698,,,Unknown,"(51.537698, -0.193191)",http://opendatacommunities.org/id/london-borough-council/camden,8747,21/12/2020 02:48:43 PM
1170011338,CAMDEN,3 Pedestrian,1 Male,25-59,57,1,3 Slight,05 Crossing Road (Not On Xing),3 From Drivers O/Side,1 Pedestrian,WINCHESTER ROAD 25M S OF J/W ADELAIDE ROAD THE NEAREST CLASSIFIED,1,12/01/2017 06:30:00 PM,Thursday,18.30,3 Bor,B,509,6 Single Cwy,2 30 MPH,0 No Jun In 20m,-2 Not Applicable,-2 Not Applicable,0,0 No Xing Facility In 50m,2 Dark,2 Raining,2 Road-Wet,0 None,0 None,526909,184163,-0.171341,51.542108,,,Unknown,"(51.542108, -0.171341)",http://opendatacommunities.org/id/london-borough-council/camden,6575,21/12/2020 02:48:39 PM
0116EK40362,CAMDEN,1 Driver/Rider,2 Female,25-59,32,1,3 Slight,-2 Unknown,-2 N/A,2 Pedal Cycle,GRAY'S INN ROAD J/W GUILFORD STREET.,2,25/05/2016 09:30:00 AM,Wednesday,9.30,3 Bor,A,5200,6 Single Cwy,2 30 MPH,6 Crossroads,2 Auto Sig,B,502,5 Pedn Phase At Ats,1 Daylight,1 Fine,1 Road-Dry,0 None,0 None,530800,182280,-0.115963,51.524298,,,Unknown,"(51.524298, -0.115963)",http://opendatacommunities.org/id/london-borough-council/camden,6287,21/12/2020 02:48:38 PM
1170013084,CAMDEN,3 Pedestrian,2 Female,25-59,57,1,3 Slight,04 Crossing Road Within 50m Xing,3 From Drivers O/Side,1 Pedestrian,WEST END LANE J/W BLACKBURN ROAD,1,20/01/2017 07:50:00 PM,Friday,19.50,3 Bor,B,510,6 Single Cwy,1 <= 20 MPH,3 T/Stag Jun,4 Give Way/Uncontrolled,Unclassified,0,4 Pelican Or Similar,2 Dark,1 Fine,1 Road-Dry,0 None,0 None,525520,184680,-0.191175,51.547064,,,Unknown,"(51.547064, -0.191175)",http://opendatacommunities.org/id/london-borough-council/camden,6602,21/12/2020 02:48:39 PM
1190196893,CAMDEN,1 DRIVER/RIDER,1 MALE,25-59,26,1,3 SLIGHT,'-2 NOT APPLICABLE,'-2 NOT APPLICABLE,4 CAR,"On Finchley Road, near the junction with Weech Road.",2,30/07/2019 11:20:00 PM,Tuesday,23.20,1 TLRN,A,41,3 DUAL CWY,30,03 T/STAG JUN,4 GIVE WAY/UNCONTROLLED,6,0,0 NO XING FACILITY IN 50M,1 DARK,1 FINE,2 ROAD-WET,0 NONE,0 NONE,525270,185693,-0.194418,51.556224,,,Unknown,"(51.556224, -0.194418)",http://opendatacommunities.org/id/london-borough-council/camden,9242,21/12/2020 02:48:44 PM
0115EK40371,CAMDEN,3 Pedestrian,1 Male,25-59,35,1,3 Slight,05 Crossing Road (Not On Xing),3 From Drivers O/Side,1 Pedestrian,COLLEGE CRESCENT J/W BUCKLAND CRESCENT,1,12/05/2015 11:30:00 AM,Tuesday,11.30,3 Bor,B,511,3 Dual Cwy,2 30 MPH,3 T/Stag Jun,4 Give Way/Uncontrolled,C,0,0 No Xing Facility In 50m,1 Daylight,1 Fine,1 Road-Dry,0 None,0 None,526650,184440,-0.174974,51.544655,,,Unknown,"(51.544655, -0.174974)",http://opendatacommunities.org/id/london-borough-council/camden,4875,21/12/2020 02:48:36 PM
1180138609,CAMDEN,1 Driver/Rider,1 Male,25-59,28,1,3 Slight,-2 Unknown,-2 N/A,3 Powered 2 Wheeler,WEST END LANE 40M N OF J/W IVERSON ROAD,2,06/10/2018 06:00:00 PM,Saturday,18.00,3 Bor,B,510,9 Unknown,1 <= 20 MPH,0 No Jun In 20m,-2 Not Applicable,-2 Not Applicable,0,0 No Xing Facility In 50m,1 Daylight,1 Fine,1 Road-Dry,0 None,0 None,525527,184823,-0.191023,51.548348,,,Unknown,"(51.548348, -0.191023)",http://opendatacommunities.org/id/london-borough-council/camden,8419,21/12/2020 02:48:43 PM
0115EK40825,CAMDEN,1 Driver/Rider,1 Male,25-59,33,1,3 Slight,-2 Unknown,-2 N/A,3 Powered 2 Wheeler,CAMDEN ROAD J/W CAMDEN PARK ROAD.,2,21/09/2015 06:54:00 PM,Monday,18.54,1 TLRN,A,503,6 Single Cwy,2 30 MPH,6 Crossroads,2 Auto Sig,A,5200,5 Pedn Phase At Ats,2 Dark,2 Raining,2 Road-Wet,0 None,0 None,529720,184870,-0.130568,51.547823,,,Unknown,"(51.547823, -0.130568)",http://opendatacommunities.org/id/london-borough-council/camden,5281,21/12/2020 02:48:37 PM
1190170636,CAMDEN,1 DRIVER/RIDER,1 MALE,25-59,46,1,3 SLIGHT,'-2 NOT APPLICABLE,'-2 NOT APPLICABLE,2 PEDAL CYCLE,"On Aldenham Street (Stop S), near the junction with Polygon Road.",2,22/03/2019 02:50:00 PM,Friday,14.50,3 BOR,A,4200,6 SINGLE CWY,20,03 T/STAG JUN,4 GIVE WAY/UNCONTROLLED,6,0,0 NO XING FACILITY IN 50M,2 DAYLIGHT,1 FINE,1 ROAD-DRY,0 NONE,0 NONE,529483,182983,-0.134678,51.530919,,,Unknown,"(51.530919, -0.134678)",http://opendatacommunities.org/id/london-borough-council/camden,8860,21/12/2020 02:48:43 PM
1180144010,CAMDEN,3 Pedestrian,1 Male,25-59,29,1,3 Slight,08 In Centre Of Carriageway,1 From Drivers N/Side,1 Pedestrian,CAMDEN ROAD J/W ROCHESTER ROAD NW1,1,07/11/2018 06:54:00 PM,Wednesday,18.54,1 TLRN,A,503,2 One-Way St,1 <= 20 MPH,3 T/Stag Jun,4 Give Way/Uncontrolled,Unclassified,0,4 Pelican Or Similar,2 Dark,1 Fine,1 Road-Dry,0 None,0 None,529320,184420,-0.136499,51.543871,,,Unknown,"(51.543871, -0.136499)",http://opendatacommunities.org/id/london-borough-council/camden,8502,21/12/2020 02:48:43 PM
1170043218,CAMDEN,1 Driver/Rider,1 Male,25-59,29,1,3 Slight,-2 Unknown,-2 N/A,2 Pedal Cycle,GUILFORD STREET 36M W OF J/W GRAYS INN ROAD THE NEAREST CLASSIFIED,2,15/06/2017 02:10:00 PM,Thursday,14.10,3 Bor,B,502,3 Dual Cwy,1 <= 20 MPH,0 No Jun In 20m,-2 Not Applicable,-2 Not Applicable,0,4 Pelican Or Similar,1 Daylight,1 Fine,1 Road-Dry,0 None,0 None,530770,182270,-0.116399,51.524215,,,Unknown,"(51.524215, -0.116399)",http://opendatacommunities.org/id/london-borough-council/camden,7049,21/12/2020 02:48:39 PM
1190195490,CAMDEN,1 DRIVER/RIDER,1 MALE,16-24,21,1,2 SERIOUS,'-2 NOT APPLICABLE,1 FROM DRIVERS N/SIDE,2 PEDAL CYCLE,"On Kentish Town Road, near the junction with HAWLEY ROAD.",1,23/07/2019 03:40:00 PM,Tuesday,15.40,3 BOR,A,400,3 DUAL CWY,20,07 MULTI JUN,2 AUTO SIG,5,0,5 PEDN PHASE AT ATS,2 DAYLIGHT,1 FINE,1 ROAD-DRY,0 NONE,0 NONE,528945,184258,-0.141963,51.5425,,,Unknown,"(51.5425, -0.141963)",http://opendatacommunities.org/id/london-borough-council/camden,9222,21/12/2020 02:48:44 PM
1190218253,CAMDEN,1 DRIVER/RIDER,2 FEMALE,25-59,28,1,3 SLIGHT,'-2 NOT APPLICABLE,'-2 NOT APPLICABLE,2 PEDAL CYCLE,"On Russell Square, near the junction with BERNARD STREET WC1.",1,14/11/2019 11:15:00 AM,Thursday,11.15,3 BOR,A,4200,6 SINGLE CWY,20,06 CROSSROADS,2 AUTO SIG,B,504,4 PELICAN OR SIMILAR,2 DAYLIGHT,1 FINE,1 ROAD-DRY,0 NONE,0 NONE,530120,182102,-0.125825,51.522855,,,Unknown,"(51.522855, -0.125825)",http://opendatacommunities.org/id/london-borough-council/camden,9514,21/12/2020 02:48:44 PM
1170022724,CAMDEN,1 Driver/Rider,1 Male,25-59,55,1,3 Slight,-2 Unknown,-2 N/A,2 Pedal Cycle,GRAY'S INN ROAD J/W BALDWIN GARDENS,2,03/03/2017 01:35:00 PM,Friday,13.35,3 Bor,A,5200,6 Single Cwy,1 <= 20 MPH,3 T/Stag Jun,4 Give Way/Uncontrolled,Unclassified,0,0 No Xing Facility In 50m,1 Daylight,1 Fine,1 Road-Dry,0 None,0 None,531060,181780,-0.112403,51.519745,,,Unknown,"(51.519745, -0.112403)",http://opendatacommunities.org/id/london-borough-council/camden,6738,21/12/2020 02:48:39 PM
0115EK40444,CAMDEN,1 Driver/Rider,2 Female,25-59,25,1,3 Slight,-2 Unknown,-2 N/A,2 Pedal Cycle,KINGSWAY J/W HIGH HOLBORN,2,04/06/2015 06:06:00 PM,Thursday,18.06,3 Bor,A,4200,6 Single Cwy,2 30 MPH,6 Crossroads,2 Auto Sig,A,40,5 Pedn Phase At Ats,1 Daylight,1 Fine,1 Road-Dry,0 None,0 None,530510,181530,-0.120418,51.517625,,,Unknown,"(51.517625, -0.120418)",http://opendatacommunities.org/id/london-borough-council/camden,4937,21/12/2020 02:48:36 PM
1170061968,CAMDEN,1 Driver/Rider,1 Male,16-24,16,1,2 Serious,-2 Unknown,-2 N/A,3 Powered 2 Wheeler,CAVERSHAM ROAD J/W BARTHOLOMEW ROAD,2,02/10/2017 02:02:00 AM,Monday,2.02,3 Bor,Unclassified,0,6 Single Cwy,1 <= 20 MPH,6 Crossroads,4 Give Way/Uncontrolled,Unclassified,0,0 No Xing Facility In 50m,2 Dark,8 Other,2 Road-Wet,0 None,0 None,529400,184920,-0.135162,51.548346,,,Unknown,"(51.548346, -0.135162)",http://opendatacommunities.org/id/london-borough-council/camden,7369,21/12/2020 02:48:40 PM
1160024589,CAMDEN,1 Driver/Rider,1 Male,25-59,51,1,3 Slight,-2 Unknown,-2 N/A,3 Powered 2 Wheeler,WOBURN PLACE J/W RUSSELL SQUARE,1,09/10/2016 06:10:00 AM,Sunday,6.10,3 Bor,A,4200,6 Single Cwy,2 30 MPH,6 Crossroads,2 Auto Sig,A,4200,5 Pedn Phase At Ats,2 Dark,9 Unknown,1 Road-Dry,0 None,0 None,530100,182110,-0.12611,51.522932,,,Unknown,"(51.522932, -0.12611)",http://opendatacommunities.org/id/london-borough-council/camden,5912,21/12/2020 02:48:38 PM
0115EK40897,CAMDEN,3 Pedestrian,1 Male,60+,67,1,3 Slight,04 Crossing Road Within 50m Xing,1 From Drivers N/Side,1 Pedestrian,CAMDEN ROAD J/W ST PANCRAS WAY,1,08/10/2015 06:23:00 PM,Thursday,18.23,1 TLRN,A,503,6 Single Cwy,2 30 MPH,6 Crossroads,2 Auto Sig,A,5202,5 Pedn Phase At Ats,2 Dark,1 Fine,1 Road-Dry,0 None,0 None,529250,184290,-0.137555,51.542718,,,Unknown,"(51.542718, -0.137555)",http://opendatacommunities.org/id/london-borough-council/camden,5338,21/12/2020 02:48:37 PM
1190161869,CAMDEN,3 PEDESTRIAN,1 MALE,60+,67,1,3 SLIGHT,10 UNKNOWN OR OTHER,9 UNKNOWN OR OTHER,1 PEDESTRIAN,"On Chalk Farm Road, near the junction with Hartland Road .",2,17/01/2019 08:45:00 AM,Thursday,8.45,3 BOR,A,502,6 SINGLE CWY,30,09 OTHER JUN,9 UNKNOWN (S/R),6,0,0 NO XING FACILITY IN 50M,2 DAYLIGHT,1 FINE,1 ROAD-DRY,0 NONE,0 NONE,528559,184259,-0.147525,51.542597,,,Unknown,"(51.542597, -0.147525)",http://opendatacommunities.org/id/london-borough-council/camden,8764,21/12/2020 02:48:43 PM
1190164362,CAMDEN,1 DRIVER/RIDER,1 MALE,16-24,24,1,3 SLIGHT,'-2 NOT APPLICABLE,'-2 NOT APPLICABLE,3 POWERED 2 WHEELER,"On Finchley Road, near the junction with Rosemont Road.",2,19/02/2019 03:10:00 PM,Tuesday,15.10,1 TLRN,A,41,3 DUAL CWY,30,06 CROSSROADS,2 AUTO SIG,6,0,5 PEDN PHASE AT ATS,2 DAYLIGHT,1 FINE,1 ROAD-DRY,0 NONE,0 NONE,526167,184965,-0.181747,51.549481,,,Unknown,"(51.549481, -0.181747)",http://opendatacommunities.org/id/london-borough-council/camden,8791,21/12/2020 02:48:43 PM
1180101944,CAMDEN,2 Passenger,2 Female,16-24,20,1,3 Slight,-2 Unknown,-2 N/A,4 Car,AGAR GROVE 30M W OF J/W ST PAULS CRESCENT,7,16/04/2018 02:48:00 AM,Monday,2.48,3 Bor,C,0,6 Single Cwy,1 <= 20 MPH,0 No Jun In 20m,-2 Not Applicable,-2 Not Applicable,0,0 No Xing Facility In 50m,2 Dark,1 Fine,1 Road-Dry,0 None,0 None,529780,184350,-0.129895,51.543136,,,Unknown,"(51.543136, -0.129895)",http://opendatacommunities.org/id/london-borough-council/camden,7892,21/12/2020 02:48:41 PM
0116EK40076,CAMDEN,1 Driver/Rider,1 Male,25-59,54,1,3 Slight,-2 Unknown,-2 N/A,2 Pedal Cycle,FITZJOHN'S AVENUE J/W LYNDHURST ROAD,2,06/02/2016 07:00:00 AM,Saturday,7.00,3 Bor,B,511,6 Single Cwy,2 30 MPH,3 T/Stag Jun,4 Give Way/Uncontrolled,Unclassified,0,0 No Xing Facility In 50m,1 Daylight,1 Fine,1 Road-Dry,0 None,0 None,526560,185210,-0.175994,51.551595,,,Unknown,"(51.551595, -0.175994)",http://opendatacommunities.org/id/london-borough-council/camden,6041,21/12/2020 02:48:38 PM
1190188682,CAMDEN,1 DRIVER/RIDER,1 MALE,25-59,51,1,2 SERIOUS,'-2 NOT APPLICABLE,'-2 NOT APPLICABLE,3 POWERED 2 WHEELER,"On Euston Road, near the junction with Gordon Street.",2,21/06/2019 02:55:00 PM,Friday,14.55,1 TLRN,A,501,3 DUAL CWY,30,07 MULTI JUN,2 AUTO SIG,5,0,5 PEDN PHASE AT ATS,2 DAYLIGHT,1 FINE,1 ROAD-DRY,0 NONE,0 NONE,529566,182478,-0.133668,51.526362,,,Unknown,"(51.526362, -0.133668)",http://opendatacommunities.org/id/london-borough-council/camden,9121,21/12/2020 02:48:44 PM
0116EK40318,CAMDEN,3 Pedestrian,1 Male,0-15,10,1,2 Serious,04 Crossing Road Within 50m Xing,1 From Drivers N/Side,1 Pedestrian,EVERSHOLT STREET 33M NORTH WEST OF J/W ALDENHAM STREET,1,05/05/2016 07:59:00 AM,Thursday,7.59,3 Bor,A,4200,6 Single Cwy,1 <= 20 MPH,0 No Jun In 20m,-2 Not Applicable,-2 Not Applicable,0,1 Zebra,1 Daylight,1 Fine,1 Road-Dry,0 None,0 None,529420,183060,-0.135557,51.531626,,,Unknown,"(51.531626, -0.135557)",http://opendatacommunities.org/id/london-borough-council/camden,6249,21/12/2020 02:48:38 PM
1180084899,CAMDEN,1 Driver/Rider,2 Female,25-59,30,1,3 Slight,-2 Unknown,-2 N/A,2 Pedal Cycle,SOUTHAMPTON ROW J/W THEOBALDS ROAD,2,21/01/2018 11:48:00 AM,Sunday,11.48,3 Bor,A,4200,6 Single Cwy,1 <= 20 MPH,6 Crossroads,2 Auto Sig,A,401,5 Pedn Phase At Ats,1 Daylight,2 Raining,2 Road-Wet,0 None,0 None,530460,181680,-0.121083,51.518985,,,Unknown,"(51.518985, -0.121083)",http://opendatacommunities.org/id/london-borough-council/camden,7686,21/12/2020 02:48:41 PM
1180127625,CAMDEN,1 Driver/Rider,1 Male,25-59,32,1,3 Slight,-2 Unknown,-2 N/A,4 Car,HAMPSTEAD HIGH STREET J/W HEAT STREET,2,17/08/2018 05:18:00 PM,Friday,17.18,3 Bor,A,502,6 Single Cwy,1 <= 20 MPH,6 Crossroads,2 Auto Sig,A,502,5 Pedn Phase At Ats,1 Daylight,1 Fine,1 Road-Dry,4 Roadworks,0 None,526360,185760,-0.17868,51.556583,,,Unknown,"(51.556583, -0.17868)",http://opendatacommunities.org/id/london-borough-council/camden,8258,21/12/2020 02:48:42 PM
1160000830,CAMDEN,1 Driver/Rider,1 Male,25-59,53,1,3 Slight,-2 Unknown,-2 N/A,5 Taxi,BAYHAM J/W PLENDER STREET,2,08/11/2016 11:53:00 PM,Tuesday,23.53,3 Bor,C,0,2 One-Way St,1 <= 20 MPH,6 Crossroads,4 Give Way/Uncontrolled,Unclassified,0,1 Zebra,2 Dark,2 Raining,2 Road-Wet,0 None,0 None,529192,183562,-0.138658,51.536189,,,Unknown,"(51.536189, -0.138658)",http://opendatacommunities.org/id/london-borough-council/camden,5651,21/12/2020 02:48:37 PM
0115EK40332,CAMDEN,1 Driver/Rider,1 Male,25-59,45,1,3 Slight,-2 Unknown,-2 N/A,2 Pedal Cycle,CLARENCE WAY J/W CASTLEHAVEN ROAD,2,29/04/2015 08:35:00 AM,Wednesday,8.35,3 Bor,C,0,6 Single Cwy,2 30 MPH,3 T/Stag Jun,4 Give Way/Uncontrolled,Unclassified,0,0 No Xing Facility In 50m,1 Daylight,1 Fine,1 Road-Dry,0 None,0 None,528780,184400,-0.144289,51.543814,,,Unknown,"(51.543814, -0.144289)",http://opendatacommunities.org/id/london-borough-council/camden,4845,21/12/2020 02:48:36 PM
1180103669,CAMDEN,1 Driver/Rider,1 Male,16-24,22,1,3 Slight,-2 Unknown,-2 N/A,3 Powered 2 Wheeler,KENTISH TOWN ROAD 40M N OF J/W PRINCE OF WALES ROAD,2,24/04/2018 10:20:00 AM,Tuesday,10.20,3 Bor,A,400,6 Single Cwy,1 <= 20 MPH,0 No Jun In 20m,-2 Not Applicable,-2 Not Applicable,0,5 Pedn Phase At Ats,1 Daylight,1 Fine,1 Road-Dry,0 None,0 None,528950,184750,-0.14171,51.546921,,,Unknown,"(51.546921, -0.14171)",http://opendatacommunities.org/id/london-borough-council/camden,7922,21/12/2020 02:48:41 PM
1170094811,CAMDEN,3 Pedestrian,1 Male,25-59,42,1,3 Slight,10 Unknown,9 Unknown Or Other,1 Pedestrian,BROOKFIELD PARK 70M S OF J/W ST ALBANS ROAD,1,05/12/2017 03:30:00 PM,Tuesday,15.30,3 Bor,Unclassified,0,9 Unknown,2 30 MPH,8 Priv Drive,9 Unknown (S/R),Unclassified,0,9 Unknown (S/R),1 Daylight,9 Unknown,9 Unknown (S/R),9 Unknown (S/R),9 Unknown (S/R),528610,186370,-0.146019,51.561557,,,Unknown,"(51.561557, -0.146019)",http://opendatacommunities.org/id/london-borough-council/camden,7639,21/12/2020 02:48:41 PM