Reference,London Borough Name,Casualty Class,Casualty Sex,Casualty Age Band,Casualty Age,Number Of Casualties,Casualty Severity,Pedestrian Location,Pedestrian Movement,Mode Of Travel,Attendant Location,Number Of Vehicles,Date,Day,Time,Highway,Road Class 1,Road Number 1,Road Type,Speed Limit,Junction Detail,Junction Control,Road Class 2,Road Number 2,Pedestrian Crossing,Light Condition Band,Weather,Road Surface,Special Conditions,Carriage Way Hazard,Easting,Northing,Longitude,Latitude,Ward Code,Ward Name,Spatial Accuracy,Location,Organisation URI,Socrata ID,Last Uploaded
1190210154,CAMDEN,1 DRIVER/RIDER,1 MALE,25-59,39,1,3 SLIGHT,'-2 NOT APPLICABLE,'-2 NOT APPLICABLE,2 PEDAL CYCLE,"On Maida Vale, 35 metres north of the junction with Kilburn Priory.",2,07/10/2019 08:10:00 PM,Monday,20.10,3 BOR,A,5,6 SINGLE CWY,30,00 NO JUN IN 20M,,0,0,1 ZEBRA,1 DARK,2 RAINING,2 ROAD-WET,0 NONE,9 UNKNOWN (S/R),525589,183410,-0.190634,51.535635,,,Unknown,"(51.535635, -0.190634)",http://opendatacommunities.org/id/london-borough-council/camden,9415,21/12/2020 02:48:44 PM
1190155803,CAMDEN,1 DRIVER/RIDER,2 FEMALE,25-59,33,1,3 SLIGHT,'-2 NOT APPLICABLE,'-2 NOT APPLICABLE,2 PEDAL CYCLE,"On Kilburn High Road, near the junction with Victoria Road .",2,04/01/2019 11:00:00 AM,Friday,11.00,3 BOR,A,5,6 SINGLE CWY,20,06 CROSSROADS,2 AUTO SIG,A,5,5 PEDN PHASE AT ATS,2 DAYLIGHT,1 FINE,1 ROAD-DRY,0 NONE,0 NONE,525247,183867,-0.195399,51.539818,,,Unknown,"(51.539818, -0.195399)",http://opendatacommunities.org/id/london-borough-council/camden,8670,21/12/2020 02:48:43 PM
1180152799,CAMDEN,1 Driver/Rider,1 Male,25-59,52,1,3 Slight,-2 Unknown,-2 N/A,4 Car,PRINCE ALBERT ROAD J/W GLOUCSTER GATE,2,17/12/2018 08:45:00 PM,Monday,20.45,3 Bor,A,5205,6 Single Cwy,1 <= 20 MPH,3 T/Stag Jun,2 Auto Sig,A,4201,5 Pedn Phase At Ats,2 Dark,2 Raining,2 Road-Wet,9 Unknown (S/R),0 None,528610,183556,-0.147047,51.536268,,,Unknown,"(51.536268, -0.147047)",http://opendatacommunities.org/id/london-borough-council/camden,8622,21/12/2020 02:48:43 PM
0115EK40355,CAMDEN,1 Driver/Rider,1 Male,25-59,29,1,3 Slight,-2 Unknown,-2 N/A,3 Powered 2 Wheeler,WEST HEATH ROAD 100M W OF J/W WHITESTONE WALK,1,21/03/2015 03:25:00 PM,Saturday,15.25,3 Bor,C,0,6 Single Cwy,2 30 MPH,0 No Jun In 20m,-2 Not Applicable,-2 Not Applicable,0,0 No Xing Facility In 50m,1 Daylight,1 Fine,1 Road-Dry,0 None,0 None,526130,186300,-0.181802,51.561487,,,Unknown,"(51.561487, -0.181802)",http://opendatacommunities.org/id/london-borough-council/camden,4864,21/12/2020 02:48:36 PM
1170026704,CAMDEN,1 Driver/Rider,1 Male,60+,66,1,3 Slight,-2 Unknown,-2 N/A,4 Car,WELLESLEY ROAD 25M S OF J/W VICAR'S ROAD,2,20/03/2017 02:29:00 PM,Monday,14.29,3 Bor,Unclassified,0,3 Dual Cwy,1 <= 20 MPH,0 No Jun In 20m,-2 Not Applicable,-2 Not Applicable,0,0 No Xing Facility In 50m,1 Daylight,2 Raining,2 Road-Wet,0 None,0 None,528130,185250,-0.153348,51.551601,,,Unknown,"(51.551601, -0.153348)",http://opendatacommunities.org/id/london-borough-council/camden,6799,21/12/2020 02:48:39 PM
1190157828,CAMDEN,1 DRIVER/RIDER,1 MALE,25-59,50,1,3 SLIGHT,'-2 NOT APPLICABLE,'-2 NOT APPLICABLE,2 PEDAL CYCLE,"On Grays Inn Road, 30 metres west of the junction with Coley Street.",2,16/01/2019 10:19:00 AM,Wednesday,10.19,3 BOR,6,0,6 SINGLE CWY,30,00 NO JUN IN 20M,,0,0,1 ZEBRA,2 DAYLIGHT,1 FINE,1 ROAD-DRY,4 ROADWORKS,0 NONE,530928,182190,-0.114152,51.52346,,,Unknown,"(51.52346, -0.114152)",http://opendatacommunities.org/id/london-borough-council/camden,8693,21/12/2020 02:48:43 PM
0115EK40479,CAMDEN,3 Pedestrian,2 Female,16-24,20,1,3 Slight,04 Crossing Road Within 50m Xing,1 From Drivers N/Side,1 Pedestrian,BAYHAM STREET 25M N OF J/W PRATT STREET,1,14/06/2015 12:58:00 PM,Sunday,12.58,3 Bor,A,503,2 One-Way St,2 30 MPH,0 No Jun In 20m,-2 Not Applicable,-2 Not Applicable,0,1 Zebra,1 Daylight,1 Fine,1 Road-Dry,0 None,0 None,529080,183730,-0.140211,51.537724,,,Unknown,"(51.537724, -0.140211)",http://opendatacommunities.org/id/london-borough-council/camden,4970,21/12/2020 02:48:36 PM
1160007274,CAMDEN,1 Driver/Rider,1 Male,25-59,50,1,2 Serious,-2 Unknown,-2 N/A,2 Pedal Cycle,CAMDEN ROAD J/W ROCHESTER SQUARE,2,16/12/2016 08:50:00 AM,Friday,8.50,1 TLRN,A,503,3 Dual Cwy,1 <= 20 MPH,9 Other Jun,4 Give Way/Uncontrolled,Unclassified,0,0 No Xing Facility In 50m,1 Daylight,1 Fine,1 Road-Dry,0 None,2 Other Object In Cwy,529320,184380,-0.136513,51.543511,,,Unknown,"(51.543511, -0.136513)",http://opendatacommunities.org/id/london-borough-council/camden,5781,21/12/2020 02:48:37 PM
1180109497,CAMDEN,1 Driver/Rider,2 Female,25-59,26,1,3 Slight,-2 Unknown,-2 N/A,2 Pedal Cycle,KENTISH TOWN ROAD J/W ISLIP STREET,2,21/05/2018 05:36:00 PM,Monday,17.36,3 Bor,A,400,6 Single Cwy,1 <= 20 MPH,3 T/Stag Jun,4 Give Way/Uncontrolled,Unclassified,0,4 Pelican Or Similar,1 Daylight,1 Fine,1 Road-Dry,0 None,0 None,529000,185060,-0.140876,51.549695,,,Unknown,"(51.549695, -0.140876)",http://opendatacommunities.org/id/london-borough-council/camden,8011,21/12/2020 02:48:42 PM
1170061892,CAMDEN,2 Passenger,2 Female,25-59,29,1,3 Slight,-2 Unknown,-2 N/A,4 Car,PLENDER STREET J/W BAYHAM STREET,2,30/09/2017 11:15:00 PM,Saturday,23.15,3 Bor,C,0,2 One-Way St,1 <= 20 MPH,6 Crossroads,4 Give Way/Uncontrolled,Unclassified,0,1 Zebra,2 Dark,1 Fine,2 Road-Wet,0 None,0 None,529190,183560,-0.138688,51.536172,,,Unknown,"(51.536172, -0.138688)",http://opendatacommunities.org/id/london-borough-council/camden,7364,21/12/2020 02:48:40 PM
1160014023,CAMDEN,1 Driver/Rider,1 Male,25-59,32,1,3 Slight,-2 Unknown,-2 N/A,3 Powered 2 Wheeler,EUSTON ROAD J/W MIDLAND ROAD,1,14/12/2016 11:04:00 PM,Wednesday,23.04,1 TLRN,A,501,3 Dual Cwy,2 30 MPH,6 Crossroads,2 Auto Sig,C,0,0 No Xing Facility In 50m,2 Dark,1 Fine,2 Road-Wet,0 None,0 None,530090,182810,-0.125996,51.529225,,,Unknown,"(51.529225, -0.125996)",http://opendatacommunities.org/id/london-borough-council/camden,5865,21/12/2020 02:48:38 PM
1180097395,CAMDEN,2 Passenger,1 Male,25-59,26,1,3 Slight,-2 Unknown,-2 N/A,5 Taxi,CLERKENWELL ROAD J/W WHITE BEAR YARD,2,21/03/2018 08:50:00 AM,Wednesday,8.50,3 Bor,A,5201,6 Single Cwy,1 <= 20 MPH,3 T/Stag Jun,4 Give Way/Uncontrolled,Unclassified,0,0 No Xing Facility In 50m,1 Daylight,1 Fine,1 Road-Dry,0 None,0 None,531230,182030,-0.109861,51.521952,,,Unknown,"(51.521952, -0.109861)",http://opendatacommunities.org/id/london-borough-council/camden,7826,21/12/2020 02:48:41 PM
1190231744,CAMDEN,3 PEDESTRIAN,1 MALE,60+,72,1,3 SLIGHT,10 UNKNOWN OR OTHER,'-2 NOT APPLICABLE,1 PEDESTRIAN,"On West End Lane, 25 metres east of the junction with Compayne Gardens.",1,27/08/2019 10:00:00 PM,Tuesday,22.00,3 BOR,B,510,3 DUAL CWY,30,03 T/STAG JUN,4 GIVE WAY/UNCONTROLLED,6,0,9 UNKNOWN (S/R),1 DARK,9 UNKNOWN,9 UNKNOWN (S/R),9 UNKNOWN (S/R),9 UNKNOWN (S/R),525501,184501,-0.191513,51.54546,,,Unknown,"(51.54546, -0.191513)",http://opendatacommunities.org/id/london-borough-council/camden,9665,21/12/2020 02:48:45 PM
1160024728,CAMDEN,1 Driver/Rider,1 Male,16-24,19,1,3 Slight,-2 Unknown,-2 N/A,2 Pedal Cycle,WOLSEY MEWS J/W CAVERSHAM ROAD,2,12/10/2016 09:55:00 PM,Wednesday,21.55,3 Bor,Unclassified,0,2 One-Way St,2 30 MPH,6 Crossroads,3 Stop Sign,Unclassified,0,0 No Xing Facility In 50m,2 Dark,2 Raining,2 Road-Wet,0 None,0 None,529020,184960,-0.140625,51.548792,,,Unknown,"(51.548792, -0.140625)",http://opendatacommunities.org/id/london-borough-council/camden,5930,21/12/2020 02:48:38 PM
1190202947,CAMDEN,3 PEDESTRIAN,2 FEMALE,25-59,49,1,3 SLIGHT,01 CROSSING ROAD ON PED XING,9 UNKNOWN OR OTHER,1 PEDESTRIAN,"On Mansfield Road, near the junction with Estelle Road.",1,31/08/2019 01:15:00 PM,Saturday,13.15,3 BOR,B,518,6 SINGLE CWY,20,03 T/STAG JUN,9 UNKNOWN (S/R),6,0,1 ZEBRA,2 DAYLIGHT,1 FINE,1 ROAD-DRY,0 NONE,0 NONE,528048,185519,-0.154432,51.554037,,,Unknown,"(51.554037, -0.154432)",http://opendatacommunities.org/id/london-borough-council/camden,9324,21/12/2020 02:48:44 PM
1170080763,CAMDEN,1 Driver/Rider,1 Male,25-59,45,1,3 Slight,-2 Unknown,-2 N/A,3 Powered 2 Wheeler,FINCHLEY ROAD 15M S OF J/W FAIRFAX ROAD,2,30/12/2017 02:10:00 AM,Saturday,2.10,1 TLRN,A,41,3 Dual Cwy,6 70 MPH,3 T/Stag Jun,4 Give Way/Uncontrolled,C,0,5 Pedn Phase At Ats,2 Dark,2 Raining,2 Road-Wet,0 None,0 None,526478,184512,-0.177427,51.545341,,,Unknown,"(51.545341, -0.177427)",http://opendatacommunities.org/id/london-borough-council/camden,7636,21/12/2020 02:48:41 PM
1190214358,CAMDEN,1 DRIVER/RIDER,1 MALE,16-24,22,1,3 SLIGHT,'-2 NOT APPLICABLE,3 FROM DRIVERS O/SIDE,4 CAR,"On Kentish Town Road, 25 metres north of the junction with Islip Street.",2,27/10/2019 04:30:00 PM,Sunday,16.30,3 BOR,A,400,9 UNKNOWN,20,00 NO JUN IN 20M,,0,0,5 PEDN PHASE AT ATS,2 DAYLIGHT,1 FINE,1 ROAD-DRY,0 NONE,0 NONE,529007,185105,-0.140759,51.550098,,,Unknown,"(51.550098, -0.140759)",http://opendatacommunities.org/id/london-borough-council/camden,9471,21/12/2020 02:48:44 PM
1190155454,CAMDEN,1 DRIVER/RIDER,1 MALE,25-59,57,2,3 SLIGHT,'-2 NOT APPLICABLE,'-2 NOT APPLICABLE,4 CAR,"On Grays Inn Road, near the junction with ST CHAD'S PLACE, NW1.",4,02/01/2019 06:38:00 PM,Wednesday,18.38,1 TLRN,A,5203,2 ONE-WAY ST,30,09 OTHER JUN,2 AUTO SIG,A,501,0 NO XING FACILITY IN 50M,1 DARK,1 FINE,1 ROAD-DRY,0 NONE,0 NONE,530455,182926,-0.120694,51.530183,,,Unknown,"(51.530183, -0.120694)",http://opendatacommunities.org/id/london-borough-council/camden,8668,21/12/2020 02:48:43 PM
1170035188,CAMDEN,1 Driver/Rider,1 Male,16-24,23,1,3 Slight,-2 Unknown,-2 N/A,2 Pedal Cycle,JUDD STREET J/W BIDBOROUGH STREET,2,28/04/2017 09:15:00 AM,Friday,9.15,3 Bor,B,504,9 Unknown,2 30 MPH,3 T/Stag Jun,9 Unknown (S/R),C,0,0 No Xing Facility In 50m,1 Daylight,1 Fine,1 Road-Dry,0 None,0 None,530110,182730,-0.125737,51.528501,,,Unknown,"(51.528501, -0.125737)",http://opendatacommunities.org/id/london-borough-council/camden,6933,21/12/2020 02:48:39 PM
0115EK40470,CAMDEN,2 Passenger,1 Male,25-59,56,1,3 Slight,-2 Unknown,-2 N/A,6 Bus Or Coach,VERNON PLACE J/W SOUTHAMPTON ROW,1,13/06/2015 03:50:00 PM,Saturday,15.50,3 Bor,A,401,3 Dual Cwy,3 40 MPH,6 Crossroads,2 Auto Sig,A,4200,5 Pedn Phase At Ats,1 Daylight,1 Fine,1 Road-Dry,0 None,0 None,530450,181670,-0.121231,51.518897,,,Unknown,"(51.518897, -0.121231)",http://opendatacommunities.org/id/london-borough-council/camden,4960,21/12/2020 02:48:36 PM
1180094320,CAMDEN,1 Driver/Rider,1 Male,25-59,25,1,3 Slight,-2 Unknown,-2 N/A,4 Car,EUSTON ROAD 25M W OF J/W MELTON STREET,2,04/03/2018 03:50:00 PM,Sunday,15.50,1 TLRN,A,501,3 Dual Cwy,2 30 MPH,0 No Jun In 20m,-2 Not Applicable,-2 Not Applicable,0,5 Pedn Phase At Ats,1 Daylight,1 Fine,1 Road-Dry,0 None,0 None,529630,182510,-0.132734,51.526635,,,Unknown,"(51.526635, -0.132734)",http://opendatacommunities.org/id/london-borough-council/camden,7792,21/12/2020 02:48:41 PM
1190157096,CAMDEN,1 DRIVER/RIDER,1 MALE,25-59,40,1,2 SERIOUS,'-2 NOT APPLICABLE,'-2 NOT APPLICABLE,3 POWERED 2 WHEELER,"On Euston Road, near the junction with Judd Street.",1,12/01/2019 07:00:00 AM,Saturday,7.00,1 TLRN,A,501,6 SINGLE CWY,30,09 OTHER JUN,2 AUTO SIG,B,504,0 NO XING FACILITY IN 50M,1 DARK,1 FINE,1 ROAD-DRY,0 NONE,0 NONE,530085,182791,-0.126075,51.529055,,,Unknown,"(51.529055, -0.126075)",http://opendatacommunities.org/id/london-borough-council/camden,8687,21/12/2020 02:48:43 PM
1190217908,CAMDEN,1 DRIVER/RIDER,1 MALE,16-24,22,1,3 SLIGHT,'-2 NOT APPLICABLE,'-2 NOT APPLICABLE,4 CAR,"On Holmes Road, 25 metres east of the junction with Spring Place.",2,12/11/2019 04:40:00 PM,Tuesday,16.40,3 BOR,6,0,6 SINGLE CWY,20,00 NO JUN IN 20M,,0,0,0 NO XING FACILITY IN 50M,2 DAYLIGHT,2 RAINING,1 ROAD-DRY,0 NONE,0 NONE,528757,185059,-0.144379,51.549742,,,Unknown,"(51.549742, -0.144379)",http://opendatacommunities.org/id/london-borough-council/camden,9513,21/12/2020 02:48:44 PM
1170018882,CAMDEN,1 Driver/Rider,1 Male,25-59,30,1,3 Slight,-2 Unknown,-2 N/A,5 Taxi,HIGH HOLBORN J/W KINGSWAY,1,16/02/2017 07:00:00 PM,Thursday,19.00,3 Bor,A,40,6 Single Cwy,2 30 MPH,7 Multi Jun,2 Auto Sig,A,4200,5 Pedn Phase At Ats,2 Dark,1 Fine,1 Road-Dry,0 None,0 None,530510,181520,-0.120422,51.517535,,,Unknown,"(51.517535, -0.120422)",http://opendatacommunities.org/id/london-borough-council/camden,6677,21/12/2020 02:48:39 PM
1190172358,CAMDEN,1 DRIVER/RIDER,1 MALE,25-59,38,1,3 SLIGHT,'-2 NOT APPLICABLE,'-2 NOT APPLICABLE,3 POWERED 2 WHEELER,"On Finchley Road, 30 metres north of the junction with Adelaide Road.. The nearest classified road was the B509",2,31/03/2019 12:10:00 PM,Sunday,12.10,1 TLRN,A,41,2 ONE-WAY ST,30,00 NO JUN IN 20M,,0,0,4 PELICAN OR SIMILAR,2 DAYLIGHT,1 FINE,1 ROAD-DRY,0 NONE,0 NONE,526724,184206,-0.173991,51.542536,,,Unknown,"(51.542536, -0.173991)",http://opendatacommunities.org/id/london-borough-council/camden,8895,21/12/2020 02:48:44 PM
1180104321,CAMDEN,1 Driver/Rider,1 Male,25-59,45,1,3 Slight,-2 Unknown,-2 N/A,5 Taxi,BAYHAM STREET J/W PLENDER STREET,2,27/04/2018 05:00:00 AM,Friday,5.00,3 Bor,C,0,6 Single Cwy,1 <= 20 MPH,6 Crossroads,4 Give Way/Uncontrolled,Unclassified,0,1 Zebra,1 Daylight,1 Fine,1 Road-Dry,0 None,0 None,529190,183550,-0.138691,51.536082,,,Unknown,"(51.536082, -0.138691)",http://opendatacommunities.org/id/london-borough-council/camden,7934,21/12/2020 02:48:41 PM
1190211929,CAMDEN,1 DRIVER/RIDER,1 MALE,25-59,31,1,3 SLIGHT,'-2 NOT APPLICABLE,3 FROM DRIVERS O/SIDE,7 GOODS VEHICLE,"On Euston Road, near the junction with Melton Street .",2,15/10/2019 07:10:00 PM,Tuesday,19.10,1 TLRN,A,501,3 DUAL CWY,30,06 CROSSROADS,2 AUTO SIG,5,0,1 ZEBRA,1 DARK,1 FINE,1 ROAD-DRY,0 NONE,0 NONE,529567,182482,-0.133652,51.526397,,,Unknown,"(51.526397, -0.133652)",http://opendatacommunities.org/id/london-borough-council/camden,9441,21/12/2020 02:48:44 PM
0116EK40501,CAMDEN,1 Driver/Rider,1 Male,25-59,46,1,3 Slight,-2 Unknown,-2 N/A,3 Powered 2 Wheeler,GOWER STREET J/W TORRINGTON PLACE.,2,24/06/2016 05:30:00 PM,Friday,17.30,3 Bor,A,400,2 One-Way St,2 30 MPH,6 Crossroads,2 Auto Sig,C,0,5 Pedn Phase At Ats,1 Daylight,1 Fine,1 Road-Dry,0 None,0 None,529650,182040,-0.132618,51.522406,,,Unknown,"(51.522406, -0.132618)",http://opendatacommunities.org/id/london-borough-council/camden,6411,21/12/2020 02:48:38 PM
1170039939,CAMDEN,3 Pedestrian,2 Female,16-24,24,1,2 Serious,01 Crossing Road On Ped Xing,1 From Drivers N/Side,1 Pedestrian,GRAYS INN ROAD J/W EUSTON ROAD,1,26/05/2017 03:10:00 PM,Friday,15.10,1 TLRN,A,501,6 Single Cwy,2 30 MPH,9 Other Jun,2 Auto Sig,A,501,5 Pedn Phase At Ats,1 Daylight,1 Fine,1 Road-Dry,0 None,0 None,530320,182960,-0.122626,51.53052,,,Unknown,"(51.53052, -0.122626)",http://opendatacommunities.org/id/london-borough-council/camden,7004,21/12/2020 02:48:39 PM
0115EK40075,CAMDEN,1 Driver/Rider,1 Male,25-59,25,1,3 Slight,-2 Unknown,-2 N/A,2 Pedal Cycle,CAMDEN HIGH STREET J/W CAMDEN ROAD,2,29/01/2015 09:15:00 PM,Thursday,21.15,1 TLRN,A,400,6 Single Cwy,2 30 MPH,6 Crossroads,2 Auto Sig,A,503,5 Pedn Phase At Ats,2 Dark,1 Fine,2 Road-Wet,0 None,0 None,528910,183840,-0.14262,51.538752,,,Unknown,"(51.538752, -0.14262)",http://opendatacommunities.org/id/london-borough-council/camden,4641,21/12/2020 02:48:35 PM
1180142780,CAMDEN,1 Driver/Rider,1 Male,25-59,34,1,3 Slight,-2 Unknown,-2 N/A,3 Powered 2 Wheeler,CLERKENWELL ROAD J/W SAFFRON HILL,2,01/11/2018 05:10:00 PM,Thursday,17.10,3 Bor,A,5201,3 Dual Cwy,1 <= 20 MPH,6 Crossroads,2 Auto Sig,A,5201,0 No Xing Facility In 50m,1 Daylight,2 Raining,2 Road-Wet,0 None,0 None,531340,182040,-0.108273,51.522016,,,Unknown,"(51.522016, -0.108273)",http://opendatacommunities.org/id/london-borough-council/camden,8486,21/12/2020 02:48:43 PM
1170059933,CAMDEN,3 Pedestrian,2 Female,60+,64,1,3 Slight,05 Crossing Road (Not On Xing),1 From Drivers N/Side,1 Pedestrian,BIRCHINGTON ROAD J/W COLAS MEWS,1,19/09/2017 01:01:00 PM,Tuesday,13.01,3 Bor,Unclassified,0,2 One-Way St,1 <= 20 MPH,9 Other Jun,4 Give Way/Uncontrolled,Unclassified,0,0 No Xing Facility In 50m,1 Daylight,1 Fine,1 Road-Dry,0 None,0 None,525350,183800,-0.193939,51.539193,,,Unknown,"(51.539193, -0.193939)",http://opendatacommunities.org/id/london-borough-council/camden,7328,21/12/2020 02:48:40 PM
1180132986,CAMDEN,1 Driver/Rider,1 Male,25-59,55,1,3 Slight,-2 Unknown,-2 N/A,3 Powered 2 Wheeler,FORTUNE GREEN ROAD J/W WEECH ROAD,2,17/09/2018 07:00:00 AM,Monday,7.00,3 Bor,B,510,6 Single Cwy,1 <= 20 MPH,3 T/Stag Jun,4 Give Way/Uncontrolled,Unclassified,0,1 Zebra,1 Daylight,1 Fine,1 Road-Dry,0 None,0 None,525130,185670,-0.196445,51.556048,,,Unknown,"(51.556048, -0.196445)",http://opendatacommunities.org/id/london-borough-council/camden,8331,21/12/2020 02:48:42 PM
1180104466,CAMDEN,2 Passenger,2 Female,25-59,45,1,3 Slight,-2 Unknown,-2 N/A,4 Car,NFL BARTHOLOMEW ROAD J/W ISLIP STREET,2,27/04/2018 03:45:00 PM,Friday,15.45,3 Bor,Unclassified,0,6 Single Cwy,1 <= 20 MPH,6 Crossroads,4 Give Way/Uncontrolled,Unclassified,0,0 No Xing Facility In 50m,1 Daylight,1 Fine,2 Road-Wet,0 None,0 None,529410,185010,-0.134985,51.549152,,,Unknown,"(51.549152, -0.134985)",http://opendatacommunities.org/id/london-borough-council/camden,7937,21/12/2020 02:48:41 PM
1170036356,CAMDEN,1 Driver/Rider,1 Male,25-59,39,1,3 Slight,-2 Unknown,-2 N/A,5 Taxi,TAVISTOCK SQUARE J/W TAVISTOCK PLACE,2,10/05/2017 02:31:00 AM,Wednesday,2.31,3 Bor,A,4200,6 Single Cwy,1 <= 20 MPH,6 Crossroads,2 Auto Sig,C,0,4 Pelican Or Similar,2 Dark,1 Fine,1 Road-Dry,0 None,0 None,529950,182320,-0.128193,51.524854,,,Unknown,"(51.524854, -0.128193)",http://opendatacommunities.org/id/london-borough-council/camden,6949,21/12/2020 02:48:39 PM
1180134455,CAMDEN,1 Driver/Rider,1 Male,16-24,18,1,3 Slight,-2 Unknown,-2 N/A,3 Powered 2 Wheeler,CASTLE ROAD 10M W OF J/W GRAFTON CRESCENT,2,23/09/2018 06:12:00 PM,Sunday,18.12,3 Bor,Unclassified,0,6 Single Cwy,1 <= 20 MPH,3 T/Stag Jun,4 Give Way/Uncontrolled,Unclassified,0,0 No Xing Facility In 50m,1 Daylight,1 Fine,2 Road-Wet,0 None,0 None,528730,184560,-0.144951,51.545263,,,Unknown,"(51.545263, -0.144951)",http://opendatacommunities.org/id/london-borough-council/camden,8348,21/12/2020 02:48:42 PM
0115EK40760,CAMDEN,3 Pedestrian,1 Male,25-59,50,1,3 Slight,05 Crossing Road (Not On Xing),4 From Drivers O/Side Msk,1 Pedestrian,DYNHAM ROAD 22M E OF KINGSGATE ROAD,1,29/08/2015 03:00:00 AM,Saturday,3.00,3 Bor,Unclassified,0,6 Single Cwy,2 30 MPH,0 No Jun In 20m,-2 Not Applicable,-2 Not Applicable,0,0 No Xing Facility In 50m,2 Dark,1 Fine,1 Road-Dry,0 None,0 None,525190,184340,-0.196053,51.544082,,,Unknown,"(51.544082, -0.196053)",http://opendatacommunities.org/id/london-borough-council/camden,5223,21/12/2020 02:48:37 PM
0116EK40214,CAMDEN,1 Driver/Rider,1 Male,0-15,14,1,2 Serious,-2 Unknown,-2 N/A,3 Powered 2 Wheeler,MAYGROVE ROAD J/W IVERSON ROAD,1,12/04/2016 06:59:00 PM,Tuesday,18.59,3 Bor,C,0,6 Single Cwy,2 30 MPH,3 T/Stag Jun,4 Give Way/Uncontrolled,B,520,1 Zebra,1 Daylight,1 Fine,1 Road-Dry,0 None,0 None,525260,184740,-0.194901,51.547661,,,Unknown,"(51.547661, -0.194901)",http://opendatacommunities.org/id/london-borough-council/camden,6159,21/12/2020 02:48:38 PM
1160012471,CAMDEN,3 Pedestrian,1 Male,16-24,22,1,3 Slight,05 Crossing Road (Not On Xing),4 From Drivers O/Side Msk,1 Pedestrian,"ON GUILFORD STREET, NEAR THE JUNCTION WITH HERBRAND STREET .",1,27/09/2016 11:00:00 AM,Tuesday,11.00,3 Bor,B,502,2 One-Way St,2 30 MPH,3 T/Stag Jun,4 Give Way/Uncontrolled,Unclassified,0,0 No Xing Facility In 50m,1 Daylight,9 Unknown,1 Road-Dry,0 None,0 None,530230,182050,-0.124259,51.522363,,,Unknown,"(51.522363, -0.124259)",http://opendatacommunities.org/id/london-borough-council/camden,5836,21/12/2020 02:48:38 PM
0115EK40568,CAMDEN,3 Pedestrian,2 Female,25-59,36,1,3 Slight,04 Crossing Road Within 50m Xing,2 From Drivers N/Side Msk,1 Pedestrian,KENTISH TOWN ROAD J/W CAVERSHAM ROAD.,1,10/07/2015 09:20:00 AM,Friday,9.20,3 Bor,A,400,6 Single Cwy,2 30 MPH,3 T/Stag Jun,4 Give Way/Uncontrolled,Unclassified,0,4 Pelican Or Similar,1 Daylight,1 Fine,1 Road-Dry,0 None,0 None,528990,184970,-0.141053,51.548889,,,Unknown,"(51.548889, -0.141053)",http://opendatacommunities.org/id/london-borough-council/camden,5060,21/12/2020 02:48:36 PM
1170051773,CAMDEN,2 Passenger,2 Female,25-59,32,1,3 Slight,-2 Unknown,-2 N/A,4 Car,CAMDEN ROAD 50M E OF J/W CANAL BLVD,2,02/08/2017 02:50:00 PM,Wednesday,14.50,1 TLRN,A,503,6 Single Cwy,1 <= 20 MPH,0 No Jun In 20m,-2 Not Applicable,-2 Not Applicable,0,0 No Xing Facility In 50m,1 Daylight,2 Raining,2 Road-Wet,0 None,0 None,529620,184760,-0.13205,51.546857,,,Unknown,"(51.546857, -0.13205)",http://opendatacommunities.org/id/london-borough-council/camden,7216,21/12/2020 02:48:40 PM
1180131235,CAMDEN,1 Driver/Rider,2 Female,25-59,47,1,3 Slight,-2 Unknown,-2 N/A,2 Pedal Cycle,ADELAIDE ROAD J/W BRIDGE APPROACH,1,07/09/2018 02:30:00 PM,Friday,14.30,3 Bor,B,509,6 Single Cwy,1 <= 20 MPH,3 T/Stag Jun,9 Unknown (S/R),Unclassified,0,1 Zebra,1 Daylight,1 Fine,1 Road-Dry,9 Unknown (S/R),0 None,528040,184390,-0.154958,51.543892,,,Unknown,"(51.543892, -0.154958)",http://opendatacommunities.org/id/london-borough-council/camden,8307,21/12/2020 02:48:42 PM
0115CW11299,CAMDEN,1 Driver/Rider,2 Female,16-24,24,1,3 Slight,-2 Unknown,-2 N/A,2 Pedal Cycle,MAPLE STREET20M NORTH EAST J/W CLEVELAND STREET,2,24/08/2015 09:15:00 AM,Monday,9.15,3 Bor,Unclassified,0,2 One-Way St,2 30 MPH,3 T/Stag Jun,4 Give Way/Uncontrolled,Unclassified,0,0 No Xing Facility In 50m,1 Daylight,1 Fine,1 Road-Dry,0 None,0 None,529150,181940,-0.139858,51.521622,,,Unknown,"(51.521622, -0.139858)",http://opendatacommunities.org/id/london-borough-council/camden,4571,21/12/2020 02:48:35 PM
1160024207,CAMDEN,2 Passenger,2 Female,25-59,56,1,3 Slight,-2 Unknown,-2 N/A,6 Bus Or Coach,EUSTON ROAD J/W PANCRAS ROAD,1,21/10/2016 08:51:00 PM,Friday,20.51,1 TLRN,A,501,3 Dual Cwy,2 30 MPH,3 T/Stag Jun,2 Auto Sig,A,5202,5 Pedn Phase At Ats,2 Dark,1 Fine,1 Road-Dry,0 None,0 None,530200,182890,-0.124381,51.529919,,,Unknown,"(51.529919, -0.124381)",http://opendatacommunities.org/id/london-borough-council/camden,5882,21/12/2020 02:48:38 PM