Reference,London Borough Name,Casualty Class,Casualty Sex,Casualty Age Band,Casualty Age,Number Of Casualties,Casualty Severity,Pedestrian Location,Pedestrian Movement,Mode Of Travel,Attendant Location,Number Of Vehicles,Date,Day,Time,Highway,Road Class 1,Road Number 1,Road Type,Speed Limit,Junction Detail,Junction Control,Road Class 2,Road Number 2,Pedestrian Crossing,Light Condition Band,Weather,Road Surface,Special Conditions,Carriage Way Hazard,Easting,Northing,Longitude,Latitude,Ward Code,Ward Name,Spatial Accuracy,Location,Organisation URI,Socrata ID,Last Uploaded
0115EK40485,CAMDEN,1 Driver/Rider,1 Male,25-59,35,1,3 Slight,-2 Unknown,-2 N/A,2 Pedal Cycle,CAMEN ROAD J/W CAMDEN STREET,2,12/05/2015 06:10:00 PM,Tuesday,18.10,1 TLRN,A,503,6 Single Cwy,2 30 MPH,6 Crossroads,2 Auto Sig,A,400,5 Pedn Phase At Ats,1 Daylight,9 Unknown,1 Road-Dry,0 None,0 None,529090,184040,-0.139953,51.540508,,,Unknown,"(51.540508, -0.139953)",http://opendatacommunities.org/id/london-borough-council/camden,4974,21/12/2020 02:48:36 PM
0115EK40829,CAMDEN,1 Driver/Rider,1 Male,25-59,37,1,3 Slight,-2 Unknown,-2 N/A,5 Taxi,HIGH HOLBORN J/W ENDELL STREET,2,06/09/2015 02:08:00 AM,Sunday,2.08,3 Bor,A,401,6 Single Cwy,2 30 MPH,7 Multi Jun,2 Auto Sig,B,401,5 Pedn Phase At Ats,2 Dark,1 Fine,1 Road-Dry,0 None,0 None,530110,181310,-0.126261,51.51574,,,Unknown,"(51.51574, -0.126261)",http://opendatacommunities.org/id/london-borough-council/camden,5285,21/12/2020 02:48:37 PM
0115EK40196,CAMDEN,1 Driver/Rider,1 Male,25-59,42,1,3 Slight,-2 Unknown,-2 N/A,4 Car,HIGHGATE ROAD J/W WESLEYAN PLACE,2,11/03/2015 04:00:00 PM,Wednesday,16.00,3 Bor,B,518,6 Single Cwy,2 30 MPH,3 T/Stag Jun,4 Give Way/Uncontrolled,Unclassified,0,0 No Xing Facility In 50m,1 Daylight,1 Fine,1 Road-Dry,0 None,0 None,528630,185750,-0.145957,51.555981,,,Unknown,"(51.555981, -0.145957)",http://opendatacommunities.org/id/london-borough-council/camden,4735,21/12/2020 02:48:36 PM
1170054557,CAMDEN,2 Passenger,1 Male,25-59,27,1,3 Slight,-2 Unknown,-2 N/A,6 Bus Or Coach,TAVISTOCK SQUARE 51M N OF J/W TAVISTOCK PLACE,1,19/08/2017 03:09:00 AM,Saturday,3.09,3 Bor,A,4200,6 Single Cwy,2 30 MPH,0 No Jun In 20m,-2 Not Applicable,-2 Not Applicable,0,0 No Xing Facility In 50m,2 Dark,1 Fine,1 Road-Dry,0 None,0 None,529920,182360,-0.128611,51.52522,,,Unknown,"(51.52522, -0.128611)",http://opendatacommunities.org/id/london-borough-council/camden,7255,21/12/2020 02:48:40 PM
0116EK40361,CAMDEN,1 Driver/Rider,1 Male,25-59,37,1,3 Slight,-2 Unknown,-2 N/A,4 Car,GOLDHURST  TERRACE 263M SOUTH WEST OF J/W FAIRHAZEL GARDENS,2,24/05/2016 03:20:00 PM,Tuesday,15.20,3 Bor,Unclassified,0,6 Single Cwy,1 <= 20 MPH,0 No Jun In 20m,-2 Not Applicable,-2 Not Applicable,0,0 No Xing Facility In 50m,1 Daylight,1 Fine,1 Road-Dry,0 None,0 None,525980,184040,-0.184774,51.54121,,,Unknown,"(51.54121, -0.184774)",http://opendatacommunities.org/id/london-borough-council/camden,6286,21/12/2020 02:48:38 PM
1180114713,CAMDEN,1 Driver/Rider,1 Male,25-59,36,1,3 Slight,-2 Unknown,-2 N/A,2 Pedal Cycle,BUCK STREET J/W KENTISH TOWN ROAD,2,16/06/2018 12:00:00 PM,Saturday,12.00,3 Bor,Unclassified,0,6 Single Cwy,1 <= 20 MPH,3 T/Stag Jun,4 Give Way/Uncontrolled,A,400,0 No Xing Facility In 50m,1 Daylight,1 Fine,1 Road-Dry,0 None,0 None,528932,184012,-0.14224,51.540293,,,Unknown,"(51.540293, -0.14224)",http://opendatacommunities.org/id/london-borough-council/camden,8079,21/12/2020 02:48:42 PM
0115EK40731,CAMDEN,2 Passenger,2 Female,25-59,45,1,3 Slight,-2 Unknown,-2 N/A,6 Bus Or Coach,SOUTHAMPTON ROW 54M NW OF THEOBALD'S ROAD,2,21/08/2015 08:16:00 AM,Friday,8.16,3 Bor,A,4200,6 Single Cwy,2 30 MPH,0 No Jun In 20m,-2 Not Applicable,-2 Not Applicable,0,0 No Xing Facility In 50m,1 Daylight,1 Fine,1 Road-Dry,0 None,0 None,530420,181710,-0.121648,51.519263,,,Unknown,"(51.519263, -0.121648)",http://opendatacommunities.org/id/london-borough-council/camden,5198,21/12/2020 02:48:37 PM
0115EK40719,CAMDEN,1 Driver/Rider,1 Male,25-59,32,1,3 Slight,-2 Unknown,-2 N/A,5 Taxi,CLERKENWELL ROAD J/W SAFFRON HILL,2,08/08/2015 07:50:00 PM,Saturday,19.50,3 Bor,A,5201,6 Single Cwy,2 30 MPH,6 Crossroads,4 Give Way/Uncontrolled,A,5201,1 Zebra,1 Daylight,1 Fine,1 Road-Dry,0 None,0 None,531350,182050,-0.108125,51.522104,,,Unknown,"(51.522104, -0.108125)",http://opendatacommunities.org/id/london-borough-council/camden,5190,21/12/2020 02:48:37 PM
1190170097,CAMDEN,1 DRIVER/RIDER,1 MALE,25-59,34,1,3 SLIGHT,'-2 NOT APPLICABLE,'-2 NOT APPLICABLE,3 POWERED 2 WHEELER,"On Finchley Road, 1 metres north of the junction with Avenue Road.",2,19/03/2019 09:45:00 PM,Tuesday,21.45,1 TLRN,A,41,3 DUAL CWY,30,09 OTHER JUN,2 AUTO SIG,B,511,0 NO XING FACILITY IN 50M,1 DARK,1 FINE,2 ROAD-WET,0 NONE,0 NONE,526619,184358,-0.17545,51.543925,,,Unknown,"(51.543925, -0.17545)",http://opendatacommunities.org/id/london-borough-council/camden,8856,21/12/2020 02:48:43 PM
1180094123,CAMDEN,3 Pedestrian,2 Female,25-59,37,1,3 Slight,01 Crossing Road On Ped Xing,3 From Drivers O/Side,1 Pedestrian,DRAKE STREET 23M N OF J/W FISHER STREET,1,05/03/2018 02:40:00 PM,Monday,14.40,3 Bor,A,40,7 Slip Rd,2 30 MPH,0 No Jun In 20m,-2 Not Applicable,-2 Not Applicable,0,5 Pedn Phase At Ats,1 Daylight,1 Fine,1 Road-Dry,0 None,0 None,530559,181678,-0.119658,51.518944,,,Unknown,"(51.518944, -0.119658)",http://opendatacommunities.org/id/london-borough-council/camden,7790,21/12/2020 02:48:41 PM
0115EK40565,CAMDEN,3 Pedestrian,2 Female,25-59,58,1,2 Serious,05 Crossing Road (Not On Xing),1 From Drivers N/Side,1 Pedestrian,TAVISTOCK PLACE 30M NE OF TAVISTOCK SQUARE,1,10/07/2015 06:50:00 PM,Friday,18.50,3 Bor,C,0,6 Single Cwy,2 30 MPH,0 No Jun In 20m,-2 Not Applicable,-2 Not Applicable,0,0 No Xing Facility In 50m,1 Daylight,1 Fine,1 Road-Dry,0 None,0 None,529990,182320,-0.127617,51.524844,,,Unknown,"(51.524844, -0.127617)",http://opendatacommunities.org/id/london-borough-council/camden,5051,21/12/2020 02:48:36 PM
1170051064,CAMDEN,1 Driver/Rider,1 Male,25-59,49,1,3 Slight,-2 Unknown,-2 N/A,4 Car,SOUTHAMPTON ROW WC1B J/W RUSSELL SQUARE WC1B,2,28/07/2017 11:56:00 PM,Friday,23.56,3 Bor,A,4200,6 Single Cwy,1 <= 20 MPH,9 Other Jun,2 Auto Sig,A,4200,4 Pelican Or Similar,2 Dark,2 Raining,2 Road-Wet,0 None,0 None,530240,181940,-0.124156,51.521372,,,Unknown,"(51.521372, -0.124156)",http://opendatacommunities.org/id/london-borough-council/camden,7200,21/12/2020 02:48:40 PM
1180135898,CAMDEN,3 Pedestrian,2 Female,25-59,25,1,2 Serious,04 Crossing Road Within 50m Xing,3 From Drivers O/Side,1 Pedestrian,EUSTON ROAD J/W EUSTON GROVE,1,30/09/2018 01:50:00 AM,Sunday,1.50,1 TLRN,A,501,3 Dual Cwy,2 30 MPH,3 T/Stag Jun,2 Auto Sig,C,0,5 Pedn Phase At Ats,2 Dark,1 Fine,1 Road-Dry,0 None,0 None,529670,182520,-0.132154,51.526715,,,Unknown,"(51.526715, -0.132154)",http://opendatacommunities.org/id/london-borough-council/camden,8366,21/12/2020 02:48:42 PM
1190202170,CAMDEN,2 PASSENGER,2 FEMALE,25-59,54,1,3 SLIGHT,'-2 NOT APPLICABLE,'-2 NOT APPLICABLE,6 BUS OR COACH,"On Juniper Crescent bus station, near the junction with juniper crescent.",1,29/08/2019 09:10:00 AM,Thursday,9.10,3 BOR,6,0,7 SLIP RD,20,05 SLIP ROAD,4 GIVE WAY/UNCONTROLLED,6,0,1 ZEBRA,2 DAYLIGHT,1 FINE,1 ROAD-DRY,0 NONE,0 NONE,528358,184145,-0.150464,51.541619,,,Unknown,"(51.541619, -0.150464)",http://opendatacommunities.org/id/london-borough-council/camden,9310,21/12/2020 02:48:44 PM
1170017266,CAMDEN,3 Pedestrian,1 Male,25-59,28,1,3 Slight,01 Crossing Road On Ped Xing,1 From Drivers N/Side,1 Pedestrian,KILBURN HIGH ROAD 5M N OF J/W GREVILLE ROAD NW6,1,09/02/2017 07:30:00 PM,Thursday,19.30,3 Bor,A,5,7 Slip Rd,1 <= 20 MPH,7 Multi Jun,2 Auto Sig,A,5,1 Zebra,2 Dark,2 Raining,2 Road-Wet,0 None,0 None,525535,183478,-0.191387,51.536258,,,Unknown,"(51.536258, -0.191387)",http://opendatacommunities.org/id/london-borough-council/camden,6658,21/12/2020 02:48:39 PM
1170071653,CAMDEN,3 Pedestrian,2 Female,60+,89,1,2 Serious,04 Crossing Road Within 50m Xing,2 From Drivers N/Side Msk,1 Pedestrian,ABBEY ROAD 22M E OF J/W BELLSIZE ROAD THE NEAREST CLASSIFIED ROAD,1,21/11/2017 12:50:00 PM,Tuesday,12.50,3 Bor,B,507,3 Dual Cwy,1 <= 20 MPH,0 No Jun In 20m,-2 Not Applicable,-2 Not Applicable,0,4 Pelican Or Similar,1 Daylight,1 Fine,1 Road-Dry,4 Roadworks,0 None,525760,183900,-0.187994,51.540001,,,Unknown,"(51.540001, -0.187994)",http://opendatacommunities.org/id/london-borough-council/camden,7527,21/12/2020 02:48:41 PM
1190155192,CAMDEN,3 PEDESTRIAN,1 MALE,60+,68,1,2 SERIOUS,05 CROSSING ROAD (NOT ON XING),4 FROM DRIVERS O/SIDE MSK,1 PEDESTRIAN,"On Broadhurst Gardens, 10 metres east of the junction with West End Lane .",1,01/01/2019 01:20:00 AM,Tuesday,1.20,3 BOR,B,510,6 SINGLE CWY,20,03 T/STAG JUN,4 GIVE WAY/UNCONTROLLED,B,510,0 NO XING FACILITY IN 50M,1 DARK,1 FINE,1 ROAD-DRY,0 NONE,0 NONE,525531,184605,-0.191043,51.546388,,,Unknown,"(51.546388, -0.191043)",http://opendatacommunities.org/id/london-borough-council/camden,8666,21/12/2020 02:48:43 PM
1190180724,CAMDEN,1 DRIVER/RIDER,1 MALE,25-59,33,1,3 SLIGHT,'-2 NOT APPLICABLE,'-2 NOT APPLICABLE,3 POWERED 2 WHEELER,"On Heath Street, near the junction with Holly Bush Vale.",2,13/05/2019 11:00:00 PM,Monday,23.00,3 BOR,A,502,6 SINGLE CWY,20,03 T/STAG JUN,4 GIVE WAY/UNCONTROLLED,B,511,0 NO XING FACILITY IN 50M,1 DARK,1 FINE,1 ROAD-DRY,4 ROADWORKS,0 NONE,526361,185726,-0.178678,51.556277,,,Unknown,"(51.556277, -0.178678)",http://opendatacommunities.org/id/london-borough-council/camden,9001,21/12/2020 02:48:44 PM
1190173101,CAMDEN,3 PEDESTRIAN,2 FEMALE,25-59,50,1,3 SLIGHT,10 UNKNOWN OR OTHER,9 UNKNOWN OR OTHER,1 PEDESTRIAN,"On Netley Street, 30 metres west of the junction with Hampstead road.. The nearest classified road was the A400",1,24/03/2019 09:00:00 PM,Sunday,21.00,3 BOR,6,0,9 UNKNOWN,30,00 NO JUN IN 20M,,0,0,9 UNKNOWN (S/R),1 DARK,9 UNKNOWN,9 UNKNOWN (S/R),0 NONE,0 NONE,529206,182621,-0.138802,51.527729,,,Unknown,"(51.527729, -0.138802)",http://opendatacommunities.org/id/london-borough-council/camden,8903,21/12/2020 02:48:44 PM
0116EK40435,CAMDEN,3 Pedestrian,1 Male,25-59,35,1,3 Slight,04 Crossing Road Within 50m Xing,1 From Drivers N/Side,1 Pedestrian,CAMDEN STREET J/W PRATT STREET.,1,21/06/2016 04:10:00 PM,Tuesday,16.10,1 TLRN,A,400,2 One-Way St,1 <= 20 MPH,6 Crossroads,2 Auto Sig,C,0,5 Pedn Phase At Ats,1 Daylight,1 Fine,1 Road-Dry,0 None,0 None,529230,183790,-0.138027,51.538229,,,Unknown,"(51.538229, -0.138027)",http://opendatacommunities.org/id/london-borough-council/camden,6350,21/12/2020 02:48:38 PM
1190189771,CAMDEN,3 PEDESTRIAN,2 FEMALE,25-59,28,1,3 SLIGHT,10 UNKNOWN OR OTHER,9 UNKNOWN OR OTHER,1 PEDESTRIAN,"On Kentish Town Road, near the junction with Anglers Lane.",1,17/06/2019 10:50:00 PM,Monday,22.50,3 BOR,A,400,6 SINGLE CWY,30,99 UNKNOWN (S/R),9 UNKNOWN (S/R),6,0,9 UNKNOWN (S/R),1 DARK,1 FINE,1 ROAD-DRY,9 UNKNOWN (S/R),0 NONE,528976,184851,-0.141299,51.547823,,,Unknown,"(51.547823, -0.141299)",http://opendatacommunities.org/id/london-borough-council/camden,9132,21/12/2020 02:48:44 PM
1170025524,CAMDEN,1 Driver/Rider,1 Male,16-24,20,1,3 Slight,-2 Unknown,-2 N/A,2 Pedal Cycle,CORAM STREET J/W HERBRAND STREET,2,13/03/2017 06:05:00 PM,Monday,18.05,3 Bor,Unclassified,0,3 Dual Cwy,1 <= 20 MPH,3 T/Stag Jun,4 Give Way/Uncontrolled,Unclassified,0,0 No Xing Facility In 50m,1 Daylight,1 Fine,1 Road-Dry,0 None,0 None,530110,182240,-0.125918,51.524098,,,Unknown,"(51.524098, -0.125918)",http://opendatacommunities.org/id/london-borough-council/camden,6783,21/12/2020 02:48:39 PM
1170024243,CAMDEN,1 Driver/Rider,1 Male,25-59,31,1,3 Slight,-2 Unknown,-2 N/A,2 Pedal Cycle,OUTER CIRCLE J/W GLOUCESTER GATE,2,10/03/2017 10:10:00 AM,Friday,10.10,3 Bor,Unclassified,0,6 Single Cwy,2 30 MPH,3 T/Stag Jun,4 Give Way/Uncontrolled,Unclassified,0,4 Pelican Or Similar,1 Daylight,2 Raining,2 Road-Wet,0 None,0 None,528530,183360,-0.148272,51.534525,,,Unknown,"(51.534525, -0.148272)",http://opendatacommunities.org/id/london-borough-council/camden,6760,21/12/2020 02:48:39 PM
1190163082,CAMDEN,3 PEDESTRIAN,2 FEMALE,16-24,23,1,2 SERIOUS,05 CROSSING ROAD (NOT ON XING),1 FROM DRIVERS N/SIDE,1 PEDESTRIAN,"On EUSTON ROAD, near the junction with NORTH GOWER STREET.",1,13/02/2019 07:24:00 AM,Wednesday,7.24,1 TLRN,A,501,3 DUAL CWY,30,06 CROSSROADS,4 GIVE WAY/UNCONTROLLED,A,400,0 NO XING FACILITY IN 50M,2 DAYLIGHT,1 FINE,1 ROAD-DRY,0 NONE,0 NONE,529408,182421,-0.135965,51.525886,,,Unknown,"(51.525886, -0.135965)",http://opendatacommunities.org/id/london-borough-council/camden,8778,21/12/2020 02:48:43 PM
1180128189,CAMDEN,2 Passenger,2 Female,25-59,55,1,3 Slight,-2 Unknown,-2 N/A,6 Bus Or Coach,KINGSWAY 20M N OF J/W GREAT QUEEN STREET,1,21/08/2018 01:13:00 PM,Tuesday,13.13,3 Bor,A,4200,6 Single Cwy,1 <= 20 MPH,6 Crossroads,2 Auto Sig,B,402,0 No Xing Facility In 50m,1 Daylight,1 Fine,1 Road-Dry,0 None,0 None,530554,181412,-0.119828,51.516554,,,Unknown,"(51.516554, -0.119828)",http://opendatacommunities.org/id/london-borough-council/camden,8262,21/12/2020 02:48:42 PM
0115EK41079,CAMDEN,1 Driver/Rider,1 Male,16-24,22,1,3 Slight,-2 Unknown,-2 N/A,2 Pedal Cycle,ROYAL COLLEGE STREET J/W PLENDER STREET.,2,23/11/2015 03:20:00 PM,Monday,15.20,3 Bor,A,5202,2 One-Way St,1 <= 20 MPH,3 T/Stag Jun,4 Give Way/Uncontrolled,Unclassified,0,1 Zebra,1 Daylight,1 Fine,1 Road-Dry,0 None,0 None,529450,183710,-0.134886,51.53746,,,Unknown,"(51.53746, -0.134886)",http://opendatacommunities.org/id/london-borough-council/camden,5487,21/12/2020 02:48:37 PM
1180087636,CAMDEN,2 Passenger,2 Female,Unknown,0,1,3 Slight,-2 Unknown,-2 N/A,4 Car,HAVERSTOCK HILL 25M N OF J/W HAVERSTOCK HILL THE NEAREST CLASSIFIE,1,02/02/2018 09:02:00 AM,Friday,9.02,3 Bor,A,502,9 Unknown,2 30 MPH,0 No Jun In 20m,-2 Not Applicable,-2 Not Applicable,0,9 Unknown (S/R),1 Daylight,1 Fine,1 Road-Dry,0 None,0 None,527340,185100,-0.16479,51.550431,,,Unknown,"(51.550431, -0.16479)",http://opendatacommunities.org/id/london-borough-council/camden,7718,21/12/2020 02:48:41 PM
0115EK40555,CAMDEN,1 Driver/Rider,2 Female,25-59,31,1,3 Slight,-2 Unknown,-2 N/A,4 Car,ADELAIDE ROAD J/W ETON COLLEGE ROAD,2,27/06/2015 07:09:00 PM,Saturday,19.09,3 Bor,B,509,6 Single Cwy,2 30 MPH,3 T/Stag Jun,4 Give Way/Uncontrolled,Unclassified,0,1 Zebra,1 Daylight,1 Fine,1 Road-Dry,0 None,0 None,528050,184390,-0.154814,51.54389,,,Unknown,"(51.54389, -0.154814)",http://opendatacommunities.org/id/london-borough-council/camden,5042,21/12/2020 02:48:36 PM
1170076335,CAMDEN,1 Driver/Rider,2 Female,25-59,35,1,2 Serious,-2 Unknown,-2 N/A,2 Pedal Cycle,SAINT PANCRAS WAY J/W COLLEGE GROVE NORTH WEST,2,08/12/2017 08:40:00 AM,Friday,8.40,3 Bor,A,5202,2 One-Way St,2 30 MPH,3 T/Stag Jun,4 Give Way/Uncontrolled,Unclassified,0,1 Zebra,1 Daylight,8 Other,1 Road-Dry,0 None,0 None,529570,183770,-0.133135,51.537972,,,Unknown,"(51.537972, -0.133135)",http://opendatacommunities.org/id/london-borough-council/camden,7596,21/12/2020 02:48:41 PM
1170024896,CAMDEN,3 Pedestrian,2 Female,25-59,25,1,2 Serious,05 Crossing Road (Not On Xing),1 From Drivers N/Side,1 Pedestrian,LEIGH STREET J/W JUDD STREET,1,13/03/2017 07:45:00 PM,Monday,19.45,3 Bor,Unclassified,0,6 Single Cwy,1 <= 20 MPH,3 T/Stag Jun,4 Give Way/Uncontrolled,B,504,0 No Xing Facility In 50m,2 Dark,1 Fine,1 Road-Dry,0 None,0 None,530210,182550,-0.124363,51.526861,,,Unknown,"(51.526861, -0.124363)",http://opendatacommunities.org/id/london-borough-council/camden,6778,21/12/2020 02:48:39 PM
0115EK40681,CAMDEN,3 Pedestrian,1 Male,0-15,0,1,3 Slight,04 Crossing Road Within 50m Xing,3 From Drivers O/Side,1 Pedestrian,WILMOT PLACE J/W ST PANCRA WAY.,1,30/07/2015 05:30:00 PM,Thursday,17.30,3 Bor,Unclassified,0,6 Single Cwy,2 30 MPH,6 Crossroads,4 Give Way/Uncontrolled,A,5202,5 Pedn Phase At Ats,1 Daylight,1 Fine,1 Road-Dry,0 None,0 None,529130,184380,-0.139252,51.543555,,,Unknown,"(51.543555, -0.139252)",http://opendatacommunities.org/id/london-borough-council/camden,5155,21/12/2020 02:48:36 PM
0116EK40450,CAMDEN,1 Driver/Rider,1 Male,25-59,25,1,3 Slight,-2 Unknown,-2 N/A,2 Pedal Cycle,GRAY'S INN ROAD J/W BRITANNIA STREET,2,16/06/2016 07:55:00 AM,Thursday,7.55,1 TLRN,A,501,2 One-Way St,2 30 MPH,3 T/Stag Jun,4 Give Way/Uncontrolled,Unclassified,0,0 No Xing Facility In 50m,1 Daylight,1 Fine,1 Road-Dry,0 None,0 None,530500,182830,-0.120081,51.52931,,,Unknown,"(51.52931, -0.120081)",http://opendatacommunities.org/id/london-borough-council/camden,6362,21/12/2020 02:48:38 PM
1160024330,CAMDEN,3 Pedestrian,1 Male,25-59,52,1,3 Slight,05 Crossing Road (Not On Xing),3 From Drivers O/Side,1 Pedestrian,FLEET ROAD J/W ROWLAND HILL STREET,1,17/10/2016 09:55:00 AM,Monday,9.55,3 Bor,B,518,2 One-Way St,1 <= 20 MPH,8 Priv Drive,4 Give Way/Uncontrolled,Unclassified,0,0 No Xing Facility In 50m,1 Daylight,1 Fine,1 Road-Dry,0 None,0 None,527360,185480,-0.164364,51.553842,,,Unknown,"(51.553842, -0.164364)",http://opendatacommunities.org/id/london-borough-council/camden,5885,21/12/2020 02:48:38 PM
0116EK40167,CAMDEN,1 Driver/Rider,2 Female,25-59,38,1,3 Slight,-2 Unknown,-2 N/A,4 Car,ST GILES HIGH STREET J/W DENMARK STREET,3,18/03/2016 04:15:00 PM,Friday,16.15,3 Bor,A,40,2 One-Way St,1 <= 20 MPH,3 T/Stag Jun,2 Auto Sig,Unclassified,0,0 No Xing Facility In 50m,1 Daylight,1 Fine,1 Road-Dry,0 None,0 None,529940,181290,-0.128717,51.515599,,,Unknown,"(51.515599, -0.128717)",http://opendatacommunities.org/id/london-borough-council/camden,6121,21/12/2020 02:48:38 PM
1180128530,CAMDEN,1 Driver/Rider,1 Male,25-59,41,1,3 Slight,-2 Unknown,-2 N/A,4 Car,CAMDEN ROAD J/W SANDALL ROAD,3,22/08/2018 11:15:00 PM,Wednesday,23.15,1 TLRN,A,503,6 Single Cwy,2 30 MPH,3 T/Stag Jun,4 Give Way/Uncontrolled,Unclassified,0,4 Pelican Or Similar,2 Dark,1 Fine,1 Road-Dry,0 None,0 None,529520,184620,-0.133543,51.545622,,,Unknown,"(51.545622, -0.133543)",http://opendatacommunities.org/id/london-borough-council/camden,8266,21/12/2020 02:48:42 PM
1190226699,CAMDEN,1 DRIVER/RIDER,1 MALE,16-24,23,1,3 SLIGHT,'-2 NOT APPLICABLE,'-2 NOT APPLICABLE,4 CAR,"On Hampstead Road, near the junction with WILLIAM ROAD.",2,22/12/2019 03:10:00 PM,Sunday,15.10,1 TLRN,A,400,6 SINGLE CWY,20,03 T/STAG JUN,4 GIVE WAY/UNCONTROLLED,6,0,0 NO XING FACILITY IN 50M,2 DAYLIGHT,1 FINE,1 ROAD-DRY,0 NONE,0 NONE,529214,182556,-0.13871,51.527143,,,Unknown,"(51.527143, -0.13871)",http://opendatacommunities.org/id/london-borough-council/camden,9646,21/12/2020 02:48:45 PM
0115EK40406,CAMDEN,1 Driver/Rider,1 Male,25-59,27,1,3 Slight,-2 Unknown,-2 N/A,2 Pedal Cycle,AVENUE ROAD 135M NW OF J/W ELSWORTHY ROAD,2,23/05/2015 08:25:00 AM,Saturday,8.25,3 Bor,B,525,6 Single Cwy,2 30 MPH,0 No Jun In 20m,-2 Not Applicable,-2 Not Applicable,0,0 No Xing Facility In 50m,1 Daylight,1 Fine,1 Road-Dry,0 None,0 None,526880,183940,-0.171839,51.54011,,,Unknown,"(51.54011, -0.171839)",http://opendatacommunities.org/id/london-borough-council/camden,4902,21/12/2020 02:48:36 PM
1170050184,CAMDEN,1 Driver/Rider,1 Male,25-59,31,1,3 Slight,-2 Unknown,-2 N/A,4 Car,KINGSWAY 25M N OF J/W CHANCERY LANE THE NEAREST CLASSIFIED ROAD WA,1,20/07/2017 12:30:00 PM,Thursday,12.30,3 Bor,A,4200,6 Single Cwy,2 30 MPH,0 No Jun In 20m,-2 Not Applicable,-2 Not Applicable,0,0 No Xing Facility In 50m,1 Daylight,1 Fine,1 Road-Dry,0 None,0 None,530510,181500,-0.120429,51.517355,,,Unknown,"(51.517355, -0.120429)",http://opendatacommunities.org/id/london-borough-council/camden,7181,21/12/2020 02:48:40 PM
1170055339,CAMDEN,2 Passenger,2 Female,25-59,27,1,3 Slight,-2 Unknown,-2 N/A,5 Taxi,DOUGHTY STREET 20M S OF J/W GUILFORD STREET,3,22/08/2017 06:49:00 AM,Tuesday,6.49,3 Bor,Unclassified,0,6 Single Cwy,1 <= 20 MPH,3 T/Stag Jun,4 Give Way/Uncontrolled,B,502,1 Zebra,1 Daylight,1 Fine,1 Road-Dry,0 None,0 None,530742,182234,-0.116816,51.523898,,,Unknown,"(51.523898, -0.116816)",http://opendatacommunities.org/id/london-borough-council/camden,7264,21/12/2020 02:48:40 PM
1180116728,CAMDEN,1 Driver/Rider,1 Male,25-59,26,1,3 Slight,-2 Unknown,-2 N/A,3 Powered 2 Wheeler,CHALK FARM ROAD J/W HARMOOD STREET,2,25/06/2018 07:00:00 PM,Monday,19.00,3 Bor,A,502,6 Single Cwy,1 <= 20 MPH,3 T/Stag Jun,4 Give Way/Uncontrolled,Unclassified,0,1 Zebra,1 Daylight,1 Fine,1 Road-Dry,0 None,0 None,528520,184270,-0.148084,51.542705,,,Unknown,"(51.542705, -0.148084)",http://opendatacommunities.org/id/london-borough-council/camden,8121,21/12/2020 02:48:42 PM
1180081770,CAMDEN,2 Passenger,2 Female,0-15,6,1,3 Slight,-2 Unknown,-2 N/A,6 Bus Or Coach,GOWER STREET J/W CHENIES STREET,1,05/01/2018 03:25:00 PM,Friday,15.25,3 Bor,A,400,3 Dual Cwy,2 30 MPH,6 Crossroads,2 Auto Sig,B,506,0 No Xing Facility In 50m,1 Daylight,4 Fine/High Winds,1 Road-Dry,0 None,0 None,529750,181900,-0.131229,51.521125,,,Unknown,"(51.521125, -0.131229)",http://opendatacommunities.org/id/london-borough-council/camden,7651,21/12/2020 02:48:41 PM
1190178395,CAMDEN,3 PEDESTRIAN,2 FEMALE,16-24,19,1,2 SERIOUS,01 CROSSING ROAD ON PED XING,2 FROM DRIVERS N/SIDE MSK,1 PEDESTRIAN,"On Crowndale Road, 5 metres west of the junction with Bayham Street.",1,29/04/2019 07:10:00 PM,Monday,19.10,3 BOR,B,512,7 SLIP RD,20,03 T/STAG JUN,4 GIVE WAY/UNCONTROLLED,5,0,1 ZEBRA,1 DARK,9 UNKNOWN,1 ROAD-DRY,0 NONE,0 NONE,529271,183401,-0.137579,51.534724,,,Unknown,"(51.534724, -0.137579)",http://opendatacommunities.org/id/london-borough-council/camden,8966,21/12/2020 02:48:44 PM
1190211327,CAMDEN,1 DRIVER/RIDER,1 MALE,25-59,44,1,3 SLIGHT,'-2 NOT APPLICABLE,'-2 NOT APPLICABLE,3 POWERED 2 WHEELER,"On Tottenham Court Road, 25 metres west of the junction with Percy Street.",2,11/10/2019 08:30:00 AM,Friday,8.30,3 BOR,A,400,6 SINGLE CWY,30,00 NO JUN IN 20M,,0,0,5 PEDN PHASE AT ATS,2 DAYLIGHT,1 FINE,1 ROAD-DRY,0 NONE,0 NONE,529661,181654,-0.132602,51.518935,,,Unknown,"(51.518935, -0.132602)",http://opendatacommunities.org/id/london-borough-council/camden,9429,21/12/2020 02:48:44 PM