Reference,London Borough Name,Casualty Class,Casualty Sex,Casualty Age Band,Casualty Age,Number Of Casualties,Casualty Severity,Pedestrian Location,Pedestrian Movement,Mode Of Travel,Attendant Location,Number Of Vehicles,Date,Day,Time,Highway,Road Class 1,Road Number 1,Road Type,Speed Limit,Junction Detail,Junction Control,Road Class 2,Road Number 2,Pedestrian Crossing,Light Condition Band,Weather,Road Surface,Special Conditions,Carriage Way Hazard,Easting,Northing,Longitude,Latitude,Ward Code,Ward Name,Spatial Accuracy,Location,Organisation URI,Socrata ID,Last Uploaded
0115EK40237,CAMDEN,1 Driver/Rider,1 Male,25-59,27,1,2 Serious,-2 Unknown,-2 N/A,2 Pedal Cycle,RUSSELL SQUARE J/W WOBRUN PLACE,2,10/02/2015 05:40:00 PM,Tuesday,17.40,3 Bor,A,4200,6 Single Cwy,2 30 MPH,6 Crossroads,2 Auto Sig,A,4200,5 Pedn Phase At Ats,1 Daylight,8 Other,1 Road-Dry,0 None,0 None,530110,182090,-0.125973,51.52275,,,Unknown,"(51.52275, -0.125973)",http://opendatacommunities.org/id/london-borough-council/camden,4765,21/12/2020 02:48:36 PM
1180150448,CAMDEN,1 Driver/Rider,1 Male,25-59,45,1,3 Slight,-2 Unknown,-2 N/A,2 Pedal Cycle,CAMDEN HIGH STREET J/W DELENCEY STREET,2,07/12/2018 07:10:00 AM,Friday,7.10,1 TLRN,A,502,2 One-Way St,1 <= 20 MPH,6 Crossroads,2 Auto Sig,A,503,5 Pedn Phase At Ats,1 Daylight,2 Raining,2 Road-Wet,0 None,0 None,529020,183660,-0.141101,51.537109,,,Unknown,"(51.537109, -0.141101)",http://opendatacommunities.org/id/london-borough-council/camden,8590,21/12/2020 02:48:43 PM
1170072339,CAMDEN,1 Driver/Rider,1 Male,25-59,31,1,3 Slight,-2 Unknown,-2 N/A,2 Pedal Cycle,WOBURN PLACE 22M N OF J/W BERNARD STREET,2,23/11/2017 10:30:00 PM,Thursday,22.30,3 Bor,A,4200,6 Single Cwy,1 <= 20 MPH,0 No Jun In 20m,-2 Not Applicable,-2 Not Applicable,0,4 Pelican Or Similar,2 Dark,1 Fine,1 Road-Dry,0 None,0 None,530110,182110,-0.125966,51.52293,,,Unknown,"(51.52293, -0.125966)",http://opendatacommunities.org/id/london-borough-council/camden,7541,21/12/2020 02:48:41 PM
1190184514,CAMDEN,3 PEDESTRIAN,2 FEMALE,16-24,18,1,3 SLIGHT,01 CROSSING ROAD ON PED XING,1 FROM DRIVERS N/SIDE,1 PEDESTRIAN,"On Fitzjohns Avenue , 30 metres north of the junction with Belsize Lane.",2,30/05/2019 04:30:00 PM,Thursday,16.30,3 BOR,B,511,6 SINGLE CWY,20,00 NO JUN IN 20M,,0,0,1 ZEBRA,2 DAYLIGHT,1 FINE,1 ROAD-DRY,0 NONE,0 NONE,526588,184614,-0.175805,51.546233,,,Unknown,"(51.546233, -0.175805)",http://opendatacommunities.org/id/london-borough-council/camden,9057,21/12/2020 02:48:44 PM
1170078463,CAMDEN,3 Pedestrian,2 Female,25-59,49,1,3 Slight,04 Crossing Road Within 50m Xing,3 From Drivers O/Side,1 Pedestrian,FREIGHT LANE J/W YORK WAY,1,16/12/2017 05:05:00 PM,Saturday,17.05,3 Bor,Unclassified,0,3 Dual Cwy,2 30 MPH,6 Crossroads,4 Give Way/Uncontrolled,Unclassified,0,8 Central Refuge,2 Dark,2 Raining,2 Road-Wet,0 None,0 None,530000,184080,-0.126824,51.540659,,,Unknown,"(51.540659, -0.126824)",http://opendatacommunities.org/id/london-borough-council/camden,7617,21/12/2020 02:48:41 PM
1190207322,CAMDEN,1 DRIVER/RIDER,1 MALE,25-59,34,1,2 SERIOUS,'-2 NOT APPLICABLE,9 UNKNOWN OR OTHER,2 PEDAL CYCLE,"On Camden High Street , 38 metres north of the junction with Parkway.. The nearest classified road was the A4201. The nearest classified road was the A4201. The nearest classified road was the A4201",1,24/09/2019 02:20:00 AM,Tuesday,2.20,3 BOR,A,502,2 ONE-WAY ST,20,00 NO JUN IN 20M,,0,0,5 PEDN PHASE AT ATS,1 DARK,2 RAINING,2 ROAD-WET,0 NONE,0 NONE,528904,183900,-0.142685,51.539292,,,Unknown,"(51.539292, -0.142685)",http://opendatacommunities.org/id/london-borough-council/camden,9384,21/12/2020 02:48:44 PM
1190164562,CAMDEN,1 DRIVER/RIDER,2 FEMALE,60+,75,1,3 SLIGHT,'-2 NOT APPLICABLE,'-2 NOT APPLICABLE,4 CAR,"On Fitzjohn's Avenue, 200 metres north of the junction with FINCHLEY ROAD.. The nearest classified road was the A41",3,20/02/2019 02:25:00 PM,Wednesday,14.25,3 BOR,B,511,3 DUAL CWY,30,00 NO JUN IN 20M,,0,0,0 NO XING FACILITY IN 50M,2 DAYLIGHT,1 FINE,1 ROAD-DRY,0 NONE,0 NONE,526606,184765,-0.175491,51.547586,,,Unknown,"(51.547586, -0.175491)",http://opendatacommunities.org/id/london-borough-council/camden,8795,21/12/2020 02:48:43 PM
0116EK40323,CAMDEN,1 Driver/Rider,1 Male,25-59,25,1,3 Slight,-2 Unknown,-2 N/A,4 Car,FINCHLEY ROAD J/W STUDHOLME COURT,2,07/05/2016 08:07:00 PM,Saturday,20.07,1 TLRN,A,41,6 Single Cwy,2 30 MPH,3 T/Stag Jun,4 Give Way/Uncontrolled,Unclassified,0,0 No Xing Facility In 50m,2 Dark,1 Fine,1 Road-Dry,0 None,0 None,525430,185530,-0.19217,51.554723,,,Unknown,"(51.554723, -0.19217)",http://opendatacommunities.org/id/london-borough-council/camden,6254,21/12/2020 02:48:38 PM
0116EK40156,CAMDEN,3 Pedestrian,1 Male,16-24,21,1,2 Serious,06 On Footpath - Verge,9 Unknown Or Other,1 Pedestrian,TOTTENHAM COURT RD J/W BEDFORD AVENUE,1,13/03/2016 03:30:00 AM,Sunday,3.30,3 Bor,A,400,6 Single Cwy,1 <= 20 MPH,3 T/Stag Jun,4 Give Way/Uncontrolled,Unclassified,0,4 Pelican Or Similar,2 Dark,1 Fine,1 Road-Dry,0 None,0 None,529770,181480,-0.131096,51.517346,,,Unknown,"(51.517346, -0.131096)",http://opendatacommunities.org/id/london-borough-council/camden,6111,21/12/2020 02:48:38 PM
1170080418,CAMDEN,1 Driver/Rider,1 Male,16-24,19,1,3 Slight,-2 Unknown,-2 N/A,3 Powered 2 Wheeler,CROWN PLACE J/W KENTISH TOWN ROAD,2,27/12/2017 08:50:00 PM,Wednesday,20.50,3 Bor,Unclassified,0,6 Single Cwy,1 <= 20 MPH,9 Other Jun,4 Give Way/Uncontrolled,A,400,5 Pedn Phase At Ats,2 Dark,1 Fine,2 Road-Wet,0 None,0 None,528980,184930,-0.141212,51.548532,,,Unknown,"(51.548532, -0.141212)",http://opendatacommunities.org/id/london-borough-council/camden,7634,21/12/2020 02:48:41 PM
1180115820,CAMDEN,1 Driver/Rider,1 Male,25-59,29,1,3 Slight,-2 Unknown,-2 N/A,3 Powered 2 Wheeler,CAMDEN HIGH STREET J/W PLENDER STREET,1,21/06/2018 03:00:00 PM,Thursday,15.00,1 TLRN,A,502,2 One-Way St,1 <= 20 MPH,3 T/Stag Jun,2 Auto Sig,Unclassified,0,4 Pelican Or Similar,1 Daylight,1 Fine,1 Road-Dry,0 None,0 None,529110,183520,-0.139855,51.53583,,,Unknown,"(51.53583, -0.139855)",http://opendatacommunities.org/id/london-borough-council/camden,8097,21/12/2020 02:48:42 PM
0116EK40208,CAMDEN,1 Driver/Rider,1 Male,25-59,34,1,3 Slight,-2 Unknown,-2 N/A,2 Pedal Cycle,WILD STREET J/W KEELEY STREET,2,08/04/2016 07:55:00 AM,Friday,7.55,3 Bor,Unclassified,0,6 Single Cwy,1 <= 20 MPH,3 T/Stag Jun,4 Give Way/Uncontrolled,Unclassified,0,0 No Xing Facility In 50m,1 Daylight,1 Fine,1 Road-Dry,0 None,0 None,530520,181190,-0.1204,51.514567,,,Unknown,"(51.514567, -0.1204)",http://opendatacommunities.org/id/london-borough-council/camden,6155,21/12/2020 02:48:38 PM
0116EK40125,CAMDEN,1 Driver/Rider,2 Female,25-59,31,1,3 Slight,-2 Unknown,-2 N/A,2 Pedal Cycle,AMPTON PLACE J/W FREDERICK STREET.,2,03/03/2016 08:45:00 AM,Thursday,8.45,3 Bor,Unclassified,0,6 Single Cwy,2 30 MPH,3 T/Stag Jun,4 Give Way/Uncontrolled,Unclassified,0,0 No Xing Facility In 50m,1 Daylight,1 Fine,1 Road-Dry,0 None,0 None,530680,182660,-0.117551,51.527741,,,Unknown,"(51.527741, -0.117551)",http://opendatacommunities.org/id/london-borough-council/camden,6081,21/12/2020 02:48:38 PM
1180122576,CAMDEN,1 Driver/Rider,1 Male,25-59,37,1,2 Serious,-2 Unknown,-2 N/A,3 Powered 2 Wheeler,ADELAIDE ROAD 100M W OF J/W CHALKFARM ROAD NW1,2,22/07/2018 07:30:00 PM,Sunday,19.30,3 Bor,B,509,6 Single Cwy,1 <= 20 MPH,0 No Jun In 20m,-2 Not Applicable,-2 Not Applicable,0,0 No Xing Facility In 50m,1 Daylight,1 Fine,1 Road-Dry,0 None,0 None,528019,184390,-0.155261,51.543897,,,Unknown,"(51.543897, -0.155261)",http://opendatacommunities.org/id/london-borough-council/camden,8194,21/12/2020 02:48:42 PM
0116EK40159,CAMDEN,1 Driver/Rider,1 Male,25-59,25,1,3 Slight,-2 Unknown,-2 N/A,2 Pedal Cycle,THEOBALD'S RD J/W BEDFORD ROW,2,08/03/2016 06:35:00 PM,Tuesday,18.35,3 Bor,A,401,6 Single Cwy,2 30 MPH,3 T/Stag Jun,4 Give Way/Uncontrolled,Unclassified,0,1 Zebra,2 Dark,1 Fine,2 Road-Wet,0 None,0 None,530750,181870,-0.116835,51.520625,,,Unknown,"(51.520625, -0.116835)",http://opendatacommunities.org/id/london-borough-council/camden,6114,21/12/2020 02:48:38 PM
0116EK40274,CAMDEN,2 Passenger,2 Female,25-59,27,1,3 Slight,-2 Unknown,-2 N/A,4 Car,BLOOMSBURY STREET J/W BEDFORD AVENUE,2,23/04/2016 08:55:00 AM,Saturday,8.55,3 Bor,A,400,2 One-Way St,2 30 MPH,3 T/Stag Jun,4 Give Way/Uncontrolled,Unclassified,0,0 No Xing Facility In 50m,1 Daylight,1 Fine,1 Road-Dry,0 None,0 None,529950,181610,-0.128455,51.518473,,,Unknown,"(51.518473, -0.128455)",http://opendatacommunities.org/id/london-borough-council/camden,6211,21/12/2020 02:48:38 PM
1170054075,CAMDEN,2 Passenger,2 Female,60+,70,1,3 Slight,-2 Unknown,-2 N/A,6 Bus Or Coach,KINGSWAY 80M N OF J/W HIGH HOLBORN THE NEAREST CLASSIFIED ROAD WAS,1,16/08/2017 01:05:00 PM,Wednesday,13.05,3 Bor,A,4200,3 Dual Cwy,1 <= 20 MPH,0 No Jun In 20m,-2 Not Applicable,-2 Not Applicable,0,0 No Xing Facility In 50m,1 Daylight,1 Fine,1 Road-Dry,0 None,0 None,530550,181430,-0.119879,51.516717,,,Unknown,"(51.516717, -0.119879)",http://opendatacommunities.org/id/london-borough-council/camden,7251,21/12/2020 02:48:40 PM
0115EK40053,CAMDEN,1 Driver/Rider,1 Male,25-59,32,1,3 Slight,-2 Unknown,-2 N/A,3 Powered 2 Wheeler,FINCHLEY ROAD J/W LITHOS ROAD,2,22/01/2015 06:00:00 PM,Thursday,18.00,1 TLRN,A,41,6 Single Cwy,2 30 MPH,3 T/Stag Jun,4 Give Way/Uncontrolled,Unclassified,0,4 Pelican Or Similar,2 Dark,1 Fine,1 Road-Dry,0 None,0 None,526130,185000,-0.182268,51.549804,,,Unknown,"(51.549804, -0.182268)",http://opendatacommunities.org/id/london-borough-council/camden,4622,21/12/2020 02:48:35 PM
1170063622,CAMDEN,1 Driver/Rider,1 Male,16-24,18,1,3 Slight,-2 Unknown,-2 N/A,3 Powered 2 Wheeler,PANCRAS ROAD 65M S OF J/W CAMLEY STREET,2,10/10/2017 04:10:00 PM,Tuesday,16.10,3 Bor,Unclassified,0,6 Single Cwy,2 30 MPH,0 No Jun In 20m,-2 Not Applicable,-2 Not Applicable,0,0 No Xing Facility In 50m,1 Daylight,1 Fine,1 Road-Dry,0 None,0 None,530020,183270,-0.126835,51.533375,,,Unknown,"(51.533375, -0.126835)",http://opendatacommunities.org/id/london-borough-council/camden,7397,21/12/2020 02:48:40 PM
1180126100,CAMDEN,1 Driver/Rider,1 Male,25-59,42,1,3 Slight,-2 Unknown,-2 N/A,2 Pedal Cycle,FORDWYCH ROAD 22M E OF J/W SHARDU,1,09/08/2018 05:05:00 PM,Thursday,17.05,3 Bor,Unclassified,0,9 Unknown,1 <= 20 MPH,0 No Jun In 20m,-2 Not Applicable,-2 Not Applicable,0,9 Unknown (S/R),1 Daylight,2 Raining,2 Road-Wet,9 Unknown (S/R),0 None,524180,185470,-0.210211,51.55446,,,Unknown,"(51.55446, -0.210211)",http://opendatacommunities.org/id/london-borough-council/camden,8237,21/12/2020 02:48:42 PM
1170029511,CAMDEN,1 Driver/Rider,1 Male,25-59,35,1,3 Slight,-2 Unknown,-2 N/A,4 Car,HILGROVE ROAD 50M E OF J/W ALEXANDRA ROAD,3,01/04/2017 03:03:00 PM,Saturday,15.03,3 Bor,B,509,6 Single Cwy,1 <= 20 MPH,0 No Jun In 20m,-2 Not Applicable,-2 Not Applicable,0,0 No Xing Facility In 50m,1 Daylight,1 Fine,1 Road-Dry,0 None,2 Other Object In Cwy,526470,184130,-0.177679,51.541909,,,Unknown,"(51.541909, -0.177679)",http://opendatacommunities.org/id/london-borough-council/camden,6836,21/12/2020 02:48:39 PM
1180083148,CAMDEN,3 Pedestrian,1 Male,Unknown,0,1,3 Slight,10 Unknown,9 Unknown Or Other,1 Pedestrian,EUSTON ROAD 25M E OF J/W ARGYLE ROAD,1,03/01/2018 01:31:00 PM,Wednesday,13.31,1 TLRN,A,501,9 Unknown,2 30 MPH,0 No Jun In 20m,-2 Not Applicable,-2 Not Applicable,0,9 Unknown (S/R),1 Daylight,1 Fine,1 Road-Dry,9 Unknown (S/R),9 Unknown (S/R),530160,182840,-0.124976,51.529478,,,Unknown,"(51.529478, -0.124976)",http://opendatacommunities.org/id/london-borough-council/camden,7660,21/12/2020 02:48:41 PM
1170020302,CAMDEN,3 Pedestrian,2 Female,25-59,46,1,3 Slight,01 Crossing Road On Ped Xing,9 Unknown Or Other,1 Pedestrian,TOTTENHAM COURT ROAD J/W UNIVERSITY STREET,1,22/02/2017 06:42:00 PM,Wednesday,18.42,3 Bor,A,400,2 One-Way St,1 <= 20 MPH,6 Crossroads,2 Auto Sig,C,0,4 Pelican Or Similar,1 Daylight,1 Fine,1 Road-Dry,0 None,0 None,529350,182100,-0.136918,51.523014,,,Unknown,"(51.523014, -0.136918)",http://opendatacommunities.org/id/london-borough-council/camden,6701,21/12/2020 02:48:39 PM
1180114460,CAMDEN,3 Pedestrian,1 Male,25-59,48,1,3 Slight,01 Crossing Road On Ped Xing,1 From Drivers N/Side,1 Pedestrian,FARRINGDON ROAD J/W GREVILLE STREET,1,15/06/2018 08:10:00 AM,Friday,8.10,1 TLRN,A,201,6 Single Cwy,2 30 MPH,3 T/Stag Jun,2 Auto Sig,Unclassified,0,9 Unknown (S/R),1 Daylight,1 Fine,1 Road-Dry,0 None,0 None,531520,181780,-0.105777,51.519638,,,Unknown,"(51.519638, -0.105777)",http://opendatacommunities.org/id/london-borough-council/camden,8075,21/12/2020 02:48:42 PM
0116EK40109,CAMDEN,1 Driver/Rider,1 Male,25-59,35,1,3 Slight,-2 Unknown,-2 N/A,3 Powered 2 Wheeler,PRINCE OF WALES J/W MALDEN ROAD.,2,28/02/2016 08:15:00 PM,Sunday,20.15,3 Bor,C,0,6 Single Cwy,1 <= 20 MPH,6 Crossroads,2 Auto Sig,B,517,5 Pedn Phase At Ats,2 Dark,1 Fine,1 Road-Dry,0 None,0 None,528310,184620,-0.150983,51.545898,,,Unknown,"(51.545898, -0.150983)",http://opendatacommunities.org/id/london-borough-council/camden,6068,21/12/2020 02:48:38 PM
0115EK40845,CAMDEN,1 Driver/Rider,1 Male,25-59,38,1,3 Slight,-2 Unknown,-2 N/A,3 Powered 2 Wheeler,WEST END LANE J/W WEST COTTAGES,2,27/09/2015 08:00:00 PM,Sunday,20.00,3 Bor,B,510,6 Single Cwy,2 30 MPH,6 Crossroads,4 Give Way/Uncontrolled,Unclassified,0,1 Zebra,2 Dark,1 Fine,1 Road-Dry,0 None,0 None,525440,185180,-0.19215,51.551576,,,Unknown,"(51.551576, -0.19215)",http://opendatacommunities.org/id/london-borough-council/camden,5297,21/12/2020 02:48:37 PM
0115EK40876,CAMDEN,1 Driver/Rider,1 Male,25-59,46,1,3 Slight,-2 Unknown,-2 N/A,3 Powered 2 Wheeler,HAMPSTEAD ROAD J/W EUSTON ROAD,2,12/08/2015 03:00:00 PM,Wednesday,15.00,1 TLRN,A,400,6 Single Cwy,2 30 MPH,7 Multi Jun,2 Auto Sig,A,501,5 Pedn Phase At Ats,1 Daylight,1 Fine,1 Road-Dry,0 None,0 None,529250,182340,-0.138271,51.525194,,,Unknown,"(51.525194, -0.138271)",http://opendatacommunities.org/id/london-borough-council/camden,5322,21/12/2020 02:48:37 PM
0115EK41038,CAMDEN,1 Driver/Rider,1 Male,16-24,21,1,3 Slight,-2 Unknown,-2 N/A,3 Powered 2 Wheeler,KENTISH TOWN ROAD J/W CASTLE ROAD.,2,22/11/2015 10:40:00 PM,Sunday,22.40,3 Bor,A,400,6 Single Cwy,2 30 MPH,3 T/Stag Jun,4 Give Way/Uncontrolled,C,0,5 Pedn Phase At Ats,2 Dark,1 Fine,1 Road-Dry,0 None,0 None,528960,184570,-0.141632,51.545301,,,Unknown,"(51.545301, -0.141632)",http://opendatacommunities.org/id/london-borough-council/camden,5455,21/12/2020 02:48:37 PM
1180087388,CAMDEN,3 Pedestrian,1 Male,16-24,21,1,3 Slight,04 Crossing Road Within 50m Xing,3 From Drivers O/Side,1 Pedestrian,SHAFTESBURY AVENUE 25M N OF J/W CHARING CROSS ROAD THE NEAREST CLA,1,02/02/2018 10:55:00 AM,Friday,10.55,3 Bor,A,401,6 Single Cwy,1 <= 20 MPH,0 No Jun In 20m,-2 Not Applicable,-2 Not Applicable,0,5 Pedn Phase At Ats,1 Daylight,1 Fine,1 Road-Dry,0 None,0 None,529930,181100,-0.128931,51.513894,,,Unknown,"(51.513894, -0.128931)",http://opendatacommunities.org/id/london-borough-council/camden,7713,21/12/2020 02:48:41 PM
1160004318,CAMDEN,2 Passenger,1 Male,25-59,40,1,3 Slight,-2 Unknown,-2 N/A,5 Taxi,CAMDEN ROAD 30M N OF J/W MURRY STREET,3,01/12/2016 04:30:00 AM,Thursday,4.30,1 TLRN,A,503,6 Single Cwy,2 30 MPH,0 No Jun In 20m,-2 Not Applicable,-2 Not Applicable,0,0 No Xing Facility In 50m,2 Dark,1 Fine,4 Road-Frost/Ice,4 Roadworks,0 None,529470,184564,-0.134284,51.54513,,,Unknown,"(51.54513, -0.134284)",http://opendatacommunities.org/id/london-borough-council/camden,5714,21/12/2020 02:48:37 PM
1160001420,CAMDEN,3 Pedestrian,2 Female,25-59,27,1,3 Slight,04 Crossing Road Within 50m Xing,9 Unknown Or Other,1 Pedestrian,HAWLEY CRESCENT J/W CAMDEN HIGH STREET,1,13/11/2016 12:40:00 PM,Sunday,12.40,3 Bor,C,0,6 Single Cwy,1 <= 20 MPH,9 Other Jun,4 Give Way/Uncontrolled,A,502,4 Pelican Or Similar,1 Daylight,1 Fine,1 Road-Dry,0 None,0 None,528800,184060,-0.144125,51.540754,,,Unknown,"(51.540754, -0.144125)",http://opendatacommunities.org/id/london-borough-council/camden,5666,21/12/2020 02:48:37 PM
1180133730,CAMDEN,1 Driver/Rider,1 Male,25-59,40,1,3 Slight,-2 Unknown,-2 N/A,4 Car,HILGROVE ROAD J/W LOUDOUN ROAD,2,20/09/2018 12:05:00 PM,Thursday,12.05,3 Bor,C,0,1 Roundabout,1 <= 20 MPH,1 Roundabout,4 Give Way/Uncontrolled,C,0,4 Pelican Or Similar,1 Daylight,1 Fine,2 Road-Wet,0 None,0 None,526370,184110,-0.179128,51.541752,,,Unknown,"(51.541752, -0.179128)",http://opendatacommunities.org/id/london-borough-council/camden,8337,21/12/2020 02:48:42 PM
1170044953,CAMDEN,1 Driver/Rider,2 Female,25-59,26,1,3 Slight,-2 Unknown,-2 N/A,2 Pedal Cycle,KILBURN HIGH ROAD 30M N OF J/W KILBURN PARK ROAD,2,26/06/2017 09:50:00 AM,Monday,9.50,3 Bor,A,5,6 Single Cwy,2 30 MPH,0 No Jun In 20m,-2 Not Applicable,-2 Not Applicable,0,1 Zebra,1 Daylight,1 Fine,1 Road-Dry,0 None,0 None,525620,183390,-0.190194,51.535449,,,Unknown,"(51.535449, -0.190194)",http://opendatacommunities.org/id/london-borough-council/camden,7080,21/12/2020 02:48:40 PM
0115EK40785,CAMDEN,1 Driver/Rider,2 Female,25-59,33,1,3 Slight,-2 Unknown,-2 N/A,4 Car,FINCHLEY ROAD J/W FORTUNE GREEN ROAD.,3,02/09/2015 02:58:00 PM,Wednesday,14.58,1 TLRN,A,41,3 Dual Cwy,2 30 MPH,6 Crossroads,2 Auto Sig,B,510,5 Pedn Phase At Ats,1 Daylight,1 Fine,1 Road-Dry,0 None,0 None,525160,185870,-0.195941,51.557839,,,Unknown,"(51.557839, -0.195941)",http://opendatacommunities.org/id/london-borough-council/camden,5252,21/12/2020 02:48:37 PM
1190173357,CAMDEN,3 PEDESTRIAN,1 MALE,60+,94,1,1 FATAL,10 UNKNOWN OR OTHER,9 UNKNOWN OR OTHER,1 PEDESTRIAN,"On Finchley Road, 43 metres north of the junction with Lithos Road.",1,04/04/2019 03:05:00 PM,Thursday,15.05,1 TLRN,A,41,3 DUAL CWY,30,00 NO JUN IN 20M,,0,0,4 PELICAN OR SIMILAR,2 DAYLIGHT,1 FINE,1 ROAD-DRY,0 NONE,0 NONE,526097,185039,-0.18273,51.550162,,,Unknown,"(51.550162, -0.18273)",http://opendatacommunities.org/id/london-borough-council/camden,8906,21/12/2020 02:48:44 PM
1190188188,CAMDEN,1 DRIVER/RIDER,1 MALE,25-59,47,1,3 SLIGHT,'-2 NOT APPLICABLE,'-2 NOT APPLICABLE,4 CAR,"On Primrose Hill Road, 25 metres north of the junction with King Henry's Road.",2,24/05/2019 02:42:00 PM,Friday,14.42,3 BOR,5,0,3 DUAL CWY,30,00 NO JUN IN 20M,,0,0,1 ZEBRA,2 DAYLIGHT,1 FINE,1 ROAD-DRY,0 NONE,0 NONE,527537,184216,-0.16227,51.542442,,,Unknown,"(51.542442, -0.16227)",http://opendatacommunities.org/id/london-borough-council/camden,9114,21/12/2020 02:48:44 PM
1170021164,CAMDEN,3 Pedestrian,1 Male,25-59,38,1,3 Slight,01 Crossing Road On Ped Xing,1 From Drivers N/Side,1 Pedestrian,SHAFTESBURY AVENUE 30M W OF J/W BLOOMSBURY STREET THE NEAREST CLAS,1,26/02/2017 02:30:00 AM,Sunday,2.30,3 Bor,A,401,2 One-Way St,1 <= 20 MPH,0 No Jun In 20m,-2 Not Applicable,-2 Not Applicable,0,5 Pedn Phase At Ats,2 Dark,1 Fine,1 Road-Dry,0 None,0 None,530115,181380,-0.126163,51.516368,,,Unknown,"(51.516368, -0.126163)",http://opendatacommunities.org/id/london-borough-council/camden,6716,21/12/2020 02:48:39 PM
0115EK40972,CAMDEN,1 Driver/Rider,1 Male,25-59,40,1,3 Slight,-2 Unknown,-2 N/A,7 Goods Vehicle,OUTER CIRCLE J/W CAMBRIDGE TERRACE.,2,30/10/2015 01:16:00 PM,Friday,13.16,3 Bor,Unclassified,0,6 Single Cwy,1 <= 20 MPH,3 T/Stag Jun,4 Give Way/Uncontrolled,Unclassified,0,0 No Xing Facility In 50m,1 Daylight,1 Fine,1 Road-Dry,0 None,0 None,528720,182570,-0.145822,51.527382,,,Unknown,"(51.527382, -0.145822)",http://opendatacommunities.org/id/london-borough-council/camden,5399,21/12/2020 02:48:37 PM
1160024852,CAMDEN,3 Pedestrian,1 Male,25-59,33,1,3 Slight,05 Crossing Road (Not On Xing),1 From Drivers N/Side,1 Pedestrian,CHALK FARM ROAD J/W BELMONT STREET,1,12/10/2016 01:15:00 AM,Wednesday,1.15,3 Bor,A,502,6 Single Cwy,1 <= 20 MPH,3 T/Stag Jun,4 Give Way/Uncontrolled,Unclassified,0,0 No Xing Facility In 50m,2 Dark,1 Fine,1 Road-Dry,0 None,0 None,528280,184350,-0.151513,51.543479,,,Unknown,"(51.543479, -0.151513)",http://opendatacommunities.org/id/london-borough-council/camden,5937,21/12/2020 02:48:38 PM
0116EK40413,CAMDEN,1 Driver/Rider,1 Male,25-59,58,1,3 Slight,-2 Unknown,-2 N/A,3 Powered 2 Wheeler,CHENIES STREET J/W RIDGMOUNT STREET,2,15/06/2016 05:25:00 PM,Wednesday,17.25,3 Bor,B,506,2 One-Way St,2 30 MPH,6 Crossroads,4 Give Way/Uncontrolled,Unclassified,0,0 No Xing Facility In 50m,1 Daylight,1 Fine,1 Road-Dry,0 None,0 None,529690,181900,-0.132094,51.521139,,,Unknown,"(51.521139, -0.132094)",http://opendatacommunities.org/id/london-borough-council/camden,6330,21/12/2020 02:48:38 PM
1190192905,CAMDEN,1 DRIVER/RIDER,1 MALE,25-59,34,1,2 SERIOUS,'-2 NOT APPLICABLE,3 FROM DRIVERS O/SIDE,3 POWERED 2 WHEELER,"On Finchley Road, near the junction with LITHOS ROAD.",2,11/07/2019 12:05:00 PM,Thursday,12.05,1 TLRN,A,41,3 DUAL CWY,30,09 OTHER JUN,4 GIVE WAY/UNCONTROLLED,6,0,0 NO XING FACILITY IN 50M,2 DAYLIGHT,1 FINE,1 ROAD-DRY,0 NONE,0 NONE,526134,185008,-0.182207,51.549875,,,Unknown,"(51.549875, -0.182207)",http://opendatacommunities.org/id/london-borough-council/camden,9178,21/12/2020 02:48:44 PM
1190185398,CAMDEN,3 PEDESTRIAN,1 MALE,25-59,42,1,2 SERIOUS,04 CROSSING ROAD WITHIN 50M XING,2 FROM DRIVERS N/SIDE MSK,1 PEDESTRIAN,"On Camden Road, 10 metres south of the junction with St Pancras Way.",2,05/06/2019 03:32:00 PM,Wednesday,15.32,1 TLRN,A,503,3 DUAL CWY,30,06 CROSSROADS,2 AUTO SIG,A,5202,5 PEDN PHASE AT ATS,2 DAYLIGHT,1 FINE,1 ROAD-DRY,0 NONE,0 NONE,529250,184284,-0.137558,51.542664,,,Unknown,"(51.542664, -0.137558)",http://opendatacommunities.org/id/london-borough-council/camden,9067,21/12/2020 02:48:44 PM
1190175249,CAMDEN,1 DRIVER/RIDER,2 FEMALE,25-59,30,1,3 SLIGHT,'-2 NOT APPLICABLE,'-2 NOT APPLICABLE,2 PEDAL CYCLE,"On Chalk Farm Road, 30 metres east of the junction with Camden Lock.",1,08/04/2019 09:15:00 AM,Monday,9.15,3 BOR,A,502,9 UNKNOWN,20,03 T/STAG JUN,4 GIVE WAY/UNCONTROLLED,A,502,1 ZEBRA,2 DAYLIGHT,2 RAINING,2 ROAD-WET,0 NONE,0 NONE,528654,184194,-0.14618,51.541992,,,Unknown,"(51.541992, -0.14618)",http://opendatacommunities.org/id/london-borough-council/camden,8927,21/12/2020 02:48:44 PM