Reference,London Borough Name,Casualty Class,Casualty Sex,Casualty Age Band,Casualty Age,Number Of Casualties,Casualty Severity,Pedestrian Location,Pedestrian Movement,Mode Of Travel,Attendant Location,Number Of Vehicles,Date,Day,Time,Highway,Road Class 1,Road Number 1,Road Type,Speed Limit,Junction Detail,Junction Control,Road Class 2,Road Number 2,Pedestrian Crossing,Light Condition Band,Weather,Road Surface,Special Conditions,Carriage Way Hazard,Easting,Northing,Longitude,Latitude,Ward Code,Ward Name,Spatial Accuracy,Location,Organisation URI,Socrata ID,Last Uploaded
1160000733,CAMDEN,1 Driver/Rider,1 Male,25-59,50,1,3 Slight,-2 Unknown,-2 N/A,2 Pedal Cycle,HIGHGATE HILL 25M N OF J/W THE BANK,2,08/11/2016 07:21:00 AM,Tuesday,7.21,3 Bor,B,519,3 Dual Cwy,2 30 MPH,0 No Jun In 20m,-2 Not Applicable,-2 Not Applicable,0,0 No Xing Facility In 50m,1 Daylight,1 Fine,1 Road-Dry,0 None,0 None,528770,187276,-0.143381,51.569662,,,Unknown,"(51.569662, -0.143381)",http://opendatacommunities.org/id/london-borough-council/camden,5649,21/12/2020 02:48:37 PM
0115EK40424,CAMDEN,1 Driver/Rider,1 Male,Unknown,0,1,3 Slight,-2 Unknown,-2 N/A,3 Powered 2 Wheeler,JAMESTOWN ROAD J/W CAMDEN HIGH STREET,1,31/05/2015 01:20:00 PM,Sunday,13.20,3 Bor,C,0,6 Single Cwy,2 30 MPH,6 Crossroads,2 Auto Sig,A,502,5 Pedn Phase At Ats,1 Daylight,1 Fine,1 Road-Dry,0 None,6 Ped In Cwy (Not Inj),528790,184050,-0.144273,51.540666,,,Unknown,"(51.540666, -0.144273)",http://opendatacommunities.org/id/london-borough-council/camden,4916,21/12/2020 02:48:36 PM
1190165097,CAMDEN,3 PEDESTRIAN,1 MALE,16-24,18,1,2 SERIOUS,04 CROSSING ROAD WITHIN 50M XING,9 UNKNOWN OR OTHER,1 PEDESTRIAN,"On York Way, 1 metres south of the junction with Grays Inn Road.",1,23/02/2019 04:35:00 AM,Saturday,4.35,1 TLRN,A,5200,2 ONE-WAY ST,20,07 MULTI JUN,2 AUTO SIG,A,501,5 PEDN PHASE AT ATS,1 DARK,1 FINE,1 ROAD-DRY,0 NONE,0 NONE,530327,183012,-0.122506,51.530986,,,Unknown,"(51.530986, -0.122506)",http://opendatacommunities.org/id/london-borough-council/camden,8797,21/12/2020 02:48:43 PM
0115EK41203,CAMDEN,1 Driver/Rider,1 Male,16-24,23,1,3 Slight,-2 Unknown,-2 N/A,5 Taxi,STANHOPE STREET J/W WILLIAM ROAD,2,14/12/2015 08:15:00 PM,Monday,20.15,3 Bor,Unclassified,0,6 Single Cwy,2 30 MPH,6 Crossroads,4 Give Way/Uncontrolled,Unclassified,0,0 No Xing Facility In 50m,2 Dark,1 Fine,1 Road-Dry,0 None,0 None,529060,182550,-0.140931,51.527125,,,Unknown,"(51.527125, -0.140931)",http://opendatacommunities.org/id/london-borough-council/camden,5580,21/12/2020 02:48:37 PM
1170080019,CAMDEN,1 Driver/Rider,1 Male,60+,68,1,3 Slight,-2 Unknown,-2 N/A,4 Car,HIGHGATE ROAD J/W GORDON HOUSE ROAD,2,24/12/2017 12:14:00 PM,Sunday,12.14,3 Bor,B,518,6 Single Cwy,1 <= 20 MPH,6 Crossroads,2 Auto Sig,B,518,5 Pedn Phase At Ats,1 Daylight,1 Fine,1 Road-Dry,0 None,0 None,528580,185830,-0.146649,51.556711,,,Unknown,"(51.556711, -0.146649)",http://opendatacommunities.org/id/london-borough-council/camden,7629,21/12/2020 02:48:41 PM
1190163798,CAMDEN,2 PASSENGER,2 FEMALE,U,,1,3 SLIGHT,'-2 NOT APPLICABLE,'-2 NOT APPLICABLE,4 CAR,"On Agincourt Road, near the junction with Cressy Road.",2,16/02/2019 11:45:00 AM,Saturday,11.45,3 BOR,5,0,2 ONE-WAY ST,20,06 CROSSROADS,2 AUTO SIG,6,0,5 PEDN PHASE AT ATS,2 DAYLIGHT,1 FINE,1 ROAD-DRY,0 NONE,0 NONE,527587,185548,-0.161067,51.554402,,,Unknown,"(51.554402, -0.161067)",http://opendatacommunities.org/id/london-borough-council/camden,8788,21/12/2020 02:48:43 PM
1170068085,CAMDEN,1 Driver/Rider,1 Male,25-59,41,1,3 Slight,-2 Unknown,-2 N/A,3 Powered 2 Wheeler,FORDWYCH ROAD J/W RICHBOROUGH ROAD,2,03/11/2017 03:44:00 PM,Friday,15.44,3 Bor,Unclassified,0,2 One-Way St,1 <= 20 MPH,3 T/Stag Jun,4 Give Way/Uncontrolled,Unclassified,0,0 No Xing Facility In 50m,1 Daylight,1 Fine,1 Road-Dry,0 None,0 None,524090,185600,-0.211463,51.555648,,,Unknown,"(51.555648, -0.211463)",http://opendatacommunities.org/id/london-borough-council/camden,7481,21/12/2020 02:48:40 PM
0116EK40154,CAMDEN,1 Driver/Rider,1 Male,Unknown,0,1,3 Slight,-2 Unknown,-2 N/A,3 Powered 2 Wheeler,CAMLEY STREET 178M NORTH OF J/W CEDAR WAY,2,14/03/2016 04:25:00 PM,Monday,16.25,3 Bor,Unclassified,0,6 Single Cwy,1 <= 20 MPH,0 No Jun In 20m,-2 Not Applicable,-2 Not Applicable,0,0 No Xing Facility In 50m,1 Daylight,1 Fine,1 Road-Dry,0 None,0 None,529660,184230,-0.131668,51.542085,,,Unknown,"(51.542085, -0.131668)",http://opendatacommunities.org/id/london-borough-council/camden,6110,21/12/2020 02:48:38 PM
0116EK40598,CAMDEN,1 Driver/Rider,1 Male,Unknown,0,1,3 Slight,-2 Unknown,-2 N/A,4 Car,CAMDEN HIGH STREET J/W CASTLEHAVEN ROAD,3,19/08/2016 06:15:00 PM,Friday,18.15,3 Bor,A,502,2 One-Way St,2 30 MPH,3 T/Stag Jun,2 Auto Sig,A,502,5 Pedn Phase At Ats,1 Daylight,1 Fine,1 Road-Dry,0 None,0 None,528690,184150,-0.145677,51.541588,,,Unknown,"(51.541588, -0.145677)",http://opendatacommunities.org/id/london-borough-council/camden,6480,21/12/2020 02:48:39 PM
1170012862,CAMDEN,1 Driver/Rider,2 Female,25-59,46,1,3 Slight,-2 Unknown,-2 N/A,2 Pedal Cycle,GLOUCESTER GATE J/W OUTER CIRCLE,2,19/01/2017 05:00:00 PM,Thursday,17.00,3 Bor,Unclassified,0,6 Single Cwy,1 <= 20 MPH,3 T/Stag Jun,3 Stop Sign,Unclassified,0,0 No Xing Facility In 50m,2 Dark,1 Fine,1 Road-Dry,0 None,0 None,528540,183430,-0.148102,51.535151,,,Unknown,"(51.535151, -0.148102)",http://opendatacommunities.org/id/london-borough-council/camden,6597,21/12/2020 02:48:39 PM
0115EK41146,CAMDEN,1 Driver/Rider,1 Male,16-24,19,1,3 Slight,-2 Unknown,-2 N/A,2 Pedal Cycle,TAVISTOCK PLACE J/W JUDD STREET.,2,21/12/2015 07:00:00 PM,Monday,19.00,3 Bor,C,0,6 Single Cwy,1 <= 20 MPH,3 T/Stag Jun,2 Auto Sig,B,504,5 Pedn Phase At Ats,2 Dark,2 Raining,2 Road-Wet,0 None,0 None,530250,182460,-0.12382,51.526043,,,Unknown,"(51.526043, -0.12382)",http://opendatacommunities.org/id/london-borough-council/camden,5549,21/12/2020 02:48:37 PM
1190214018,CAMDEN,1 DRIVER/RIDER,1 MALE,25-59,40,1,3 SLIGHT,'-2 NOT APPLICABLE,'-2 NOT APPLICABLE,4 CAR,"On Royal College Street, 50 metres north of the junction with Camden Road.",2,25/10/2019 07:24:00 PM,Friday,19.24,3 BOR,A,5202,2 ONE-WAY ST,20,00 NO JUN IN 20M,,0,0,0 NO XING FACILITY IN 50M,1 DARK,1 FINE,1 ROAD-DRY,4 ROADWORKS,0 NONE,529166,184234,-0.138786,51.542234,,,Unknown,"(51.542234, -0.138786)",http://opendatacommunities.org/id/london-borough-council/camden,9469,21/12/2020 02:48:44 PM
0115EK41106,CAMDEN,3 Pedestrian,2 Female,25-59,33,1,2 Serious,04 Crossing Road Within 50m Xing,1 From Drivers N/Side,1 Pedestrian,CROWNDALE ROAD J/W CAMDEN STREET.,1,11/12/2015 09:55:00 AM,Friday,9.55,1 TLRN,B,512,6 Single Cwy,2 30 MPH,6 Crossroads,2 Auto Sig,A,400,5 Pedn Phase At Ats,1 Daylight,1 Fine,1 Road-Dry,0 None,0 None,529420,183460,-0.13541,51.53522,,,Unknown,"(51.53522, -0.13541)",http://opendatacommunities.org/id/london-borough-council/camden,5512,21/12/2020 02:48:37 PM
1180135176,CAMDEN,1 Driver/Rider,1 Male,25-59,39,1,2 Serious,-2 Unknown,-2 N/A,2 Pedal Cycle,BELSIZE ROAD J/W FAIRHAZEL GARDENS,2,22/08/2018 04:00:00 PM,Wednesday,16.00,3 Bor,B,509,6 Single Cwy,1 <= 20 MPH,99 Unknown (S/R),9 Unknown (S/R),Unclassified,0,1 Zebra,1 Daylight,1 Fine,1 Road-Dry,0 None,0 None,526310,184100,-0.179996,51.541676,,,Unknown,"(51.541676, -0.179996)",http://opendatacommunities.org/id/london-borough-council/camden,8358,21/12/2020 02:48:42 PM
1170025506,CAMDEN,1 Driver/Rider,1 Male,25-59,30,1,2 Serious,-2 Unknown,-2 N/A,3 Powered 2 Wheeler,GRAFTON WAY J/W WHITFIELD ROAD,2,15/03/2017 11:00:00 AM,Wednesday,11.00,3 Bor,Unclassified,0,2 One-Way St,1 <= 20 MPH,6 Crossroads,4 Give Way/Uncontrolled,Unclassified,0,0 No Xing Facility In 50m,1 Daylight,1 Fine,1 Road-Dry,0 None,0 None,529250,182120,-0.138351,51.523217,,,Unknown,"(51.523217, -0.138351)",http://opendatacommunities.org/id/london-borough-council/camden,6781,21/12/2020 02:48:39 PM
1180120648,CAMDEN,3 Pedestrian,2 Female,0-15,12,1,3 Slight,04 Crossing Road Within 50m Xing,1 From Drivers N/Side,1 Pedestrian,KILBURN HIGH ROAD J/W BIRCHINGTON ROAD,1,12/07/2018 06:16:00 PM,Thursday,18.16,3 Bor,A,5,6 Single Cwy,2 30 MPH,3 T/Stag Jun,4 Give Way/Uncontrolled,Unclassified,0,4 Pelican Or Similar,1 Daylight,1 Fine,1 Road-Dry,0 None,0 None,525320,183750,-0.194389,51.538751,,,Unknown,"(51.538751, -0.194389)",http://opendatacommunities.org/id/london-borough-council/camden,8173,21/12/2020 02:48:42 PM
1160024386,CAMDEN,3 Pedestrian,1 Male,25-59,37,1,3 Slight,09 In Road - Not Crossing,9 Unknown Or Other,1 Pedestrian,AVENUE ROAD 160M S OF J/W ADELAIDE ROAD,3,01/10/2016 09:20:00 AM,Saturday,9.20,3 Bor,B,525,6 Single Cwy,2 30 MPH,0 No Jun In 20m,-2 Not Applicable,-2 Not Applicable,0,0 No Xing Facility In 50m,1 Daylight,1 Fine,1 Road-Dry,0 None,0 None,526850,183990,-0.172253,51.540566,,,Unknown,"(51.540566, -0.172253)",http://opendatacommunities.org/id/london-borough-council/camden,5897,21/12/2020 02:48:38 PM
1180117483,CAMDEN,1 Driver/Rider,1 Male,25-59,25,1,3 Slight,-2 Unknown,-2 N/A,3 Powered 2 Wheeler,WEST END LANE 50M E OF J/W CANNON HILL,2,25/06/2018 06:10:00 PM,Monday,18.10,3 Bor,Unclassified,0,6 Single Cwy,1 <= 20 MPH,0 No Jun In 20m,-2 Not Applicable,-2 Not Applicable,0,9 Unknown (S/R),1 Daylight,1 Fine,1 Road-Dry,0 None,0 None,525550,185270,-0.190532,51.55236,,,Unknown,"(51.55236, -0.190532)",http://opendatacommunities.org/id/london-borough-council/camden,8128,21/12/2020 02:48:42 PM
0116EK40357,CAMDEN,1 Driver/Rider,1 Male,25-59,46,1,3 Slight,-2 Unknown,-2 N/A,2 Pedal Cycle,HIGHGATE WEST HILL 84M SOUTH WEST OF J/W WEST HILL,2,20/05/2016 06:25:00 PM,Friday,18.25,3 Bor,C,0,2 One-Way St,1 <= 20 MPH,0 No Jun In 20m,-2 Not Applicable,-2 Not Applicable,0,0 No Xing Facility In 50m,1 Daylight,1 Fine,1 Road-Dry,4 Roadworks,0 None,528140,187140,-0.152515,51.568584,,,Unknown,"(51.568584, -0.152515)",http://opendatacommunities.org/id/london-borough-council/camden,6283,21/12/2020 02:48:38 PM
0116EK40562,CAMDEN,1 Driver/Rider,1 Male,25-59,46,1,2 Serious,-2 Unknown,-2 N/A,3 Powered 2 Wheeler,FINCHLEY ROAD J/W INGHAM ROAD,2,05/08/2016 03:05:00 PM,Friday,15.05,1 TLRN,A,41,6 Single Cwy,2 30 MPH,3 T/Stag Jun,4 Give Way/Uncontrolled,Unclassified,0,0 No Xing Facility In 50m,1 Daylight,1 Fine,1 Road-Dry,0 None,0 None,525320,185620,-0.193723,51.555557,,,Unknown,"(51.555557, -0.193723)",http://opendatacommunities.org/id/london-borough-council/camden,6454,21/12/2020 02:48:38 PM
0115EK40543,CAMDEN,1 Driver/Rider,1 Male,25-59,27,1,2 Serious,-2 Unknown,-2 N/A,3 Powered 2 Wheeler,WEST HEATH ROAD J/W TEMPLEWOOD AVENUE,2,04/07/2015 05:50:00 PM,Saturday,17.50,3 Bor,C,0,6 Single Cwy,2 30 MPH,3 T/Stag Jun,4 Give Way/Uncontrolled,Unclassified,0,0 No Xing Facility In 50m,1 Daylight,1 Fine,1 Road-Dry,0 None,0 None,525840,186390,-0.185951,51.562361,,,Unknown,"(51.562361, -0.185951)",http://opendatacommunities.org/id/london-borough-council/camden,5031,21/12/2020 02:48:36 PM
1170065299,CAMDEN,1 Driver/Rider,1 Male,25-59,34,1,3 Slight,-2 Unknown,-2 N/A,2 Pedal Cycle,FINCHLEY ROAD 10M N OF J/W FROGNAL LANE,2,18/10/2017 05:41:00 PM,Wednesday,17.41,1 TLRN,A,41,3 Dual Cwy,2 30 MPH,6 Crossroads,2 Auto Sig,C,0,1 Zebra,1 Daylight,1 Fine,2 Road-Wet,0 None,0 None,525660,185350,-0.188918,51.553054,,,Unknown,"(51.553054, -0.188918)",http://opendatacommunities.org/id/london-borough-council/camden,7437,21/12/2020 02:48:40 PM
1160024605,CAMDEN,2 Passenger,2 Female,16-24,21,1,3 Slight,-2 Unknown,-2 N/A,5 Taxi,CAMDEN PARK ROAD J/W CAMDEN MEWS,2,08/10/2016 11:40:00 AM,Saturday,11.40,3 Bor,A,5200,2 One-Way St,2 30 MPH,3 T/Stag Jun,2 Auto Sig,Unclassified,0,5 Pedn Phase At Ats,1 Daylight,9 Unknown,1 Road-Dry,0 None,0 None,529760,184840,-0.130002,51.547544,,,Unknown,"(51.547544, -0.130002)",http://opendatacommunities.org/id/london-borough-council/camden,5919,21/12/2020 02:48:38 PM
0115EK40580,CAMDEN,1 Driver/Rider,1 Male,25-59,36,1,3 Slight,-2 Unknown,-2 N/A,3 Powered 2 Wheeler,CAMDEN ROAD J/W ST PANCRAS WAY,2,14/07/2015 03:00:00 PM,Tuesday,15.00,1 TLRN,A,503,6 Single Cwy,2 30 MPH,6 Crossroads,2 Auto Sig,A,5202,5 Pedn Phase At Ats,1 Daylight,1 Fine,1 Road-Dry,0 None,0 None,529250,184290,-0.137555,51.542718,,,Unknown,"(51.542718, -0.137555)",http://opendatacommunities.org/id/london-borough-council/camden,5068,21/12/2020 02:48:36 PM
1180138730,CAMDEN,1 Driver/Rider,1 Male,25-59,33,1,3 Slight,-2 Unknown,-2 N/A,4 Car,CASTLEHAVEN ROAD 32M W OF J/W HAWLEY ROAD,2,13/10/2018 05:35:00 AM,Saturday,5.35,3 Bor,C,0,6 Single Cwy,1 <= 20 MPH,0 No Jun In 20m,-2 Not Applicable,-2 Not Applicable,0,0 No Xing Facility In 50m,2 Dark,1 Fine,1 Road-Dry,0 None,0 None,528770,184280,-0.144477,51.542738,,,Unknown,"(51.542738, -0.144477)",http://opendatacommunities.org/id/london-borough-council/camden,8424,21/12/2020 02:48:43 PM
1170049842,CAMDEN,3 Pedestrian,2 Female,25-59,25,1,3 Slight,06 On Footpath - Verge,9 Unknown Or Other,1 Pedestrian,CAMDEN HIGH STREET J/W INVERNESS STREET,1,21/07/2017 10:29:00 PM,Friday,22.29,3 Bor,A,502,2 One-Way St,1 <= 20 MPH,3 T/Stag Jun,4 Give Way/Uncontrolled,Unclassified,0,0 No Xing Facility In 50m,2 Dark,2 Raining,2 Road-Wet,0 None,0 None,528860,183940,-0.143304,51.539662,,,Unknown,"(51.539662, -0.143304)",http://opendatacommunities.org/id/london-borough-council/camden,7174,21/12/2020 02:48:40 PM
0115EK41007,CAMDEN,2 Passenger,1 Male,60+,74,1,3 Slight,-2 Unknown,-2 N/A,6 Bus Or Coach,"THEOBALD'S ROAD, 30 METRES SW OF KING'S MEWS.",1,12/11/2015 03:37:00 PM,Thursday,15.37,3 Bor,A,401,6 Single Cwy,2 30 MPH,0 No Jun In 20m,-2 Not Applicable,-2 Not Applicable,0,0 No Xing Facility In 50m,1 Daylight,1 Fine,1 Road-Dry,0 None,0 None,530920,181940,-0.11436,51.521215,,,Unknown,"(51.521215, -0.11436)",http://opendatacommunities.org/id/london-borough-council/camden,5432,21/12/2020 02:48:37 PM
1170047476,CAMDEN,1 Driver/Rider,1 Male,25-59,33,1,3 Slight,-2 Unknown,-2 N/A,2 Pedal Cycle,ROYAL COLLEGE STREET J/W ROYAL COLLEGE STREET,2,09/07/2017 11:10:00 AM,Sunday,11.10,3 Bor,A,5202,2 One-Way St,1 <= 20 MPH,3 T/Stag Jun,4 Give Way/Uncontrolled,Unclassified,0,9 Unknown (S/R),1 Daylight,9 Unknown,9 Unknown (S/R),9 Unknown (S/R),9 Unknown (S/R),529250,184080,-0.137632,51.540831,,,Unknown,"(51.540831, -0.137632)",http://opendatacommunities.org/id/london-borough-council/camden,7138,21/12/2020 02:48:40 PM
1190182965,CAMDEN,2 PASSENGER,2 FEMALE,60+,74,3,3 SLIGHT,'-2 NOT APPLICABLE,'-2 NOT APPLICABLE,6 BUS OR COACH,"On Kilburn High Road, near the junction with Brondesbury Road.",1,24/05/2019 10:05:00 AM,Friday,10.05,3 BOR,A,5,6 SINGLE CWY,20,03 T/STAG JUN,1 AUTH PERSON,B,451,5 PEDN PHASE AT ATS,2 DAYLIGHT,1 FINE,1 ROAD-DRY,0 NONE,0 NONE,525355,183694,-0.193905,51.53824,,,Unknown,"(51.53824, -0.193905)",http://opendatacommunities.org/id/london-borough-council/camden,9040,21/12/2020 02:48:44 PM
0116CW11176,CAMDEN,1 Driver/Rider,1 Male,25-59,32,1,3 Slight,-2 Unknown,-2 N/A,5 Taxi,ABBEY ROAD J/W BOUNDARY ROAD,2,25/08/2016 01:45:00 AM,Thursday,1.45,3 Bor,B,507,6 Single Cwy,2 30 MPH,6 Crossroads,4 Give Way/Uncontrolled,B,507,1 Zebra,2 Dark,1 Fine,1 Road-Dry,0 None,0 None,525990,183670,-0.184762,51.537883,,,Unknown,"(51.537883, -0.184762)",http://opendatacommunities.org/id/london-borough-council/camden,5976,21/12/2020 02:48:38 PM
1190226095,CAMDEN,1 DRIVER/RIDER,1 MALE,25-59,53,1,3 SLIGHT,'-2 NOT APPLICABLE,'-2 NOT APPLICABLE,3 POWERED 2 WHEELER,"On New Oxford Street, 25 metres north of the junction with Bainmbridge STreet.",1,17/12/2019 07:30:00 PM,Tuesday,19.30,3 BOR,A,40,6 SINGLE CWY,40,00 NO JUN IN 20M,,0,0,5 PEDN PHASE AT ATS,1 DARK,2 RAINING,2 ROAD-WET,5 SURFACE DEFECT,0 NONE,529920,181399,-0.128965,51.516584,,,Unknown,"(51.516584, -0.128965)",http://opendatacommunities.org/id/london-borough-council/camden,9636,21/12/2020 02:48:45 PM
0116EK40334,CAMDEN,1 Driver/Rider,1 Male,25-59,30,1,3 Slight,-2 Unknown,-2 N/A,4 Car,FINCHLEY RD 84M NORTH WEST OF J/W CANFIELD GARDENS,3,14/05/2016 01:17:00 AM,Saturday,1.17,1 TLRN,A,41,6 Single Cwy,2 30 MPH,0 No Jun In 20m,-2 Not Applicable,-2 Not Applicable,0,7 Footbridge Or Subway,2 Dark,1 Fine,1 Road-Dry,0 None,0 None,526280,184750,-0.180195,51.547524,,,Unknown,"(51.547524, -0.180195)",http://opendatacommunities.org/id/london-borough-council/camden,6266,21/12/2020 02:48:38 PM
0116EK40408,CAMDEN,1 Driver/Rider,1 Male,25-59,55,1,3 Slight,-2 Unknown,-2 N/A,4 Car,CAMDEN ROAD J/W LYME STREET.,2,14/06/2016 11:45:00 AM,Tuesday,11.45,1 TLRN,A,503,6 Single Cwy,2 30 MPH,3 T/Stag Jun,4 Give Way/Uncontrolled,Unclassified,0,5 Pedn Phase At Ats,1 Daylight,1 Fine,2 Road-Wet,0 None,0 None,529120,184060,-0.139513,51.540681,,,Unknown,"(51.540681, -0.139513)",http://opendatacommunities.org/id/london-borough-council/camden,6325,21/12/2020 02:48:38 PM
0115EK40975,CAMDEN,3 Pedestrian,2 Female,25-59,32,1,3 Slight,01 Crossing Road On Ped Xing,1 From Drivers N/Side,1 Pedestrian,PRINCE ALBERT ROAD J/W ALBERT TERRACE.,1,02/11/2015 01:20:00 PM,Monday,13.20,3 Bor,A,5205,6 Single Cwy,2 30 MPH,3 T/Stag Jun,2 Auto Sig,C,0,5 Pedn Phase At Ats,1 Daylight,1 Fine,1 Road-Dry,0 None,0 None,528090,183660,-0.154503,51.537321,,,Unknown,"(51.537321, -0.154503)",http://opendatacommunities.org/id/london-borough-council/camden,5402,21/12/2020 02:48:37 PM
0115EK40666,CAMDEN,3 Pedestrian,1 Male,0-15,11,1,2 Serious,05 Crossing Road (Not On Xing),3 From Drivers O/Side,1 Pedestrian,TOTTENHAM COURT ROAD 46M SE OF GOODGE STREET,1,04/08/2015 01:45:00 PM,Tuesday,13.45,3 Bor,A,400,2 One-Way St,2 30 MPH,0 No Jun In 20m,-2 Not Applicable,-2 Not Applicable,0,0 No Xing Facility In 50m,1 Daylight,1 Fine,1 Road-Dry,0 None,0 None,529590,181740,-0.133593,51.519724,,,Unknown,"(51.519724, -0.133593)",http://opendatacommunities.org/id/london-borough-council/camden,5140,21/12/2020 02:48:36 PM
1190177646,CAMDEN,2 PASSENGER,'-1 UNKNOWN,U,,4,3 SLIGHT,'-2 NOT APPLICABLE,'-2 NOT APPLICABLE,4 CAR,Location uncertain Finchley Road,1,28/04/2019 12:45:00 AM,Sunday,0.45,1 TLRN,A,41,6 SINGLE CWY,30,06 CROSSROADS,2 AUTO SIG,6,0,5 PEDN PHASE AT ATS,1 DARK,1 FINE,1 ROAD-DRY,0 NONE,0 NONE,525977,185165,-0.184414,51.551321,,,Unknown,"(51.551321, -0.184414)",http://opendatacommunities.org/id/london-borough-council/camden,8953,21/12/2020 02:48:44 PM
1190173382,CAMDEN,1 DRIVER/RIDER,1 MALE,25-59,41,2,3 SLIGHT,'-2 NOT APPLICABLE,1 FROM DRIVERS N/SIDE,3 POWERED 2 WHEELER,"On Euston Road, near the junction with Hampsted Road.",1,04/04/2019 04:28:00 PM,Thursday,16.28,1 TLRN,A,501,3 DUAL CWY,30,06 CROSSROADS,2 AUTO SIG,A,400,4 PELICAN OR SIMILAR,2 DAYLIGHT,2 RAINING,2 ROAD-WET,0 NONE,0 NONE,529250,182336,-0.138272,51.525158,,,Unknown,"(51.525158, -0.138272)",http://opendatacommunities.org/id/london-borough-council/camden,8907,21/12/2020 02:48:44 PM
1180113978,CAMDEN,1 Driver/Rider,1 Male,16-24,21,1,3 Slight,-2 Unknown,-2 N/A,2 Pedal Cycle,GLOUCESTER AVENUE 25M S OF J/W PRINCESS ROAD,2,03/06/2018 09:35:00 PM,Sunday,21.35,3 Bor,Unclassified,0,9 Unknown,1 <= 20 MPH,0 No Jun In 20m,-2 Not Applicable,-2 Not Applicable,0,8 Central Refuge,2 Dark,1 Fine,1 Road-Dry,0 None,0 None,528350,183970,-0.150643,51.540048,,,Unknown,"(51.540048, -0.150643)",http://opendatacommunities.org/id/london-borough-council/camden,8069,21/12/2020 02:48:42 PM
1190202593,CAMDEN,2 PASSENGER,'-1 UNKNOWN,25-59,29,2,3 SLIGHT,'-2 NOT APPLICABLE,'-2 NOT APPLICABLE,4 CAR,"On Southampton Row, 25 metres east of the junction with 40.. The nearest classified road was the A40. The nearest classified road was the A40",2,31/08/2019 02:00:00 AM,Saturday,2.00,3 BOR,A,40,6 SINGLE CWY,20,00 NO JUN IN 20M,,0,0,5 PEDN PHASE AT ATS,1 DARK,1 FINE,1 ROAD-DRY,0 NONE,0 NONE,530482,181701,-0.120758,51.519168,,,Unknown,"(51.519168, -0.120758)",http://opendatacommunities.org/id/london-borough-council/camden,9318,21/12/2020 02:48:44 PM
1170050728,CAMDEN,3 Pedestrian,1 Male,60+,82,1,3 Slight,04 Crossing Road Within 50m Xing,1 From Drivers N/Side,1 Pedestrian,KENTISH TOWN ROAD J/W ISLIP ROAD,1,04/07/2017 12:34:00 PM,Tuesday,12.34,3 Bor,A,400,3 Dual Cwy,2 30 MPH,3 T/Stag Jun,4 Give Way/Uncontrolled,Unclassified,0,4 Pelican Or Similar,1 Daylight,1 Fine,1 Road-Dry,0 None,0 None,529005,185058,-0.140805,51.549676,,,Unknown,"(51.549676, -0.140805)",http://opendatacommunities.org/id/london-borough-council/camden,7195,21/12/2020 02:48:40 PM
1190198014,CAMDEN,1 DRIVER/RIDER,1 MALE,25-59,43,2,3 SLIGHT,'-2 NOT APPLICABLE,'-2 NOT APPLICABLE,2 PEDAL CYCLE,"On Iverson Road, 100 metres east of the junction with Maygrove Road.",3,05/08/2019 10:03:00 PM,Monday,22.03,3 BOR,B,520,6 SINGLE CWY,20,00 NO JUN IN 20M,,0,0,0 NO XING FACILITY IN 50M,1 DARK,1 FINE,1 ROAD-DRY,0 NONE,0 NONE,525329,184767,-0.193897,51.547889,,,Unknown,"(51.547889, -0.193897)",http://opendatacommunities.org/id/london-borough-council/camden,9257,21/12/2020 02:48:44 PM
1170016365,CAMDEN,2 Passenger,2 Female,25-59,32,1,3 Slight,-2 Unknown,-2 N/A,4 Car,KENTISH TOWN ROAD J/W FORTRESS ROAD,2,05/02/2017 05:40:00 AM,Sunday,5.40,3 Bor,A,400,6 Single Cwy,1 <= 20 MPH,9 Other Jun,2 Auto Sig,A,400,5 Pedn Phase At Ats,2 Dark,1 Fine,2 Road-Wet,0 None,0 None,528970,185270,-0.141232,51.551589,,,Unknown,"(51.551589, -0.141232)",http://opendatacommunities.org/id/london-borough-council/camden,6648,21/12/2020 02:48:39 PM
0115EK40466,CAMDEN,2 Passenger,2 Female,25-59,57,1,3 Slight,-2 Unknown,-2 N/A,4 Car,BELSIZE ROAD J/W DOBSON CLOSE,2,01/06/2015 02:57:00 PM,Monday,14.57,3 Bor,C,0,6 Single Cwy,2 30 MPH,3 T/Stag Jun,4 Give Way/Uncontrolled,Unclassified,0,0 No Xing Facility In 50m,1 Daylight,1 Fine,1 Road-Dry,0 None,0 None,526540,184300,-0.176609,51.543422,,,Unknown,"(51.543422, -0.176609)",http://opendatacommunities.org/id/london-borough-council/camden,4957,21/12/2020 02:48:36 PM
1180084007,CAMDEN,1 Driver/Rider,1 Male,25-59,44,1,3 Slight,-2 Unknown,-2 N/A,3 Powered 2 Wheeler,HARRINGTON SQUARE 0M N OF J/W HAMPSTEAD ROAD,2,16/01/2018 05:49:00 PM,Tuesday,17.49,1 TLRN,A,400,2 One-Way St,1 <= 20 MPH,3 T/Stag Jun,4 Give Way/Uncontrolled,A,400,0 No Xing Facility In 50m,2 Dark,1 Fine,1 Road-Dry,0 None,0 None,529190,183250,-0.138802,51.533386,,,Unknown,"(51.533386, -0.138802)",http://opendatacommunities.org/id/london-borough-council/camden,7673,21/12/2020 02:48:41 PM