Reference,London Borough Name,Casualty Class,Casualty Sex,Casualty Age Band,Casualty Age,Number Of Casualties,Casualty Severity,Pedestrian Location,Pedestrian Movement,Mode Of Travel,Attendant Location,Number Of Vehicles,Date,Day,Time,Highway,Road Class 1,Road Number 1,Road Type,Speed Limit,Junction Detail,Junction Control,Road Class 2,Road Number 2,Pedestrian Crossing,Light Condition Band,Weather,Road Surface,Special Conditions,Carriage Way Hazard,Easting,Northing,Longitude,Latitude,Ward Code,Ward Name,Spatial Accuracy,Location,Organisation URI,Socrata ID,Last Uploaded
0116EK40539,CAMDEN,1 Driver/Rider,1 Male,16-24,21,1,3 Slight,-2 Unknown,-2 N/A,3 Powered 2 Wheeler,FINCHLEY ROAD J/W PARSIFAL ROAD,2,27/07/2016 05:25:00 PM,Wednesday,17.25,1 TLRN,A,41,6 Single Cwy,2 30 MPH,3 T/Stag Jun,4 Give Way/Uncontrolled,Unclassified,0,0 No Xing Facility In 50m,1 Daylight,1 Fine,1 Road-Dry,0 None,0 None,525400,185560,-0.192591,51.555,,,Unknown,"(51.555, -0.192591)",http://opendatacommunities.org/id/london-borough-council/camden,6436,21/12/2020 02:48:38 PM
1170030986,CAMDEN,1 Driver/Rider,1 Male,25-59,40,1,3 Slight,-2 Unknown,-2 N/A,4 Car,HAMPSTEAD ROAD J/W GRANBY TERRACE,3,07/04/2017 08:30:00 PM,Friday,20.30,1 TLRN,A,400,6 Single Cwy,1 <= 20 MPH,3 T/Stag Jun,2 Auto Sig,C,0,5 Pedn Phase At Ats,2 Dark,1 Fine,1 Road-Dry,0 None,0 None,529160,183080,-0.139296,51.531865,,,Unknown,"(51.531865, -0.139296)",http://opendatacommunities.org/id/london-borough-council/camden,6859,21/12/2020 02:48:39 PM
0115EK40459,CAMDEN,1 Driver/Rider,2 Female,25-59,35,1,3 Slight,-2 Unknown,-2 N/A,2 Pedal Cycle,CAMDEN ROAD J/W BAYHAM STREET,2,10/06/2015 07:05:00 AM,Wednesday,7.05,1 TLRN,A,503,2 One-Way St,2 30 MPH,3 T/Stag Jun,4 Give Way/Uncontrolled,A,503,4 Pelican Or Similar,1 Daylight,1 Fine,1 Road-Dry,0 None,0 None,528960,183930,-0.141867,51.539549,,,Unknown,"(51.539549, -0.141867)",http://opendatacommunities.org/id/london-borough-council/camden,4951,21/12/2020 02:48:36 PM
1180088871,CAMDEN,3 Pedestrian,2 Female,25-59,25,1,3 Slight,04 Crossing Road Within 50m Xing,3 From Drivers O/Side,1 Pedestrian,SHAFTESBURY AVENUE 25M N OF J/W A40,1,07/02/2018 02:10:00 PM,Wednesday,14.10,3 Bor,Unclassified,0,6 Single Cwy,2 30 MPH,0 No Jun In 20m,-2 Not Applicable,-2 Not Applicable,0,1 Zebra,1 Daylight,8 Other,1 Road-Dry,0 None,0 None,530095,181344,-0.126465,51.516049,,,Unknown,"(51.516049, -0.126465)",http://opendatacommunities.org/id/london-borough-council/camden,7731,21/12/2020 02:48:41 PM
1190202941,CAMDEN,3 PEDESTRIAN,2 FEMALE,16-24,24,1,2 SERIOUS,05 CROSSING ROAD (NOT ON XING),1 FROM DRIVERS N/SIDE,1 PEDESTRIAN,"On Tottenham Court Road, near the junction with Torrington Place.",1,02/09/2019 03:35:00 PM,Monday,15.35,3 BOR,A,400,6 SINGLE CWY,20,03 T/STAG JUN,4 GIVE WAY/UNCONTROLLED,5,0,1 ZEBRA,2 DAYLIGHT,1 FINE,1 ROAD-DRY,0 NONE,0 NONE,529485,181929,-0.135036,51.521446,,,Unknown,"(51.521446, -0.135036)",http://opendatacommunities.org/id/london-borough-council/camden,9323,21/12/2020 02:48:44 PM
1190222407,CAMDEN,1 DRIVER/RIDER,1 MALE,25-59,26,1,3 SLIGHT,'-2 NOT APPLICABLE,'-2 NOT APPLICABLE,2 PEDAL CYCLE,"On Elsworthy Road, near the junction with Avenue Road.",2,02/12/2019 09:50:00 PM,Monday,21.50,3 BOR,B,525,6 SINGLE CWY,30,06 CROSSROADS,2 AUTO SIG,6,0,5 PEDN PHASE AT ATS,1 DARK,1 FINE,1 ROAD-DRY,0 NONE,0 NONE,526967,183835,-0.170623,51.539147,,,Unknown,"(51.539147, -0.170623)",http://opendatacommunities.org/id/london-borough-council/camden,9576,21/12/2020 02:48:45 PM
1160024397,CAMDEN,2 Passenger,1 Male,25-59,25,1,3 Slight,-2 Unknown,-2 N/A,4 Car,CREDITON HILL J/W WEST END LANE,2,09/10/2016 12:20:00 AM,Sunday,0.20,3 Bor,C,0,6 Single Cwy,2 30 MPH,3 T/Stag Jun,4 Give Way/Uncontrolled,Unclassified,0,0 No Xing Facility In 50m,2 Dark,2 Raining,2 Road-Wet,0 None,0 None,525610,185300,-0.189657,51.552616,,,Unknown,"(51.552616, -0.189657)",http://opendatacommunities.org/id/london-borough-council/camden,5900,21/12/2020 02:48:38 PM
1190188353,CAMDEN,1 DRIVER/RIDER,2 FEMALE,25-59,28,1,3 SLIGHT,'-2 NOT APPLICABLE,'-2 NOT APPLICABLE,4 CAR,"On Adelaide Road, 20 metres south of the junction with Elsworthy Rise.",2,19/06/2019 06:45:00 PM,Wednesday,18.45,3 BOR,B,509,6 SINGLE CWY,30,03 T/STAG JUN,4 GIVE WAY/UNCONTROLLED,6,0,9 UNKNOWN (S/R),2 DAYLIGHT,1 FINE,1 ROAD-DRY,0 NONE,0 NONE,527357,184309,-0.164831,51.543319,,,Unknown,"(51.543319, -0.164831)",http://opendatacommunities.org/id/london-borough-council/camden,9116,21/12/2020 02:48:44 PM
0115EK41055,CAMDEN,1 Driver/Rider,1 Male,25-59,50,1,3 Slight,-2 Unknown,-2 N/A,5 Taxi,BLOOMSBURY STREET J/W NEW OXFORD STREET.,3,27/11/2015 09:41:00 AM,Friday,9.41,3 Bor,A,400,2 One-Way St,2 30 MPH,6 Crossroads,2 Auto Sig,A,40,5 Pedn Phase At Ats,1 Daylight,1 Fine,2 Road-Wet,0 None,0 None,530060,181440,-0.126933,51.51692,,,Unknown,"(51.51692, -0.126933)",http://opendatacommunities.org/id/london-borough-council/camden,5470,21/12/2020 02:48:37 PM
1180129540,CAMDEN,1 Driver/Rider,1 Male,16-24,23,1,3 Slight,-2 Unknown,-2 N/A,4 Car,KAY COURT J/W FINCHLEY ROAD,1,26/08/2018 03:45:00 AM,Sunday,3.45,1 TLRN,Unclassified,0,7 Slip Rd,2 30 MPH,9 Other Jun,2 Auto Sig,A,41,0 No Xing Facility In 50m,2 Dark,1 Fine,1 Road-Dry,9 Unknown (S/R),0 None,525130,186010,-0.196324,51.559104,,,Unknown,"(51.559104, -0.196324)",http://opendatacommunities.org/id/london-borough-council/camden,8284,21/12/2020 02:48:42 PM
1160024692,CAMDEN,1 Driver/Rider,1 Male,25-59,45,1,3 Slight,-2 Unknown,-2 N/A,2 Pedal Cycle,HOWLAND STREET J/W CHARLOTTE STREET,2,04/10/2016 05:25:00 PM,Tuesday,17.25,3 Bor,C,0,6 Single Cwy,2 30 MPH,6 Crossroads,4 Give Way/Uncontrolled,Unclassified,0,1 Zebra,1 Daylight,1 Fine,1 Road-Dry,0 None,0 None,529300,181920,-0.137704,51.521408,,,Unknown,"(51.521408, -0.137704)",http://opendatacommunities.org/id/london-borough-council/camden,5924,21/12/2020 02:48:38 PM
1180122563,CAMDEN,1 Driver/Rider,1 Male,25-59,27,1,3 Slight,-2 Unknown,-2 N/A,3 Powered 2 Wheeler,KILBURN HIGH ROAD J/W PRIORY PARK ROAD,2,21/07/2018 11:25:00 PM,Saturday,23.25,3 Bor,A,5,6 Single Cwy,1 <= 20 MPH,3 T/Stag Jun,2 Auto Sig,Unclassified,0,5 Pedn Phase At Ats,2 Dark,8 Other,1 Road-Dry,5 Surface Defect,0 None,525160,183980,-0.196613,51.540853,,,Unknown,"(51.540853, -0.196613)",http://opendatacommunities.org/id/london-borough-council/camden,8193,21/12/2020 02:48:42 PM
0115EK40252,CAMDEN,2 Passenger,2 Female,25-59,36,1,3 Slight,-2 Unknown,-2 N/A,4 Car,CAMDEN ROAD J/W ROUSDEN STREET,2,20/03/2015 08:53:00 PM,Friday,20.53,1 TLRN,A,503,6 Single Cwy,2 30 MPH,3 T/Stag Jun,4 Give Way/Uncontrolled,Unclassified,0,0 No Xing Facility In 50m,2 Dark,1 Fine,1 Road-Dry,0 None,0 None,529210,184220,-0.138157,51.542098,,,Unknown,"(51.542098, -0.138157)",http://opendatacommunities.org/id/london-borough-council/camden,4781,21/12/2020 02:48:36 PM
0116EK40142,CAMDEN,1 Driver/Rider,1 Male,25-59,37,1,3 Slight,-2 Unknown,-2 N/A,5 Taxi,HAMPSTEAD ROAD J/W CARDINGTON STREET,2,24/02/2016 06:53:00 PM,Wednesday,18.53,1 TLRN,A,400,6 Single Cwy,2 30 MPH,3 T/Stag Jun,4 Give Way/Uncontrolled,C,0,0 No Xing Facility In 50m,2 Dark,1 Fine,1 Road-Dry,0 None,0 None,529210,182780,-0.138686,51.529157,,,Unknown,"(51.529157, -0.138686)",http://opendatacommunities.org/id/london-borough-council/camden,6099,21/12/2020 02:48:38 PM
1180140825,CAMDEN,3 Pedestrian,1 Male,25-59,25,1,3 Slight,05 Crossing Road (Not On Xing),4 From Drivers O/Side Msk,1 Pedestrian,HAMPSTEAD HIGH STREET 24M W OF J/W PERRIN'S LANE,1,23/10/2018 01:25:00 PM,Tuesday,13.25,3 Bor,A,502,6 Single Cwy,1 <= 20 MPH,0 No Jun In 20m,-2 Not Applicable,-2 Not Applicable,0,1 Zebra,1 Daylight,1 Fine,1 Road-Dry,0 None,0 None,526480,185680,-0.176978,51.555837,,,Unknown,"(51.555837, -0.176978)",http://opendatacommunities.org/id/london-borough-council/camden,8461,21/12/2020 02:48:43 PM
1180111711,CAMDEN,1 Driver/Rider,1 Male,25-59,34,1,3 Slight,-2 Unknown,-2 N/A,2 Pedal Cycle,NFL KILBURN HIGH ROAD J/W PRIORY PARK ROAD,2,02/06/2018 12:30:00 AM,Saturday,0.30,3 Bor,A,5,6 Single Cwy,2 30 MPH,3 T/Stag Jun,9 Unknown (S/R),Unclassified,0,9 Unknown (S/R),2 Dark,1 Fine,1 Road-Dry,0 None,0 None,525170,183940,-0.196483,51.540491,,,Unknown,"(51.540491, -0.196483)",http://opendatacommunities.org/id/london-borough-council/camden,8043,21/12/2020 02:48:42 PM
1190195283,CAMDEN,1 DRIVER/RIDER,2 FEMALE,25-59,30,6,3 SLIGHT,'-2 NOT APPLICABLE,'-2 NOT APPLICABLE,4 CAR,"On Finchley Road, 300 metres south of the junction with Alvanley Gardens.. The nearest classified road was the B1",2,22/07/2019 11:36:00 PM,Monday,23.36,1 TLRN,A,41,3 DUAL CWY,40,00 NO JUN IN 20M,,0,0,8 CENTRAL REFUGE,1 DARK,1 FINE,1 ROAD-DRY,0 NONE,0 NONE,525814,185288,-0.18672,51.552463,,,Unknown,"(51.552463, -0.18672)",http://opendatacommunities.org/id/london-borough-council/camden,9212,21/12/2020 02:48:44 PM
0116EK40247,CAMDEN,3 Pedestrian,2 Female,16-24,18,1,3 Slight,05 Crossing Road (Not On Xing),4 From Drivers O/Side Msk,1 Pedestrian,FINCHLEY ROAD 60M NORTH WEST J/W LITHOS ROAD,1,02/01/2016 03:00:00 PM,Saturday,15.00,1 TLRN,A,41,6 Single Cwy,2 30 MPH,0 No Jun In 20m,-2 Not Applicable,-2 Not Applicable,0,8 Central Refuge,1 Daylight,2 Raining,2 Road-Wet,0 None,0 None,526090,185050,-0.182827,51.550262,,,Unknown,"(51.550262, -0.182827)",http://opendatacommunities.org/id/london-borough-council/camden,6185,21/12/2020 02:48:38 PM
0115EK41161,CAMDEN,1 Driver/Rider,1 Male,16-24,21,1,3 Slight,-2 Unknown,-2 N/A,3 Powered 2 Wheeler,HAMPSTEAD HIGH STREET J/W GREENHILL.,2,28/12/2015 11:25:00 AM,Monday,11.25,3 Bor,A,502,6 Single Cwy,2 30 MPH,6 Crossroads,4 Give Way/Uncontrolled,Unclassified,0,0 No Xing Facility In 50m,1 Daylight,1 Fine,1 Road-Dry,0 None,0 None,526530,185650,-0.176268,51.555556,,,Unknown,"(51.555556, -0.176268)",http://opendatacommunities.org/id/london-borough-council/camden,5561,21/12/2020 02:48:37 PM
0115EK40631,CAMDEN,1 Driver/Rider,1 Male,25-59,52,1,3 Slight,-2 Unknown,-2 N/A,2 Pedal Cycle,PROCTER STREET J/W FISHER STREET.,2,28/07/2015 08:20:00 AM,Tuesday,8.20,3 Bor,A,40,2 One-Way St,2 30 MPH,6 Crossroads,4 Give Way/Uncontrolled,Unclassified,0,0 No Xing Facility In 50m,1 Daylight,1 Fine,1 Road-Dry,0 None,0 None,530570,181660,-0.119506,51.518779,,,Unknown,"(51.518779, -0.119506)",http://opendatacommunities.org/id/london-borough-council/camden,5111,21/12/2020 02:48:36 PM
1180127265,CAMDEN,3 Pedestrian,1 Male,25-59,46,1,3 Slight,01 Crossing Road On Ped Xing,1 From Drivers N/Side,1 Pedestrian,HIGH HOLBORN J/W A40,1,15/08/2018 06:00:00 PM,Wednesday,18.00,3 Bor,A,40,6 Single Cwy,2 30 MPH,3 T/Stag Jun,2 Auto Sig,A,40,5 Pedn Phase At Ats,1 Daylight,1 Fine,1 Road-Dry,0 None,0 None,530610,181540,-0.118974,51.517692,,,Unknown,"(51.517692, -0.118974)",http://opendatacommunities.org/id/london-borough-council/camden,8253,21/12/2020 02:48:42 PM
1170073304,CAMDEN,3 Pedestrian,2 Female,Unknown,0,1,3 Slight,10 Unknown,9 Unknown Or Other,1 Pedestrian,RUSSELL COURT 21M N OF J/W WOBURN PLACE,2,26/11/2017 07:25:00 PM,Sunday,19.25,3 Bor,A,4200,6 Single Cwy,1 <= 20 MPH,0 No Jun In 20m,-2 Not Applicable,-2 Not Applicable,0,9 Unknown (S/R),2 Dark,9 Unknown,1 Road-Dry,9 Unknown (S/R),0 None,530130,182140,-0.125667,51.523195,,,Unknown,"(51.523195, -0.125667)",http://opendatacommunities.org/id/london-borough-council/camden,7555,21/12/2020 02:48:41 PM
0115EK40934,CAMDEN,1 Driver/Rider,1 Male,25-59,51,1,3 Slight,-2 Unknown,-2 N/A,3 Powered 2 Wheeler,TAVISTOCK SQUARE J/W TAVISTOCK PLACE.,2,21/10/2015 04:15:00 PM,Wednesday,16.15,3 Bor,A,4200,6 Single Cwy,1 <= 20 MPH,6 Crossroads,2 Auto Sig,C,0,5 Pedn Phase At Ats,1 Daylight,2 Raining,2 Road-Wet,0 None,0 None,529960,182310,-0.128053,51.524761,,,Unknown,"(51.524761, -0.128053)",http://opendatacommunities.org/id/london-borough-council/camden,5364,21/12/2020 02:48:37 PM
1190168762,CAMDEN,3 PEDESTRIAN,2 FEMALE,25-59,35,2,3 SLIGHT,01 CROSSING ROAD ON PED XING,'-2 NOT APPLICABLE,1 PEDESTRIAN,"On Kentish Town Road, near the junction with Islip road.",1,13/03/2019 09:00:00 AM,Wednesday,9.00,3 BOR,A,400,6 SINGLE CWY,20,03 T/STAG JUN,4 GIVE WAY/UNCONTROLLED,6,0,4 PELICAN OR SIMILAR,2 DAYLIGHT,1 FINE,1 ROAD-DRY,0 NONE,0 NONE,529011,185076,-0.140712,51.549837,,,Unknown,"(51.549837, -0.140712)",http://opendatacommunities.org/id/london-borough-council/camden,8841,21/12/2020 02:48:43 PM
0116EK40465,CAMDEN,1 Driver/Rider,1 Male,16-24,23,1,3 Slight,-2 Unknown,-2 N/A,2 Pedal Cycle,HAMPSTEAD ROAD J/W ROBERT STREET.,2,29/06/2016 09:10:00 PM,Wednesday,21.10,1 TLRN,A,400,6 Single Cwy,2 30 MPH,3 T/Stag Jun,4 Give Way/Uncontrolled,Unclassified,0,4 Pelican Or Similar,2 Dark,1 Fine,1 Road-Dry,0 None,0 None,529210,182710,-0.138711,51.528528,,,Unknown,"(51.528528, -0.138711)",http://opendatacommunities.org/id/london-borough-council/camden,6374,21/12/2020 02:48:38 PM
1180101858,CAMDEN,1 Driver/Rider,1 Male,60+,64,1,3 Slight,-2 Unknown,-2 N/A,4 Car,PLENDER STREET J/W BAYHAM STREET,2,11/04/2018 12:01:00 AM,Wednesday,0.01,3 Bor,Unclassified,0,2 One-Way St,1 <= 20 MPH,6 Crossroads,4 Give Way/Uncontrolled,C,0,1 Zebra,2 Dark,2 Raining,2 Road-Wet,0 None,0 None,529190,183560,-0.138688,51.536172,,,Unknown,"(51.536172, -0.138688)",http://opendatacommunities.org/id/london-borough-council/camden,7886,21/12/2020 02:48:41 PM
1190189764,CAMDEN,2 PASSENGER,2 FEMALE,0-15,2,1,3 SLIGHT,'-2 NOT APPLICABLE,'-2 NOT APPLICABLE,6 BUS OR COACH,"On Finchley Road, 23 metres north of the junction with Lithos Road.",1,26/06/2019 07:10:00 PM,Wednesday,19.10,1 TLRN,A,41,3 DUAL CWY,30,00 NO JUN IN 20M,,0,0,5 PEDN PHASE AT ATS,2 DAYLIGHT,1 FINE,1 ROAD-DRY,0 NONE,0 NONE,526121,185036,-0.182385,51.55013,,,Unknown,"(51.55013, -0.182385)",http://opendatacommunities.org/id/london-borough-council/camden,9131,21/12/2020 02:48:44 PM
0115EK41072,CAMDEN,1 Driver/Rider,1 Male,25-59,34,1,3 Slight,-2 Unknown,-2 N/A,2 Pedal Cycle,KINGSWAY J/W REMNANT STREET,2,05/11/2015 06:04:00 PM,Thursday,18.04,3 Bor,A,4200,3 Dual Cwy,2 30 MPH,6 Crossroads,2 Auto Sig,A,4200,5 Pedn Phase At Ats,2 Dark,4 Fine/High Winds,2 Road-Wet,0 None,0 None,530570,181390,-0.119606,51.516353,,,Unknown,"(51.516353, -0.119606)",http://opendatacommunities.org/id/london-borough-council/camden,5481,21/12/2020 02:48:37 PM
1190166368,CAMDEN,1 DRIVER/RIDER,1 MALE,25-59,27,1,3 SLIGHT,'-2 NOT APPLICABLE,'-2 NOT APPLICABLE,3 POWERED 2 WHEELER,"On Euston Road, near the junction with Euston Square.",1,01/03/2019 01:20:00 PM,Friday,13.20,1 TLRN,A,501,3 DUAL CWY,30,06 CROSSROADS,2 AUTO SIG,A,4200,0 NO XING FACILITY IN 50M,2 DAYLIGHT,1 FINE,1 ROAD-DRY,0 NONE,0 NONE,529749,182590,-0.13099,51.527326,,,Unknown,"(51.527326, -0.13099)",http://opendatacommunities.org/id/london-borough-council/camden,8809,21/12/2020 02:48:43 PM
1180109662,CAMDEN,1 Driver/Rider,1 Male,60+,71,1,3 Slight,-2 Unknown,-2 N/A,4 Car,AVENUE ROAD J/W ACACIA ROAD,1,22/05/2018 02:30:00 PM,Tuesday,14.30,3 Bor,B,525,3 Dual Cwy,2 30 MPH,3 T/Stag Jun,4 Give Way/Uncontrolled,C,0,0 No Xing Facility In 50m,1 Daylight,1 Fine,1 Road-Dry,0 None,0 None,527150,183700,-0.168034,51.537892,,,Unknown,"(51.537892, -0.168034)",http://opendatacommunities.org/id/london-borough-council/camden,8012,21/12/2020 02:48:42 PM
1180082783,CAMDEN,2 Passenger,1 Male,25-59,44,1,3 Slight,-2 Unknown,-2 N/A,6 Bus Or Coach,TOTTENHAM COURT ROAD 20M N OF J/W GRAFTON WAY,1,10/01/2018 03:00:00 PM,Wednesday,15.00,3 Bor,A,400,3 Dual Cwy,1 <= 20 MPH,3 T/Stag Jun,4 Give Way/Uncontrolled,Unclassified,0,4 Pelican Or Similar,1 Daylight,1 Fine,1 Road-Dry,0 None,0 None,529280,182273,-0.137863,51.524585,,,Unknown,"(51.524585, -0.137863)",http://opendatacommunities.org/id/london-borough-council/camden,7656,21/12/2020 02:48:41 PM
0115EK40436,CAMDEN,2 Passenger,1 Male,16-24,17,1,2 Serious,-2 Unknown,-2 N/A,4 Car,ABBEY ROAD J/W PRIORY ROAD,1,10/04/2015 01:50:00 PM,Friday,13.50,3 Bor,B,507,6 Single Cwy,2 30 MPH,6 Crossroads,4 Give Way/Uncontrolled,C,0,0 No Xing Facility In 50m,1 Daylight,1 Fine,1 Road-Dry,0 None,0 None,525650,184000,-0.189544,51.540924,,,Unknown,"(51.540924, -0.189544)",http://opendatacommunities.org/id/london-borough-council/camden,4929,21/12/2020 02:48:36 PM
0115EK40099,CAMDEN,1 Driver/Rider,1 Male,25-59,35,1,3 Slight,-2 Unknown,-2 N/A,5 Taxi,GORDON HOUSE ROAD J/W OAK VILLAGE,2,10/02/2015 10:35:00 AM,Tuesday,10.35,3 Bor,B,518,6 Single Cwy,2 30 MPH,3 T/Stag Jun,4 Give Way/Uncontrolled,Unclassified,0,1 Zebra,1 Daylight,1 Fine,2 Road-Wet,0 None,0 None,528260,185620,-0.151339,51.554896,,,Unknown,"(51.554896, -0.151339)",http://opendatacommunities.org/id/london-borough-council/camden,4659,21/12/2020 02:48:35 PM
0116EK40495,CAMDEN,1 Driver/Rider,2 Female,25-59,40,1,3 Slight,-2 Unknown,-2 N/A,3 Powered 2 Wheeler,CAMDEN ROAD J/W ST PANCRAS WAY,2,12/07/2016 05:48:00 PM,Tuesday,17.48,1 TLRN,A,503,6 Single Cwy,2 30 MPH,6 Crossroads,2 Auto Sig,A,5202,5 Pedn Phase At Ats,1 Daylight,2 Raining,2 Road-Wet,0 None,0 None,529250,184290,-0.137555,51.542718,,,Unknown,"(51.542718, -0.137555)",http://opendatacommunities.org/id/london-borough-council/camden,6406,21/12/2020 02:48:38 PM
0115EK41124,CAMDEN,3 Pedestrian,2 Female,0-15,8,1,3 Slight,01 Crossing Road On Ped Xing,3 From Drivers O/Side,1 Pedestrian,MANSFIELD ROAD J/W ESTELLE ROAD,1,15/12/2015 08:55:00 AM,Tuesday,8.55,3 Bor,B,518,6 Single Cwy,2 30 MPH,3 T/Stag Jun,4 Give Way/Uncontrolled,Unclassified,0,1 Zebra,1 Daylight,1 Fine,1 Road-Dry,0 None,0 None,528030,185510,-0.154695,51.55396,,,Unknown,"(51.55396, -0.154695)",http://opendatacommunities.org/id/london-borough-council/camden,5535,21/12/2020 02:48:37 PM
1180147892,CAMDEN,1 Driver/Rider,1 Male,25-59,34,1,3 Slight,-2 Unknown,-2 N/A,5 Taxi,UPPER WOBURN PLACE 87M S OF J/W A501,1,25/11/2018 02:35:00 AM,Sunday,2.35,3 Bor,A,4200,6 Single Cwy,2 30 MPH,0 No Jun In 20m,-2 Not Applicable,-2 Not Applicable,0,1 Zebra,2 Dark,1 Fine,1 Road-Dry,0 None,0 None,529810,182520,-0.130137,51.526683,,,Unknown,"(51.526683, -0.130137)",http://opendatacommunities.org/id/london-borough-council/camden,8553,21/12/2020 02:48:43 PM
0115EK40095,CAMDEN,1 Driver/Rider,1 Male,25-59,25,1,3 Slight,-2 Unknown,-2 N/A,3 Powered 2 Wheeler,IVERSON ROAD 30M NE OF J/W MAYGROVE ROAD,2,07/02/2015 08:30:00 PM,Saturday,20.30,3 Bor,B,520,6 Single Cwy,2 30 MPH,0 No Jun In 20m,-2 Not Applicable,-2 Not Applicable,0,1 Zebra,2 Dark,1 Fine,1 Road-Dry,0 None,0 None,525300,184750,-0.194321,51.547742,,,Unknown,"(51.547742, -0.194321)",http://opendatacommunities.org/id/london-borough-council/camden,4655,21/12/2020 02:48:35 PM
1180100027,CAMDEN,1 Driver/Rider,1 Male,25-59,39,1,3 Slight,-2 Unknown,-2 N/A,3 Powered 2 Wheeler,CAMDEN ROAD 55M E OF J/W BAYHAM STREET,2,05/04/2018 11:20:00 AM,Thursday,11.20,1 TLRN,A,503,6 Single Cwy,1 <= 20 MPH,0 No Jun In 20m,-2 Not Applicable,-2 Not Applicable,0,0 No Xing Facility In 50m,1 Daylight,1 Fine,1 Road-Dry,0 None,0 None,529010,183980,-0.141128,51.539987,,,Unknown,"(51.539987, -0.141128)",http://opendatacommunities.org/id/london-borough-council/camden,7867,21/12/2020 02:48:41 PM
0115EK40605,CAMDEN,3 Pedestrian,2 Female,16-24,23,1,3 Slight,05 Crossing Road (Not On Xing),3 From Drivers O/Side,1 Pedestrian,N.F.L PARKER STREET 22M SW OF NEWTON STREET,1,16/07/2015 02:30:00 PM,Thursday,14.30,3 Bor,Unclassified,0,6 Single Cwy,2 30 MPH,0 No Jun In 20m,-2 Not Applicable,-2 Not Applicable,0,0 No Xing Facility In 50m,1 Daylight,1 Fine,1 Road-Dry,0 None,0 None,530450,181350,-0.121349,51.516021,,,Unknown,"(51.516021, -0.121349)",http://opendatacommunities.org/id/london-borough-council/camden,5090,21/12/2020 02:48:36 PM
0115EK40301,CAMDEN,1 Driver/Rider,1 Male,Unknown,0,1,3 Slight,-2 Unknown,-2 N/A,2 Pedal Cycle,EUSTON ROAD J/W JUDD STREET,2,21/04/2015 07:20:00 PM,Tuesday,19.20,1 TLRN,A,501,6 Single Cwy,2 30 MPH,6 Crossroads,2 Auto Sig,B,504,5 Pedn Phase At Ats,1 Daylight,1 Fine,1 Road-Dry,0 None,0 None,530070,182790,-0.126291,51.52905,,,Unknown,"(51.52905, -0.126291)",http://opendatacommunities.org/id/london-borough-council/camden,4820,21/12/2020 02:48:36 PM
0115EK40720,CAMDEN,1 Driver/Rider,1 Male,25-59,54,1,3 Slight,-2 Unknown,-2 N/A,2 Pedal Cycle,OSSULSTON STREET 25M NW OF EUSTON ROAD,2,31/07/2015 06:30:00 PM,Friday,18.30,3 Bor,C,0,6 Single Cwy,2 30 MPH,0 No Jun In 20m,-2 Not Applicable,-2 Not Applicable,0,0 No Xing Facility In 50m,1 Daylight,1 Fine,1 Road-Dry,0 None,0 None,529970,182760,-0.127743,51.528803,,,Unknown,"(51.528803, -0.127743)",http://opendatacommunities.org/id/london-borough-council/camden,5191,21/12/2020 02:48:37 PM
1180139734,CAMDEN,3 Pedestrian,1 Male,25-59,36,1,3 Slight,05 Crossing Road (Not On Xing),1 From Drivers N/Side,1 Pedestrian,ALBANY STREET J/W LONGFORD STREET,1,17/10/2018 02:10:00 PM,Wednesday,14.10,3 Bor,A,4201,6 Single Cwy,2 30 MPH,3 T/Stag Jun,4 Give Way/Uncontrolled,Unclassified,0,0 No Xing Facility In 50m,1 Daylight,1 Fine,1 Road-Dry,0 None,0 None,528840,182380,-0.144163,51.525647,,,Unknown,"(51.525647, -0.144163)",http://opendatacommunities.org/id/london-borough-council/camden,8440,21/12/2020 02:48:43 PM
1170041740,CAMDEN,1 Driver/Rider,1 Male,16-24,24,1,3 Slight,-2 Unknown,-2 N/A,3 Powered 2 Wheeler,PRIMROSE HILL ROAD J/W OPPIDANS ROAD,2,06/06/2017 08:45:00 PM,Tuesday,20.45,3 Bor,C,0,6 Single Cwy,1 <= 20 MPH,3 T/Stag Jun,4 Give Way/Uncontrolled,Unclassified,0,0 No Xing Facility In 50m,2 Dark,1 Fine,1 Road-Dry,0 None,0 None,527590,184100,-0.161549,51.541388,,,Unknown,"(51.541388, -0.161549)",http://opendatacommunities.org/id/london-borough-council/camden,7022,21/12/2020 02:48:39 PM
1160005658,CAMDEN,3 Pedestrian,1 Male,25-59,37,1,3 Slight,01 Crossing Road On Ped Xing,3 From Drivers O/Side,1 Pedestrian,SPANIARDS ROAD 40M S OF J/W COLUMBAS DRIVE,1,07/12/2016 05:40:00 PM,Wednesday,17.40,3 Bor,B,519,6 Single Cwy,1 <= 20 MPH,0 No Jun In 20m,-2 Not Applicable,-2 Not Applicable,0,1 Zebra,2 Dark,1 Fine,1 Road-Dry,0 None,0 None,526440,186800,-0.177153,51.565911,,,Unknown,"(51.565911, -0.177153)",http://opendatacommunities.org/id/london-borough-council/camden,5746,21/12/2020 02:48:37 PM