Reference,London Borough Name,Casualty Class,Casualty Sex,Casualty Age Band,Casualty Age,Number Of Casualties,Casualty Severity,Pedestrian Location,Pedestrian Movement,Mode Of Travel,Attendant Location,Number Of Vehicles,Date,Day,Time,Highway,Road Class 1,Road Number 1,Road Type,Speed Limit,Junction Detail,Junction Control,Road Class 2,Road Number 2,Pedestrian Crossing,Light Condition Band,Weather,Road Surface,Special Conditions,Carriage Way Hazard,Easting,Northing,Longitude,Latitude,Ward Code,Ward Name,Spatial Accuracy,Location,Organisation URI,Socrata ID,Last Uploaded
0115EK40637,CAMDEN,1 Driver/Rider,1 Male,25-59,46,1,3 Slight,-2 Unknown,-2 N/A,5 Taxi,CAMLEY STREET 217M NW OF GOODS WAY,2,16/07/2015 10:37:00 AM,Thursday,10.37,3 Bor,Unclassified,0,6 Single Cwy,2 30 MPH,8 Priv Drive,4 Give Way/Uncontrolled,Unclassified,0,0 No Xing Facility In 50m,1 Daylight,1 Fine,1 Road-Dry,0 None,0 None,529910,183500,-0.128335,51.535467,,,Unknown,"(51.535467, -0.128335)",http://opendatacommunities.org/id/london-borough-council/camden,5116,21/12/2020 02:48:36 PM
1170038524,CAMDEN,1 Driver/Rider,2 Female,25-59,53,1,3 Slight,-2 Unknown,-2 N/A,3 Powered 2 Wheeler,FITZJOHN'S AVENUE 15M N OF J/W NUTLEY TERRACE,2,19/05/2017 08:05:00 AM,Friday,8.05,3 Bor,B,511,6 Single Cwy,1 <= 20 MPH,3 T/Stag Jun,4 Give Way/Uncontrolled,Unclassified,0,0 No Xing Facility In 50m,1 Daylight,1 Fine,2 Road-Wet,0 None,0 None,526570,185000,-0.175925,51.549706,,,Unknown,"(51.549706, -0.175925)",http://opendatacommunities.org/id/london-borough-council/camden,6983,21/12/2020 02:48:39 PM
0115EK40177,CAMDEN,1 Driver/Rider,1 Male,25-59,46,1,3 Slight,-2 Unknown,-2 N/A,3 Powered 2 Wheeler,NFL- HIGH HOLBORN 38M NE OF J/W DRURY LANE,1,27/02/2015 08:00:00 AM,Friday,8.00,3 Bor,A,40,6 Single Cwy,2 30 MPH,0 No Jun In 20m,-2 Not Applicable,-2 Not Applicable,0,5 Pedn Phase At Ats,1 Daylight,1 Fine,1 Road-Dry,0 None,0 None,530260,181390,-0.124071,51.516425,,,Unknown,"(51.516425, -0.124071)",http://opendatacommunities.org/id/london-borough-council/camden,4716,21/12/2020 02:48:36 PM
0116EO40140,CAMDEN,2 Passenger,2 Female,25-59,32,1,3 Slight,-2 Unknown,-2 N/A,4 Car,GREVILLE STREET J/W FARRINGDON ROAD,2,27/02/2016 08:38:00 AM,Saturday,8.38,1 TLRN,Unclassified,0,6 Single Cwy,2 30 MPH,6 Crossroads,2 Auto Sig,A,201,5 Pedn Phase At Ats,1 Daylight,1 Fine,1 Road-Dry,0 None,0 None,531520,181790,-0.105773,51.519728,,,Unknown,"(51.519728, -0.105773)",http://opendatacommunities.org/id/london-borough-council/camden,6522,21/12/2020 02:48:39 PM
1170072846,CAMDEN,2 Passenger,1 Male,25-59,39,1,3 Slight,-2 Unknown,-2 N/A,6 Bus Or Coach,HAWLEY CRESCENT J/W KENTISH TOWN ROAD,1,26/11/2017 03:21:00 AM,Sunday,3.21,3 Bor,Unclassified,0,3 Dual Cwy,1 <= 20 MPH,6 Crossroads,2 Auto Sig,A,400,5 Pedn Phase At Ats,2 Dark,1 Fine,1 Road-Dry,0 None,0 None,528930,184090,-0.14224,51.540994,,,Unknown,"(51.540994, -0.14224)",http://opendatacommunities.org/id/london-borough-council/camden,7549,21/12/2020 02:48:41 PM
1170069096,CAMDEN,1 Driver/Rider,2 Female,25-59,26,1,3 Slight,-2 Unknown,-2 N/A,2 Pedal Cycle,WOBURN PLACE 55M W OF J/W TAVISTOCK PLACE,2,06/11/2017 09:35:00 AM,Monday,9.35,3 Bor,A,4200,6 Single Cwy,2 30 MPH,0 No Jun In 20m,-2 Not Applicable,-2 Not Applicable,0,9 Unknown (S/R),1 Daylight,1 Fine,9 Unknown (S/R),9 Unknown (S/R),9 Unknown (S/R),530007,182258,-0.127395,51.524283,,,Unknown,"(51.524283, -0.127395)",http://opendatacommunities.org/id/london-borough-council/camden,7498,21/12/2020 02:48:41 PM
0116EK40445,CAMDEN,3 Pedestrian,2 Female,Unknown,0,1,3 Slight,01 Crossing Road On Ped Xing,1 From Drivers N/Side,1 Pedestrian,HIGH HOLBORN J/W KINGSWAY.,1,23/06/2016 02:00:00 PM,Thursday,14.00,3 Bor,A,40,2 One-Way St,2 30 MPH,6 Crossroads,2 Auto Sig,A,4200,5 Pedn Phase At Ats,1 Daylight,2 Raining,2 Road-Wet,0 None,0 None,530520,181530,-0.120274,51.517623,,,Unknown,"(51.517623, -0.120274)",http://opendatacommunities.org/id/london-borough-council/camden,6356,21/12/2020 02:48:38 PM
1180124705,CAMDEN,3 Pedestrian,2 Female,25-59,27,1,2 Serious,01 Crossing Road On Ped Xing,3 From Drivers O/Side,1 Pedestrian,OXFORD STREET J/W TOTTENHAM COURT ROAD,1,02/08/2018 09:00:00 AM,Thursday,9.00,3 Bor,A,40,6 Single Cwy,2 30 MPH,6 Crossroads,2 Auto Sig,A,400,1 Zebra,1 Daylight,1 Fine,1 Road-Dry,0 None,0 None,529810,181370,-0.13056,51.516348,,,Unknown,"(51.516348, -0.13056)",http://opendatacommunities.org/id/london-borough-council/camden,8219,21/12/2020 02:48:42 PM
1170025837,CAMDEN,3 Pedestrian,1 Male,25-59,31,1,2 Serious,09 In Road - Not Crossing,9 Unknown Or Other,1 Pedestrian,EUSTON ROAD J/W EUSTON SQUARE,1,17/03/2017 03:38:00 AM,Friday,3.38,1 TLRN,A,501,3 Dual Cwy,2 30 MPH,6 Crossroads,2 Auto Sig,C,0,5 Pedn Phase At Ats,2 Dark,1 Fine,1 Road-Dry,0 None,0 None,529560,182470,-0.133757,51.526291,,,Unknown,"(51.526291, -0.133757)",http://opendatacommunities.org/id/london-borough-council/camden,6788,21/12/2020 02:48:39 PM
1180140658,CAMDEN,3 Pedestrian,1 Male,0-15,5,1,2 Serious,04 Crossing Road Within 50m Xing,1 From Drivers N/Side,1 Pedestrian,PARK VILLAGE EAST J/W PARKWAY,1,22/10/2018 04:52:00 PM,Monday,16.52,3 Bor,A,5205,6 Single Cwy,1 <= 20 MPH,6 Crossroads,2 Auto Sig,A,4201,4 Pelican Or Similar,1 Daylight,1 Fine,1 Road-Dry,0 None,0 None,528620,183520,-0.146916,51.535942,,,Unknown,"(51.535942, -0.146916)",http://opendatacommunities.org/id/london-borough-council/camden,8457,21/12/2020 02:48:43 PM
0116EK40069,CAMDEN,1 Driver/Rider,1 Male,25-59,27,1,3 Slight,-2 Unknown,-2 N/A,3 Powered 2 Wheeler,THEOBALD'S ROAD J/W LAMB'S CONDUIT STREET.,1,11/02/2016 12:20:00 PM,Thursday,12.20,3 Bor,A,401,6 Single Cwy,2 30 MPH,6 Crossroads,2 Auto Sig,C,0,5 Pedn Phase At Ats,1 Daylight,1 Fine,1 Road-Dry,0 None,6 Ped In Cwy (Not Inj),530700,181840,-0.117567,51.520367,,,Unknown,"(51.520367, -0.117567)",http://opendatacommunities.org/id/london-borough-council/camden,6033,21/12/2020 02:48:38 PM
1170028074,CAMDEN,1 Driver/Rider,1 Male,16-24,24,1,3 Slight,-2 Unknown,-2 N/A,3 Powered 2 Wheeler,FINCHLEY ROAD J/W SWISS COTTAGE NW3,2,25/03/2017 11:40:00 PM,Saturday,23.40,1 TLRN,A,41,6 Single Cwy,2 30 MPH,6 Crossroads,4 Give Way/Uncontrolled,A,41,0 No Xing Facility In 50m,2 Dark,1 Fine,1 Road-Dry,0 None,0 None,526652,184314,-0.17499,51.543522,,,Unknown,"(51.543522, -0.17499)",http://opendatacommunities.org/id/london-borough-council/camden,6819,21/12/2020 02:48:39 PM
1190238481,CAMDEN,1 DRIVER/RIDER,1 MALE,25-59,27,1,3 SLIGHT,'-2 NOT APPLICABLE,'-2 NOT APPLICABLE,2 PEDAL CYCLE,"Pentonville Road, near the junction with Calendonian Road",3,18/06/2019 09:00:00 AM,Tuesday,9.00,1 TLRN,A,501,6 SINGLE CWY,30,06 CROSSROADS,2 AUTO SIG,A,501,1 ZEBRA,2 DAYLIGHT,1 FINE,1 ROAD-DRY,0 NONE,0 NONE,530461,183011,-0.120576,51.530946,,,Unknown,"(51.530946, -0.120576)",http://opendatacommunities.org/id/london-borough-council/camden,9668,21/12/2020 02:48:45 PM
0115QK50138,CAMDEN,3 Pedestrian,2 Female,16-24,24,1,3 Slight,04 Crossing Road Within 50m Xing,2 From Drivers N/Side Msk,1 Pedestrian,"KILBURN HIGH ROAD, 43M SE OF J/W QUEX ROAD",1,16/02/2015 10:20:00 AM,Monday,10.20,3 Bor,A,5,6 Single Cwy,2 30 MPH,0 No Jun In 20m,-2 Not Applicable,-2 Not Applicable,0,5 Pedn Phase At Ats,1 Daylight,9 Unknown,1 Road-Dry,0 None,0 None,525260,183820,-0.195229,51.539393,,,Unknown,"(51.539393, -0.195229)",http://opendatacommunities.org/id/london-borough-council/camden,5614,21/12/2020 02:48:37 PM
1180119094,CAMDEN,1 Driver/Rider,1 Male,16-24,23,1,2 Serious,-2 Unknown,-2 N/A,3 Powered 2 Wheeler,EUSTON ROAD J/W MABLEDON PLACE,1,05/07/2018 03:45:00 PM,Thursday,15.45,1 TLRN,A,501,2 One-Way St,1 <= 20 MPH,9 Other Jun,2 Auto Sig,Unclassified,0,5 Pedn Phase At Ats,1 Daylight,1 Fine,1 Road-Dry,0 None,0 None,529960,182710,-0.127906,51.528356,,,Unknown,"(51.528356, -0.127906)",http://opendatacommunities.org/id/london-borough-council/camden,8149,21/12/2020 02:48:42 PM
1190221511,CAMDEN,3 PEDESTRIAN,1 MALE,60+,65,1,3 SLIGHT,05 CROSSING ROAD (NOT ON XING),'-2 NOT APPLICABLE,1 PEDESTRIAN,"On TOTTENHAM COURT ROAD, near the junction with EUSTON ROAD.",1,29/11/2019 12:03:00 AM,Friday,0.03,1 TLRN,A,400,6 SINGLE CWY,30,06 CROSSROADS,1 AUTH PERSON,A,501,1 ZEBRA,1 DARK,2 RAINING,2 ROAD-WET,0 NONE,0 NONE,529258,182312,-0.138166,51.52494,,,Unknown,"(51.52494, -0.138166)",http://opendatacommunities.org/id/london-borough-council/camden,9559,21/12/2020 02:48:45 PM
1180087539,CAMDEN,3 Pedestrian,1 Male,25-59,55,1,3 Slight,10 Unknown,9 Unknown Or Other,1 Pedestrian,KILBURN HIGH ROAD 20M N OF J/W PRIORY PARK ROAD,1,02/02/2018 09:48:00 PM,Friday,21.48,3 Bor,A,5,3 Dual Cwy,2 30 MPH,9 Other Jun,2 Auto Sig,Unclassified,0,5 Pedn Phase At Ats,2 Dark,1 Fine,1 Road-Dry,1 Traf Sig Out,1 Vehicle Load In Cwy,525160,183960,-0.19662,51.540673,,,Unknown,"(51.540673, -0.19662)",http://opendatacommunities.org/id/london-borough-council/camden,7716,21/12/2020 02:48:41 PM
1180137500,CAMDEN,2 Passenger,2 Female,16-24,23,1,2 Serious,-2 Unknown,-2 N/A,4 Car,CAMDEN ROAD J/W ROYAL COLLEGE STREET,2,07/10/2018 07:28:00 PM,Sunday,19.28,1 TLRN,A,503,6 Single Cwy,1 <= 20 MPH,6 Crossroads,2 Auto Sig,A,5202,5 Pedn Phase At Ats,2 Dark,1 Fine,1 Road-Dry,0 None,0 None,529190,184180,-0.13846,51.541743,,,Unknown,"(51.541743, -0.13846)",http://opendatacommunities.org/id/london-borough-council/camden,8397,21/12/2020 02:48:42 PM
1190219732,CAMDEN,1 DRIVER/RIDER,1 MALE,25-59,28,1,2 SERIOUS,'-2 NOT APPLICABLE,5 IN RD NOT CROSSING,2 PEDAL CYCLE,"On College Crescent, near the junction with FINCHLEY ROAD.",2,20/11/2019 10:58:00 PM,Wednesday,22.58,1 TLRN,B,511,3 DUAL CWY,30,07 MULTI JUN,2 AUTO SIG,A,41,5 PEDN PHASE AT ATS,1 DARK,1 FINE,1 ROAD-DRY,4 ROADWORKS,0 NONE,526647,184343,-0.175052,51.543784,,,Unknown,"(51.543784, -0.175052)",http://opendatacommunities.org/id/london-borough-council/camden,9535,21/12/2020 02:48:44 PM
0115EK40758,CAMDEN,3 Pedestrian,2 Female,16-24,20,1,3 Slight,01 Crossing Road On Ped Xing,3 From Drivers O/Side,1 Pedestrian,YORK WAY J/W TILEYARD ROAD,1,31/08/2015 12:37:00 AM,Monday,0.37,3 Bor,A,5200,6 Single Cwy,2 30 MPH,3 T/Stag Jun,4 Give Way/Uncontrolled,Unclassified,0,1 Zebra,2 Dark,2 Raining,2 Road-Wet,0 None,0 None,530060,184290,-0.125881,51.542532,,,Unknown,"(51.542532, -0.125881)",http://opendatacommunities.org/id/london-borough-council/camden,5221,21/12/2020 02:48:37 PM
1160024854,CAMDEN,3 Pedestrian,2 Female,25-59,34,1,3 Slight,01 Crossing Road On Ped Xing,1 From Drivers N/Side,1 Pedestrian,LEIGHTON ROAD J/W LEIGHTON GROVE,1,29/10/2016 11:35:00 AM,Saturday,11.35,3 Bor,C,0,6 Single Cwy,2 30 MPH,3 T/Stag Jun,4 Give Way/Uncontrolled,Unclassified,0,1 Zebra,1 Daylight,1 Fine,1 Road-Dry,0 None,0 None,529360,185190,-0.135639,51.550781,,,Unknown,"(51.550781, -0.135639)",http://opendatacommunities.org/id/london-borough-council/camden,5938,21/12/2020 02:48:38 PM
0115EK41016,CAMDEN,1 Driver/Rider,1 Male,25-59,34,1,3 Slight,-2 Unknown,-2 N/A,2 Pedal Cycle,ETON ROAD J/W HAVERSTOCK HILL.,2,16/11/2015 09:50:00 PM,Monday,21.50,3 Bor,Unclassified,0,6 Single Cwy,2 30 MPH,3 T/Stag Jun,4 Give Way/Uncontrolled,A,502,0 No Xing Facility In 50m,2 Dark,1 Fine,1 Road-Dry,0 None,0 None,527900,184630,-0.156888,51.546081,,,Unknown,"(51.546081, -0.156888)",http://opendatacommunities.org/id/london-borough-council/camden,5438,21/12/2020 02:48:37 PM
0115EK41165,CAMDEN,1 Driver/Rider,1 Male,16-24,22,1,3 Slight,-2 Unknown,-2 N/A,3 Powered 2 Wheeler,MANSFIELD ROAD J/W OAK VILLAGE,2,26/12/2015 12:41:00 AM,Saturday,0.41,3 Bor,B,518,6 Single Cwy,2 30 MPH,3 T/Stag Jun,4 Give Way/Uncontrolled,C,0,0 No Xing Facility In 50m,2 Dark,1 Fine,1 Road-Dry,0 None,0 None,528220,185600,-0.151923,51.554726,,,Unknown,"(51.554726, -0.151923)",http://opendatacommunities.org/id/london-borough-council/camden,5565,21/12/2020 02:48:37 PM
1180129723,CAMDEN,1 Driver/Rider,1 Male,16-24,23,1,3 Slight,-2 Unknown,-2 N/A,3 Powered 2 Wheeler,KENTISH TOWN ROAD J/W ISLIP STREET,4,30/08/2018 03:59:00 PM,Thursday,15.59,3 Bor,A,400,2 One-Way St,1 <= 20 MPH,3 T/Stag Jun,4 Give Way/Uncontrolled,Unclassified,0,0 No Xing Facility In 50m,1 Daylight,1 Fine,1 Road-Dry,0 None,0 None,529010,185050,-0.140736,51.549603,,,Unknown,"(51.549603, -0.140736)",http://opendatacommunities.org/id/london-borough-council/camden,8289,21/12/2020 02:48:42 PM
0115EK40381,CAMDEN,3 Pedestrian,2 Female,25-59,48,1,3 Slight,01 Crossing Road On Ped Xing,3 From Drivers O/Side,1 Pedestrian,AVENUE ROAD 96M SE OF J/W ACACIA ROAD,1,12/05/2015 08:52:00 AM,Tuesday,8.52,3 Bor,B,525,6 Single Cwy,2 30 MPH,0 No Jun In 20m,-2 Not Applicable,-2 Not Applicable,0,4 Pelican Or Similar,1 Daylight,1 Fine,1 Road-Dry,0 None,0 None,527210,183630,-0.167195,51.53725,,,Unknown,"(51.53725, -0.167195)",http://opendatacommunities.org/id/london-borough-council/camden,4883,21/12/2020 02:48:36 PM
1170073628,CAMDEN,1 Driver/Rider,1 Male,25-59,37,1,3 Slight,-2 Unknown,-2 N/A,3 Powered 2 Wheeler,CAMDEN ROAD J/W TORRIANO AVENUE,2,29/11/2017 09:30:00 AM,Wednesday,9.30,1 TLRN,A,503,3 Dual Cwy,2 30 MPH,6 Crossroads,2 Auto Sig,A,5200,0 No Xing Facility In 50m,1 Daylight,1 Fine,1 Road-Dry,0 None,0 None,529710,184880,-0.130708,51.547915,,,Unknown,"(51.547915, -0.130708)",http://opendatacommunities.org/id/london-borough-council/camden,7564,21/12/2020 02:48:41 PM
0115EK40910,CAMDEN,1 Driver/Rider,2 Female,25-59,31,1,3 Slight,-2 Unknown,-2 N/A,2 Pedal Cycle,PRINCE OF WALES ROAD J/W GRAFTON ROAD.,2,13/10/2015 10:55:00 PM,Tuesday,22.55,3 Bor,C,0,6 Single Cwy,2 30 MPH,3 T/Stag Jun,4 Give Way/Uncontrolled,C,0,5 Pedn Phase At Ats,2 Dark,1 Fine,1 Road-Dry,0 None,0 None,528760,184710,-0.144464,51.546605,,,Unknown,"(51.546605, -0.144464)",http://opendatacommunities.org/id/london-borough-council/camden,5348,21/12/2020 02:48:37 PM
1190159969,CAMDEN,1 DRIVER/RIDER,2 FEMALE,25-59,53,1,3 SLIGHT,'-2 NOT APPLICABLE,'-2 NOT APPLICABLE,2 PEDAL CYCLE,"On Parkway, 3 metres east of the junction with Gloucester Road.",2,28/01/2019 09:00:00 AM,Monday,9.00,3 BOR,A,4201,6 SINGLE CWY,20,06 CROSSROADS,2 AUTO SIG,A,4201,4 PELICAN OR SIMILAR,2 DAYLIGHT,1 FINE,1 ROAD-DRY,0 NONE,0 NONE,528654,183590,-0.146401,51.536563,,,Unknown,"(51.536563, -0.146401)",http://opendatacommunities.org/id/london-borough-council/camden,8733,21/12/2020 02:48:43 PM
1190157315,CAMDEN,3 PEDESTRIAN,1 MALE,25-59,37,1,3 SLIGHT,08 IN CENTRE OF CARRIAGEWAY,3 FROM DRIVERS O/SIDE,1 PEDESTRIAN,"On Euston Road, near the junction with Euston Square.",1,13/01/2019 05:46:00 PM,Sunday,17.46,1 TLRN,A,501,3 DUAL CWY,30,06 CROSSROADS,2 AUTO SIG,A,4200,5 PEDN PHASE AT ATS,1 DARK,1 FINE,2 ROAD-WET,0 NONE,0 NONE,529774,182558,-0.130641,51.527033,,,Unknown,"(51.527033, -0.130641)",http://opendatacommunities.org/id/london-borough-council/camden,8689,21/12/2020 02:48:43 PM
1180148271,CAMDEN,1 Driver/Rider,1 Male,25-59,31,1,3 Slight,-2 Unknown,-2 N/A,2 Pedal Cycle,SHAFTESBURY AVENUE 30M N OF J/W MERCER  STREET,2,26/11/2018 02:55:00 PM,Monday,14.55,3 Bor,A,401,6 Single Cwy,1 <= 20 MPH,0 No Jun In 20m,-2 Not Applicable,-2 Not Applicable,0,1 Zebra,1 Daylight,1 Fine,1 Road-Dry,0 None,0 None,530020,181170,-0.127609,51.514503,,,Unknown,"(51.514503, -0.127609)",http://opendatacommunities.org/id/london-borough-council/camden,8564,21/12/2020 02:48:43 PM
1190195274,CAMDEN,1 DRIVER/RIDER,1 MALE,25-59,31,1,3 SLIGHT,'-2 NOT APPLICABLE,'-2 NOT APPLICABLE,4 CAR,"On Euston Road, near the junction with chartlon street.",2,22/07/2019 11:10:00 PM,Monday,23.10,1 TLRN,A,501,3 DUAL CWY,40,03 T/STAG JUN,4 GIVE WAY/UNCONTROLLED,5,0,0 NO XING FACILITY IN 50M,1 DARK,1 FINE,1 ROAD-DRY,0 NONE,0 NONE,529911,182696,-0.128617,51.528242,,,Unknown,"(51.528242, -0.128617)",http://opendatacommunities.org/id/london-borough-council/camden,9211,21/12/2020 02:48:44 PM
1180084883,CAMDEN,1 Driver/Rider,2 Female,25-59,27,1,3 Slight,-2 Unknown,-2 N/A,2 Pedal Cycle,KENTISH TOWN  ROAD J/W ISLIP STREET,2,21/01/2018 10:00:00 AM,Sunday,10.00,3 Bor,A,400,3 Dual Cwy,1 <= 20 MPH,3 T/Stag Jun,4 Give Way/Uncontrolled,Unclassified,0,0 No Xing Facility In 50m,1 Daylight,2 Raining,2 Road-Wet,4 Roadworks,0 None,529000,185050,-0.14088,51.549605,,,Unknown,"(51.549605, -0.14088)",http://opendatacommunities.org/id/london-borough-council/camden,7685,21/12/2020 02:48:41 PM
1170048624,CAMDEN,3 Pedestrian,1 Male,60+,65,1,2 Serious,01 Crossing Road On Ped Xing,3 From Drivers O/Side,1 Pedestrian,EUSTON ROAD 10M N OF J/W OSSULSTON STREET,1,16/07/2017 10:52:00 AM,Sunday,10.52,1 TLRN,A,501,3 Dual Cwy,2 30 MPH,3 T/Stag Jun,4 Give Way/Uncontrolled,C,0,4 Pelican Or Similar,1 Daylight,1 Fine,1 Road-Dry,0 None,0 None,530000,182740,-0.127318,51.528617,,,Unknown,"(51.528617, -0.127318)",http://opendatacommunities.org/id/london-borough-council/camden,7155,21/12/2020 02:48:40 PM
1190158388,CAMDEN,1 DRIVER/RIDER,1 MALE,25-59,45,1,3 SLIGHT,'-2 NOT APPLICABLE,'-2 NOT APPLICABLE,3 POWERED 2 WHEELER,NFL  Ridgmount St jw Chenies St.,2,19/01/2019 04:37:00 PM,Saturday,16.37,3 BOR,A,400,2 ONE-WAY ST,20,06 CROSSROADS,4 GIVE WAY/UNCONTROLLED,6,0,0 NO XING FACILITY IN 50M,1 DARK,1 FINE,1 ROAD-DRY,0 NONE,0 NONE,529694,181898,-0.132037,51.52112,,,Unknown,"(51.52112, -0.132037)",http://opendatacommunities.org/id/london-borough-council/camden,8706,21/12/2020 02:48:43 PM
1190190191,CAMDEN,3 PEDESTRIAN,1 MALE,25-59,33,1,2 SERIOUS,05 CROSSING ROAD (NOT ON XING),3 FROM DRIVERS O/SIDE,1 PEDESTRIAN,"On Tottenham Court Road, near the junction with BAYLEY STREET.",2,28/06/2019 03:30:00 PM,Friday,15.30,3 BOR,A,400,6 SINGLE CWY,20,09 OTHER JUN,4 GIVE WAY/UNCONTROLLED,B,506,0 NO XING FACILITY IN 50M,2 DAYLIGHT,1 FINE,1 ROAD-DRY,0 NONE,0 NONE,529685,181611,-0.132272,51.518543,,,Unknown,"(51.518543, -0.132272)",http://opendatacommunities.org/id/london-borough-council/camden,9140,21/12/2020 02:48:44 PM
0116EK40255,CAMDEN,1 Driver/Rider,1 Male,25-59,36,1,3 Slight,-2 Unknown,-2 N/A,5 Taxi,THEOBALD'S ROAD J/W RED LION STREET,2,09/01/2016 08:35:00 PM,Saturday,20.35,3 Bor,A,401,6 Single Cwy,1 <= 20 MPH,6 Crossroads,2 Auto Sig,C,0,5 Pedn Phase At Ats,2 Dark,2 Raining,2 Road-Wet,0 None,0 None,530690,181840,-0.117711,51.520369,,,Unknown,"(51.520369, -0.117711)",http://opendatacommunities.org/id/london-borough-council/camden,6193,21/12/2020 02:48:38 PM
0115EK40573,CAMDEN,1 Driver/Rider,1 Male,16-24,22,1,3 Slight,-2 Unknown,-2 N/A,3 Powered 2 Wheeler,TOTTENHAM COURT ROAD J/W GREAT RUSSELL STREET,2,10/07/2015 07:00:00 PM,Friday,19.00,3 Bor,A,400,2 One-Way St,2 30 MPH,6 Crossroads,4 Give Way/Uncontrolled,C,0,0 No Xing Facility In 50m,1 Daylight,1 Fine,1 Road-Dry,0 None,0 None,529790,181450,-0.130819,51.517072,,,Unknown,"(51.517072, -0.130819)",http://opendatacommunities.org/id/london-borough-council/camden,5063,21/12/2020 02:48:36 PM
1190186822,CAMDEN,1 DRIVER/RIDER,1 MALE,25-59,37,1,3 SLIGHT,'-2 NOT APPLICABLE,'-2 NOT APPLICABLE,3 POWERED 2 WHEELER,"On Chalk Farm Road, 25 metres north of the junction with Castle haven road .",2,11/06/2019 08:20:00 PM,Tuesday,20.20,3 BOR,A,502,6 SINGLE CWY,30,00 NO JUN IN 20M,,0,0,5 PEDN PHASE AT ATS,2 DAYLIGHT,1 FINE,1 ROAD-DRY,9 UNKNOWN (S/R),0 NONE,528690,184168,-0.145671,51.54175,,,Unknown,"(51.54175, -0.145671)",http://opendatacommunities.org/id/london-borough-council/camden,9088,21/12/2020 02:48:44 PM
1170061533,CAMDEN,3 Pedestrian,2 Female,25-59,46,1,3 Slight,01 Crossing Road On Ped Xing,3 From Drivers O/Side,1 Pedestrian,EUSTON ROAD NW1 J/W MELTON STREET NW1,1,28/09/2017 10:45:00 AM,Thursday,10.45,1 TLRN,A,501,6 Single Cwy,1 <= 20 MPH,6 Crossroads,2 Auto Sig,C,0,5 Pedn Phase At Ats,1 Daylight,1 Fine,1 Road-Dry,0 None,0 None,529560,182480,-0.133753,51.526381,,,Unknown,"(51.526381, -0.133753)",http://opendatacommunities.org/id/london-borough-council/camden,7356,21/12/2020 02:48:40 PM
0116EK40635,CAMDEN,1 Driver/Rider,1 Male,25-59,37,1,3 Slight,-2 Unknown,-2 N/A,4 Car,BEAUMONT PLACE 80M NE OF TOTTENHAM COURT ROAD,2,11/08/2016 07:00:00 PM,Thursday,19.00,3 Bor,Unclassified,0,2 One-Way St,2 30 MPH,0 No Jun In 20m,-2 Not Applicable,-2 Not Applicable,0,0 No Xing Facility In 50m,1 Daylight,1 Fine,1 Road-Dry,0 None,0 None,529350,182290,-0.136848,51.524722,,,Unknown,"(51.524722, -0.136848)",http://opendatacommunities.org/id/london-borough-council/camden,6504,21/12/2020 02:48:39 PM
1190187123,CAMDEN,1 DRIVER/RIDER,1 MALE,16-24,20,1,3 SLIGHT,'-2 NOT APPLICABLE,'-2 NOT APPLICABLE,3 POWERED 2 WHEELER,"On Camden Road, near the junction with Sandall Road.",2,14/06/2019 12:05:00 AM,Friday,0.05,1 TLRN,A,503,6 SINGLE CWY,30,07 MULTI JUN,2 AUTO SIG,6,0,4 PELICAN OR SIMILAR,1 DARK,1 FINE,1 ROAD-DRY,0 NONE,0 NONE,529520,184619,-0.133543,51.545613,,,Unknown,"(51.545613, -0.133543)",http://opendatacommunities.org/id/london-borough-council/camden,9091,21/12/2020 02:48:44 PM
1170064588,CAMDEN,1 Driver/Rider,1 Male,16-24,20,1,3 Slight,-2 Unknown,-2 N/A,3 Powered 2 Wheeler,ALEXANDRA ROAD J/W HILGROVE ROAD,2,15/10/2017 05:00:00 PM,Sunday,17.00,3 Bor,Unclassified,0,6 Single Cwy,1 <= 20 MPH,3 T/Stag Jun,4 Give Way/Uncontrolled,B,509,0 No Xing Facility In 50m,1 Daylight,1 Fine,1 Road-Dry,0 None,0 None,526544,184091,-0.176627,51.541542,,,Unknown,"(51.541542, -0.176627)",http://opendatacommunities.org/id/london-borough-council/camden,7425,21/12/2020 02:48:40 PM
1170060335,CAMDEN,1 Driver/Rider,1 Male,16-24,22,1,3 Slight,-2 Unknown,-2 N/A,2 Pedal Cycle,HAMPSTEAD ROAD J/W ROBERT STREET,2,04/09/2017 05:45:00 PM,Monday,17.45,1 TLRN,A,400,6 Single Cwy,2 30 MPH,3 T/Stag Jun,2 Auto Sig,Unclassified,0,0 No Xing Facility In 50m,1 Daylight,1 Fine,9 Unknown (S/R),0 None,0 None,529214,182710,-0.138654,51.528527,,,Unknown,"(51.528527, -0.138654)",http://opendatacommunities.org/id/london-borough-council/camden,7336,21/12/2020 02:48:40 PM
0115EK40049,CAMDEN,3 Pedestrian,2 Female,16-24,24,1,3 Slight,01 Crossing Road On Ped Xing,2 From Drivers N/Side Msk,1 Pedestrian,NFL- UPPER WOBURN PLACE J/W TAVISTOCK SQUARE,1,23/01/2015 08:42:00 PM,Friday,20.42,3 Bor,A,4200,6 Single Cwy,2 30 MPH,3 T/Stag Jun,4 Give Way/Uncontrolled,Unclassified,0,1 Zebra,2 Dark,1 Fine,1 Road-Dry,0 None,0 None,529870,182430,-0.129305,51.525861,,,Unknown,"(51.525861, -0.129305)",http://opendatacommunities.org/id/london-borough-council/camden,4616,21/12/2020 02:48:35 PM