Reference,London Borough Name,Casualty Class,Casualty Sex,Casualty Age Band,Casualty Age,Number Of Casualties,Casualty Severity,Pedestrian Location,Pedestrian Movement,Mode Of Travel,Attendant Location,Number Of Vehicles,Date,Day,Time,Highway,Road Class 1,Road Number 1,Road Type,Speed Limit,Junction Detail,Junction Control,Road Class 2,Road Number 2,Pedestrian Crossing,Light Condition Band,Weather,Road Surface,Special Conditions,Carriage Way Hazard,Easting,Northing,Longitude,Latitude,Ward Code,Ward Name,Spatial Accuracy,Location,Organisation URI,Socrata ID,Last Uploaded
1180148894,CAMDEN,1 Driver/Rider,1 Male,25-59,25,1,3 Slight,-2 Unknown,-2 N/A,3 Powered 2 Wheeler,MALDEN ROAD J/W PRINCE OF WALES ROAD,2,28/11/2018 07:07:00 PM,Wednesday,19.07,3 Bor,B,517,6 Single Cwy,2 30 MPH,6 Crossroads,2 Auto Sig,C,0,1 Zebra,2 Dark,2 Raining,2 Road-Wet,0 None,0 None,528320,184630,-0.150835,51.545986,,,Unknown,"(51.545986, -0.150835)",http://opendatacommunities.org/id/london-borough-council/camden,8572,21/12/2020 02:48:43 PM
1190164755,CAMDEN,2 PASSENGER,2 FEMALE,60+,78,1,3 SLIGHT,'-2 NOT APPLICABLE,'-2 NOT APPLICABLE,6 BUS OR COACH,"On Camden Road, near the junction with Camden Street.",1,22/02/2019 02:40:00 AM,Thursday,2.40,1 TLRN,A,503,3 DUAL CWY,20,06 CROSSROADS,2 AUTO SIG,A,400,4 PELICAN OR SIMILAR,2 DAYLIGHT,1 FINE,1 ROAD-DRY,0 NONE,0 NONE,529096,184039,-0.139867,51.540498,,,Unknown,"(51.540498, -0.139867)",http://opendatacommunities.org/id/london-borough-council/camden,8796,21/12/2020 02:48:43 PM
0115EK40252,CAMDEN,2 Passenger,1 Male,0-15,11,1,3 Slight,-2 Unknown,-2 N/A,4 Car,CAMDEN ROAD J/W ROUSDEN STREET,2,20/03/2015 08:53:00 PM,Friday,20.53,1 TLRN,A,503,6 Single Cwy,2 30 MPH,3 T/Stag Jun,4 Give Way/Uncontrolled,Unclassified,0,0 No Xing Facility In 50m,2 Dark,1 Fine,1 Road-Dry,0 None,0 None,529210,184220,-0.138157,51.542098,,,Unknown,"(51.542098, -0.138157)",http://opendatacommunities.org/id/london-borough-council/camden,4779,21/12/2020 02:48:36 PM
0116EK40028,CAMDEN,3 Pedestrian,2 Female,25-59,35,1,3 Slight,01 Crossing Road On Ped Xing,1 From Drivers N/Side,1 Pedestrian,KINGSWAY J/W HIGH HOLBORN,1,27/01/2016 08:30:00 AM,Wednesday,8.30,3 Bor,A,4200,6 Single Cwy,2 30 MPH,6 Crossroads,2 Auto Sig,A,40,5 Pedn Phase At Ats,1 Daylight,2 Raining,2 Road-Wet,0 None,0 None,530510,181510,-0.120426,51.517445,,,Unknown,"(51.517445, -0.120426)",http://opendatacommunities.org/id/london-borough-council/camden,6005,21/12/2020 02:48:38 PM
1170028233,CAMDEN,1 Driver/Rider,1 Male,25-59,27,1,3 Slight,-2 Unknown,-2 N/A,2 Pedal Cycle,HAMPSTEAD ROAD J/W ROBERT STREET,2,24/03/2017 12:55:00 PM,Friday,12.55,1 TLRN,A,400,6 Single Cwy,2 30 MPH,3 T/Stag Jun,4 Give Way/Uncontrolled,Unclassified,0,0 No Xing Facility In 50m,1 Daylight,8 Other,1 Road-Dry,0 None,0 None,529215,182712,-0.138639,51.528545,,,Unknown,"(51.528545, -0.138639)",http://opendatacommunities.org/id/london-borough-council/camden,6823,21/12/2020 02:48:39 PM
1190170311,CAMDEN,1 DRIVER/RIDER,1 MALE,25-59,31,1,3 SLIGHT,'-2 NOT APPLICABLE,'-2 NOT APPLICABLE,2 PEDAL CYCLE,"On Bloomsbury Way, 25 metres east of the junction with Bury Place.",2,20/03/2019 10:00:00 AM,Wednesday,10.00,3 BOR,A,40,2 ONE-WAY ST,30,00 NO JUN IN 20M,,0,0,9 UNKNOWN (S/R),2 DAYLIGHT,1 FINE,1 ROAD-DRY,0 NONE,0 NONE,530281,181547,-0.123711,51.517831,,,Unknown,"(51.517831, -0.123711)",http://opendatacommunities.org/id/london-borough-council/camden,8859,21/12/2020 02:48:43 PM
0115EO40681,CAMDEN,2 Passenger,1 Male,16-24,24,1,3 Slight,-2 Unknown,-2 N/A,4 Car,NFL FARRINGDON ROAD J/W GREVILLE STREET,3,20/09/2015 04:48:00 AM,Sunday,4.48,1 TLRN,A,201,6 Single Cwy,2 30 MPH,6 Crossroads,2 Auto Sig,Unclassified,0,5 Pedn Phase At Ats,2 Dark,1 Fine,1 Road-Dry,0 None,0 None,531520,181790,-0.105773,51.519728,,,Unknown,"(51.519728, -0.105773)",http://opendatacommunities.org/id/london-borough-council/camden,5597,21/12/2020 02:48:37 PM
0116EK40483,CAMDEN,1 Driver/Rider,1 Male,25-59,37,1,3 Slight,-2 Unknown,-2 N/A,3 Powered 2 Wheeler,GRAY'S INN ROAD J/W GILFORD STREET,2,10/07/2016 02:28:00 PM,Sunday,14.28,3 Bor,A,5200,6 Single Cwy,2 30 MPH,6 Crossroads,2 Auto Sig,B,502,5 Pedn Phase At Ats,1 Daylight,1 Fine,1 Road-Dry,0 None,0 None,530800,182280,-0.115963,51.524298,,,Unknown,"(51.524298, -0.115963)",http://opendatacommunities.org/id/london-borough-council/camden,6392,21/12/2020 02:48:38 PM
1170039630,CAMDEN,3 Pedestrian,2 Female,25-59,51,1,3 Slight,10 Unknown,9 Unknown Or Other,1 Pedestrian,MAYGROVE ROAD 25M W OF J/W BARLOW ROAD,2,20/05/2017 12:23:00 PM,Saturday,12.23,3 Bor,C,0,9 Unknown,2 30 MPH,0 No Jun In 20m,-2 Not Applicable,-2 Not Applicable,0,9 Unknown (S/R),1 Daylight,2 Raining,9 Unknown (S/R),9 Unknown (S/R),9 Unknown (S/R),524909,184759,-0.199954,51.54791,,,Unknown,"(51.54791, -0.199954)",http://opendatacommunities.org/id/london-borough-council/camden,6999,21/12/2020 02:48:39 PM
1190166554,CAMDEN,1 DRIVER/RIDER,1 MALE,16-24,24,1,3 SLIGHT,'-2 NOT APPLICABLE,'-2 NOT APPLICABLE,4 CAR,"On Agar Grove, 22 metres east of the junction with St Paul's Crescent.",3,03/03/2019 02:50:00 AM,Sunday,2.50,3 BOR,5,0,6 SINGLE CWY,20,00 NO JUN IN 20M,,0,0,4 PELICAN OR SIMILAR,1 DARK,2 RAINING,2 ROAD-WET,0 NONE,0 NONE,529845,184365,-0.128952,51.543256,,,Unknown,"(51.543256, -0.128952)",http://opendatacommunities.org/id/london-borough-council/camden,8816,21/12/2020 02:48:43 PM
1180125954,CAMDEN,1 Driver/Rider,1 Male,16-24,19,1,3 Slight,-2 Unknown,-2 N/A,3 Powered 2 Wheeler,CAMDEN ROAD J/W ST PANCRAS WAY,2,08/08/2018 07:30:00 PM,Wednesday,19.30,1 TLRN,A,503,3 Dual Cwy,1 <= 20 MPH,6 Crossroads,2 Auto Sig,A,5202,5 Pedn Phase At Ats,1 Daylight,1 Fine,1 Road-Dry,0 None,0 None,529250,184290,-0.137555,51.542718,,,Unknown,"(51.542718, -0.137555)",http://opendatacommunities.org/id/london-borough-council/camden,8232,21/12/2020 02:48:42 PM
1180137022,CAMDEN,1 Driver/Rider,1 Male,25-59,34,1,3 Slight,-2 Unknown,-2 N/A,2 Pedal Cycle,MONTAGUE STREET 50M N OF J/W GREAT RUSSELL STREET,2,05/10/2018 09:59:00 AM,Friday,9.59,3 Bor,C,0,6 Single Cwy,1 <= 20 MPH,0 No Jun In 20m,-2 Not Applicable,-2 Not Applicable,0,1 Zebra,1 Daylight,1 Fine,1 Road-Dry,0 None,0 None,530190,181720,-0.124958,51.519406,,,Unknown,"(51.519406, -0.124958)",http://opendatacommunities.org/id/london-borough-council/camden,8383,21/12/2020 02:48:42 PM
0115EK40604,CAMDEN,3 Pedestrian,1 Male,0-15,15,1,3 Slight,04 Crossing Road Within 50m Xing,1 From Drivers N/Side,1 Pedestrian,NEW OXFORD STREET J/W BAINBRIDGE STREET,1,20/07/2015 02:50:00 PM,Monday,14.50,3 Bor,A,40,6 Single Cwy,2 30 MPH,6 Crossroads,4 Give Way/Uncontrolled,A,40,4 Pelican Or Similar,1 Daylight,1 Fine,1 Road-Dry,0 None,0 None,529880,181390,-0.129545,51.516512,,,Unknown,"(51.516512, -0.129545)",http://opendatacommunities.org/id/london-borough-council/camden,5089,21/12/2020 02:48:36 PM
1180131367,CAMDEN,1 Driver/Rider,1 Male,25-59,39,1,3 Slight,-2 Unknown,-2 N/A,4 Car,KILBURN HIGH ROAD 50M E OF J/W BELSIZE ROAD,2,08/09/2018 12:19:00 PM,Saturday,12.19,3 Bor,A,5,6 Single Cwy,2 30 MPH,0 No Jun In 20m,-2 Not Applicable,-2 Not Applicable,0,0 No Xing Facility In 50m,1 Daylight,1 Fine,1 Road-Dry,0 None,0 None,525420,183600,-0.193001,51.53738,,,Unknown,"(51.53738, -0.193001)",http://opendatacommunities.org/id/london-borough-council/camden,8309,21/12/2020 02:48:42 PM
1190180894,CAMDEN,2 PASSENGER,2 FEMALE,25-59,28,1,3 SLIGHT,'-2 NOT APPLICABLE,'-2 NOT APPLICABLE,9 PRIVATE HIRE,"On Fortune Green Road, 15 metres north of the junction with WEECH ROAD.",2,14/05/2019 02:20:00 PM,Tuesday,14.20,3 BOR,B,510,3 DUAL CWY,20,03 T/STAG JUN,4 GIVE WAY/UNCONTROLLED,6,0,5 PEDN PHASE AT ATS,2 DAYLIGHT,1 FINE,1 ROAD-DRY,0 NONE,0 NONE,525147,185713,-0.196184,51.556431,,,Unknown,"(51.556431, -0.196184)",http://opendatacommunities.org/id/london-borough-council/camden,9003,21/12/2020 02:48:44 PM
1180120616,CAMDEN,1 Driver/Rider,1 Male,16-24,24,1,3 Slight,-2 Unknown,-2 N/A,2 Pedal Cycle,CAMDEN ROAD J/W SANDALL ROAD,2,12/07/2018 06:30:00 PM,Thursday,18.30,1 TLRN,A,503,6 Single Cwy,2 30 MPH,5 Slip Road,2 Auto Sig,Unclassified,0,0 No Xing Facility In 50m,1 Daylight,1 Fine,1 Road-Dry,0 None,0 None,529510,184610,-0.13369,51.545535,,,Unknown,"(51.545535, -0.13369)",http://opendatacommunities.org/id/london-borough-council/camden,8170,21/12/2020 02:48:42 PM
0115EK40733,CAMDEN,2 Passenger,2 Female,25-59,54,1,3 Slight,-2 Unknown,-2 N/A,6 Bus Or Coach,EUSTON ROAD J/W ARGYLE STREET,1,21/08/2015 01:15:00 PM,Friday,13.15,1 TLRN,A,501,3 Dual Cwy,2 30 MPH,3 T/Stag Jun,4 Give Way/Uncontrolled,C,0,4 Pelican Or Similar,1 Daylight,1 Fine,1 Road-Dry,0 None,0 None,530200,182870,-0.124389,51.529739,,,Unknown,"(51.529739, -0.124389)",http://opendatacommunities.org/id/london-borough-council/camden,5200,21/12/2020 02:48:37 PM
1170041409,CAMDEN,3 Pedestrian,2 Female,25-59,26,1,3 Slight,01 Crossing Road On Ped Xing,3 From Drivers O/Side,1 Pedestrian,BERNARD STREET J/W MARCHMONT STREET,1,06/06/2017 10:45:00 AM,Tuesday,10.45,3 Bor,B,504,2 One-Way St,1 <= 20 MPH,3 T/Stag Jun,4 Give Way/Uncontrolled,Unclassified,0,1 Zebra,1 Daylight,2 Raining,2 Road-Wet,0 None,0 None,530236,182153,-0.124135,51.523287,,,Unknown,"(51.523287, -0.124135)",http://opendatacommunities.org/id/london-borough-council/camden,7014,21/12/2020 02:48:39 PM
1190199030,CAMDEN,1 DRIVER/RIDER,1 MALE,25-59,29,1,3 SLIGHT,'-2 NOT APPLICABLE,1 FROM DRIVERS N/SIDE,2 PEDAL CYCLE,"On Chester Terrace, 30 metres south of the junction with Cumberland Terrace.",2,11/08/2019 03:40:00 PM,Sunday,15.40,3 BOR,6,0,6 SINGLE CWY,30,00 NO JUN IN 20M,,0,0,0 NO XING FACILITY IN 50M,2 DAYLIGHT,1 FINE,1 ROAD-DRY,0 NONE,0 NONE,528705,182873,-0.145928,51.530108,,,Unknown,"(51.530108, -0.145928)",http://opendatacommunities.org/id/london-borough-council/camden,9267,21/12/2020 02:48:44 PM
0115EK40806,CAMDEN,2 Passenger,1 Male,25-59,30,1,3 Slight,-2 Unknown,-2 N/A,6 Bus Or Coach,N.F.L CONSTANTINE ROAD 46M NE OF SOUTH END ROAD,1,16/09/2015 05:20:00 PM,Wednesday,17.20,3 Bor,C,0,6 Single Cwy,2 30 MPH,0 No Jun In 20m,-2 Not Applicable,-2 Not Applicable,0,0 No Xing Facility In 50m,1 Daylight,1 Fine,1 Road-Dry,0 None,0 None,527350,185530,-0.16449,51.554294,,,Unknown,"(51.554294, -0.16449)",http://opendatacommunities.org/id/london-borough-council/camden,5264,21/12/2020 02:48:37 PM
0115EK40112,CAMDEN,1 Driver/Rider,1 Male,25-59,30,1,3 Slight,-2 Unknown,-2 N/A,2 Pedal Cycle,PARKWAY J/W ALBERT STREET,1,13/02/2015 01:56:00 PM,Friday,13.56,3 Bor,A,4201,6 Single Cwy,2 30 MPH,3 T/Stag Jun,4 Give Way/Uncontrolled,Unclassified,0,0 No Xing Facility In 50m,1 Daylight,2 Raining,2 Road-Wet,0 None,0 None,528750,183730,-0.144966,51.5378,,,Unknown,"(51.5378, -0.144966)",http://opendatacommunities.org/id/london-borough-council/camden,4668,21/12/2020 02:48:36 PM
1190173659,CAMDEN,1 DRIVER/RIDER,1 MALE,25-59,39,1,3 SLIGHT,'-2 NOT APPLICABLE,'-2 NOT APPLICABLE,2 PEDAL CYCLE,"On Prince of Wales Road, near the junction with Ryland Road.",2,04/04/2019 08:35:00 AM,Thursday,8.35,3 BOR,5,0,6 SINGLE CWY,30,03 T/STAG JUN,9 UNKNOWN (S/R),6,0,9 UNKNOWN (S/R),2 DAYLIGHT,1 FINE,1 ROAD-DRY,0 NONE,0 NONE,528740,184706,-0.144753,51.546573,,,Unknown,"(51.546573, -0.144753)",http://opendatacommunities.org/id/london-borough-council/camden,8911,21/12/2020 02:48:44 PM
1190211564,CAMDEN,1 DRIVER/RIDER,1 MALE,25-59,54,1,3 SLIGHT,'-2 NOT APPLICABLE,4 FROM DRIVERS O/SIDE MSK,3 POWERED 2 WHEELER,Location uncertain Finchley Road,2,14/10/2019 10:55:00 AM,Monday,10.55,1 TLRN,A,41,3 DUAL CWY,40,06 CROSSROADS,2 AUTO SIG,A,41,5 PEDN PHASE AT ATS,2 DAYLIGHT,1 FINE,2 ROAD-WET,0 NONE,0 NONE,525649,185345,-0.189078,51.553012,,,Unknown,"(51.553012, -0.189078)",http://opendatacommunities.org/id/london-borough-council/camden,9431,21/12/2020 02:48:44 PM
0115EK41104,CAMDEN,2 Passenger,2 Female,Unknown,0,1,3 Slight,-2 Unknown,-2 N/A,4 Car,FINCHLEY ROAD J/W FORTUNE GREEN ROAD,2,10/12/2015 05:18:00 PM,Thursday,17.18,1 TLRN,A,41,3 Dual Cwy,2 30 MPH,6 Crossroads,2 Auto Sig,B,510,5 Pedn Phase At Ats,2 Dark,1 Fine,2 Road-Wet,0 None,0 None,525170,185840,-0.195808,51.557567,,,Unknown,"(51.557567, -0.195808)",http://opendatacommunities.org/id/london-borough-council/camden,5510,21/12/2020 02:48:37 PM
1190174681,CAMDEN,1 DRIVER/RIDER,1 MALE,16-24,21,1,3 SLIGHT,'-2 NOT APPLICABLE,'-2 NOT APPLICABLE,4 CAR,"On Southampton Row, near the junction with Theobalds road.",2,11/04/2019 08:58:00 PM,Thursday,20.58,3 BOR,A,4200,6 SINGLE CWY,20,06 CROSSROADS,2 AUTO SIG,A,401,5 PEDN PHASE AT ATS,1 DARK,1 FINE,1 ROAD-DRY,0 NONE,0 NONE,530455,181689,-0.121152,51.519067,,,Unknown,"(51.519067, -0.121152)",http://opendatacommunities.org/id/london-borough-council/camden,8919,21/12/2020 02:48:44 PM
1180107304,CAMDEN,3 Pedestrian,2 Female,25-59,52,1,3 Slight,01 Crossing Road On Ped Xing,3 From Drivers O/Side,1 Pedestrian,TOTTENHAM COURT ROAD J/W NEW OXFORD STREET,1,11/05/2018 03:50:00 PM,Friday,15.50,3 Bor,A,400,6 Single Cwy,1 <= 20 MPH,7 Multi Jun,2 Auto Sig,A,40,5 Pedn Phase At Ats,1 Daylight,1 Fine,1 Road-Dry,0 None,0 None,529850,181390,-0.129977,51.516519,,,Unknown,"(51.516519, -0.129977)",http://opendatacommunities.org/id/london-borough-council/camden,7985,21/12/2020 02:48:42 PM
1180148269,CAMDEN,1 Driver/Rider,1 Male,25-59,54,1,3 Slight,-2 Unknown,-2 N/A,3 Powered 2 Wheeler,FINCHLEY ROAD J/W ARKWRIGHT ROAD,2,27/11/2018 08:35:00 AM,Tuesday,8.35,1 TLRN,A,41,3 Dual Cwy,2 30 MPH,8 Priv Drive,4 Give Way/Uncontrolled,C,0,1 Zebra,1 Daylight,1 Fine,1 Road-Dry,0 None,0 None,526040,185100,-0.183529,51.550723,,,Unknown,"(51.550723, -0.183529)",http://opendatacommunities.org/id/london-borough-council/camden,8563,21/12/2020 02:48:43 PM
1190227674,CAMDEN,3 PEDESTRIAN,1 MALE,60+,71,1,3 SLIGHT,03 CROSSING ROAD IN ZIG-ZAG EXIT,'-2 NOT APPLICABLE,1 PEDESTRIAN,"On Grays Inn Road, near the junction with Northington Street.",1,29/12/2019 05:20:00 PM,Sunday,17.20,3 BOR,A,5200,6 SINGLE CWY,20,03 T/STAG JUN,4 GIVE WAY/UNCONTROLLED,6,0,1 ZEBRA,1 DARK,1 FINE,1 ROAD-DRY,0 NONE,0 NONE,530929,182076,-0.11418,51.522435,,,Unknown,"(51.522435, -0.11418)",http://opendatacommunities.org/id/london-borough-council/camden,9653,21/12/2020 02:48:45 PM
1190195538,CAMDEN,1 DRIVER/RIDER,1 MALE,16-24,22,1,3 SLIGHT,'-2 NOT APPLICABLE,'-2 NOT APPLICABLE,3 POWERED 2 WHEELER,"On South End Road, near the junction with EAST HEATH ROAD NW3.",2,24/07/2019 07:35:00 AM,Wednesday,7.35,3 BOR,5,0,6 SINGLE CWY,20,03 T/STAG JUN,4 GIVE WAY/UNCONTROLLED,6,0,0 NO XING FACILITY IN 50M,2 DAYLIGHT,1 FINE,1 ROAD-DRY,0 NONE,0 NONE,527103,185864,-0.16793,51.557351,,,Unknown,"(51.557351, -0.16793)",http://opendatacommunities.org/id/london-borough-council/camden,9223,21/12/2020 02:48:44 PM
1180124752,CAMDEN,1 Driver/Rider,1 Male,25-59,35,1,2 Serious,-2 Unknown,-2 N/A,3 Powered 2 Wheeler,DELANCEY STREET J/W ARLINGTON ROAD,2,02/08/2018 03:09:00 PM,Thursday,15.09,3 Bor,A,503,2 One-Way St,1 <= 20 MPH,6 Crossroads,4 Give Way/Uncontrolled,Unclassified,0,4 Pelican Or Similar,1 Daylight,1 Fine,1 Road-Dry,0 None,0 None,528927,183620,-0.142456,51.536771,,,Unknown,"(51.536771, -0.142456)",http://opendatacommunities.org/id/london-borough-council/camden,8221,21/12/2020 02:48:42 PM
1170056368,CAMDEN,2 Passenger,2 Female,60+,60,1,3 Slight,-2 Unknown,-2 N/A,6 Bus Or Coach,FINCHLEY ROAD J/W LYMINGTON ROAD,1,29/08/2017 01:35:00 PM,Tuesday,13.35,1 TLRN,A,41,3 Dual Cwy,2 30 MPH,3 T/Stag Jun,2 Auto Sig,Unclassified,0,5 Pedn Phase At Ats,1 Daylight,1 Fine,1 Road-Dry,0 None,0 None,526360,184600,-0.179096,51.546158,,,Unknown,"(51.546158, -0.179096)",http://opendatacommunities.org/id/london-borough-council/camden,7282,21/12/2020 02:48:40 PM
0115EK40217,CAMDEN,2 Passenger,1 Male,25-59,44,1,3 Slight,-2 Unknown,-2 N/A,4 Car,WEST END LANE J/W QUEX ROAD,2,19/03/2015 11:35:00 AM,Thursday,11.35,3 Bor,B,507,6 Single Cwy,2 30 MPH,3 T/Stag Jun,4 Give Way/Uncontrolled,B,510,1 Zebra,1 Daylight,1 Fine,1 Road-Dry,0 None,0 None,525460,184020,-0.192275,51.541146,,,Unknown,"(51.541146, -0.192275)",http://opendatacommunities.org/id/london-borough-council/camden,4750,21/12/2020 02:48:36 PM
1170039086,CAMDEN,3 Pedestrian,1 Male,25-59,42,1,3 Slight,01 Crossing Road On Ped Xing,9 Unknown Or Other,1 Pedestrian,NEW COMPTON STREET 21M S OF J/W HIGH HOLBORN THE NEAREST CLASSIFIE,1,17/05/2017 09:43:00 AM,Wednesday,9.43,3 Bor,Unclassified,0,6 Single Cwy,2 30 MPH,0 No Jun In 20m,-2 Not Applicable,-2 Not Applicable,0,5 Pedn Phase At Ats,1 Daylight,1 Fine,1 Road-Dry,0 None,0 None,530020,181240,-0.127583,51.515132,,,Unknown,"(51.515132, -0.127583)",http://opendatacommunities.org/id/london-borough-council/camden,6993,21/12/2020 02:48:39 PM
1170021233,CAMDEN,3 Pedestrian,2 Female,16-24,23,1,2 Serious,05 Crossing Road (Not On Xing),1 From Drivers N/Side,1 Pedestrian,BAYNES STREET J/W ST PANCRAS WAY,1,26/02/2017 06:50:00 PM,Sunday,18.50,3 Bor,C,0,2 One-Way St,2 30 MPH,3 T/Stag Jun,4 Give Way/Uncontrolled,A,5202,0 No Xing Facility In 50m,2 Dark,2 Raining,2 Road-Wet,0 None,0 None,529390,184160,-0.135585,51.541518,,,Unknown,"(51.541518, -0.135585)",http://opendatacommunities.org/id/london-borough-council/camden,6717,21/12/2020 02:48:39 PM
1170030987,CAMDEN,1 Driver/Rider,1 Male,25-59,37,1,2 Serious,-2 Unknown,-2 N/A,3 Powered 2 Wheeler,ADELAIDE ROAD 100M E OF J/W WINCHESTER ROAD THE NEAREST CLASSIFIED,3,07/04/2017 05:48:00 PM,Friday,17.48,3 Bor,B,509,6 Single Cwy,1 <= 20 MPH,0 No Jun In 20m,-2 Not Applicable,-2 Not Applicable,0,0 No Xing Facility In 50m,1 Daylight,1 Fine,1 Road-Dry,0 None,3 Involve Previous Acc,527110,184250,-0.168412,51.542844,,,Unknown,"(51.542844, -0.168412)",http://opendatacommunities.org/id/london-borough-council/camden,6860,21/12/2020 02:48:39 PM
1170026033,CAMDEN,2 Passenger,2 Female,25-59,51,1,3 Slight,-2 Unknown,-2 N/A,6 Bus Or Coach,HAMPSTEAD ROAD NW1 30M S OF J/W MORNINGTON CRESCENT NW1,1,17/03/2017 08:30:00 AM,Friday,8.30,3 Bor,Unclassified,0,2 One-Way St,2 30 MPH,0 No Jun In 20m,-2 Not Applicable,-2 Not Applicable,0,4 Pelican Or Similar,1 Daylight,1 Fine,1 Road-Dry,0 None,0 None,529120,183370,-0.139766,51.53448,,,Unknown,"(51.53448, -0.139766)",http://opendatacommunities.org/id/london-borough-council/camden,6792,21/12/2020 02:48:39 PM
0116EK40072,CAMDEN,1 Driver/Rider,2 Female,25-59,47,1,3 Slight,-2 Unknown,-2 N/A,4 Car,WELLESLEY ROAD J/W VICAR'S ROAD,2,08/02/2016 03:35:00 PM,Monday,15.35,3 Bor,Unclassified,0,6 Single Cwy,1 <= 20 MPH,3 T/Stag Jun,4 Give Way/Uncontrolled,Unclassified,0,0 No Xing Facility In 50m,1 Daylight,1 Fine,1 Road-Dry,0 None,0 None,528110,185280,-0.153625,51.551875,,,Unknown,"(51.551875, -0.153625)",http://opendatacommunities.org/id/london-borough-council/camden,6037,21/12/2020 02:48:38 PM
1170061732,CAMDEN,3 Pedestrian,2 Female,25-59,58,1,3 Slight,09 In Road - Not Crossing,7 In Rd Facing Traffic,1 Pedestrian,MOUNT VERNON 25M S OF J/W FROGNAL RISE,1,28/09/2017 10:50:00 AM,Thursday,10.50,3 Bor,Unclassified,0,6 Single Cwy,1 <= 20 MPH,0 No Jun In 20m,-2 Not Applicable,-2 Not Applicable,0,0 No Xing Facility In 50m,1 Daylight,1 Fine,1 Road-Dry,0 None,0 None,526260,185900,-0.180071,51.557863,,,Unknown,"(51.557863, -0.180071)",http://opendatacommunities.org/id/london-borough-council/camden,7360,21/12/2020 02:48:40 PM
0115EK40943,CAMDEN,1 Driver/Rider,1 Male,25-59,53,1,3 Slight,-2 Unknown,-2 N/A,4 Car,HEATH STREET J/W SPANIARDS ROAD.,3,25/10/2015 03:30:00 PM,Sunday,15.30,3 Bor,A,502,6 Single Cwy,2 30 MPH,1 Roundabout,4 Give Way/Uncontrolled,B,519,1 Zebra,1 Daylight,1 Fine,1 Road-Dry,0 None,0 None,526270,186420,-0.179741,51.562534,,,Unknown,"(51.562534, -0.179741)",http://opendatacommunities.org/id/london-borough-council/camden,5374,21/12/2020 02:48:37 PM
0115EK40043,CAMDEN,3 Pedestrian,1 Male,16-24,17,1,3 Slight,04 Crossing Road Within 50m Xing,4 From Drivers O/Side Msk,1 Pedestrian,FINCHLEY ROAD 36M SE OF J/W ARKWRIGHT ROAD,1,22/01/2015 08:45:00 AM,Thursday,8.45,1 TLRN,A,41,6 Single Cwy,2 30 MPH,0 No Jun In 20m,-2 Not Applicable,-2 Not Applicable,0,5 Pedn Phase At Ats,1 Daylight,1 Fine,1 Road-Dry,0 None,0 None,526050,185080,-0.183392,51.550541,,,Unknown,"(51.550541, -0.183392)",http://opendatacommunities.org/id/london-borough-council/camden,4613,21/12/2020 02:48:35 PM
1170045191,CAMDEN,3 Pedestrian,1 Male,60+,92,1,2 Serious,05 Crossing Road (Not On Xing),3 From Drivers O/Side,1 Pedestrian,ADELAIDE ROAD 30M W OF J/W LOWER MERTON RISE,1,27/06/2017 08:36:00 AM,Tuesday,8.36,3 Bor,B,509,6 Single Cwy,2 30 MPH,0 No Jun In 20m,-2 Not Applicable,-2 Not Applicable,0,4 Pelican Or Similar,1 Daylight,2 Raining,2 Road-Wet,0 None,0 None,527200,184270,-0.167108,51.543004,,,Unknown,"(51.543004, -0.167108)",http://opendatacommunities.org/id/london-borough-council/camden,7086,21/12/2020 02:48:40 PM
0115EK40492,CAMDEN,1 Driver/Rider,1 Male,25-59,34,1,3 Slight,-2 Unknown,-2 N/A,4 Car,FINCHLEY ROAD J/W BURRARD ROAD,2,17/06/2015 05:20:00 PM,Wednesday,17.20,1 TLRN,A,41,6 Single Cwy,2 30 MPH,3 T/Stag Jun,4 Give Way/Uncontrolled,Unclassified,0,4 Pelican Or Similar,1 Daylight,1 Fine,1 Road-Dry,0 None,0 None,525330,185620,-0.193579,51.555554,,,Unknown,"(51.555554, -0.193579)",http://opendatacommunities.org/id/london-borough-council/camden,4982,21/12/2020 02:48:36 PM
1180105813,CAMDEN,1 Driver/Rider,1 Male,25-59,33,1,3 Slight,-2 Unknown,-2 N/A,4 Car,CAMDEN HIGH STREET 100M N OF J/W EVERSHOLT STREET,2,03/05/2018 11:03:00 PM,Thursday,23.03,1 TLRN,A,502,2 One-Way St,1 <= 20 MPH,0 No Jun In 20m,-2 Not Applicable,-2 Not Applicable,0,5 Pedn Phase At Ats,2 Dark,1 Fine,1 Road-Dry,0 None,0 None,529140,183480,-0.139438,51.535464,,,Unknown,"(51.535464, -0.139438)",http://opendatacommunities.org/id/london-borough-council/camden,7958,21/12/2020 02:48:42 PM
1190185544,CAMDEN,1 DRIVER/RIDER,1 MALE,25-59,34,1,2 SERIOUS,'-2 NOT APPLICABLE,'-2 NOT APPLICABLE,2 PEDAL CYCLE,"On Camden Road, near the junction with Cantelowes Road.",2,06/06/2019 11:45:00 AM,Thursday,11.45,1 TLRN,A,503,6 SINGLE CWY,30,03 T/STAG JUN,2 AUTO SIG,6,0,4 PELICAN OR SIMILAR,2 DAYLIGHT,1 FINE,1 ROAD-DRY,0 NONE,0 NONE,529591,184705,-0.132488,51.54637,,,Unknown,"(51.54637, -0.132488)",http://opendatacommunities.org/id/london-borough-council/camden,9070,21/12/2020 02:48:44 PM