Reference,London Borough Name,Casualty Class,Casualty Sex,Casualty Age Band,Casualty Age,Number Of Casualties,Casualty Severity,Pedestrian Location,Pedestrian Movement,Mode Of Travel,Attendant Location,Number Of Vehicles,Date,Day,Time,Highway,Road Class 1,Road Number 1,Road Type,Speed Limit,Junction Detail,Junction Control,Road Class 2,Road Number 2,Pedestrian Crossing,Light Condition Band,Weather,Road Surface,Special Conditions,Carriage Way Hazard,Easting,Northing,Longitude,Latitude,Ward Code,Ward Name,Spatial Accuracy,Location,Organisation URI,Socrata ID,Last Uploaded
1190191516,CAMDEN,1 DRIVER/RIDER,1 MALE,25-59,26,1,3 SLIGHT,'-2 NOT APPLICABLE,'-2 NOT APPLICABLE,3 POWERED 2 WHEELER,"On Iverson Road, 50 metres west of the junction with Ariel Road, NW6.",2,04/07/2019 03:15:00 PM,Thursday,15.15,3 BOR,B,520,6 SINGLE CWY,30,00 NO JUN IN 20M,,0,0,0 NO XING FACILITY IN 50M,2 DAYLIGHT,1 FINE,1 ROAD-DRY,0 NONE,0 NONE,524853,184558,-0.200833,51.546116,,,Unknown,"(51.546116, -0.200833)",http://opendatacommunities.org/id/london-borough-council/camden,9159,21/12/2020 02:48:44 PM
1170046273,CAMDEN,1 Driver/Rider,1 Male,25-59,31,1,3 Slight,-2 Unknown,-2 N/A,3 Powered 2 Wheeler,GREAT QUEEN STREET J/W NEWTON STREET,2,03/07/2017 02:15:00 PM,Monday,14.15,3 Bor,B,402,6 Single Cwy,2 30 MPH,3 T/Stag Jun,4 Give Way/Uncontrolled,Unclassified,0,0 No Xing Facility In 50m,1 Daylight,1 Fine,1 Road-Dry,0 None,0 None,530510,181330,-0.120492,51.515828,,,Unknown,"(51.515828, -0.120492)",http://opendatacommunities.org/id/london-borough-council/camden,7111,21/12/2020 02:48:40 PM
1170067190,CAMDEN,1 Driver/Rider,1 Male,25-59,35,1,3 Slight,-2 Unknown,-2 N/A,2 Pedal Cycle,THEOBALDS ROAD 25M W OF J/W LAMB'S CONDUIT STREET,2,19/10/2017 09:05:00 AM,Thursday,9.05,3 Bor,A,401,6 Single Cwy,2 30 MPH,0 No Jun In 20m,-2 Not Applicable,-2 Not Applicable,0,0 No Xing Facility In 50m,1 Daylight,9 Unknown,9 Unknown (S/R),0 None,9 Unknown (S/R),530674,181836,-0.117943,51.520337,,,Unknown,"(51.520337, -0.117943)",http://opendatacommunities.org/id/london-borough-council/camden,7467,21/12/2020 02:48:40 PM
1180142072,CAMDEN,3 Pedestrian,1 Male,25-59,39,1,3 Slight,05 Crossing Road (Not On Xing),9 Unknown Or Other,1 Pedestrian,HAMPSTEAD ROAD 10M N OF J/W MORNINGTON CRESCENT,1,29/10/2018 04:45:00 PM,Monday,16.45,1 TLRN,A,400,2 One-Way St,1 <= 20 MPH,6 Crossroads,4 Give Way/Uncontrolled,A,400,1 Zebra,1 Daylight,1 Fine,1 Road-Dry,0 None,0 None,529150,183150,-0.139415,51.532496,,,Unknown,"(51.532496, -0.139415)",http://opendatacommunities.org/id/london-borough-council/camden,8477,21/12/2020 02:48:43 PM
1170025796,CAMDEN,1 Driver/Rider,1 Male,25-59,43,1,3 Slight,-2 Unknown,-2 N/A,7 Goods Vehicle,ADELAIDE ROAD J/W AVENUE ROAD,2,16/03/2017 03:28:00 PM,Thursday,15.28,1 TLRN,B,509,3 Dual Cwy,1 <= 20 MPH,6 Crossroads,2 Auto Sig,A,41,5 Pedn Phase At Ats,1 Daylight,1 Fine,1 Road-Dry,0 None,0 None,526780,184130,-0.173212,51.54184,,,Unknown,"(51.54184, -0.173212)",http://opendatacommunities.org/id/london-borough-council/camden,6785,21/12/2020 02:48:39 PM
1180097554,CAMDEN,1 Driver/Rider,1 Male,16-24,17,1,3 Slight,-2 Unknown,-2 N/A,2 Pedal Cycle,FITZJOHN'S AVENUE 50M S OF J/W NUTTLEY TERRACE THE NEAREST CLASSIF,1,21/03/2018 05:50:00 AM,Wednesday,5.50,3 Bor,B,511,6 Single Cwy,1 <= 20 MPH,0 No Jun In 20m,-2 Not Applicable,-2 Not Applicable,0,0 No Xing Facility In 50m,1 Daylight,1 Fine,1 Road-Dry,0 None,0 None,526570,185040,-0.175911,51.550065,,,Unknown,"(51.550065, -0.175911)",http://opendatacommunities.org/id/london-borough-council/camden,7829,21/12/2020 02:48:41 PM
0115EK40596,CAMDEN,3 Pedestrian,1 Male,25-59,37,1,3 Slight,05 Crossing Road (Not On Xing),3 From Drivers O/Side,1 Pedestrian,LITTLE RUSSELL STREET 50M NE OF MUSEUM STREET,1,19/07/2015 04:45:00 AM,Sunday,4.45,3 Bor,Unclassified,0,6 Single Cwy,2 30 MPH,0 No Jun In 20m,-2 Not Applicable,-2 Not Applicable,0,0 No Xing Facility In 50m,2 Dark,1 Fine,1 Road-Dry,0 None,0 None,530190,181560,-0.125017,51.517968,,,Unknown,"(51.517968, -0.125017)",http://opendatacommunities.org/id/london-borough-council/camden,5081,21/12/2020 02:48:36 PM
1190193893,CAMDEN,3 PEDESTRIAN,1 MALE,25-59,52,1,3 SLIGHT,09 IN ROAD - NOT CROSSING,5 IN RD NOT CROSSING,1 PEDESTRIAN,"On Agar Grove, 50 metres west of the junction with Cobhams Mews.",1,16/07/2019 09:10:00 AM,Tuesday,9.10,3 BOR,5,0,6 SINGLE CWY,20,00 NO JUN IN 20M,,0,0,0 NO XING FACILITY IN 50M,2 DAYLIGHT,1 FINE,1 ROAD-DRY,0 NONE,0 NONE,529576,184307,-0.132851,51.542796,,,Unknown,"(51.542796, -0.132851)",http://opendatacommunities.org/id/london-borough-council/camden,9190,21/12/2020 02:48:44 PM
1170016546,CAMDEN,1 Driver/Rider,2 Female,Unknown,0,1,3 Slight,-2 Unknown,-2 N/A,3 Powered 2 Wheeler,HIGHGATE WEST HILL J/W HIGHGATE WEST HILL,2,28/01/2017 05:30:00 PM,Saturday,17.30,3 Bor,C,0,6 Single Cwy,2 30 MPH,3 T/Stag Jun,9 Unknown (S/R),Unclassified,0,0 No Xing Facility In 50m,2 Dark,2 Raining,2 Road-Wet,0 None,0 None,528220,187260,-0.151318,51.569644,,,Unknown,"(51.569644, -0.151318)",http://opendatacommunities.org/id/london-borough-council/camden,6652,21/12/2020 02:48:39 PM
1180114217,CAMDEN,1 Driver/Rider,1 Male,16-24,20,1,3 Slight,-2 Unknown,-2 N/A,3 Powered 2 Wheeler,PRIMROSE HILL ROAD J/W FELLOWS ROAD,2,14/06/2018 09:09:00 AM,Thursday,9.09,3 Bor,C,0,7 Slip Rd,2 30 MPH,6 Crossroads,4 Give Way/Uncontrolled,Unclassified,0,0 No Xing Facility In 50m,1 Daylight,1 Fine,1 Road-Dry,0 None,0 None,527500,184470,-0.162712,51.544734,,,Unknown,"(51.544734, -0.162712)",http://opendatacommunities.org/id/london-borough-council/camden,8071,21/12/2020 02:48:42 PM
1170047785,CAMDEN,3 Pedestrian,1 Male,16-24,23,1,3 Slight,01 Crossing Road On Ped Xing,1 From Drivers N/Side,1 Pedestrian,CONSTANTINE ROAD J/W SOUTH END GREEN,1,11/07/2017 05:50:00 PM,Tuesday,17.50,3 Bor,C,0,6 Single Cwy,1 <= 20 MPH,3 T/Stag Jun,4 Give Way/Uncontrolled,Unclassified,0,1 Zebra,1 Daylight,2 Raining,2 Road-Wet,0 None,0 None,527330,185520,-0.164782,51.554208,,,Unknown,"(51.554208, -0.164782)",http://opendatacommunities.org/id/london-borough-council/camden,7142,21/12/2020 02:48:40 PM
1180142400,CAMDEN,1 Driver/Rider,1 Male,25-59,56,1,3 Slight,-2 Unknown,-2 N/A,3 Powered 2 Wheeler,YORK WAY J/W VALE ROYAL,2,31/10/2018 09:30:00 AM,Wednesday,9.30,3 Bor,A,5200,6 Single Cwy,1 <= 20 MPH,3 T/Stag Jun,4 Give Way/Uncontrolled,Unclassified,0,0 No Xing Facility In 50m,1 Daylight,1 Fine,1 Road-Dry,0 None,0 None,530100,184180,-0.125346,51.541535,,,Unknown,"(51.541535, -0.125346)",http://opendatacommunities.org/id/london-borough-council/camden,8482,21/12/2020 02:48:43 PM
1160012918,CAMDEN,1 Driver/Rider,1 Male,0-15,12,1,3 Slight,-2 Unknown,-2 N/A,2 Pedal Cycle,"ON ROWLEY WAY, NEAR THE JUNCTION WITH BOUNDARY ROAD .",2,06/09/2016 03:00:00 PM,Tuesday,15.00,3 Bor,Unclassified,0,6 Single Cwy,2 30 MPH,3 T/Stag Jun,4 Give Way/Uncontrolled,Unclassified,0,0 No Xing Facility In 50m,1 Daylight,9 Unknown,9 Unknown (S/R),0 None,0 None,526300,183870,-0.180223,51.539611,,,Unknown,"(51.539611, -0.180223)",http://opendatacommunities.org/id/london-borough-council/camden,5864,21/12/2020 02:48:38 PM
1180100980,CAMDEN,1 Driver/Rider,1 Male,25-59,26,1,3 Slight,-2 Unknown,-2 N/A,2 Pedal Cycle,BAYNES STREET J/W ROYAL COLLEGE STREET,2,10/04/2018 07:00:00 PM,Tuesday,19.00,3 Bor,Unclassified,0,2 One-Way St,1 <= 20 MPH,3 T/Stag Jun,3 Stop Sign,A,5202,0 No Xing Facility In 50m,1 Daylight,1 Fine,1 Road-Dry,0 None,0 None,529250,184080,-0.137632,51.540831,,,Unknown,"(51.540831, -0.137632)",http://opendatacommunities.org/id/london-borough-council/camden,7876,21/12/2020 02:48:41 PM
1180092614,CAMDEN,1 Driver/Rider,1 Male,25-59,32,1,3 Slight,-2 Unknown,-2 N/A,2 Pedal Cycle,KILBURN HIGH ROAD J/W COVENTRY CLOSE,2,21/02/2018 06:30:00 PM,Wednesday,18.30,3 Bor,A,5,6 Single Cwy,2 30 MPH,3 T/Stag Jun,2 Auto Sig,A,5,5 Pedn Phase At Ats,1 Daylight,1 Fine,1 Road-Dry,0 None,0 None,525470,183550,-0.192299,51.53692,,,Unknown,"(51.53692, -0.192299)",http://opendatacommunities.org/id/london-borough-council/camden,7776,21/12/2020 02:48:41 PM
1190219495,CAMDEN,2 PASSENGER,2 FEMALE,16-24,24,1,3 SLIGHT,'-2 NOT APPLICABLE,'-2 NOT APPLICABLE,6 BUS OR COACH,"On Pancras Road, NW1, near the junction with Chenies Place.",1,19/11/2019 03:45:00 PM,Tuesday,15.45,3 BOR,A,5202,3 DUAL CWY,30,05 SLIP ROAD,2 AUTO SIG,6,0,1 ZEBRA,1 DARK,1 FINE,1 ROAD-DRY,0 NONE,0 NONE,529810,183361,-0.129827,51.534241,,,Unknown,"(51.534241, -0.129827)",http://opendatacommunities.org/id/london-borough-council/camden,9533,21/12/2020 02:48:44 PM
1160025730,CAMDEN,1 Driver/Rider,1 Male,16-24,21,1,3 Slight,-2 Unknown,-2 N/A,4 Car,YORK WAY J/W WHARFDALE ROAD,2,02/10/2016 02:30:00 PM,Sunday,14.30,3 Bor,A,5200,6 Single Cwy,2 30 MPH,9 Other Jun,2 Auto Sig,C,0,5 Pedn Phase At Ats,1 Daylight,1 Fine,1 Road-Dry,0 None,0 None,530330,183300,-0.122357,51.533573,,,Unknown,"(51.533573, -0.122357)",http://opendatacommunities.org/id/london-borough-council/camden,5953,21/12/2020 02:48:38 PM
1170052105,CAMDEN,1 Driver/Rider,1 Male,25-59,44,1,3 Slight,-2 Unknown,-2 N/A,2 Pedal Cycle,YORK RISE J/W CHURCHILL ROAD,1,02/07/2017 10:15:00 PM,Sunday,22.15,3 Bor,Unclassified,0,6 Single Cwy,2 30 MPH,3 T/Stag Jun,9 Unknown (S/R),Unclassified,0,9 Unknown (S/R),2 Dark,1 Fine,1 Road-Dry,0 None,0 None,528870,185910,-0.142439,51.557364,,,Unknown,"(51.557364, -0.142439)",http://opendatacommunities.org/id/london-borough-council/camden,7222,21/12/2020 02:48:40 PM
1190178547,CAMDEN,3 PEDESTRIAN,2 FEMALE,60+,75,1,3 SLIGHT,04 CROSSING ROAD WITHIN 50M XING,1 FROM DRIVERS N/SIDE,1 PEDESTRIAN,"On Kentish Town Road, near the junction with Prince of wales road.",1,02/05/2019 05:40:00 PM,Thursday,17.40,3 BOR,A,400,6 SINGLE CWY,20,03 T/STAG JUN,2 AUTO SIG,5,0,5 PEDN PHASE AT ATS,2 DAYLIGHT,1 FINE,2 ROAD-WET,0 NONE,0 NONE,528938,184705,-0.1419,51.546519,,,Unknown,"(51.546519, -0.1419)",http://opendatacommunities.org/id/london-borough-council/camden,8975,21/12/2020 02:48:44 PM
1190162364,CAMDEN,3 PEDESTRIAN,1 MALE,16-24,19,1,2 SERIOUS,05 CROSSING ROAD (NOT ON XING),3 FROM DRIVERS O/SIDE,1 PEDESTRIAN,"On Euston Road, near the junction with York Way.",1,08/02/2019 05:21:00 PM,Friday,17.21,1 TLRN,A,501,3 DUAL CWY,30,06 CROSSROADS,2 AUTO SIG,A,5200,4 PELICAN OR SIMILAR,1 DARK,2 RAINING,2 ROAD-WET,0 NONE,0 NONE,530322,182963,-0.122597,51.530547,,,Unknown,"(51.530547, -0.122597)",http://opendatacommunities.org/id/london-borough-council/camden,8768,21/12/2020 02:48:43 PM
1190181919,CAMDEN,3 PEDESTRIAN,1 MALE,25-59,54,1,3 SLIGHT,01 CROSSING ROAD ON PED XING,4 FROM DRIVERS O/SIDE MSK,1 PEDESTRIAN,"On Upper Woburn Place, 80 metres south of the junction with Euston road.. The nearest classified road was the A501. The nearest classified road was the A501",1,20/05/2019 08:14:00 AM,Monday,8.14,3 BOR,A,4200,6 SINGLE CWY,20,00 NO JUN IN 20M,,0,0,1 ZEBRA,2 DAYLIGHT,1 FINE,1 ROAD-DRY,0 NONE,0 NONE,529831,182490,-0.129845,51.526409,,,Unknown,"(51.526409, -0.129845)",http://opendatacommunities.org/id/london-borough-council/camden,9023,21/12/2020 02:48:44 PM
0116EK40331,CAMDEN,1 Driver/Rider,1 Male,25-59,46,1,3 Slight,-2 Unknown,-2 N/A,4 Car,FLEET ROAD 22M SE OF POND STREET,2,29/04/2016 04:15:00 PM,Friday,16.15,3 Bor,B,518,2 One-Way St,1 <= 20 MPH,0 No Jun In 20m,-2 Not Applicable,-2 Not Applicable,0,0 No Xing Facility In 50m,1 Daylight,1 Fine,1 Road-Dry,0 None,0 None,527330,185500,-0.164789,51.554028,,,Unknown,"(51.554028, -0.164789)",http://opendatacommunities.org/id/london-borough-council/camden,6264,21/12/2020 02:48:38 PM
1170047898,CAMDEN,1 Driver/Rider,1 Male,25-59,36,1,3 Slight,-2 Unknown,-2 N/A,2 Pedal Cycle,MANSFIELD ROAD J/W COURTHORPE ROAD,2,21/06/2017 06:30:00 PM,Wednesday,18.30,3 Bor,B,518,6 Single Cwy,1 <= 20 MPH,3 T/Stag Jun,4 Give Way/Uncontrolled,Unclassified,0,0 No Xing Facility In 50m,1 Daylight,1 Fine,1 Road-Dry,0 None,0 None,528000,185500,-0.155131,51.553877,,,Unknown,"(51.553877, -0.155131)",http://opendatacommunities.org/id/london-borough-council/camden,7143,21/12/2020 02:48:40 PM
1180084806,CAMDEN,3 Pedestrian,2 Female,60+,61,1,3 Slight,05 Crossing Road (Not On Xing),1 From Drivers N/Side,1 Pedestrian,EVERSHOLT STREET 25M N OF J/W EUSTON ROAD THE NEAREST CLASSIFIED R,1,20/01/2018 06:11:00 PM,Saturday,18.11,3 Bor,A,4200,6 Single Cwy,1 <= 20 MPH,0 No Jun In 20m,-2 Not Applicable,-2 Not Applicable,0,0 No Xing Facility In 50m,2 Dark,1 Fine,2 Road-Wet,0 None,0 None,529741,182617,-0.131095,51.527571,,,Unknown,"(51.527571, -0.131095)",http://opendatacommunities.org/id/london-borough-council/camden,7684,21/12/2020 02:48:41 PM
0116EK40015,CAMDEN,2 Passenger,2 Female,25-59,42,1,3 Slight,-2 Unknown,-2 N/A,6 Bus Or Coach,SOUTHAMPTON ROAD 30M NW OF KINGSFORD STREET,1,23/01/2016 10:05:00 AM,Saturday,10.05,3 Bor,B,517,6 Single Cwy,2 30 MPH,0 No Jun In 20m,-2 Not Applicable,-2 Not Applicable,0,0 No Xing Facility In 50m,1 Daylight,1 Fine,1 Road-Dry,0 None,0 None,527830,185310,-0.15765,51.552208,,,Unknown,"(51.552208, -0.15765)",http://opendatacommunities.org/id/london-borough-council/camden,5994,21/12/2020 02:48:38 PM
1170078101,CAMDEN,3 Pedestrian,2 Female,25-59,41,1,2 Serious,03 Crossing Road In Zig-Zag Exit,1 From Drivers N/Side,1 Pedestrian,NORTH END WAY J/W SANDY ROAD,1,15/12/2017 07:10:00 AM,Friday,7.10,3 Bor,A,502,6 Single Cwy,1 <= 20 MPH,3 T/Stag Jun,4 Give Way/Uncontrolled,Unclassified,0,1 Zebra,2 Dark,2 Raining,2 Road-Wet,0 None,0 None,526030,186960,-0.183008,51.567441,,,Unknown,"(51.567441, -0.183008)",http://opendatacommunities.org/id/london-borough-council/camden,7613,21/12/2020 02:48:41 PM
1190159281,CAMDEN,2 PASSENGER,2 FEMALE,25-59,56,2,3 SLIGHT,'-2 NOT APPLICABLE,'-2 NOT APPLICABLE,6 BUS OR COACH,"On Kingsway WC1, 15 metres east of the junction with HIGH HOLBORN.",2,24/01/2019 09:20:00 AM,Thursday,9.20,3 BOR,A,4200,3 DUAL CWY,20,06 CROSSROADS,2 AUTO SIG,A,40,4 PELICAN OR SIMILAR,2 DAYLIGHT,2 RAINING,2 ROAD-WET,0 NONE,0 NONE,530511,181505,-0.120413,51.5174,,,Unknown,"(51.5174, -0.120413)",http://opendatacommunities.org/id/london-borough-council/camden,8721,21/12/2020 02:48:43 PM
0115EK40063,CAMDEN,1 Driver/Rider,2 Female,16-24,19,1,3 Slight,-2 Unknown,-2 N/A,2 Pedal Cycle,CAMDEN STREET J/W PLENDER STREET,2,29/01/2015 08:40:00 PM,Thursday,20.40,1 TLRN,A,400,6 Single Cwy,2 30 MPH,6 Crossroads,2 Auto Sig,Unclassified,0,5 Pedn Phase At Ats,2 Dark,1 Fine,1 Road-Dry,0 None,0 None,529320,183630,-0.136789,51.536771,,,Unknown,"(51.536771, -0.136789)",http://opendatacommunities.org/id/london-borough-council/camden,4628,21/12/2020 02:48:35 PM
0115EK40537,CAMDEN,1 Driver/Rider,1 Male,16-24,20,1,3 Slight,-2 Unknown,-2 N/A,4 Car,NFL- FINCHLEY ROAD 56M NW OF J/W LANGLANDS GARDENS,2,19/06/2015 07:54:00 PM,Friday,19.54,1 TLRN,A,41,6 Single Cwy,2 30 MPH,0 No Jun In 20m,-2 Not Applicable,-2 Not Applicable,0,0 No Xing Facility In 50m,1 Daylight,1 Fine,1 Road-Dry,0 None,0 None,525860,185260,-0.186067,51.552201,,,Unknown,"(51.552201, -0.186067)",http://opendatacommunities.org/id/london-borough-council/camden,5023,21/12/2020 02:48:36 PM
1170014494,CAMDEN,1 Driver/Rider,2 Female,60+,65,1,3 Slight,-2 Unknown,-2 N/A,4 Car,GRAYS INN ROAD J/W HEATHCOTE STREET,3,26/01/2017 09:35:00 AM,Thursday,9.35,3 Bor,A,5200,6 Single Cwy,1 <= 20 MPH,3 T/Stag Jun,4 Give Way/Uncontrolled,Unclassified,0,1 Zebra,1 Daylight,1 Fine,1 Road-Dry,0 None,0 None,530650,182520,-0.118035,51.52649,,,Unknown,"(51.52649, -0.118035)",http://opendatacommunities.org/id/london-borough-council/camden,6614,21/12/2020 02:48:39 PM
1180102433,CAMDEN,3 Pedestrian,2 Female,60+,72,1,2 Serious,10 Unknown,9 Unknown Or Other,1 Pedestrian,MORWELL STREET J/W BEDFORD SQUARE,2,14/03/2018 10:50:00 AM,Wednesday,10.50,3 Bor,Unclassified,0,6 Single Cwy,2 30 MPH,3 T/Stag Jun,2 Auto Sig,Unclassified,0,0 No Xing Facility In 50m,1 Daylight,1 Fine,1 Road-Dry,0 None,0 None,529760,181560,-0.13121,51.518067,,,Unknown,"(51.518067, -0.13121)",http://opendatacommunities.org/id/london-borough-council/camden,7902,21/12/2020 02:48:41 PM
0116EK40436,CAMDEN,1 Driver/Rider,1 Male,25-59,40,1,3 Slight,-2 Unknown,-2 N/A,2 Pedal Cycle,CAMDEN ROAD J/W ST PANCRAS WAY.,2,22/06/2016 04:00:00 AM,Wednesday,4.00,1 TLRN,A,503,6 Single Cwy,2 30 MPH,6 Crossroads,2 Auto Sig,A,5202,5 Pedn Phase At Ats,2 Dark,1 Fine,1 Road-Dry,0 None,0 None,529240,184280,-0.137703,51.542631,,,Unknown,"(51.542631, -0.137703)",http://opendatacommunities.org/id/london-borough-council/camden,6351,21/12/2020 02:48:38 PM
1170044660,CAMDEN,1 Driver/Rider,1 Male,25-59,44,1,3 Slight,-2 Unknown,-2 N/A,3 Powered 2 Wheeler,PARSIFAL ROAD 100M N OF J/W FORTUNE GREEN ROAD THE NEAREST CLASSIF,2,21/06/2017 03:46:00 PM,Wednesday,15.46,3 Bor,Unclassified,0,6 Single Cwy,1 <= 20 MPH,0 No Jun In 20m,-2 Not Applicable,-2 Not Applicable,0,0 No Xing Facility In 50m,1 Daylight,1 Fine,1 Road-Dry,0 None,0 None,525300,185430,-0.194079,51.553853,,,Unknown,"(51.553853, -0.194079)",http://opendatacommunities.org/id/london-borough-council/camden,7074,21/12/2020 02:48:40 PM
1170039155,CAMDEN,3 Pedestrian,2 Female,25-59,55,1,3 Slight,01 Crossing Road On Ped Xing,3 From Drivers O/Side,1 Pedestrian,HIGH HOLBORN J/W GRAY'S INN ROAD,1,23/05/2017 10:35:00 AM,Tuesday,10.35,3 Bor,A,40,3 Dual Cwy,2 30 MPH,3 T/Stag Jun,2 Auto Sig,A,5200,5 Pedn Phase At Ats,1 Daylight,1 Fine,1 Road-Dry,0 None,0 None,531100,181600,-0.111894,51.518118,,,Unknown,"(51.518118, -0.111894)",http://opendatacommunities.org/id/london-borough-council/camden,6995,21/12/2020 02:48:39 PM
1190178326,CAMDEN,3 PEDESTRIAN,1 MALE,25-59,25,1,3 SLIGHT,10 UNKNOWN OR OTHER,9 UNKNOWN OR OTHER,1 PEDESTRIAN,"On Prince of Wales Road, near the junction with Castlehaven Road, NW5.",1,02/05/2019 08:16:00 AM,Thursday,8.16,3 BOR,5,0,3 DUAL CWY,20,06 CROSSROADS,2 AUTO SIG,5,0,5 PEDN PHASE AT ATS,2 DAYLIGHT,1 FINE,1 ROAD-DRY,0 NONE,2 OTHER OBJECT IN CWY,528805,184719,-0.143812,51.546675,,,Unknown,"(51.546675, -0.143812)",http://opendatacommunities.org/id/london-borough-council/camden,8965,21/12/2020 02:48:44 PM
1190219186,CAMDEN,2 PASSENGER,2 FEMALE,16-24,21,1,3 SLIGHT,'-2 NOT APPLICABLE,'-2 NOT APPLICABLE,4 CAR,"On Fortune Green Road, 50 metres north of the junction with Hillfield Road.",2,11/10/2019 02:48:00 PM,Friday,14.48,3 BOR,B,510,9 UNKNOWN,30,00 NO JUN IN 20M,,0,0,9 UNKNOWN (S/R),2 DAYLIGHT,9 UNKNOWN,9 UNKNOWN (S/R),9 UNKNOWN (S/R),7 ANIMAL IN CWY (NOT RID-HORSE),525189,185411,-0.195686,51.553707,,,Unknown,"(51.553707, -0.195686)",http://opendatacommunities.org/id/london-borough-council/camden,9531,21/12/2020 02:48:44 PM
0115EK40903,CAMDEN,1 Driver/Rider,1 Male,25-59,34,1,3 Slight,-2 Unknown,-2 N/A,3 Powered 2 Wheeler,SHAFTESBURY AVENUE J/W MONMOUTH STREET.,2,12/10/2015 10:35:00 AM,Monday,10.35,3 Bor,A,401,6 Single Cwy,2 30 MPH,3 T/Stag Jun,4 Give Way/Uncontrolled,B,404,1 Zebra,1 Daylight,1 Fine,1 Road-Dry,0 None,0 None,530060,181230,-0.127011,51.515033,,,Unknown,"(51.515033, -0.127011)",http://opendatacommunities.org/id/london-borough-council/camden,5342,21/12/2020 02:48:37 PM
1170016431,CAMDEN,1 Driver/Rider,1 Male,25-59,35,1,3 Slight,-2 Unknown,-2 N/A,3 Powered 2 Wheeler,KENTISH TOWN ROAD NW5 50M N OF J/W GAISFORD STREET NW5,2,06/02/2017 09:40:00 AM,Monday,9.40,3 Bor,A,400,6 Single Cwy,1 <= 20 MPH,0 No Jun In 20m,-2 Not Applicable,-2 Not Applicable,0,0 No Xing Facility In 50m,1 Daylight,1 Fine,1 Road-Dry,0 None,0 None,528983,184916,-0.141174,51.548405,,,Unknown,"(51.548405, -0.141174)",http://opendatacommunities.org/id/london-borough-council/camden,6649,21/12/2020 02:48:39 PM
0116EK40487,CAMDEN,1 Driver/Rider,2 Female,25-59,40,1,3 Slight,-2 Unknown,-2 N/A,4 Car,FORTESS ROAD J/W BELLINA MEWS,4,10/07/2016 04:16:00 AM,Sunday,4.16,3 Bor,A,400,6 Single Cwy,2 30 MPH,3 T/Stag Jun,4 Give Way/Uncontrolled,Unclassified,0,0 No Xing Facility In 50m,1 Daylight,1 Fine,1 Road-Dry,0 None,0 None,529040,185600,-0.140102,51.554539,,,Unknown,"(51.554539, -0.140102)",http://opendatacommunities.org/id/london-borough-council/camden,6399,21/12/2020 02:48:38 PM
1170023062,CAMDEN,1 Driver/Rider,1 Male,25-59,37,1,3 Slight,-2 Unknown,-2 N/A,4 Car,OUTER CIRCLE J/W PARK SQUARE E,1,06/03/2017 04:35:00 AM,Monday,4.35,3 Bor,Unclassified,0,6 Single Cwy,1 <= 20 MPH,3 T/Stag Jun,4 Give Way/Uncontrolled,Unclassified,0,0 No Xing Facility In 50m,2 Dark,1 Fine,2 Road-Wet,0 None,0 None,528730,182360,-0.145755,51.525492,,,Unknown,"(51.525492, -0.145755)",http://opendatacommunities.org/id/london-borough-council/camden,6744,21/12/2020 02:48:39 PM
1180143250,CAMDEN,1 Driver/Rider,1 Male,16-24,20,1,2 Serious,-2 Unknown,-2 N/A,3 Powered 2 Wheeler,KENTISH TOWN ROAD 70M N OF J/W CAMDEN ROAD THE NEAREST CLASSIFIED,3,03/11/2018 10:20:00 PM,Saturday,22.20,3 Bor,A,400,6 Single Cwy,2 30 MPH,0 No Jun In 20m,-2 Not Applicable,-2 Not Applicable,0,4 Pelican Or Similar,2 Dark,1 Fine,1 Road-Dry,0 None,0 None,528930,183980,-0.142281,51.540005,,,Unknown,"(51.540005, -0.142281)",http://opendatacommunities.org/id/london-borough-council/camden,8491,21/12/2020 02:48:43 PM
0115QK50327,CAMDEN,1 Driver/Rider,1 Male,16-24,23,1,3 Slight,-2 Unknown,-2 N/A,3 Powered 2 Wheeler,PRIORY PARK RD J/W KILBURN HIGH RD,2,10/05/2015 11:22:00 PM,Sunday,23.22,3 Bor,Unclassified,0,6 Single Cwy,2 30 MPH,3 T/Stag Jun,4 Give Way/Uncontrolled,A,5,4 Pelican Or Similar,2 Dark,1 Fine,1 Road-Dry,0 None,0 None,525170,183940,-0.196483,51.540491,,,Unknown,"(51.540491, -0.196483)",http://opendatacommunities.org/id/london-borough-council/camden,5619,21/12/2020 02:48:37 PM
1180144596,CAMDEN,1 Driver/Rider,1 Male,25-59,28,1,3 Slight,-2 Unknown,-2 N/A,3 Powered 2 Wheeler,ENGLAND'S LANE 25M N OF J/W CHALCOT GARDENS,2,09/11/2018 06:30:00 AM,Friday,6.30,3 Bor,C,0,6 Single Cwy,1 <= 20 MPH,0 No Jun In 20m,-2 Not Applicable,-2 Not Applicable,0,9 Unknown (S/R),1 Daylight,2 Raining,2 Road-Wet,0 None,0 None,527570,184670,-0.16163,51.546515,,,Unknown,"(51.546515, -0.16163)",http://opendatacommunities.org/id/london-borough-council/camden,8509,21/12/2020 02:48:43 PM