Reference,London Borough Name,Casualty Class,Casualty Sex,Casualty Age Band,Casualty Age,Number Of Casualties,Casualty Severity,Pedestrian Location,Pedestrian Movement,Mode Of Travel,Attendant Location,Number Of Vehicles,Date,Day,Time,Highway,Road Class 1,Road Number 1,Road Type,Speed Limit,Junction Detail,Junction Control,Road Class 2,Road Number 2,Pedestrian Crossing,Light Condition Band,Weather,Road Surface,Special Conditions,Carriage Way Hazard,Easting,Northing,Longitude,Latitude,Ward Code,Ward Name,Spatial Accuracy,Location,Organisation URI,Socrata ID,Last Uploaded
0115EK40403,CAMDEN,1 Driver/Rider,1 Male,16-24,20,1,2 Serious,-2 Unknown,-2 N/A,3 Powered 2 Wheeler,THEOBALD'S ROAD J/W RED LION STREET,2,21/05/2015 02:50:00 PM,Thursday,14.50,3 Bor,A,401,6 Single Cwy,2 30 MPH,6 Crossroads,2 Auto Sig,C,0,5 Pedn Phase At Ats,1 Daylight,1 Fine,1 Road-Dry,0 None,0 None,530690,181840,-0.117711,51.520369,,,Unknown,"(51.520369, -0.117711)",http://opendatacommunities.org/id/london-borough-council/camden,4899,21/12/2020 02:48:36 PM
0115EK40275,CAMDEN,3 Pedestrian,1 Male,60+,73,1,3 Slight,04 Crossing Road Within 50m Xing,1 From Drivers N/Side,1 Pedestrian,FAIRHAZEL GARDENS J/W BELSIZE ROAD,1,10/04/2015 03:50:00 PM,Friday,15.50,3 Bor,C,0,6 Single Cwy,2 30 MPH,3 T/Stag Jun,4 Give Way/Uncontrolled,B,509,1 Zebra,1 Daylight,1 Fine,1 Road-Dry,0 None,0 None,526300,184100,-0.18014,51.541678,,,Unknown,"(51.541678, -0.18014)",http://opendatacommunities.org/id/london-borough-council/camden,4801,21/12/2020 02:48:36 PM
0116EK40271,CAMDEN,1 Driver/Rider,1 Male,25-59,32,1,3 Slight,-2 Unknown,-2 N/A,3 Powered 2 Wheeler,AVENUE ROAD J/W ACACIA ROAD,2,22/04/2016 07:50:00 PM,Friday,19.50,3 Bor,B,525,6 Single Cwy,2 30 MPH,3 T/Stag Jun,4 Give Way/Uncontrolled,C,0,0 No Xing Facility In 50m,2 Dark,2 Raining,2 Road-Wet,0 None,0 None,527140,183700,-0.168179,51.537895,,,Unknown,"(51.537895, -0.168179)",http://opendatacommunities.org/id/london-borough-council/camden,6209,21/12/2020 02:48:38 PM
1190158750,CAMDEN,1 DRIVER/RIDER,1 MALE,25-59,28,1,2 SERIOUS,'-2 NOT APPLICABLE,'-2 NOT APPLICABLE,2 PEDAL CYCLE,"On Camden Street, near the junction with Kentish Town Road.",2,21/01/2019 11:30:00 PM,Monday,23.30,3 BOR,A,400,3 DUAL CWY,20,06 CROSSROADS,2 AUTO SIG,A,400,5 PEDN PHASE AT ATS,1 DARK,1 FINE,1 ROAD-DRY,0 NONE,0 NONE,528991,184250,-0.141303,51.542418,,,Unknown,"(51.542418, -0.141303)",http://opendatacommunities.org/id/london-borough-council/camden,8711,21/12/2020 02:48:43 PM
0115EK40195,CAMDEN,1 Driver/Rider,1 Male,25-59,52,1,3 Slight,-2 Unknown,-2 N/A,2 Pedal Cycle,GREAT RUSSELL STREET J/W BLOOMSBURY SQUARE,2,10/03/2015 08:35:00 AM,Tuesday,8.35,3 Bor,C,0,6 Single Cwy,2 30 MPH,3 T/Stag Jun,4 Give Way/Uncontrolled,Unclassified,0,0 No Xing Facility In 50m,1 Daylight,1 Fine,1 Road-Dry,0 None,0 None,530260,181690,-0.12396,51.519121,,,Unknown,"(51.519121, -0.12396)",http://opendatacommunities.org/id/london-borough-council/camden,4734,21/12/2020 02:48:36 PM
0115EK40636,CAMDEN,1 Driver/Rider,1 Male,25-59,50,1,3 Slight,-2 Unknown,-2 N/A,2 Pedal Cycle,THEOBALD'S ROAD J/W BEDFORD ROW,2,27/08/2015 05:45:00 PM,Thursday,17.45,3 Bor,A,401,6 Single Cwy,2 30 MPH,3 T/Stag Jun,4 Give Way/Uncontrolled,Unclassified,0,4 Pelican Or Similar,1 Daylight,1 Fine,1 Road-Dry,0 None,0 None,530760,181870,-0.116691,51.520623,,,Unknown,"(51.520623, -0.116691)",http://opendatacommunities.org/id/london-borough-council/camden,5115,21/12/2020 02:48:36 PM
1190216784,CAMDEN,1 DRIVER/RIDER,1 MALE,25-59,45,1,3 SLIGHT,'-2 NOT APPLICABLE,'-2 NOT APPLICABLE,2 PEDAL CYCLE,"On Euston Road, near the junction with Chalton Street.",2,07/11/2019 08:52:00 PM,Thursday,20.52,1 TLRN,A,501,3 DUAL CWY,30,03 T/STAG JUN,4 GIVE WAY/UNCONTROLLED,6,0,0 NO XING FACILITY IN 50M,1 DARK,1 FINE,1 ROAD-DRY,0 NONE,0 NONE,529929,182664,-0.128369,51.52795,,,Unknown,"(51.52795, -0.128369)",http://opendatacommunities.org/id/london-borough-council/camden,9501,21/12/2020 02:48:44 PM
1170074757,CAMDEN,1 Driver/Rider,1 Male,60+,85,1,3 Slight,-2 Unknown,-2 N/A,4 Car,HIGHGATE ROAD 40M N OF J/W WESLEYAN PLACE,1,01/12/2017 04:50:00 PM,Friday,16.50,3 Bor,B,518,6 Single Cwy,1 <= 20 MPH,0 No Jun In 20m,-2 Not Applicable,-2 Not Applicable,0,0 No Xing Facility In 50m,2 Dark,1 Fine,1 Road-Dry,0 None,0 None,528600,185780,-0.146379,51.556257,,,Unknown,"(51.556257, -0.146379)",http://opendatacommunities.org/id/london-borough-council/camden,7573,21/12/2020 02:48:41 PM
1180170615,CAMDEN,3 Pedestrian,2 Female,25-59,30,1,2 Serious,01 Crossing Road On Ped Xing,9 Unknown Or Other,1 Pedestrian,HIGH HOLBORN J/W GRAYS INN ROAD,1,17/11/2018 03:00:00 PM,Saturday,15.00,3 Bor,A,40,6 Single Cwy,2 30 MPH,9 Other Jun,2 Auto Sig,A,5200,5 Pedn Phase At Ats,1 Daylight,1 Fine,1 Road-Dry,9 Unknown (S/R),0 None,531130,181590,-0.111465,51.518021,,,Unknown,"(51.518021, -0.111465)",http://opendatacommunities.org/id/london-borough-council/camden,8664,21/12/2020 02:48:43 PM
1190175849,CAMDEN,1 DRIVER/RIDER,1 MALE,25-59,31,1,3 SLIGHT,'-2 NOT APPLICABLE,'-2 NOT APPLICABLE,7 GOODS VEHICLE,"On Finchley Road, 500 metres south of the junction with Fairfax Road.",2,18/04/2019 01:55:00 PM,Thursday,13.55,1 TLRN,A,41,3 DUAL CWY,30,00 NO JUN IN 20M,,0,0,4 PELICAN OR SIMILAR,2 DAYLIGHT,1 FINE,1 ROAD-DRY,0 NONE,0 NONE,526615,184382,-0.175499,51.544142,,,Unknown,"(51.544142, -0.175499)",http://opendatacommunities.org/id/london-borough-council/camden,8936,21/12/2020 02:48:44 PM
0115EK41109,CAMDEN,2 Passenger,1 Male,Unknown,0,1,3 Slight,-2 Unknown,-2 N/A,4 Car,PRIMROSE HILL ROAD J/W FELLOWS ROAD.,2,11/12/2015 03:43:00 PM,Friday,15.43,3 Bor,C,0,6 Single Cwy,2 30 MPH,6 Crossroads,4 Give Way/Uncontrolled,Unclassified,0,0 No Xing Facility In 50m,1 Daylight,1 Fine,1 Road-Dry,0 None,0 None,527500,184450,-0.162719,51.544554,,,Unknown,"(51.544554, -0.162719)",http://opendatacommunities.org/id/london-borough-council/camden,5517,21/12/2020 02:48:37 PM
1170023101,CAMDEN,1 Driver/Rider,1 Male,16-24,22,1,3 Slight,-2 Unknown,-2 N/A,2 Pedal Cycle,CAMDEN STREET J/W BONNY STREET,2,17/02/2017 09:10:00 AM,Friday,9.10,3 Bor,A,400,2 One-Way St,1 <= 20 MPH,3 T/Stag Jun,4 Give Way/Uncontrolled,Unclassified,0,0 No Xing Facility In 50m,1 Daylight,1 Fine,1 Road-Dry,0 None,0 None,529030,184140,-0.140781,51.541421,,,Unknown,"(51.541421, -0.140781)",http://opendatacommunities.org/id/london-borough-council/camden,6745,21/12/2020 02:48:39 PM
1160004318,CAMDEN,1 Driver/Rider,1 Male,25-59,27,1,3 Slight,-2 Unknown,-2 N/A,5 Taxi,CAMDEN ROAD 30M N OF J/W MURRY STREET,3,01/12/2016 04:30:00 AM,Thursday,4.30,1 TLRN,A,503,6 Single Cwy,2 30 MPH,0 No Jun In 20m,-2 Not Applicable,-2 Not Applicable,0,0 No Xing Facility In 50m,2 Dark,1 Fine,4 Road-Frost/Ice,4 Roadworks,0 None,529470,184564,-0.134284,51.54513,,,Unknown,"(51.54513, -0.134284)",http://opendatacommunities.org/id/london-borough-council/camden,5716,21/12/2020 02:48:37 PM
1190199579,CAMDEN,1 DRIVER/RIDER,1 MALE,25-59,48,1,3 SLIGHT,'-2 NOT APPLICABLE,'-2 NOT APPLICABLE,9 PRIVATE HIRE,"On Finchley Road, near the junction with ALVANLEY GARDENS NW3.",2,14/08/2019 10:55:00 PM,Wednesday,22.55,1 TLRN,A,41,3 DUAL CWY,40,09 OTHER JUN,2 AUTO SIG,6,0,5 PEDN PHASE AT ATS,1 DARK,8 OTHER,2 ROAD-WET,0 NONE,0 NONE,525729,185303,-0.18794,51.552617,,,Unknown,"(51.552617, -0.18794)",http://opendatacommunities.org/id/london-borough-council/camden,9273,21/12/2020 02:48:44 PM
1170037989,CAMDEN,1 Driver/Rider,2 Female,25-59,38,1,3 Slight,-2 Unknown,-2 N/A,3 Powered 2 Wheeler,TOTTENHAM COURT ROAD J/W NEW OXFORD STREET,2,17/05/2017 09:00:00 AM,Wednesday,9.00,3 Bor,A,40,2 One-Way St,2 30 MPH,6 Crossroads,2 Auto Sig,A,400,0 No Xing Facility In 50m,1 Daylight,1 Fine,1 Road-Dry,0 None,0 None,529810,181360,-0.130564,51.516258,,,Unknown,"(51.516258, -0.130564)",http://opendatacommunities.org/id/london-borough-council/camden,6973,21/12/2020 02:48:39 PM
1190187384,CAMDEN,1 DRIVER/RIDER,1 MALE,25-59,25,1,3 SLIGHT,'-2 NOT APPLICABLE,'-2 NOT APPLICABLE,2 PEDAL CYCLE,"On Guilford Street, 50 metres north of the junction with Grays Inn Road.",2,14/06/2019 06:15:00 PM,Friday,18.15,3 BOR,B,502,6 SINGLE CWY,20,00 NO JUN IN 20M,,0,0,9 UNKNOWN (S/R),2 DAYLIGHT,1 FINE,1 ROAD-DRY,9 UNKNOWN (S/R),0 NONE,530748,182262,-0.116719,51.524148,,,Unknown,"(51.524148, -0.116719)",http://opendatacommunities.org/id/london-borough-council/camden,9094,21/12/2020 02:48:44 PM
1190222273,CAMDEN,3 PEDESTRIAN,1 MALE,25-59,51,2,3 SLIGHT,04 CROSSING ROAD WITHIN 50M XING,'-2 NOT APPLICABLE,1 PEDESTRIAN,"On Woburn Place, near the junction with Coram Street.",1,02/12/2019 07:18:00 PM,Monday,19.18,3 BOR,A,4200,6 SINGLE CWY,20,03 T/STAG JUN,4 GIVE WAY/UNCONTROLLED,6,0,4 PELICAN OR SIMILAR,1 DARK,1 FINE,1 ROAD-DRY,0 NONE,0 NONE,530041,182208,-0.126924,51.523826,,,Unknown,"(51.523826, -0.126924)",http://opendatacommunities.org/id/london-borough-council/camden,9573,21/12/2020 02:48:45 PM
0115TD00039,CAMDEN,3 Pedestrian,1 Male,25-59,25,1,1 Fatal,07 On Refuge,9 Unknown Or Other,1 Pedestrian,CAMDEN ROAD  J/W ROYAL COLLEGE STREET,1,01/03/2015 08:50:00 AM,Sunday,8.50,1 TLRN,A,503,6 Single Cwy,2 30 MPH,6 Crossroads,2 Auto Sig,A,5202,5 Pedn Phase At Ats,1 Daylight,4 Fine/High Winds,1 Road-Dry,0 None,0 None,529190,184180,-0.13846,51.541743,,,Unknown,"(51.541743, -0.13846)",http://opendatacommunities.org/id/london-borough-council/camden,5636,21/12/2020 02:48:37 PM
1180098874,CAMDEN,1 Driver/Rider,1 Male,25-59,47,1,3 Slight,-2 Unknown,-2 N/A,2 Pedal Cycle,ROYAL COLLEGE STREET 25M S OF J/W PLENDER STREET,2,18/03/2018 05:50:00 PM,Sunday,17.50,3 Bor,A,5202,2 One-Way St,1 <= 20 MPH,0 No Jun In 20m,-2 Not Applicable,-2 Not Applicable,0,9 Unknown (S/R),1 Daylight,1 Fine,4 Road-Frost/Ice,0 None,0 None,529450,183710,-0.134886,51.53746,,,Unknown,"(51.53746, -0.134886)",http://opendatacommunities.org/id/london-borough-council/camden,7850,21/12/2020 02:48:41 PM
1190211281,CAMDEN,2 PASSENGER,1 MALE,25-59,27,1,3 SLIGHT,'-2 NOT APPLICABLE,3 FROM DRIVERS O/SIDE,4 CAR,"On Albany Street, NW1, 34 metres north of the junction with Redhill Street, NW1.",2,12/10/2019 11:10:00 PM,Saturday,23.10,3 BOR,A,4201,6 SINGLE CWY,20,00 NO JUN IN 20M,,0,0,0 NO XING FACILITY IN 50M,1 DARK,2 RAINING,2 ROAD-WET,4 ROADWORKS,2 OTHER OBJECT IN CWY,528753,183047,-0.145173,51.531661,,,Unknown,"(51.531661, -0.145173)",http://opendatacommunities.org/id/london-borough-council/camden,9427,21/12/2020 02:48:44 PM
1170069953,CAMDEN,1 Driver/Rider,1 Male,25-59,41,1,3 Slight,-2 Unknown,-2 N/A,3 Powered 2 Wheeler,CAMDEN ROAD 25M N OF J/W ROCHESTER SQUARE,2,14/11/2017 12:13:00 PM,Tuesday,12.13,1 TLRN,A,503,6 Single Cwy,1 <= 20 MPH,0 No Jun In 20m,-2 Not Applicable,-2 Not Applicable,0,0 No Xing Facility In 50m,1 Daylight,1 Fine,1 Road-Dry,0 None,0 None,529420,184470,-0.135039,51.544297,,,Unknown,"(51.544297, -0.135039)",http://opendatacommunities.org/id/london-borough-council/camden,7511,21/12/2020 02:48:41 PM
0116CW10929,CAMDEN,1 Driver/Rider,1 Male,25-59,45,1,3 Slight,-2 Unknown,-2 N/A,4 Car,PRINCE ALBERT ROAD J/W ST MARK'S SQUARE,2,06/07/2016 10:20:00 AM,Wednesday,10.20,3 Bor,A,5205,6 Single Cwy,2 30 MPH,6 Crossroads,2 Auto Sig,C,0,5 Pedn Phase At Ats,1 Daylight,1 Fine,1 Road-Dry,0 None,0 None,528200,183680,-0.15291,51.537475,,,Unknown,"(51.537475, -0.15291)",http://opendatacommunities.org/id/london-borough-council/camden,5970,21/12/2020 02:48:38 PM
1190197781,CAMDEN,1 DRIVER/RIDER,2 FEMALE,25-59,35,1,3 SLIGHT,'-2 NOT APPLICABLE,9 UNKNOWN OR OTHER,2 PEDAL CYCLE,"On Finchley Rd, near the junction with Blackburn Road.",2,04/08/2019 10:10:00 PM,Sunday,22.10,1 TLRN,A,41,2 ONE-WAY ST,30,06 CROSSROADS,2 AUTO SIG,6,0,5 PEDN PHASE AT ATS,1 DARK,1 FINE,1 ROAD-DRY,0 NONE,0 NONE,526223,184863,-0.180976,51.548552,,,Unknown,"(51.548552, -0.180976)",http://opendatacommunities.org/id/london-borough-council/camden,9254,21/12/2020 02:48:44 PM
1180142221,CAMDEN,3 Pedestrian,1 Male,25-59,51,1,3 Slight,05 Crossing Road (Not On Xing),9 Unknown Or Other,1 Pedestrian,YORK WAY J/W EUSTON ROAD,1,06/07/2018 07:15:00 PM,Friday,19.15,1 TLRN,A,5200,3 Dual Cwy,2 30 MPH,7 Multi Jun,4 Give Way/Uncontrolled,A,501,0 No Xing Facility In 50m,1 Daylight,9 Unknown,9 Unknown (S/R),0 None,0 None,530331,182986,-0.122458,51.530751,,,Unknown,"(51.530751, -0.122458)",http://opendatacommunities.org/id/london-borough-council/camden,8479,21/12/2020 02:48:43 PM
1170076547,CAMDEN,1 Driver/Rider,2 Female,25-59,42,1,3 Slight,-2 Unknown,-2 N/A,5 Taxi,ROSSLYN HILL J/W POND STREET,3,09/12/2017 02:10:00 PM,Saturday,14.10,3 Bor,A,502,6 Single Cwy,1 <= 20 MPH,6 Crossroads,2 Auto Sig,B,518,5 Pedn Phase At Ats,1 Daylight,1 Fine,4 Road-Frost/Ice,0 None,0 None,527020,185400,-0.169295,51.5532,,,Unknown,"(51.5532, -0.169295)",http://opendatacommunities.org/id/london-borough-council/camden,7599,21/12/2020 02:48:41 PM
1170060154,CAMDEN,1 Driver/Rider,2 Female,25-59,33,1,3 Slight,-2 Unknown,-2 N/A,2 Pedal Cycle,YORK WAY J/W MARKET ROAD,2,21/09/2017 08:40:00 AM,Thursday,8.40,3 Bor,A,5200,6 Single Cwy,1 <= 20 MPH,2 Mini,4 Give Way/Uncontrolled,Unclassified,0,0 No Xing Facility In 50m,1 Daylight,1 Fine,1 Road-Dry,0 None,0 None,530020,184560,-0.126358,51.544968,,,Unknown,"(51.544968, -0.126358)",http://opendatacommunities.org/id/london-borough-council/camden,7334,21/12/2020 02:48:40 PM
1170060858,CAMDEN,1 Driver/Rider,1 Male,25-59,35,1,3 Slight,-2 Unknown,-2 N/A,5 Taxi,EARNSHAW STREET J/W ST GILES',4,25/09/2017 03:53:00 PM,Monday,15.53,3 Bor,Unclassified,0,6 Single Cwy,1 <= 20 MPH,9 Other Jun,4 Give Way/Uncontrolled,A,40,0 No Xing Facility In 50m,1 Daylight,1 Fine,1 Road-Dry,4 Roadworks,2 Other Object In Cwy,529960,181300,-0.128425,51.515685,,,Unknown,"(51.515685, -0.128425)",http://opendatacommunities.org/id/london-borough-council/camden,7343,21/12/2020 02:48:40 PM
1170055812,CAMDEN,1 Driver/Rider,1 Male,25-59,34,1,3 Slight,-2 Unknown,-2 N/A,3 Powered 2 Wheeler,EUSTON ROAD 25M W OF J/W EVERSHOLT STREET THE NEAREST CLASSIFIED R,2,13/08/2017 12:20:00 PM,Sunday,12.20,1 TLRN,A,501,3 Dual Cwy,2 30 MPH,0 No Jun In 20m,-2 Not Applicable,-2 Not Applicable,0,0 No Xing Facility In 50m,2 Dark,1 Fine,1 Road-Dry,0 None,0 None,529710,182580,-0.131555,51.527245,,,Unknown,"(51.527245, -0.131555)",http://opendatacommunities.org/id/london-borough-council/camden,7273,21/12/2020 02:48:40 PM
1170045591,CAMDEN,1 Driver/Rider,2 Female,25-59,32,1,3 Slight,-2 Unknown,-2 N/A,2 Pedal Cycle,SHORTS GARDENS J/W ENDELL STREET,2,22/06/2017 05:40:00 PM,Thursday,17.40,3 Bor,B,401,2 One-Way St,1 <= 20 MPH,6 Crossroads,4 Give Way/Uncontrolled,Unclassified,0,1 Zebra,1 Daylight,1 Fine,1 Road-Dry,0 None,0 None,530190,181200,-0.12515,51.514733,,,Unknown,"(51.514733, -0.12515)",http://opendatacommunities.org/id/london-borough-council/camden,7092,21/12/2020 02:48:40 PM
1180094327,CAMDEN,1 Driver/Rider,1 Male,25-59,47,1,2 Serious,-2 Unknown,-2 N/A,2 Pedal Cycle,OUTER CIRCLE J/W CHESTER ROAD,2,06/03/2018 09:20:00 AM,Tuesday,9.20,3 Bor,Unclassified,0,3 Dual Cwy,1 <= 20 MPH,3 T/Stag Jun,4 Give Way/Uncontrolled,Unclassified,0,0 No Xing Facility In 50m,1 Daylight,1 Fine,1 Road-Dry,0 None,0 None,528710,182740,-0.145904,51.528912,,,Unknown,"(51.528912, -0.145904)",http://opendatacommunities.org/id/london-borough-council/camden,7793,21/12/2020 02:48:41 PM
1170016535,CAMDEN,1 Driver/Rider,1 Male,25-59,26,1,3 Slight,-2 Unknown,-2 N/A,2 Pedal Cycle,AGAR GROVE J/W YORK ROAD,2,06/01/2017 06:30:00 PM,Friday,18.30,3 Bor,C,0,6 Single Cwy,2 30 MPH,3 T/Stag Jun,2 Auto Sig,A,5200,5 Pedn Phase At Ats,2 Dark,1 Fine,1 Road-Dry,0 None,0 None,530040,184380,-0.126136,51.543346,,,Unknown,"(51.543346, -0.126136)",http://opendatacommunities.org/id/london-borough-council/camden,6650,21/12/2020 02:48:39 PM
1170023031,CAMDEN,1 Driver/Rider,1 Male,25-59,28,1,3 Slight,-2 Unknown,-2 N/A,3 Powered 2 Wheeler,REDHILL STREET J/W REDHILL STREET,2,05/03/2017 09:25:00 PM,Sunday,21.25,3 Bor,A,4201,6 Single Cwy,1 <= 20 MPH,3 T/Stag Jun,4 Give Way/Uncontrolled,Unclassified,0,0 No Xing Facility In 50m,2 Dark,2 Raining,2 Road-Wet,0 None,0 None,528750,183010,-0.145229,51.531329,,,Unknown,"(51.531329, -0.145229)",http://opendatacommunities.org/id/london-borough-council/camden,6741,21/12/2020 02:48:39 PM
1170049869,CAMDEN,1 Driver/Rider,1 Male,60+,62,1,3 Slight,-2 Unknown,-2 N/A,2 Pedal Cycle,HAMPSTEAD GROVE 21M S OF J/W UPPER TERRACE,3,22/07/2017 04:48:00 PM,Saturday,16.48,3 Bor,Unclassified,0,6 Single Cwy,1 <= 20 MPH,0 No Jun In 20m,-2 Not Applicable,-2 Not Applicable,0,0 No Xing Facility In 50m,1 Daylight,2 Raining,2 Road-Wet,0 None,0 None,526300,186110,-0.179419,51.559742,,,Unknown,"(51.559742, -0.179419)",http://opendatacommunities.org/id/london-borough-council/camden,7175,21/12/2020 02:48:40 PM
1180087852,CAMDEN,1 Driver/Rider,2 Female,25-59,25,1,3 Slight,-2 Unknown,-2 N/A,2 Pedal Cycle,GREAT QUEEN STREET J/W KINGSWAY,2,03/02/2018 05:25:00 PM,Saturday,17.25,3 Bor,B,402,6 Single Cwy,1 <= 20 MPH,3 T/Stag Jun,2 Auto Sig,A,4200,0 No Xing Facility In 50m,2 Dark,2 Raining,2 Road-Wet,0 None,0 None,530530,181360,-0.120193,51.516093,,,Unknown,"(51.516093, -0.120193)",http://opendatacommunities.org/id/london-borough-council/camden,7721,21/12/2020 02:48:41 PM
1160007781,CAMDEN,1 Driver/Rider,1 Male,16-24,24,1,3 Slight,-2 Unknown,-2 N/A,3 Powered 2 Wheeler,LOWER MERTON RISE J/W KING HENRYS ROAD,2,19/12/2016 05:22:00 PM,Monday,17.22,3 Bor,Unclassified,0,1 Roundabout,1 <= 20 MPH,2 Mini,4 Give Way/Uncontrolled,Unclassified,0,4 Pelican Or Similar,2 Dark,8 Other,1 Road-Dry,0 None,0 None,527260,184160,-0.166283,51.542002,,,Unknown,"(51.542002, -0.166283)",http://opendatacommunities.org/id/london-borough-council/camden,5789,21/12/2020 02:48:37 PM
0116EO40665,CAMDEN,1 Driver/Rider,1 Male,25-59,35,1,3 Slight,-2 Unknown,-2 N/A,2 Pedal Cycle,"PENTONVILLE ROAD, J/W CALEDONIAN ROAD",2,15/08/2016 07:30:00 PM,Monday,19.30,1 TLRN,A,501,6 Single Cwy,2 30 MPH,6 Crossroads,2 Auto Sig,A,5203,5 Pedn Phase At Ats,1 Daylight,1 Fine,1 Road-Dry,0 None,0 None,530430,183000,-0.121027,51.530854,,,Unknown,"(51.530854, -0.121027)",http://opendatacommunities.org/id/london-borough-council/camden,6542,21/12/2020 02:48:39 PM
1190173096,CAMDEN,3 PEDESTRIAN,2 FEMALE,16-24,19,1,3 SLIGHT,01 CROSSING ROAD ON PED XING,1 FROM DRIVERS N/SIDE,1 PEDESTRIAN,"On Oakley Square, near the junction with Eversholt Street .",1,02/04/2019 12:00:00 PM,Tuesday,12.00,1 TLRN,A,400,6 SINGLE CWY,30,03 T/STAG JUN,9 UNKNOWN (S/R),A,4200,9 UNKNOWN (S/R),2 DAYLIGHT,2 RAINING,2 ROAD-WET,9 UNKNOWN (S/R),0 NONE,529319,183277,-0.136933,51.533599,,,Unknown,"(51.533599, -0.136933)",http://opendatacommunities.org/id/london-borough-council/camden,8902,21/12/2020 02:48:44 PM
0115EK40822,CAMDEN,2 Passenger,2 Female,25-59,30,1,3 Slight,-2 Unknown,-2 N/A,6 Bus Or Coach,GRAY'S INN ROAD J/W GUILFORD STREET,1,20/09/2015 07:40:00 PM,Sunday,19.40,3 Bor,A,5200,6 Single Cwy,2 30 MPH,6 Crossroads,2 Auto Sig,B,502,5 Pedn Phase At Ats,2 Dark,1 Fine,1 Road-Dry,0 None,0 None,530790,182290,-0.116103,51.52439,,,Unknown,"(51.52439, -0.116103)",http://opendatacommunities.org/id/london-borough-council/camden,5279,21/12/2020 02:48:37 PM
1190209451,CAMDEN,3 PEDESTRIAN,1 MALE,25-59,49,1,3 SLIGHT,05 CROSSING ROAD (NOT ON XING),'-2 NOT APPLICABLE,1 PEDESTRIAN,"On kingsway, 50 metres south of the junction with High holbon.. The nearest classified road was the A4200. The nearest classified road was the A4200",1,04/10/2019 08:10:00 AM,Friday,8.10,3 BOR,A,4200,6 SINGLE CWY,30,00 NO JUN IN 20M,,0,0,0 NO XING FACILITY IN 50M,2 DAYLIGHT,1 FINE,2 ROAD-WET,0 NONE,0 NONE,530567,181383,-0.119652,51.516291,,,Unknown,"(51.516291, -0.119652)",http://opendatacommunities.org/id/london-borough-council/camden,9403,21/12/2020 02:48:44 PM
0116EO40493,CAMDEN,1 Driver/Rider,1 Male,25-59,29,1,3 Slight,-2 Unknown,-2 N/A,3 Powered 2 Wheeler,YORK WAY J/W CALEDONIA STREET,2,01/08/2016 04:20:00 PM,Monday,16.20,3 Bor,A,5200,2 One-Way St,1 <= 20 MPH,3 T/Stag Jun,4 Give Way/Uncontrolled,A,5200,0 No Xing Facility In 50m,1 Daylight,1 Fine,1 Road-Dry,0 None,0 None,530320,183090,-0.122578,51.531688,,,Unknown,"(51.531688, -0.122578)",http://opendatacommunities.org/id/london-borough-council/camden,6539,21/12/2020 02:48:39 PM
0116EK40126,CAMDEN,1 Driver/Rider,1 Male,25-59,56,1,3 Slight,-2 Unknown,-2 N/A,7 Goods Vehicle,CAMDEN ROAD J/W CAMDEN PARK ROAD.,2,05/03/2016 09:55:00 AM,Saturday,9.55,1 TLRN,A,503,6 Single Cwy,2 30 MPH,6 Crossroads,2 Auto Sig,A,5200,5 Pedn Phase At Ats,1 Daylight,2 Raining,2 Road-Wet,0 None,0 None,529720,184860,-0.130572,51.547733,,,Unknown,"(51.547733, -0.130572)",http://opendatacommunities.org/id/london-borough-council/camden,6082,21/12/2020 02:48:38 PM
1170045972,CAMDEN,1 Driver/Rider,1 Male,25-59,26,1,3 Slight,-2 Unknown,-2 N/A,3 Powered 2 Wheeler,MONTAGUE STREET J/W GREAT RUSSELL ST,2,01/07/2017 12:25:00 AM,Saturday,0.25,3 Bor,C,0,6 Single Cwy,1 <= 20 MPH,3 T/Stag Jun,4 Give Way/Uncontrolled,C,0,1 Zebra,2 Dark,1 Fine,1 Road-Dry,0 None,0 None,530220,181660,-0.124548,51.51886,,,Unknown,"(51.51886, -0.124548)",http://opendatacommunities.org/id/london-borough-council/camden,7105,21/12/2020 02:48:40 PM
1170034287,CAMDEN,1 Driver/Rider,1 Male,25-59,33,1,3 Slight,-2 Unknown,-2 N/A,2 Pedal Cycle,GRAYS INN ROAD J/W GUILDFORD STREET,2,27/04/2017 01:41:00 PM,Thursday,13.41,3 Bor,A,5200,6 Single Cwy,1 <= 20 MPH,6 Crossroads,2 Auto Sig,B,502,5 Pedn Phase At Ats,1 Daylight,1 Fine,1 Road-Dry,0 None,0 None,530800,182280,-0.115963,51.524298,,,Unknown,"(51.524298, -0.115963)",http://opendatacommunities.org/id/london-borough-council/camden,6918,21/12/2020 02:48:39 PM
1170043948,CAMDEN,3 Pedestrian,2 Female,25-59,45,1,2 Serious,01 Crossing Road On Ped Xing,9 Unknown Or Other,1 Pedestrian,POND STREET J/W HAMPSTEAD GREEN,1,20/06/2017 12:58:00 PM,Tuesday,12.58,3 Bor,B,518,6 Single Cwy,2 30 MPH,3 T/Stag Jun,4 Give Way/Uncontrolled,Unclassified,0,1 Zebra,1 Daylight,1 Fine,1 Road-Dry,0 None,0 None,527160,185460,-0.167255,51.553707,,,Unknown,"(51.553707, -0.167255)",http://opendatacommunities.org/id/london-borough-council/camden,7062,21/12/2020 02:48:39 PM