Reference,London Borough Name,Casualty Class,Casualty Sex,Casualty Age Band,Casualty Age,Number Of Casualties,Casualty Severity,Pedestrian Location,Pedestrian Movement,Mode Of Travel,Attendant Location,Number Of Vehicles,Date,Day,Time,Highway,Road Class 1,Road Number 1,Road Type,Speed Limit,Junction Detail,Junction Control,Road Class 2,Road Number 2,Pedestrian Crossing,Light Condition Band,Weather,Road Surface,Special Conditions,Carriage Way Hazard,Easting,Northing,Longitude,Latitude,Ward Code,Ward Name,Spatial Accuracy,Location,Organisation URI,Socrata ID,Last Uploaded
1170012089,CAMDEN,3 Pedestrian,1 Male,25-59,38,1,3 Slight,04 Crossing Road Within 50m Xing,2 From Drivers N/Side Msk,1 Pedestrian,KINGSWAY J/W GREAT QUEEN STREET,1,16/01/2017 11:36:00 PM,Monday,23.36,3 Bor,A,4200,3 Dual Cwy,1 <= 20 MPH,6 Crossroads,2 Auto Sig,B,402,5 Pedn Phase At Ats,2 Dark,1 Fine,1 Road-Dry,0 None,0 None,530550,181390,-0.119894,51.516358,,,Unknown,"(51.516358, -0.119894)",http://opendatacommunities.org/id/london-borough-council/camden,6590,21/12/2020 02:48:39 PM
1170031071,CAMDEN,1 Driver/Rider,1 Male,25-59,25,1,3 Slight,-2 Unknown,-2 N/A,3 Powered 2 Wheeler,YORK WAY 30M N OF J/W WARFDALE ROAD,1,08/04/2017 03:15:00 PM,Saturday,15.15,3 Bor,A,5200,6 Single Cwy,1 <= 20 MPH,0 No Jun In 20m,-2 Not Applicable,-2 Not Applicable,0,0 No Xing Facility In 50m,1 Daylight,1 Fine,1 Road-Dry,0 None,0 None,530340,183350,-0.122194,51.53402,,,Unknown,"(51.53402, -0.122194)",http://opendatacommunities.org/id/london-borough-council/camden,6863,21/12/2020 02:48:39 PM
0115EK40359,CAMDEN,3 Pedestrian,1 Male,25-59,25,1,3 Slight,09 In Road - Not Crossing,9 Unknown Or Other,1 Pedestrian,CAMDEN HIGH STREET 30M SE OF J/W CASTLEHAVEN ROAD,1,09/05/2015 11:42:00 PM,Saturday,23.42,3 Bor,A,502,2 One-Way St,2 30 MPH,0 No Jun In 20m,-2 Not Applicable,-2 Not Applicable,0,0 No Xing Facility In 50m,2 Dark,1 Fine,1 Road-Dry,0 None,0 None,528700,184140,-0.145537,51.541496,,,Unknown,"(51.541496, -0.145537)",http://opendatacommunities.org/id/london-borough-council/camden,4866,21/12/2020 02:48:36 PM
1190184466,CAMDEN,1 DRIVER/RIDER,1 MALE,25-59,34,1,3 SLIGHT,'-2 NOT APPLICABLE,'-2 NOT APPLICABLE,2 PEDAL CYCLE,"On Kilburn High Road, near the junction with quex road.",2,01/06/2019 09:40:00 AM,Saturday,9.40,3 BOR,A,5,3 DUAL CWY,30,06 CROSSROADS,2 AUTO SIG,B,510,0 NO XING FACILITY IN 50M,2 DAYLIGHT,1 FINE,1 ROAD-DRY,0 NONE,0 NONE,525248,183866,-0.195385,51.539809,,,Unknown,"(51.539809, -0.195385)",http://opendatacommunities.org/id/london-borough-council/camden,9055,21/12/2020 02:48:44 PM
0116EK40175,CAMDEN,1 Driver/Rider,2 Female,25-59,52,1,3 Slight,-2 Unknown,-2 N/A,2 Pedal Cycle,GRAFTON RD J/W ATHLONE STREET,2,04/03/2016 07:30:00 AM,Friday,7.30,3 Bor,C,0,6 Single Cwy,1 <= 20 MPH,6 Crossroads,4 Give Way/Uncontrolled,Unclassified,0,0 No Xing Facility In 50m,1 Daylight,1 Fine,2 Road-Wet,0 None,0 None,528590,184930,-0.146834,51.54862,,,Unknown,"(51.54862, -0.146834)",http://opendatacommunities.org/id/london-borough-council/camden,6125,21/12/2020 02:48:38 PM
1190196645,CAMDEN,1 DRIVER/RIDER,1 MALE,25-59,30,1,3 SLIGHT,'-2 NOT APPLICABLE,'-2 NOT APPLICABLE,2 PEDAL CYCLE,"On Pratt Street, near the junction with Bayham Street.",2,26/07/2019 04:35:00 PM,Friday,16.35,3 BOR,A,503,6 SINGLE CWY,20,06 CROSSROADS,9 UNKNOWN (S/R),5,0,0 NO XING FACILITY IN 50M,2 DAYLIGHT,1 FINE,1 ROAD-DRY,0 NONE,9 UNKNOWN (S/R),529101,183717,-0.139913,51.537603,,,Unknown,"(51.537603, -0.139913)",http://opendatacommunities.org/id/london-borough-council/camden,9238,21/12/2020 02:48:44 PM
1170065528,CAMDEN,3 Pedestrian,1 Male,25-59,52,1,2 Serious,06 On Footpath - Verge,9 Unknown Or Other,1 Pedestrian,CAMDEN ROAD 25M W OF J/W CAMDEN STREET THE NEAREST CLASSIFIED ROAD,1,19/10/2017 04:46:00 PM,Thursday,16.46,1 TLRN,A,503,6 Single Cwy,1 <= 20 MPH,0 No Jun In 20m,-2 Not Applicable,-2 Not Applicable,0,5 Pedn Phase At Ats,1 Daylight,1 Fine,1 Road-Dry,0 None,0 None,529040,184020,-0.140681,51.54034,,,Unknown,"(51.54034, -0.140681)",http://opendatacommunities.org/id/london-borough-council/camden,7439,21/12/2020 02:48:40 PM
1190169725,CAMDEN,1 DRIVER/RIDER,1 MALE,16-24,23,1,3 SLIGHT,'-2 NOT APPLICABLE,'-2 NOT APPLICABLE,4 CAR,"On Abbey Road, near the junction with Piory Road.",2,17/03/2019 08:30:00 PM,Sunday,20.30,3 BOR,B,507,6 SINGLE CWY,20,06 CROSSROADS,9 UNKNOWN (S/R),5,0,9 UNKNOWN (S/R),1 DARK,1 FINE,1 ROAD-DRY,0 NONE,0 NONE,525636,184014,-0.189741,51.541053,,,Unknown,"(51.541053, -0.189741)",http://opendatacommunities.org/id/london-borough-council/camden,8851,21/12/2020 02:48:43 PM
0116EK40613,CAMDEN,1 Driver/Rider,1 Male,25-59,32,1,3 Slight,-2 Unknown,-2 N/A,3 Powered 2 Wheeler,THEOBALD'S ROAD J/W GRAY'S INN ROAD.,2,23/08/2016 08:45:00 PM,Tuesday,20.45,3 Bor,A,401,3 Dual Cwy,2 30 MPH,6 Crossroads,2 Auto Sig,A,5200,5 Pedn Phase At Ats,2 Dark,1 Fine,1 Road-Dry,0 None,0 None,530980,181970,-0.113485,51.521471,,,Unknown,"(51.521471, -0.113485)",http://opendatacommunities.org/id/london-borough-council/camden,6490,21/12/2020 02:48:39 PM
0116EK40502,CAMDEN,3 Pedestrian,2 Female,25-59,25,1,2 Serious,01 Crossing Road On Ped Xing,3 From Drivers O/Side,1 Pedestrian,HIGHGATE WEST HILL J/W MILLFIELD LANE.,1,19/06/2016 11:25:00 AM,Sunday,11.25,3 Bor,C,0,6 Single Cwy,1 <= 20 MPH,3 T/Stag Jun,4 Give Way/Uncontrolled,Unclassified,0,1 Zebra,1 Daylight,1 Fine,1 Road-Dry,0 None,0 None,528160,186540,-0.152445,51.563187,,,Unknown,"(51.563187, -0.152445)",http://opendatacommunities.org/id/london-borough-council/camden,6412,21/12/2020 02:48:38 PM
1180153762,CAMDEN,2 Passenger,2 Female,25-59,32,1,3 Slight,-2 Unknown,-2 N/A,4 Car,EUSTON ROAD 20M E OF J/W BELGROVE STREET,2,22/12/2018 12:01:00 AM,Saturday,0.01,1 TLRN,A,501,3 Dual Cwy,2 30 MPH,3 T/Stag Jun,2 Auto Sig,Unclassified,0,0 No Xing Facility In 50m,2 Dark,8 Other,2 Road-Wet,0 None,0 None,530250,182910,-0.123653,51.530087,,,Unknown,"(51.530087, -0.123653)",http://opendatacommunities.org/id/london-borough-council/camden,8636,21/12/2020 02:48:43 PM
1170015298,CAMDEN,3 Pedestrian,1 Male,60+,64,1,3 Slight,05 Crossing Road (Not On Xing),9 Unknown Or Other,1 Pedestrian,GRAFTON ROAD J/W QUEEN'S CRESCENT,1,27/01/2017 09:00:00 PM,Friday,21.00,3 Bor,C,0,6 Single Cwy,2 30 MPH,6 Crossroads,9 Unknown (S/R),Unclassified,0,9 Unknown (S/R),2 Dark,1 Fine,1 Road-Dry,9 Unknown (S/R),9 Unknown (S/R),528380,185160,-0.149777,51.550735,,,Unknown,"(51.550735, -0.149777)",http://opendatacommunities.org/id/london-borough-council/camden,6632,21/12/2020 02:48:39 PM
0116EK40337,CAMDEN,1 Driver/Rider,1 Male,16-24,21,1,3 Slight,-2 Unknown,-2 N/A,3 Powered 2 Wheeler,REGENT'S PARK RD J/W ST MARK'S CRESCENT,2,15/05/2016 06:08:00 PM,Sunday,18.08,3 Bor,C,0,6 Single Cwy,2 30 MPH,3 T/Stag Jun,4 Give Way/Uncontrolled,Unclassified,0,0 No Xing Facility In 50m,1 Daylight,1 Fine,1 Road-Dry,0 None,0 None,528320,183750,-0.151156,51.538077,,,Unknown,"(51.538077, -0.151156)",http://opendatacommunities.org/id/london-borough-council/camden,6270,21/12/2020 02:48:38 PM
0116EK40199,CAMDEN,1 Driver/Rider,1 Male,25-59,39,1,3 Slight,-2 Unknown,-2 N/A,5 Taxi,VERNON PLACE J/W SOUTHAMPTON PLACE,2,03/04/2016 07:00:00 AM,Sunday,7.00,3 Bor,A,40,2 One-Way St,2 30 MPH,3 T/Stag Jun,4 Give Way/Uncontrolled,C,0,0 No Xing Facility In 50m,1 Daylight,1 Fine,1 Road-Dry,0 None,0 None,530380,181620,-0.122258,51.518464,,,Unknown,"(51.518464, -0.122258)",http://opendatacommunities.org/id/london-borough-council/camden,6146,21/12/2020 02:48:38 PM
1190172632,CAMDEN,2 PASSENGER,2 FEMALE,16-24,20,2,3 SLIGHT,'-2 NOT APPLICABLE,'-2 NOT APPLICABLE,4 CAR,"On Finchley Road, near the junction with Platts Lane.",2,01/04/2019 01:55:00 PM,Monday,13.55,1 TLRN,A,41,3 DUAL CWY,30,09 OTHER JUN,2 AUTO SIG,6,0,5 PEDN PHASE AT ATS,2 DAYLIGHT,1 FINE,1 ROAD-DRY,0 NONE,0 NONE,525166,185901,-0.195844,51.558116,,,Unknown,"(51.558116, -0.195844)",http://opendatacommunities.org/id/london-borough-council/camden,8898,21/12/2020 02:48:44 PM
1180113651,CAMDEN,3 Pedestrian,2 Female,25-59,26,1,3 Slight,10 Unknown,1 From Drivers N/Side,1 Pedestrian,KING'S MEWS 68M N OF J/W THEOBALDS ROAD,1,27/05/2018 01:00:00 AM,Sunday,1.00,3 Bor,Unclassified,0,6 Single Cwy,2 30 MPH,0 No Jun In 20m,-2 Not Applicable,-2 Not Applicable,0,9 Unknown (S/R),2 Dark,2 Raining,2 Road-Wet,0 None,0 None,530920,182000,-0.114338,51.521754,,,Unknown,"(51.521754, -0.114338)",http://opendatacommunities.org/id/london-borough-council/camden,8067,21/12/2020 02:48:42 PM
0116EK40433,CAMDEN,1 Driver/Rider,1 Male,25-59,43,1,3 Slight,-2 Unknown,-2 N/A,2 Pedal Cycle,PROCTER STREET J/W HIGH HOLBORN,2,21/06/2016 08:40:00 AM,Tuesday,8.40,3 Bor,A,40,2 One-Way St,2 30 MPH,3 T/Stag Jun,2 Auto Sig,A,40,5 Pedn Phase At Ats,1 Daylight,1 Fine,1 Road-Dry,0 None,0 None,530600,181560,-0.119111,51.517874,,,Unknown,"(51.517874, -0.119111)",http://opendatacommunities.org/id/london-borough-council/camden,6348,21/12/2020 02:48:38 PM
0116EK40055,CAMDEN,3 Pedestrian,2 Female,25-59,27,1,3 Slight,05 Crossing Road (Not On Xing),3 From Drivers O/Side,1 Pedestrian,GREAT RUSSELL STREET J/W BEDFORD PLACE,1,06/02/2016 09:15:00 PM,Saturday,21.15,3 Bor,C,0,6 Single Cwy,1 <= 20 MPH,3 T/Stag Jun,4 Give Way/Uncontrolled,Unclassified,0,0 No Xing Facility In 50m,2 Dark,1 Fine,1 Road-Dry,0 None,0 None,530290,181720,-0.123517,51.519383,,,Unknown,"(51.519383, -0.123517)",http://opendatacommunities.org/id/london-borough-council/camden,6023,21/12/2020 02:48:38 PM
0115CW11326,CAMDEN,1 Driver/Rider,2 Female,25-59,37,1,3 Slight,-2 Unknown,-2 N/A,3 Powered 2 Wheeler,KEMBLE STREET 20M SOUTH WEST J/W KINGSWAY,2,04/09/2015 02:45:00 PM,Friday,14.45,3 Bor,A,4200,6 Single Cwy,2 30 MPH,3 T/Stag Jun,4 Give Way/Uncontrolled,A,4200,0 No Xing Facility In 50m,1 Daylight,1 Fine,1 Road-Dry,0 None,0 None,530620,181200,-0.118956,51.514634,,,Unknown,"(51.514634, -0.118956)",http://opendatacommunities.org/id/london-borough-council/camden,4573,21/12/2020 02:48:35 PM
1160012745,CAMDEN,1 Driver/Rider,1 Male,25-59,49,1,3 Slight,-2 Unknown,-2 N/A,2 Pedal Cycle,"ON PRINCE OF WALES ROAD, NEAR THE JUNCTION WITH ANGLERS LANE .",2,19/09/2016 08:30:00 AM,Monday,8.30,3 Bor,C,0,6 Single Cwy,2 30 MPH,3 T/Stag Jun,2 Auto Sig,C,0,5 Pedn Phase At Ats,1 Daylight,1 Fine,1 Road-Dry,0 None,0 None,528830,184710,-0.143455,51.546589,,,Unknown,"(51.546589, -0.143455)",http://opendatacommunities.org/id/london-borough-council/camden,5855,21/12/2020 02:48:38 PM
1160003594,CAMDEN,1 Driver/Rider,1 Male,25-59,36,1,3 Slight,-2 Unknown,-2 N/A,2 Pedal Cycle,WOBURN PLACE J/W CORAM STREET,2,27/11/2016 12:58:00 AM,Sunday,0.58,3 Bor,A,4200,6 Single Cwy,1 <= 20 MPH,3 T/Stag Jun,3 Stop Sign,Unclassified,0,8 Central Refuge,2 Dark,1 Fine,1 Road-Dry,0 None,0 None,530030,182210,-0.127082,51.523847,,,Unknown,"(51.523847, -0.127082)",http://opendatacommunities.org/id/london-borough-council/camden,5704,21/12/2020 02:48:37 PM
1170048890,CAMDEN,1 Driver/Rider,1 Male,25-59,30,1,3 Slight,-2 Unknown,-2 N/A,2 Pedal Cycle,CAMDEN HIGH STREET 21M S OF J/W JAMESTOWN ROAD,2,04/07/2017 10:45:00 PM,Tuesday,22.45,3 Bor,A,502,2 One-Way St,2 30 MPH,0 No Jun In 20m,-2 Not Applicable,-2 Not Applicable,0,0 No Xing Facility In 50m,2 Dark,9 Unknown,9 Unknown (S/R),0 None,0 None,528819,184019,-0.143866,51.540381,,,Unknown,"(51.540381, -0.143866)",http://opendatacommunities.org/id/london-borough-council/camden,7159,21/12/2020 02:48:40 PM
1170030093,CAMDEN,1 Driver/Rider,2 Female,25-59,31,1,3 Slight,-2 Unknown,-2 N/A,2 Pedal Cycle,RUSSELL SQUARE 25M W OF J/W GUILFORD STREET THE NEAREST CLASSIFIED,2,03/04/2017 02:15:00 PM,Monday,14.15,3 Bor,A,4200,9 Unknown,1 <= 20 MPH,3 T/Stag Jun,4 Give Way/Uncontrolled,B,502,9 Unknown (S/R),1 Daylight,1 Fine,1 Road-Dry,9 Unknown (S/R),9 Unknown (S/R),530170,182030,-0.125131,51.522197,,,Unknown,"(51.522197, -0.125131)",http://opendatacommunities.org/id/london-borough-council/camden,6845,21/12/2020 02:48:39 PM
1180145062,CAMDEN,1 Driver/Rider,1 Male,25-59,31,1,3 Slight,-2 Unknown,-2 N/A,5 Taxi,KINGSWAY J/W REMNANT STREET,2,12/11/2018 01:18:00 PM,Monday,13.18,3 Bor,A,4200,6 Single Cwy,1 <= 20 MPH,6 Crossroads,2 Auto Sig,A,4200,0 No Xing Facility In 50m,1 Daylight,2 Raining,2 Road-Wet,0 None,0 None,530570,181390,-0.119606,51.516353,,,Unknown,"(51.516353, -0.119606)",http://opendatacommunities.org/id/london-borough-council/camden,8516,21/12/2020 02:48:43 PM
1190190781,CAMDEN,2 PASSENGER,2 FEMALE,25-59,59,1,3 SLIGHT,'-2 NOT APPLICABLE,'-2 NOT APPLICABLE,6 BUS OR COACH,"On Oxford Street, 20 metres east of the junction with Tottenham court Road .",1,01/07/2019 12:35:00 PM,Monday,12.35,3 BOR,A,40,6 SINGLE CWY,30,07 MULTI JUN,2 AUTO SIG,A,400,5 PEDN PHASE AT ATS,2 DAYLIGHT,1 FINE,1 ROAD-DRY,0 NONE,6 PED IN CWY - NOT INJ,529791,181365,-0.130836,51.516308,,,Unknown,"(51.516308, -0.130836)",http://opendatacommunities.org/id/london-borough-council/camden,9146,21/12/2020 02:48:44 PM
1170046948,CAMDEN,1 Driver/Rider,2 Female,25-59,48,1,3 Slight,-2 Unknown,-2 N/A,4 Car,ETON AVENUE 25M W OF J/W BELSIZE PARK GARDENS,2,03/07/2017 04:15:00 PM,Monday,16.15,3 Bor,Unclassified,0,6 Single Cwy,1 <= 20 MPH,0 No Jun In 20m,-2 Not Applicable,-2 Not Applicable,0,9 Unknown (S/R),1 Daylight,1 Fine,1 Road-Dry,9 Unknown (S/R),9 Unknown (S/R),527120,184470,-0.168189,51.544819,,,Unknown,"(51.544819, -0.168189)",http://opendatacommunities.org/id/london-borough-council/camden,7121,21/12/2020 02:48:40 PM
1180128674,CAMDEN,1 Driver/Rider,1 Male,25-59,38,1,3 Slight,-2 Unknown,-2 N/A,3 Powered 2 Wheeler,HIGHGATE ROAD J/W FORTESS WALK,2,23/08/2018 07:45:00 PM,Thursday,19.45,3 Bor,B,518,6 Single Cwy,2 30 MPH,3 T/Stag Jun,2 Auto Sig,Unclassified,0,5 Pedn Phase At Ats,1 Daylight,1 Fine,1 Road-Dry,0 None,0 None,528934,185345,-0.141723,51.552272,,,Unknown,"(51.552272, -0.141723)",http://opendatacommunities.org/id/london-borough-council/camden,8271,21/12/2020 02:48:42 PM
0115EK40305,CAMDEN,2 Passenger,1 Male,16-24,21,1,3 Slight,-2 Unknown,-2 N/A,5 Taxi,GOODGE STREET J/W WHITEFIELD STREET,5,19/04/2015 11:49:00 AM,Sunday,11.49,3 Bor,B,506,6 Single Cwy,2 30 MPH,6 Crossroads,2 Auto Sig,Unclassified,0,5 Pedn Phase At Ats,1 Daylight,1 Fine,1 Road-Dry,0 None,0 None,529530,181760,-0.13445,51.519917,,,Unknown,"(51.519917, -0.13445)",http://opendatacommunities.org/id/london-borough-council/camden,4826,21/12/2020 02:48:36 PM
1190208062,CAMDEN,1 DRIVER/RIDER,1 MALE,U,,1,2 SERIOUS,'-2 NOT APPLICABLE,'-2 NOT APPLICABLE,2 PEDAL CYCLE,"On Eversholt Street, near the junction with Phoenix.",2,04/09/2019 08:45:00 AM,Wednesday,8.45,3 BOR,A,4200,6 SINGLE CWY,10,99 UNKNOWN (S/R),9 UNKNOWN (S/R),5,0,1 ZEBRA,2 DAYLIGHT,2 RAINING,1 ROAD-DRY,9 UNKNOWN (S/R),9 UNKNOWN (S/R),529533,182918,-0.133981,51.530323,,,Unknown,"(51.530323, -0.133981)",http://opendatacommunities.org/id/london-borough-council/camden,9392,21/12/2020 02:48:44 PM
1180085998,CAMDEN,1 Driver/Rider,1 Male,25-59,30,1,3 Slight,-2 Unknown,-2 N/A,3 Powered 2 Wheeler,FAWLEY ROAD J/W FORTUNE GREEN ROAD,2,25/01/2018 05:30:00 PM,Thursday,17.30,3 Bor,B,510,6 Single Cwy,2 30 MPH,6 Crossroads,4 Give Way/Uncontrolled,Unclassified,0,1 Zebra,1 Daylight,2 Raining,2 Road-Wet,0 None,0 None,525500,185020,-0.191342,51.550124,,,Unknown,"(51.550124, -0.191342)",http://opendatacommunities.org/id/london-borough-council/camden,7695,21/12/2020 02:48:41 PM
1190227853,CAMDEN,1 DRIVER/RIDER,1 MALE,25-59,29,1,3 SLIGHT,'-2 NOT APPLICABLE,'-2 NOT APPLICABLE,3 POWERED 2 WHEELER,"On Finchley Road, near the junction with Hendon Way .",2,30/12/2019 05:00:00 PM,Monday,17.00,1 TLRN,A,41,6 SINGLE CWY,30,03 T/STAG JUN,4 GIVE WAY/UNCONTROLLED,A,598,0 NO XING FACILITY IN 50M,1 DARK,1 FINE,2 ROAD-WET,0 NONE,0 NONE,525085,186077,-0.196949,51.559716,,,Unknown,"(51.559716, -0.196949)",http://opendatacommunities.org/id/london-borough-council/camden,9657,21/12/2020 02:48:45 PM
1170042653,CAMDEN,3 Pedestrian,1 Male,0-15,14,1,3 Slight,05 Crossing Road (Not On Xing),4 From Drivers O/Side Msk,1 Pedestrian,DRUMMOND ST 30M W OF J/W HAMPSTEAD ROAD THE NEAREST CLASSIFIED ROA,1,13/06/2017 08:45:00 AM,Tuesday,8.45,3 Bor,C,0,6 Single Cwy,1 <= 20 MPH,0 No Jun In 20m,-2 Not Applicable,-2 Not Applicable,0,0 No Xing Facility In 50m,1 Daylight,1 Fine,1 Road-Dry,0 None,0 None,529260,182500,-0.138068,51.526629,,,Unknown,"(51.526629, -0.138068)",http://opendatacommunities.org/id/london-borough-council/camden,7037,21/12/2020 02:48:39 PM
1190196184,CAMDEN,3 PEDESTRIAN,1 MALE,25-59,30,1,3 SLIGHT,09 IN ROAD - NOT CROSSING,'-2 NOT APPLICABLE,1 PEDESTRIAN,"On Pratt Street, near the junction with ROYAL COLLEGE STREET.",1,27/07/2019 12:45:00 AM,Saturday,0.45,3 BOR,A,5202,2 ONE-WAY ST,20,06 CROSSROADS,4 GIVE WAY/UNCONTROLLED,5,0,0 NO XING FACILITY IN 50M,1 DARK,2 RAINING,2 ROAD-WET,0 NONE,0 NONE,529363,183892,-0.136073,51.539116,,,Unknown,"(51.539116, -0.136073)",http://opendatacommunities.org/id/london-borough-council/camden,9233,21/12/2020 02:48:44 PM
1170069473,CAMDEN,2 Passenger,1 Male,25-59,40,1,3 Slight,-2 Unknown,-2 N/A,5 Taxi,SHAFTESBURY AVENUE J/W HIGH HOLBORN,2,11/11/2017 12:45:00 PM,Saturday,12.45,3 Bor,B,522,3 Dual Cwy,2 30 MPH,6 Crossroads,2 Auto Sig,A,40,1 Zebra,1 Daylight,2 Raining,2 Road-Wet,0 None,0 None,530080,181300,-0.126697,51.515657,,,Unknown,"(51.515657, -0.126697)",http://opendatacommunities.org/id/london-borough-council/camden,7506,21/12/2020 02:48:41 PM
0115EK40654,CAMDEN,3 Pedestrian,2 Female,16-24,20,1,3 Slight,05 Crossing Road (Not On Xing),3 From Drivers O/Side,1 Pedestrian,WOBURN PLACE J/W CORAM STREET.,1,10/07/2015 08:10:00 AM,Friday,8.10,3 Bor,A,4200,6 Single Cwy,2 30 MPH,3 T/Stag Jun,4 Give Way/Uncontrolled,Unclassified,0,0 No Xing Facility In 50m,1 Daylight,1 Fine,1 Road-Dry,0 None,0 None,530030,182210,-0.127082,51.523847,,,Unknown,"(51.523847, -0.127082)",http://opendatacommunities.org/id/london-borough-council/camden,5126,21/12/2020 02:48:36 PM
1190196152,CAMDEN,1 DRIVER/RIDER,1 MALE,25-59,38,1,3 SLIGHT,'-2 NOT APPLICABLE,'-2 NOT APPLICABLE,3 POWERED 2 WHEELER,"On Greenland Street, near the junction with Greenland Place.",2,26/07/2019 04:56:00 PM,Friday,16.56,3 BOR,6,0,2 ONE-WAY ST,20,03 T/STAG JUN,4 GIVE WAY/UNCONTROLLED,6,0,9 UNKNOWN (S/R),2 DAYLIGHT,1 FINE,1 ROAD-DRY,0 NONE,0 NONE,529007,183799,-0.141237,51.538361,,,Unknown,"(51.538361, -0.141237)",http://opendatacommunities.org/id/london-borough-council/camden,9231,21/12/2020 02:48:44 PM
1190210943,CAMDEN,1 DRIVER/RIDER,1 MALE,25-59,47,1,3 SLIGHT,'-2 NOT APPLICABLE,'-2 NOT APPLICABLE,3 POWERED 2 WHEELER,"On Chalk Farm Road, 25 metres east of the junction with Belmont Street.",2,02/10/2019 09:20:00 AM,Wednesday,9.20,3 BOR,A,502,6 SINGLE CWY,30,00 NO JUN IN 20M,,0,0,5 PEDN PHASE AT ATS,1 DARK,1 FINE,1 ROAD-DRY,9 UNKNOWN (S/R),0 NONE,528308,184338,-0.151114,51.543364,,,Unknown,"(51.543364, -0.151114)",http://opendatacommunities.org/id/london-borough-council/camden,9420,21/12/2020 02:48:44 PM
0115EK40711,CAMDEN,1 Driver/Rider,1 Male,25-59,36,1,3 Slight,-2 Unknown,-2 N/A,3 Powered 2 Wheeler,CHALK FARM ROAD J/W CROGSLAND ROAD,2,13/08/2015 07:45:00 AM,Thursday,7.45,3 Bor,A,502,6 Single Cwy,2 30 MPH,3 T/Stag Jun,2 Auto Sig,Unclassified,0,5 Pedn Phase At Ats,1 Daylight,1 Fine,1 Road-Dry,0 None,0 None,528220,184380,-0.152367,51.543762,,,Unknown,"(51.543762, -0.152367)",http://opendatacommunities.org/id/london-borough-council/camden,5183,21/12/2020 02:48:37 PM
1170031070,CAMDEN,3 Pedestrian,2 Female,0-15,13,1,3 Slight,01 Crossing Road On Ped Xing,1 From Drivers N/Side,1 Pedestrian,KILBURN HIGH ROAD 20M N OF J/W COVENTRY CLOSE,1,08/04/2017 06:39:00 PM,Saturday,18.39,3 Bor,A,5,6 Single Cwy,1 <= 20 MPH,3 T/Stag Jun,2 Auto Sig,A,5,5 Pedn Phase At Ats,1 Daylight,1 Fine,1 Road-Dry,0 None,0 None,525450,183570,-0.19258,51.537104,,,Unknown,"(51.537104, -0.19258)",http://opendatacommunities.org/id/london-borough-council/camden,6862,21/12/2020 02:48:39 PM
1160009233,CAMDEN,2 Passenger,2 Female,60+,70,1,3 Slight,-2 Unknown,-2 N/A,4 Car,FINCHLEY ROAD J/W HENDON WAY,2,30/12/2016 01:08:00 PM,Friday,13.08,1 TLRN,A,598,3 Dual Cwy,2 30 MPH,3 T/Stag Jun,2 Auto Sig,A,41,4 Pelican Or Similar,1 Daylight,1 Fine,2 Road-Wet,0 None,0 None,525080,186040,-0.197034,51.559384,,,Unknown,"(51.559384, -0.197034)",http://opendatacommunities.org/id/london-borough-council/camden,5813,21/12/2020 02:48:37 PM
1180152992,CAMDEN,3 Pedestrian,1 Male,25-59,26,1,3 Slight,01 Crossing Road On Ped Xing,1 From Drivers N/Side,1 Pedestrian,CAMDEN ROAD J/W CANTELOWES ROAD,1,18/12/2018 07:16:00 PM,Tuesday,19.16,1 TLRN,A,503,3 Dual Cwy,2 30 MPH,3 T/Stag Jun,2 Auto Sig,Unclassified,0,4 Pelican Or Similar,2 Dark,2 Raining,2 Road-Wet,0 None,0 None,529590,184710,-0.132501,51.546415,,,Unknown,"(51.546415, -0.132501)",http://opendatacommunities.org/id/london-borough-council/camden,8626,21/12/2020 02:48:43 PM
0115EO40850,CAMDEN,2 Passenger,1 Male,16-24,24,1,3 Slight,-2 Unknown,-2 N/A,4 Car,NFL - YORK WAY J/W CANAL REACH,2,01/11/2015 07:45:00 AM,Sunday,7.45,3 Bor,A,5200,6 Single Cwy,2 30 MPH,3 T/Stag Jun,4 Give Way/Uncontrolled,Unclassified,0,8 Central Refuge,1 Daylight,7 Fog/Mist,1 Road-Dry,0 None,0 None,530180,183970,-0.12427,51.539629,,,Unknown,"(51.539629, -0.12427)",http://opendatacommunities.org/id/london-borough-council/camden,5606,21/12/2020 02:48:37 PM
0115EK40120,CAMDEN,3 Pedestrian,2 Female,60+,63,1,3 Slight,09 In Road - Not Crossing,5 In Rd Not Crossing,1 Pedestrian,HIGHGATE ROAD J/W DARTMOUTH PARK ROAD,1,16/02/2015 11:10:00 AM,Monday,11.10,3 Bor,C,0,6 Single Cwy,2 30 MPH,3 T/Stag Jun,4 Give Way/Uncontrolled,Unclassified,0,0 No Xing Facility In 50m,1 Daylight,1 Fine,1 Road-Dry,0 None,0 None,528550,185860,-0.147071,51.556987,,,Unknown,"(51.556987, -0.147071)",http://opendatacommunities.org/id/london-borough-council/camden,4674,21/12/2020 02:48:36 PM