Reference,London Borough Name,Casualty Class,Casualty Sex,Casualty Age Band,Casualty Age,Number Of Casualties,Casualty Severity,Pedestrian Location,Pedestrian Movement,Mode Of Travel,Attendant Location,Number Of Vehicles,Date,Day,Time,Highway,Road Class 1,Road Number 1,Road Type,Speed Limit,Junction Detail,Junction Control,Road Class 2,Road Number 2,Pedestrian Crossing,Light Condition Band,Weather,Road Surface,Special Conditions,Carriage Way Hazard,Easting,Northing,Longitude,Latitude,Ward Code,Ward Name,Spatial Accuracy,Location,Organisation URI,Socrata ID,Last Uploaded
0115EK40093,CAMDEN,1 Driver/Rider,1 Male,25-59,29,1,3 Slight,-2 Unknown,-2 N/A,4 Car,EUSTON ROAD J/W HAMPSTEAD ROAD,2,07/02/2015 04:09:00 AM,Saturday,4.09,1 TLRN,A,501,3 Dual Cwy,4 50 MPH,6 Crossroads,2 Auto Sig,A,400,5 Pedn Phase At Ats,2 Dark,1 Fine,1 Road-Dry,0 None,0 None,529230,182330,-0.138563,51.525109,,,Unknown,"(51.525109, -0.138563)",http://opendatacommunities.org/id/london-borough-council/camden,4654,21/12/2020 02:48:35 PM
1180093027,CAMDEN,1 Driver/Rider,1 Male,16-24,21,1,3 Slight,-2 Unknown,-2 N/A,2 Pedal Cycle,ROYAL COLLEGE STREET J/W PRATT STREET NW1,2,01/02/2018 07:30:00 PM,Thursday,19.30,3 Bor,A,5202,9 Unknown,2 30 MPH,6 Crossroads,9 Unknown (S/R),C,0,9 Unknown (S/R),2 Dark,9 Unknown,9 Unknown (S/R),0 None,9 Unknown (S/R),529360,183880,-0.136121,51.539008,,,Unknown,"(51.539008, -0.136121)",http://opendatacommunities.org/id/london-borough-council/camden,7783,21/12/2020 02:48:41 PM
1160001049,CAMDEN,3 Pedestrian,2 Female,16-24,23,1,3 Slight,01 Crossing Road On Ped Xing,1 From Drivers N/Side,1 Pedestrian,SOUTH END ROAD J/W SOUTH END GREEN,1,10/11/2016 05:30:00 PM,Thursday,17.30,3 Bor,C,0,6 Single Cwy,1 <= 20 MPH,6 Crossroads,4 Give Way/Uncontrolled,Unclassified,0,1 Zebra,2 Dark,1 Fine,2 Road-Wet,0 None,0 None,527270,185550,-0.165636,51.554491,,,Unknown,"(51.554491, -0.165636)",http://opendatacommunities.org/id/london-borough-council/camden,5657,21/12/2020 02:48:37 PM
1190172632,CAMDEN,1 DRIVER/RIDER,2 FEMALE,25-59,28,2,3 SLIGHT,'-2 NOT APPLICABLE,'-2 NOT APPLICABLE,4 CAR,"On Finchley Road, near the junction with Platts Lane.",2,01/04/2019 01:55:00 PM,Monday,13.55,1 TLRN,A,41,3 DUAL CWY,30,09 OTHER JUN,2 AUTO SIG,6,0,5 PEDN PHASE AT ATS,2 DAYLIGHT,1 FINE,1 ROAD-DRY,0 NONE,0 NONE,525166,185901,-0.195844,51.558116,,,Unknown,"(51.558116, -0.195844)",http://opendatacommunities.org/id/london-borough-council/camden,8897,21/12/2020 02:48:44 PM
0115EK40438,CAMDEN,1 Driver/Rider,1 Male,25-59,30,1,3 Slight,-2 Unknown,-2 N/A,2 Pedal Cycle,KINGSWAY J/W REMNANT STREET,2,04/06/2015 04:30:00 AM,Thursday,4.30,3 Bor,A,4200,3 Dual Cwy,3 40 MPH,6 Crossroads,2 Auto Sig,A,4200,5 Pedn Phase At Ats,1 Daylight,1 Fine,1 Road-Dry,0 None,0 None,530560,181390,-0.11975,51.516355,,,Unknown,"(51.516355, -0.11975)",http://opendatacommunities.org/id/london-borough-council/camden,4931,21/12/2020 02:48:36 PM
1190224895,CAMDEN,1 DRIVER/RIDER,1 MALE,25-59,40,1,3 SLIGHT,'-2 NOT APPLICABLE,'-2 NOT APPLICABLE,4 CAR,"On Endsleigh Gardens, 15 metres east of the junction with TAVITON STREET.",2,13/12/2019 11:00:00 PM,Friday,23.00,3 BOR,6,0,7 SLIP RD,20,03 T/STAG JUN,4 GIVE WAY/UNCONTROLLED,6,0,0 NO XING FACILITY IN 50M,1 DARK,2 RAINING,2 ROAD-WET,0 NONE,0 NONE,529675,182468,-0.132101,51.526247,,,Unknown,"(51.526247, -0.132101)",http://opendatacommunities.org/id/london-borough-council/camden,9619,21/12/2020 02:48:45 PM
1190162475,CAMDEN,3 PEDESTRIAN,1 MALE,25-59,53,1,3 SLIGHT,09 IN ROAD - NOT CROSSING,5 IN RD NOT CROSSING,1 PEDESTRIAN,"On Euston Road, near the junction with GOWER STREET.",1,10/02/2019 01:52:00 PM,Saturday,13.52,1 TLRN,A,400,3 DUAL CWY,30,03 T/STAG JUN,2 AUTO SIG,B,522,5 PEDN PHASE AT ATS,1 DARK,1 FINE,1 ROAD-DRY,4 ROADWORKS,2 OTHER OBJECT IN CWY,529438,182388,-0.135545,51.525582,,,Unknown,"(51.525582, -0.135545)",http://opendatacommunities.org/id/london-borough-council/camden,8770,21/12/2020 02:48:43 PM
0116EK40523,CAMDEN,3 Pedestrian,1 Male,25-59,34,1,3 Slight,05 Crossing Road (Not On Xing),3 From Drivers O/Side,1 Pedestrian,HIGH HOLBORN J/W BROWNLOW STREET,1,19/07/2016 01:40:00 PM,Tuesday,13.40,3 Bor,A,40,6 Single Cwy,2 30 MPH,3 T/Stag Jun,4 Give Way/Uncontrolled,Unclassified,0,0 No Xing Facility In 50m,1 Daylight,1 Fine,1 Road-Dry,0 None,0 None,530900,181600,-0.114775,51.518164,,,Unknown,"(51.518164, -0.114775)",http://opendatacommunities.org/id/london-borough-council/camden,6425,21/12/2020 02:48:38 PM
1180129742,CAMDEN,3 Pedestrian,2 Female,Unknown,0,1,3 Slight,04 Crossing Road Within 50m Xing,1 From Drivers N/Side,1 Pedestrian,WEST END LANE J/W WEST END LN,1,18/12/2018 05:55:00 PM,Tuesday,17.55,3 Bor,B,510,6 Single Cwy,1 <= 20 MPH,3 T/Stag Jun,4 Give Way/Uncontrolled,C,0,1 Zebra,2 Dark,2 Raining,2 Road-Wet,0 None,0 None,525410,185210,-0.192572,51.551852,,,Unknown,"(51.551852, -0.192572)",http://opendatacommunities.org/id/london-borough-council/camden,8290,21/12/2020 02:48:42 PM
0116EK40009,CAMDEN,2 Passenger,2 Female,60+,70,1,2 Serious,-2 Unknown,-2 N/A,6 Bus Or Coach,BLOOMSBURY WAY J/W BLOOMSBURY SQUARE,1,21/01/2016 09:20:00 PM,Thursday,21.20,3 Bor,A,40,6 Single Cwy,2 30 MPH,3 T/Stag Jun,4 Give Way/Uncontrolled,C,0,4 Pelican Or Similar,2 Dark,1 Fine,1 Road-Dry,0 None,0 None,530390,181630,-0.12211,51.518551,,,Unknown,"(51.518551, -0.12211)",http://opendatacommunities.org/id/london-borough-council/camden,5984,21/12/2020 02:48:38 PM
0115EK40672,CAMDEN,3 Pedestrian,1 Male,0-15,14,1,3 Slight,01 Crossing Road On Ped Xing,1 From Drivers N/Side,1 Pedestrian,TOTTENHAM COURT ROAD J/W OXFORD STREET,1,09/07/2015 04:00:00 PM,Thursday,16.00,3 Bor,A,400,6 Single Cwy,2 30 MPH,6 Crossroads,2 Auto Sig,A,40,5 Pedn Phase At Ats,1 Daylight,1 Fine,1 Road-Dry,0 None,0 None,529820,181390,-0.130409,51.516526,,,Unknown,"(51.516526, -0.130409)",http://opendatacommunities.org/id/london-borough-council/camden,5146,21/12/2020 02:48:36 PM
1180134710,CAMDEN,1 Driver/Rider,1 Male,25-59,36,1,3 Slight,-2 Unknown,-2 N/A,3 Powered 2 Wheeler,EVERSHOLT STREET 50M S OF J/W CRANLEIGH STREET,2,24/09/2018 10:10:00 PM,Monday,22.10,3 Bor,A,4200,3 Dual Cwy,1 <= 20 MPH,0 No Jun In 20m,-2 Not Applicable,-2 Not Applicable,0,0 No Xing Facility In 50m,2 Dark,1 Fine,1 Road-Dry,0 None,0 None,529396,183105,-0.135886,51.532035,,,Unknown,"(51.532035, -0.135886)",http://opendatacommunities.org/id/london-borough-council/camden,8351,21/12/2020 02:48:42 PM
1170031950,CAMDEN,3 Pedestrian,1 Male,60+,70,1,2 Serious,01 Crossing Road On Ped Xing,1 From Drivers N/Side,1 Pedestrian,KING'S CROSS ROAD J/W PENTONVILLE ROAD,1,12/04/2017 10:52:00 PM,Wednesday,22.52,1 TLRN,A,501,2 One-Way St,1 <= 20 MPH,3 T/Stag Jun,2 Auto Sig,A,501,5 Pedn Phase At Ats,2 Dark,1 Fine,1 Road-Dry,0 None,0 None,530530,183000,-0.119586,51.530831,,,Unknown,"(51.530831, -0.119586)",http://opendatacommunities.org/id/london-borough-council/camden,6879,21/12/2020 02:48:39 PM
0115EK49018,CAMDEN,1 Driver/Rider,2 Female,25-59,25,1,3 Slight,-2 Unknown,-2 N/A,4 Car,CROWNDALE ROAD J/W ROYAL COLLEGE STREET,2,15/12/2015 07:05:00 PM,Tuesday,19.05,3 Bor,B,512,6 Single Cwy,1 <= 20 MPH,3 T/Stag Jun,2 Auto Sig,A,5202,5 Pedn Phase At Ats,2 Dark,2 Raining,2 Road-Wet,0 None,0 None,529550,183490,-0.133526,51.53546,,,Unknown,"(51.53546, -0.133526)",http://opendatacommunities.org/id/london-borough-council/camden,5583,21/12/2020 02:48:37 PM
1170021404,CAMDEN,3 Pedestrian,2 Female,25-59,50,1,2 Serious,04 Crossing Road Within 50m Xing,1 From Drivers N/Side,1 Pedestrian,PENTONVILLE ROAD J/W CALEDONIAN ROAD,2,26/02/2017 03:27:00 PM,Sunday,15.27,1 TLRN,A,501,3 Dual Cwy,1 <= 20 MPH,6 Crossroads,2 Auto Sig,A,5203,4 Pelican Or Similar,1 Daylight,1 Fine,1 Road-Dry,0 None,0 None,530440,183000,-0.120883,51.530852,,,Unknown,"(51.530852, -0.120883)",http://opendatacommunities.org/id/london-borough-council/camden,6719,21/12/2020 02:48:39 PM
1180089163,CAMDEN,3 Pedestrian,1 Male,16-24,19,1,2 Serious,05 Crossing Road (Not On Xing),3 From Drivers O/Side,1 Pedestrian,RUSSELL SQUARE 15M N OF J/W GUILDFORD STREET,1,09/02/2018 11:40:00 PM,Friday,23.40,3 Bor,A,4200,6 Single Cwy,1 <= 20 MPH,3 T/Stag Jun,2 Auto Sig,B,502,5 Pedn Phase At Ats,2 Dark,1 Fine,1 Road-Dry,0 None,0 None,530160,182040,-0.125272,51.522289,,,Unknown,"(51.522289, -0.125272)",http://opendatacommunities.org/id/london-borough-council/camden,7735,21/12/2020 02:48:41 PM
1190158023,CAMDEN,1 DRIVER/RIDER,1 MALE,25-59,28,1,3 SLIGHT,'-2 NOT APPLICABLE,'-2 NOT APPLICABLE,7 GOODS VEHICLE,"On Abbey Road, near the junction with Boundary Road.",2,17/01/2019 09:45:00 AM,Thursday,9.45,3 BOR,B,507,3 DUAL CWY,20,03 T/STAG JUN,4 GIVE WAY/UNCONTROLLED,B,507,0 NO XING FACILITY IN 50M,2 DAYLIGHT,1 FINE,1 ROAD-DRY,0 NONE,0 NONE,525993,183669,-0.184719,51.537873,,,Unknown,"(51.537873, -0.184719)",http://opendatacommunities.org/id/london-borough-council/camden,8697,21/12/2020 02:48:43 PM
0115EO40811,CAMDEN,1 Driver/Rider,1 Male,25-59,33,1,3 Slight,-2 Unknown,-2 N/A,2 Pedal Cycle,FARRINGDON RD J/W CHARTERHOUSE STREET,2,10/11/2015 06:15:00 PM,Tuesday,18.15,1 TLRN,A,201,6 Single Cwy,2 30 MPH,6 Crossroads,2 Auto Sig,B,400,5 Pedn Phase At Ats,2 Dark,1 Fine,1 Road-Dry,0 None,0 None,531550,181670,-0.105386,51.518642,,,Unknown,"(51.518642, -0.105386)",http://opendatacommunities.org/id/london-borough-council/camden,5605,21/12/2020 02:48:37 PM
1170054841,CAMDEN,1 Driver/Rider,2 Female,25-59,25,1,2 Serious,-2 Unknown,-2 N/A,2 Pedal Cycle,LYMINGTON ROAD J/W FINCHLEY ROAD,1,26/07/2017 08:15:00 AM,Wednesday,8.15,1 TLRN,C,0,3 Dual Cwy,2 30 MPH,3 T/Stag Jun,4 Give Way/Uncontrolled,A,41,9 Unknown (S/R),1 Daylight,9 Unknown,9 Unknown (S/R),9 Unknown (S/R),9 Unknown (S/R),526009,185111,-0.183972,51.550829,,,Unknown,"(51.550829, -0.183972)",http://opendatacommunities.org/id/london-borough-council/camden,7259,21/12/2020 02:48:40 PM
0115EK40945,CAMDEN,1 Driver/Rider,2 Female,25-59,53,1,3 Slight,-2 Unknown,-2 N/A,4 Car,CAMDEN ROAD J/W SANDALL ROAD.,2,25/10/2015 08:25:00 PM,Sunday,20.25,1 TLRN,A,503,6 Single Cwy,2 30 MPH,8 Priv Drive,4 Give Way/Uncontrolled,Unclassified,0,0 No Xing Facility In 50m,2 Dark,1 Fine,1 Road-Dry,0 None,0 None,529520,184620,-0.133543,51.545622,,,Unknown,"(51.545622, -0.133543)",http://opendatacommunities.org/id/london-borough-council/camden,5376,21/12/2020 02:48:37 PM
1190226093,CAMDEN,3 PEDESTRIAN,1 MALE,25-59,34,2,3 SLIGHT,01 CROSSING ROAD ON PED XING,'-2 NOT APPLICABLE,1 PEDESTRIAN,"On Oakley Square, near the junction with Eversholt Street.",1,19/12/2019 06:00:00 PM,Thursday,18.00,1 TLRN,A,400,6 SINGLE CWY,20,06 CROSSROADS,2 AUTO SIG,A,4200,5 PEDN PHASE AT ATS,1 DARK,2 RAINING,2 ROAD-WET,0 NONE,0 NONE,529319,183232,-0.136949,51.533194,,,Unknown,"(51.533194, -0.136949)",http://opendatacommunities.org/id/london-borough-council/camden,9635,21/12/2020 02:48:45 PM
0115EK40015,CAMDEN,2 Passenger,2 Female,16-24,24,1,3 Slight,-2 Unknown,-2 N/A,6 Bus Or Coach,HAMPSTEAD ROAD J/W DRUMMOND STREET,2,15/01/2015 02:02:00 PM,Thursday,14.02,1 TLRN,A,400,6 Single Cwy,2 30 MPH,6 Crossroads,2 Auto Sig,A,400,5 Pedn Phase At Ats,1 Daylight,1 Fine,1 Road-Dry,0 None,0 None,529220,182480,-0.138652,51.526459,,,Unknown,"(51.526459, -0.138652)",http://opendatacommunities.org/id/london-borough-council/camden,4594,21/12/2020 02:48:35 PM
1170048265,CAMDEN,1 Driver/Rider,1 Male,60+,60,1,3 Slight,-2 Unknown,-2 N/A,5 Taxi,KENTISH TOWN HIGH STREET J/W ISLIP STREET,2,13/07/2017 01:05:00 PM,Thursday,13.05,3 Bor,A,400,3 Dual Cwy,1 <= 20 MPH,3 T/Stag Jun,4 Give Way/Uncontrolled,Unclassified,0,4 Pelican Or Similar,1 Daylight,1 Fine,1 Road-Dry,0 None,0 None,529002,185057,-0.140848,51.549668,,,Unknown,"(51.549668, -0.140848)",http://opendatacommunities.org/id/london-borough-council/camden,7147,21/12/2020 02:48:40 PM
0115EK40473,CAMDEN,1 Driver/Rider,1 Male,25-59,32,1,3 Slight,-2 Unknown,-2 N/A,2 Pedal Cycle,DURY LANE J/W SHORTS GARDENS,2,13/06/2015 07:49:00 PM,Saturday,19.49,3 Bor,C,0,2 One-Way St,2 30 MPH,3 T/Stag Jun,4 Give Way/Uncontrolled,Unclassified,0,0 No Xing Facility In 50m,1 Daylight,2 Raining,2 Road-Wet,0 None,0 None,530290,181290,-0.123676,51.515519,,,Unknown,"(51.515519, -0.123676)",http://opendatacommunities.org/id/london-borough-council/camden,4964,21/12/2020 02:48:36 PM
1170022120,CAMDEN,1 Driver/Rider,2 Female,25-59,28,1,3 Slight,-2 Unknown,-2 N/A,2 Pedal Cycle,CAMDEN HIGH STREET J/W CROWNDALE ROAD,2,01/03/2017 06:07:00 PM,Wednesday,18.07,1 TLRN,A,4200,2 One-Way St,1 <= 20 MPH,6 Crossroads,2 Auto Sig,A,400,5 Pedn Phase At Ats,2 Dark,2 Raining,2 Road-Wet,0 None,0 None,529170,183380,-0.139042,51.534558,,,Unknown,"(51.534558, -0.139042)",http://opendatacommunities.org/id/london-borough-council/camden,6730,21/12/2020 02:48:39 PM
0115EK49048,CAMDEN,3 Pedestrian,2 Female,25-59,43,1,3 Slight,04 Crossing Road Within 50m Xing,1 From Drivers N/Side,1 Pedestrian,HAVERSTOCK HILL J/W ASPERN GROVE.,1,15/12/2015 04:20:00 PM,Tuesday,16.20,3 Bor,A,502,6 Single Cwy,2 30 MPH,3 T/Stag Jun,4 Give Way/Uncontrolled,Unclassified,0,1 Zebra,1 Daylight,1 Fine,2 Road-Wet,0 None,0 None,527250,185180,-0.166058,51.551171,,,Unknown,"(51.551171, -0.166058)",http://opendatacommunities.org/id/london-borough-council/camden,5584,21/12/2020 02:48:37 PM
0116EK40580,CAMDEN,1 Driver/Rider,2 Female,Unknown,0,1,3 Slight,-2 Unknown,-2 N/A,2 Pedal Cycle,GRAY'S INN ROAD 39M SE OF GUILFORD STREET,2,10/08/2016 05:35:00 PM,Wednesday,17.35,3 Bor,A,5200,6 Single Cwy,2 30 MPH,0 No Jun In 20m,-2 Not Applicable,-2 Not Applicable,0,0 No Xing Facility In 50m,1 Daylight,1 Fine,1 Road-Dry,0 None,0 None,530820,182250,-0.115686,51.524024,,,Unknown,"(51.524024, -0.115686)",http://opendatacommunities.org/id/london-borough-council/camden,6464,21/12/2020 02:48:39 PM
0115EK40530,CAMDEN,3 Pedestrian,1 Male,60+,66,1,3 Slight,05 Crossing Road (Not On Xing),3 From Drivers O/Side,1 Pedestrian,MARESFIELD GARDENS J/W NUTLEY TERRACE,1,01/07/2015 04:20:00 PM,Wednesday,16.20,3 Bor,Unclassified,0,6 Single Cwy,2 30 MPH,6 Crossroads,4 Give Way/Uncontrolled,Unclassified,0,0 No Xing Facility In 50m,1 Daylight,1 Fine,1 Road-Dry,0 None,0 None,526440,184950,-0.177817,51.549286,,,Unknown,"(51.549286, -0.177817)",http://opendatacommunities.org/id/london-borough-council/camden,5018,21/12/2020 02:48:36 PM
1160003023,CAMDEN,1 Driver/Rider,1 Male,25-59,27,1,3 Slight,-2 Unknown,-2 N/A,3 Powered 2 Wheeler,TOTTENHAM COURT ROAD J/W TORRINGTON PLACE,1,23/11/2016 05:25:00 PM,Wednesday,17.25,3 Bor,A,400,2 One-Way St,2 30 MPH,3 T/Stag Jun,2 Auto Sig,C,0,5 Pedn Phase At Ats,2 Dark,1 Fine,1 Road-Dry,0 None,0 None,529470,181930,-0.135252,51.521459,,,Unknown,"(51.521459, -0.135252)",http://opendatacommunities.org/id/london-borough-council/camden,5692,21/12/2020 02:48:37 PM
1190169514,CAMDEN,1 DRIVER/RIDER,1 MALE,25-59,43,1,2 SERIOUS,'-2 NOT APPLICABLE,'-2 NOT APPLICABLE,3 POWERED 2 WHEELER,"On Finchley Road, near the junction with Trinity walk.",2,16/03/2019 05:45:00 PM,Saturday,17.45,1 TLRN,A,41,3 DUAL CWY,30,09 OTHER JUN,2 AUTO SIG,6,0,5 PEDN PHASE AT ATS,1 DARK,4 FINE/HIGH WINDS,1 ROAD-DRY,0 NONE,0 NONE,526386,184599,-0.178722,51.546143,,,Unknown,"(51.546143, -0.178722)",http://opendatacommunities.org/id/london-borough-council/camden,8849,21/12/2020 02:48:43 PM
1180116364,CAMDEN,3 Pedestrian,1 Male,25-59,28,1,3 Slight,09 In Road - Not Crossing,8 In Rd Back To Traffic,1 Pedestrian,LEATHER LANE J/W GREVILLE STREET,1,24/06/2018 02:06:00 AM,Sunday,2.06,3 Bor,Unclassified,0,2 One-Way St,1 <= 20 MPH,9 Other Jun,4 Give Way/Uncontrolled,Unclassified,0,0 No Xing Facility In 50m,2 Dark,1 Fine,1 Road-Dry,0 None,0 None,531290,181720,-0.109112,51.519152,,,Unknown,"(51.519152, -0.109112)",http://opendatacommunities.org/id/london-borough-council/camden,8111,21/12/2020 02:48:42 PM
1190190909,CAMDEN,3 PEDESTRIAN,1 MALE,U,,1,3 SLIGHT,10 UNKNOWN OR OTHER,9 UNKNOWN OR OTHER,1 PEDESTRIAN,"On Parkway, near the junction with Albert Street.",2,28/06/2019 07:07:00 PM,Friday,19.07,3 BOR,A,4201,2 ONE-WAY ST,20,03 T/STAG JUN,2 AUTO SIG,6,0,5 PEDN PHASE AT ATS,2 DAYLIGHT,1 FINE,1 ROAD-DRY,0 NONE,0 NONE,528756,183733,-0.144879,51.537825,,,Unknown,"(51.537825, -0.144879)",http://opendatacommunities.org/id/london-borough-council/camden,9151,21/12/2020 02:48:44 PM
1160006119,CAMDEN,1 Driver/Rider,2 Female,25-59,42,1,3 Slight,-2 Unknown,-2 N/A,4 Car,FINCHLEY ROAD J/W ADELAIDE ROAD,2,09/12/2016 07:05:00 PM,Friday,19.05,1 TLRN,A,41,3 Dual Cwy,2 30 MPH,3 T/Stag Jun,2 Auto Sig,B,509,5 Pedn Phase At Ats,2 Dark,1 Fine,1 Road-Dry,0 None,0 None,526636,184110,-0.175294,51.541693,,,Unknown,"(51.541693, -0.175294)",http://opendatacommunities.org/id/london-borough-council/camden,5754,21/12/2020 02:48:37 PM
1180147876,CAMDEN,2 Passenger,2 Female,16-24,23,1,2 Serious,-2 Unknown,-2 N/A,5 Taxi,PANCRAS ROAD J/W EUSTON ROAD NW1,2,25/11/2018 12:30:00 AM,Sunday,0.30,3 Bor,A,5202,6 Single Cwy,1 <= 20 MPH,9 Other Jun,2 Auto Sig,Unclassified,0,4 Pelican Or Similar,2 Dark,1 Fine,1 Road-Dry,0 None,0 None,530160,182970,-0.124928,51.530647,,,Unknown,"(51.530647, -0.124928)",http://opendatacommunities.org/id/london-borough-council/camden,8551,21/12/2020 02:48:43 PM
1180088596,CAMDEN,2 Passenger,1 Male,25-59,25,1,3 Slight,-2 Unknown,-2 N/A,3 Powered 2 Wheeler,NFL ST PANCRAS WAY 20M N OF J/W AGAR GROVE,1,07/02/2018 12:50:00 PM,Wednesday,12.50,3 Bor,C,0,2 One-Way St,1 <= 20 MPH,6 Crossroads,2 Auto Sig,C,0,0 No Xing Facility In 50m,1 Daylight,1 Fine,1 Road-Dry,0 None,0 None,529340,184230,-0.13628,51.542158,,,Unknown,"(51.542158, -0.13628)",http://opendatacommunities.org/id/london-borough-council/camden,7727,21/12/2020 02:48:41 PM
1190222268,CAMDEN,2 PASSENGER,1 MALE,60+,83,1,3 SLIGHT,'-2 NOT APPLICABLE,'-2 NOT APPLICABLE,6 BUS OR COACH,"On Pentonville Road, 50 metres west of the junction with KINGS CROSS ROAD.. The nearest classified road was the A201. The nearest classified road was the A201",1,02/12/2019 05:55:00 PM,Monday,17.55,1 TLRN,A,501,2 ONE-WAY ST,30,00 NO JUN IN 20M,,0,0,0 NO XING FACILITY IN 50M,1 DARK,1 FINE,1 ROAD-DRY,0 NONE,0 NONE,530461,183004,-0.120579,51.530883,,,Unknown,"(51.530883, -0.120579)",http://opendatacommunities.org/id/london-borough-council/camden,9572,21/12/2020 02:48:45 PM
1170027166,CAMDEN,1 Driver/Rider,1 Male,25-59,39,1,3 Slight,-2 Unknown,-2 N/A,4 Car,PARKWAY J/W ARLINGTON ROAD,2,15/03/2017 04:35:00 PM,Wednesday,16.35,3 Bor,A,4201,6 Single Cwy,2 30 MPH,9 Other Jun,2 Auto Sig,Unclassified,0,0 No Xing Facility In 50m,1 Daylight,1 Fine,1 Road-Dry,0 None,0 None,528810,183800,-0.144076,51.538415,,,Unknown,"(51.538415, -0.144076)",http://opendatacommunities.org/id/london-borough-council/camden,6807,21/12/2020 02:48:39 PM
1170051589,CAMDEN,3 Pedestrian,2 Female,60+,74,1,2 Serious,04 Crossing Road Within 50m Xing,1 From Drivers N/Side,1 Pedestrian,KENTISH TOWN ROAD J/W JEFFREY'S STREET,1,01/08/2017 06:10:00 PM,Tuesday,18.10,3 Bor,A,400,6 Single Cwy,1 <= 20 MPH,6 Crossroads,2 Auto Sig,C,0,5 Pedn Phase At Ats,1 Daylight,1 Fine,1 Road-Dry,0 None,0 None,528950,184280,-0.141883,51.542697,,,Unknown,"(51.542697, -0.141883)",http://opendatacommunities.org/id/london-borough-council/camden,7210,21/12/2020 02:48:40 PM
0116EK40548,CAMDEN,2 Passenger,2 Female,60+,85,1,3 Slight,-2 Unknown,-2 N/A,6 Bus Or Coach,CAMDEN ROAD J/W CAMDEN STREET,1,31/07/2016 01:38:00 PM,Sunday,13.38,1 TLRN,A,503,6 Single Cwy,2 30 MPH,6 Crossroads,2 Auto Sig,A,400,5 Pedn Phase At Ats,1 Daylight,1 Fine,1 Road-Dry,0 None,0 None,529090,184040,-0.139953,51.540508,,,Unknown,"(51.540508, -0.139953)",http://opendatacommunities.org/id/london-borough-council/camden,6442,21/12/2020 02:48:38 PM
0116EK40486,CAMDEN,2 Passenger,1 Male,16-24,19,1,3 Slight,-2 Unknown,-2 N/A,4 Car,ARLINGTON ROAD J/W UNDERHILL STREET,1,10/07/2016 02:59:00 PM,Sunday,14.59,3 Bor,Unclassified,0,6 Single Cwy,2 30 MPH,8 Priv Drive,4 Give Way/Uncontrolled,Unclassified,0,0 No Xing Facility In 50m,1 Daylight,1 Fine,1 Road-Dry,0 None,0 None,528860,183720,-0.143385,51.537685,,,Unknown,"(51.537685, -0.143385)",http://opendatacommunities.org/id/london-borough-council/camden,6396,21/12/2020 02:48:38 PM
1160023624,CAMDEN,1 Driver/Rider,1 Male,25-59,25,1,3 Slight,-2 Unknown,-2 N/A,2 Pedal Cycle,GLOUCESTER GATE J/W OUTER CIRCLE,2,20/10/2016 06:50:00 PM,Thursday,18.50,3 Bor,Unclassified,0,6 Single Cwy,2 30 MPH,3 T/Stag Jun,4 Give Way/Uncontrolled,Unclassified,0,4 Pelican Or Similar,2 Dark,1 Fine,1 Road-Dry,0 None,0 None,528540,183430,-0.148102,51.535151,,,Unknown,"(51.535151, -0.148102)",http://opendatacommunities.org/id/london-borough-council/camden,5873,21/12/2020 02:48:38 PM
1170043901,CAMDEN,2 Passenger,2 Female,60+,65,1,3 Slight,-2 Unknown,-2 N/A,6 Bus Or Coach,CAMDEN ROAD J/W ROYAL COLLEGE STREET,1,20/06/2017 12:35:00 PM,Tuesday,12.35,1 TLRN,A,503,3 Dual Cwy,2 30 MPH,6 Crossroads,2 Auto Sig,A,5202,5 Pedn Phase At Ats,1 Daylight,1 Fine,1 Road-Dry,0 None,0 None,529190,184180,-0.13846,51.541743,,,Unknown,"(51.541743, -0.13846)",http://opendatacommunities.org/id/london-borough-council/camden,7059,21/12/2020 02:48:39 PM
0116EK40534,CAMDEN,3 Pedestrian,1 Male,25-59,43,1,3 Slight,04 Crossing Road Within 50m Xing,2 From Drivers N/Side Msk,1 Pedestrian,HAMPSTEAD ROAD 34M S OF J/W MORNINGTON CRESCENT,1,25/07/2016 09:52:00 AM,Monday,9.52,1 TLRN,A,400,6 Single Cwy,2 30 MPH,0 No Jun In 20m,-2 Not Applicable,-2 Not Applicable,0,4 Pelican Or Similar,1 Daylight,1 Fine,1 Road-Dry,0 None,0 None,529160,183320,-0.139208,51.534022,,,Unknown,"(51.534022, -0.139208)",http://opendatacommunities.org/id/london-borough-council/camden,6431,21/12/2020 02:48:38 PM
0115EO40899,CAMDEN,1 Driver/Rider,2 Female,25-59,44,1,2 Serious,-2 Unknown,-2 N/A,4 Car,YORK WAY J/W WHARFDALE RD,2,13/11/2015 11:00:00 PM,Friday,23.00,3 Bor,A,5200,6 Single Cwy,1 <= 20 MPH,3 T/Stag Jun,4 Give Way/Uncontrolled,C,0,8 Central Refuge,2 Dark,1 Fine,1 Road-Dry,0 None,0 None,530330,183310,-0.122353,51.533663,,,Unknown,"(51.533663, -0.122353)",http://opendatacommunities.org/id/london-borough-council/camden,5609,21/12/2020 02:48:37 PM