Reference,London Borough Name,Casualty Class,Casualty Sex,Casualty Age Band,Casualty Age,Number Of Casualties,Casualty Severity,Pedestrian Location,Pedestrian Movement,Mode Of Travel,Attendant Location,Number Of Vehicles,Date,Day,Time,Highway,Road Class 1,Road Number 1,Road Type,Speed Limit,Junction Detail,Junction Control,Road Class 2,Road Number 2,Pedestrian Crossing,Light Condition Band,Weather,Road Surface,Special Conditions,Carriage Way Hazard,Easting,Northing,Longitude,Latitude,Ward Code,Ward Name,Spatial Accuracy,Location,Organisation URI,Socrata ID,Last Uploaded
1180117106,CAMDEN,1 Driver/Rider,1 Male,25-59,38,1,3 Slight,-2 Unknown,-2 N/A,5 Taxi,HIGH HOLBORN 25M W OF J/W CHANCERY LANE,2,26/06/2018 03:30:00 PM,Tuesday,15.30,3 Bor,A,40,6 Single Cwy,2 30 MPH,0 No Jun In 20m,-2 Not Applicable,-2 Not Applicable,0,5 Pedn Phase At Ats,1 Daylight,1 Fine,1 Road-Dry,0 None,0 None,530930,181600,-0.114343,51.518157,,,Unknown,"(51.518157, -0.114343)",http://opendatacommunities.org/id/london-borough-council/camden,8125,21/12/2020 02:48:42 PM
0116EK40203,CAMDEN,3 Pedestrian,1 Male,25-59,28,1,2 Serious,04 Crossing Road Within 50m Xing,2 From Drivers N/Side Msk,1 Pedestrian,KENTISH TOWN ROAD J/W BARTHOLOMEW ROAD,1,25/03/2016 01:00:00 AM,Friday,1.00,3 Bor,A,400,6 Single Cwy,2 30 MPH,6 Crossroads,4 Give Way/Uncontrolled,Unclassified,0,4 Pelican Or Similar,2 Dark,2 Raining,2 Road-Wet,0 None,0 None,528950,184610,-0.141762,51.545663,,,Unknown,"(51.545663, -0.141762)",http://opendatacommunities.org/id/london-borough-council/camden,6150,21/12/2020 02:48:38 PM
1190190246,CAMDEN,1 DRIVER/RIDER,2 FEMALE,25-59,29,1,3 SLIGHT,'-2 NOT APPLICABLE,'-2 NOT APPLICABLE,2 PEDAL CYCLE,"On Theobalds Road, near the junction with Harpur Street.",2,28/06/2019 08:30:00 AM,Friday,8.30,3 BOR,A,401,3 DUAL CWY,30,03 T/STAG JUN,4 GIVE WAY/UNCONTROLLED,6,0,4 PELICAN OR SIMILAR,2 DAYLIGHT,1 FINE,1 ROAD-DRY,0 NONE,0 NONE,530627,181815,-0.118627,51.520159,,,Unknown,"(51.520159, -0.118627)",http://opendatacommunities.org/id/london-borough-council/camden,9142,21/12/2020 02:48:44 PM
0116EK40468,CAMDEN,2 Passenger,2 Female,60+,84,1,3 Slight,-2 Unknown,-2 N/A,6 Bus Or Coach,BAYHAM STREET J/W PLENDER STREET,1,30/06/2016 04:10:00 PM,Thursday,16.10,3 Bor,C,0,2 One-Way St,2 30 MPH,6 Crossroads,4 Give Way/Uncontrolled,Unclassified,0,1 Zebra,1 Daylight,1 Fine,1 Road-Dry,0 None,0 None,529180,183560,-0.138832,51.536174,,,Unknown,"(51.536174, -0.138832)",http://opendatacommunities.org/id/london-borough-council/camden,6377,21/12/2020 02:48:38 PM
1180091154,CAMDEN,1 Driver/Rider,1 Male,25-59,49,1,3 Slight,-2 Unknown,-2 N/A,7 Goods Vehicle,KILBURN HIGH ROAD 25M N OF J/W BRONDESBURY ROAD,1,19/02/2018 10:50:00 AM,Monday,10.50,3 Bor,A,5,6 Single Cwy,2 30 MPH,0 No Jun In 20m,-2 Not Applicable,-2 Not Applicable,0,5 Pedn Phase At Ats,1 Daylight,2 Raining,2 Road-Wet,0 None,0 None,525320,183740,-0.194393,51.538661,,,Unknown,"(51.538661, -0.194393)",http://opendatacommunities.org/id/london-borough-council/camden,7759,21/12/2020 02:48:41 PM
1170061599,CAMDEN,3 Pedestrian,2 Female,16-24,19,1,3 Slight,05 Crossing Road (Not On Xing),1 From Drivers N/Side,1 Pedestrian,CHALK FARM ROAD J/W CAMDEN HIGH STREET,1,28/09/2017 03:20:00 PM,Thursday,15.20,3 Bor,A,502,2 One-Way St,1 <= 20 MPH,9 Other Jun,2 Auto Sig,A,502,4 Pelican Or Similar,1 Daylight,1 Fine,1 Road-Dry,0 None,0 None,528680,184160,-0.145818,51.54168,,,Unknown,"(51.54168, -0.145818)",http://opendatacommunities.org/id/london-borough-council/camden,7357,21/12/2020 02:48:40 PM
0116EK40535,CAMDEN,1 Driver/Rider,1 Male,16-24,23,1,3 Slight,-2 Unknown,-2 N/A,2 Pedal Cycle,KENTISH TOWN ROAD J/W YORK MEWS,2,26/07/2016 06:42:00 PM,Tuesday,18.42,3 Bor,A,400,6 Single Cwy,2 30 MPH,3 T/Stag Jun,4 Give Way/Uncontrolled,Unclassified,0,4 Pelican Or Similar,1 Daylight,1 Fine,1 Road-Dry,0 None,0 None,529000,185070,-0.140873,51.549785,,,Unknown,"(51.549785, -0.140873)",http://opendatacommunities.org/id/london-borough-council/camden,6432,21/12/2020 02:48:38 PM
1190183450,CAMDEN,1 DRIVER/RIDER,1 MALE,16-24,19,1,3 SLIGHT,'-2 NOT APPLICABLE,'-2 NOT APPLICABLE,3 POWERED 2 WHEELER,"On York Way, near the junction with Goods Way.",2,27/05/2019 02:00:00 PM,Monday,14.00,3 BOR,A,5200,6 SINGLE CWY,30,03 T/STAG JUN,2 AUTO SIG,5,0,5 PEDN PHASE AT ATS,2 DAYLIGHT,1 FINE,1 ROAD-DRY,0 NONE,0 NONE,530328,183457,-0.122327,51.534985,,,Unknown,"(51.534985, -0.122327)",http://opendatacommunities.org/id/london-borough-council/camden,9047,21/12/2020 02:48:44 PM
1170024300,CAMDEN,1 Driver/Rider,1 Male,25-59,28,1,3 Slight,-2 Unknown,-2 N/A,7 Goods Vehicle,MILL LANE J/W FORDWYCH ROAD,2,10/03/2017 03:00:00 PM,Friday,15.00,3 Bor,C,0,6 Single Cwy,1 <= 20 MPH,6 Crossroads,4 Give Way/Uncontrolled,Unclassified,0,0 No Xing Facility In 50m,1 Daylight,1 Fine,1 Road-Dry,0 None,0 None,524490,185060,-0.205887,51.550707,,,Unknown,"(51.550707, -0.205887)",http://opendatacommunities.org/id/london-borough-council/camden,6764,21/12/2020 02:48:39 PM
1190172056,CAMDEN,1 DRIVER/RIDER,1 MALE,25-59,42,1,3 SLIGHT,'-2 NOT APPLICABLE,'-2 NOT APPLICABLE,3 POWERED 2 WHEELER,"On Euston Road, 80 metres west of the junction with Tottenham Court Road.",2,29/03/2019 05:50:00 PM,Friday,17.50,1 TLRN,A,501,6 SINGLE CWY,30,00 NO JUN IN 20M,,0,0,0 NO XING FACILITY IN 50M,2 DAYLIGHT,1 FINE,1 ROAD-DRY,0 NONE,0 NONE,529205,182282,-0.13894,51.524683,,,Unknown,"(51.524683, -0.13894)",http://opendatacommunities.org/id/london-borough-council/camden,8890,21/12/2020 02:48:43 PM
1180094952,CAMDEN,1 Driver/Rider,1 Male,25-59,41,1,3 Slight,-2 Unknown,-2 N/A,3 Powered 2 Wheeler,EUSTON ROAD J/W CHALTON STREET,2,09/03/2018 07:55:00 AM,Friday,7.55,1 TLRN,A,501,3 Dual Cwy,2 30 MPH,3 T/Stag Jun,4 Give Way/Uncontrolled,Unclassified,0,0 No Xing Facility In 50m,1 Daylight,1 Fine,1 Road-Dry,0 None,0 None,529910,182680,-0.128637,51.528098,,,Unknown,"(51.528098, -0.128637)",http://opendatacommunities.org/id/london-borough-council/camden,7803,21/12/2020 02:48:41 PM
1180146463,CAMDEN,1 Driver/Rider,1 Male,25-59,46,1,3 Slight,-2 Unknown,-2 N/A,4 Car,TOTTENHAM COURT ROAD J/W STORE STREET,2,18/11/2018 06:16:00 PM,Sunday,18.16,3 Bor,A,400,2 One-Way St,2 30 MPH,3 T/Stag Jun,4 Give Way/Uncontrolled,C,0,1 Zebra,2 Dark,1 Fine,1 Road-Dry,4 Roadworks,0 None,529630,181690,-0.133035,51.519265,,,Unknown,"(51.519265, -0.133035)",http://opendatacommunities.org/id/london-borough-council/camden,8526,21/12/2020 02:48:43 PM
1180095092,CAMDEN,1 Driver/Rider,1 Male,16-24,22,1,3 Slight,-2 Unknown,-2 N/A,3 Powered 2 Wheeler,DELANCEY STREET 30M E OF J/W PARKWAY THE NEAREST CLASSIFIED ROAD W,1,09/03/2018 04:00:00 PM,Friday,16.00,3 Bor,A,503,2 One-Way St,1 <= 20 MPH,0 No Jun In 20m,-2 Not Applicable,-2 Not Applicable,0,5 Pedn Phase At Ats,1 Daylight,2 Raining,2 Road-Wet,0 None,0 None,528710,183580,-0.145597,51.536461,,,Unknown,"(51.536461, -0.145597)",http://opendatacommunities.org/id/london-borough-council/camden,7806,21/12/2020 02:48:41 PM
1190207642,CAMDEN,1 DRIVER/RIDER,1 MALE,25-59,28,1,3 SLIGHT,'-2 NOT APPLICABLE,'-2 NOT APPLICABLE,2 PEDAL CYCLE,"On Tottenham Court Road, near the junction with Store Street .",2,24/09/2019 04:40:00 PM,Tuesday,16.40,3 BOR,A,400,6 SINGLE CWY,30,06 CROSSROADS,9 UNKNOWN (S/R),5,0,9 UNKNOWN (S/R),2 DAYLIGHT,2 RAINING,2 ROAD-WET,0 NONE,0 NONE,529642,181689,-0.132863,51.519254,,,Unknown,"(51.519254, -0.132863)",http://opendatacommunities.org/id/london-borough-council/camden,9388,21/12/2020 02:48:44 PM
1190156090,CAMDEN,3 PEDESTRIAN,2 FEMALE,25-59,51,1,3 SLIGHT,06 ON FOOTPATH - VERGE,9 UNKNOWN OR OTHER,1 PEDESTRIAN,"On Euston Road, near the junction with Euston Square.",1,07/01/2019 10:06:00 AM,Monday,10.06,1 TLRN,A,4200,3 DUAL CWY,30,06 CROSSROADS,2 AUTO SIG,A,501,0 NO XING FACILITY IN 50M,2 DAYLIGHT,1 FINE,1 ROAD-DRY,0 NONE,0 NONE,529744,182591,-0.131061,51.527336,,,Unknown,"(51.527336, -0.131061)",http://opendatacommunities.org/id/london-borough-council/camden,8672,21/12/2020 02:48:43 PM
1170017262,CAMDEN,2 Passenger,2 Female,25-59,28,1,3 Slight,-2 Unknown,-2 N/A,4 Car,KILBURN HIGH ROAD J/W OXFORD ROAD,3,09/02/2017 07:43:00 PM,Thursday,19.43,3 Bor,A,5,6 Single Cwy,2 30 MPH,3 T/Stag Jun,4 Give Way/Uncontrolled,C,0,8 Central Refuge,2 Dark,2 Raining,2 Road-Wet,0 None,3 Involve Previous Acc,525530,183480,-0.191459,51.536277,,,Unknown,"(51.536277, -0.191459)",http://opendatacommunities.org/id/london-borough-council/camden,6657,21/12/2020 02:48:39 PM
0116EK40255,CAMDEN,1 Driver/Rider,1 Male,16-24,20,1,3 Slight,-2 Unknown,-2 N/A,4 Car,THEOBALD'S ROAD J/W RED LION STREET,2,09/01/2016 08:35:00 PM,Saturday,20.35,3 Bor,A,401,6 Single Cwy,1 <= 20 MPH,6 Crossroads,2 Auto Sig,C,0,5 Pedn Phase At Ats,2 Dark,2 Raining,2 Road-Wet,0 None,0 None,530690,181840,-0.117711,51.520369,,,Unknown,"(51.520369, -0.117711)",http://opendatacommunities.org/id/london-borough-council/camden,6194,21/12/2020 02:48:38 PM
1170042453,CAMDEN,1 Driver/Rider,1 Male,25-59,32,1,3 Slight,-2 Unknown,-2 N/A,3 Powered 2 Wheeler,WOBURN PLACE J/W TAVISTOCK SQUARE,2,12/06/2017 02:10:00 PM,Monday,14.10,3 Bor,A,4200,6 Single Cwy,2 30 MPH,6 Crossroads,2 Auto Sig,C,0,5 Pedn Phase At Ats,1 Daylight,1 Fine,1 Road-Dry,0 None,0 None,529975,182300,-0.127841,51.524668,,,Unknown,"(51.524668, -0.127841)",http://opendatacommunities.org/id/london-borough-council/camden,7034,21/12/2020 02:48:39 PM
0116EK40052,CAMDEN,3 Pedestrian,2 Female,25-59,27,1,3 Slight,04 Crossing Road Within 50m Xing,1 From Drivers N/Side,1 Pedestrian,PANCRAS ROAD 115M SE OF ST PANCRAS WAY,1,04/02/2016 12:06:00 PM,Thursday,12.06,3 Bor,A,5202,6 Single Cwy,1 <= 20 MPH,0 No Jun In 20m,-2 Not Applicable,-2 Not Applicable,0,1 Zebra,1 Daylight,1 Fine,1 Road-Dry,0 None,0 None,529700,183430,-0.131387,51.534886,,,Unknown,"(51.534886, -0.131387)",http://opendatacommunities.org/id/london-borough-council/camden,6022,21/12/2020 02:48:38 PM
1190195283,CAMDEN,1 DRIVER/RIDER,1 MALE,25-59,49,6,3 SLIGHT,'-2 NOT APPLICABLE,'-2 NOT APPLICABLE,4 CAR,"On Finchley Road, 300 metres south of the junction with Alvanley Gardens.. The nearest classified road was the B1",2,22/07/2019 11:36:00 PM,Monday,23.36,1 TLRN,A,41,3 DUAL CWY,40,00 NO JUN IN 20M,,0,0,8 CENTRAL REFUGE,1 DARK,1 FINE,1 ROAD-DRY,0 NONE,0 NONE,525814,185288,-0.18672,51.552463,,,Unknown,"(51.552463, -0.18672)",http://opendatacommunities.org/id/london-borough-council/camden,9216,21/12/2020 02:48:44 PM
0115CW10579,CAMDEN,2 Passenger,1 Male,25-59,27,1,3 Slight,-2 Unknown,-2 N/A,6 Bus Or Coach,KINGSWAY J/W SARDINIA STREET.,2,02/02/2015 01:00:00 PM,Monday,13.00,3 Bor,A,4200,6 Single Cwy,2 30 MPH,3 T/Stag Jun,4 Give Way/Uncontrolled,A,4200,0 No Xing Facility In 50m,1 Daylight,1 Fine,1 Road-Dry,0 None,0 None,530640,181230,-0.118657,51.514899,,,Unknown,"(51.514899, -0.118657)",http://opendatacommunities.org/id/london-borough-council/camden,4559,21/12/2020 02:48:35 PM
1170066352,CAMDEN,1 Driver/Rider,1 Male,25-59,54,1,3 Slight,-2 Unknown,-2 N/A,2 Pedal Cycle,WEST END LANE J/W SUMATRA ROAD,2,28/09/2017 07:45:00 AM,Thursday,7.45,3 Bor,B,510,6 Single Cwy,1 <= 20 MPH,3 T/Stag Jun,4 Give Way/Uncontrolled,C,0,9 Unknown (S/R),1 Daylight,1 Fine,1 Road-Dry,0 None,0 None,525500,184900,-0.191385,51.549046,,,Unknown,"(51.549046, -0.191385)",http://opendatacommunities.org/id/london-borough-council/camden,7455,21/12/2020 02:48:40 PM
0115EK40603,CAMDEN,1 Driver/Rider,1 Male,0-15,15,1,3 Slight,-2 Unknown,-2 N/A,2 Pedal Cycle,KENTISH TOWN ROAD J/W LEIGHTON ROAD,2,02/07/2015 06:55:00 PM,Thursday,18.55,3 Bor,A,400,6 Single Cwy,2 30 MPH,6 Crossroads,2 Auto Sig,C,0,5 Pedn Phase At Ats,1 Daylight,1 Fine,1 Road-Dry,0 None,0 None,529010,185200,-0.140681,51.550951,,,Unknown,"(51.550951, -0.140681)",http://opendatacommunities.org/id/london-borough-council/camden,5086,21/12/2020 02:48:36 PM
1170071251,CAMDEN,1 Driver/Rider,1 Male,25-59,26,1,3 Slight,-2 Unknown,-2 N/A,4 Car,DRUMMOND STREET J/W HAMPSTEAD ROAD,2,20/11/2017 05:49:00 AM,Monday,5.49,1 TLRN,C,0,3 Dual Cwy,1 <= 20 MPH,6 Crossroads,2 Auto Sig,A,400,5 Pedn Phase At Ats,2 Dark,2 Raining,2 Road-Wet,0 None,0 None,529220,182480,-0.138652,51.526459,,,Unknown,"(51.526459, -0.138652)",http://opendatacommunities.org/id/london-borough-council/camden,7524,21/12/2020 02:48:41 PM
0115EK40382,CAMDEN,2 Passenger,2 Female,25-59,25,1,3 Slight,-2 Unknown,-2 N/A,4 Car,SPANIARDS ROAD J/W SPANIARDS END,1,14/05/2015 10:35:00 PM,Thursday,22.35,3 Bor,B,519,6 Single Cwy,2 30 MPH,3 T/Stag Jun,4 Give Way/Uncontrolled,Unclassified,0,0 No Xing Facility In 50m,2 Dark,2 Raining,2 Road-Wet,0 None,0 None,526580,187130,-0.175015,51.568846,,,Unknown,"(51.568846, -0.175015)",http://opendatacommunities.org/id/london-borough-council/camden,4884,21/12/2020 02:48:36 PM
0116EK40336,CAMDEN,3 Pedestrian,1 Male,25-59,26,1,2 Serious,09 In Road - Not Crossing,9 Unknown Or Other,1 Pedestrian,"NFL - EUSTON ROAD, 60 METRES SW OF PANCRAS ROAD.",1,15/05/2016 01:27:00 AM,Sunday,1.27,1 TLRN,A,501,3 Dual Cwy,2 30 MPH,0 No Jun In 20m,-2 Not Applicable,-2 Not Applicable,0,0 No Xing Facility In 50m,2 Dark,1 Fine,1 Road-Dry,0 None,0 None,530170,182860,-0.124825,51.529656,,,Unknown,"(51.529656, -0.124825)",http://opendatacommunities.org/id/london-borough-council/camden,6269,21/12/2020 02:48:38 PM
0115EK41013,CAMDEN,3 Pedestrian,1 Male,25-59,26,1,3 Slight,04 Crossing Road Within 50m Xing,4 From Drivers O/Side Msk,1 Pedestrian,"CAMDEN ROAD, 50 METRES SW OF CAMDEN STREET.",1,16/11/2015 08:20:00 PM,Monday,20.20,1 TLRN,A,503,6 Single Cwy,2 30 MPH,0 No Jun In 20m,-2 Not Applicable,-2 Not Applicable,0,5 Pedn Phase At Ats,2 Dark,1 Fine,1 Road-Dry,0 None,0 None,529050,184010,-0.14054,51.540248,,,Unknown,"(51.540248, -0.14054)",http://opendatacommunities.org/id/london-borough-council/camden,5437,21/12/2020 02:48:37 PM
1170078995,CAMDEN,3 Pedestrian,1 Male,25-59,50,1,2 Serious,04 Crossing Road Within 50m Xing,2 From Drivers N/Side Msk,1 Pedestrian,SHAFTESBURY AVENUE J/W STACEY STREET,1,19/12/2017 08:40:00 AM,Tuesday,8.40,3 Bor,A,401,6 Single Cwy,2 30 MPH,3 T/Stag Jun,4 Give Way/Uncontrolled,Unclassified,0,1 Zebra,2 Dark,1 Fine,1 Road-Dry,0 None,0 None,529970,181100,-0.128355,51.513885,,,Unknown,"(51.513885, -0.128355)",http://opendatacommunities.org/id/london-borough-council/camden,7621,21/12/2020 02:48:41 PM
0115EK41011,CAMDEN,1 Driver/Rider,1 Male,25-59,35,1,3 Slight,-2 Unknown,-2 N/A,4 Car,CAMDEN ROAD J/W CAMDEN HIGH STREET.,2,15/11/2015 04:50:00 PM,Sunday,16.50,1 TLRN,A,503,6 Single Cwy,2 30 MPH,7 Multi Jun,2 Auto Sig,A,400,5 Pedn Phase At Ats,1 Daylight,1 Fine,1 Road-Dry,0 None,0 None,528910,183880,-0.142606,51.539111,,,Unknown,"(51.539111, -0.142606)",http://opendatacommunities.org/id/london-borough-council/camden,5434,21/12/2020 02:48:37 PM
1180104697,CAMDEN,1 Driver/Rider,1 Male,25-59,25,1,2 Serious,-2 Unknown,-2 N/A,3 Powered 2 Wheeler,GRAYS INN ROAD J/W ACTON STREET,2,28/04/2018 10:30:00 PM,Saturday,22.30,1 TLRN,C,0,6 Single Cwy,1 <= 20 MPH,7 Multi Jun,4 Give Way/Uncontrolled,C,0,1 Zebra,2 Dark,1 Fine,1 Road-Dry,0 None,0 None,530560,182710,-0.119261,51.528218,,,Unknown,"(51.528218, -0.119261)",http://opendatacommunities.org/id/london-borough-council/camden,7940,21/12/2020 02:48:41 PM
1190201467,CAMDEN,2 PASSENGER,2 FEMALE,16-24,18,3,3 SLIGHT,'-2 NOT APPLICABLE,'-2 NOT APPLICABLE,4 CAR,"On Camden Street, near the junction with Kentish Town Road.",2,25/08/2019 04:34:00 PM,Sunday,16.34,3 BOR,A,400,3 DUAL CWY,20,06 CROSSROADS,2 AUTO SIG,A,400,5 PEDN PHASE AT ATS,2 DAYLIGHT,1 FINE,1 ROAD-DRY,0 NONE,0 NONE,528953,184278,-0.14184,51.542678,,,Unknown,"(51.542678, -0.14184)",http://opendatacommunities.org/id/london-borough-council/camden,9301,21/12/2020 02:48:44 PM
1190178605,CAMDEN,3 PEDESTRIAN,2 FEMALE,16-24,24,1,3 SLIGHT,05 CROSSING ROAD (NOT ON XING),9 UNKNOWN OR OTHER,1 PEDESTRIAN,"On Tavistock Square, 30 metres east of the junction with Tavistock Gardens.",1,11/04/2019 01:50:00 PM,Thursday,13.50,3 BOR,A,4200,9 UNKNOWN,30,00 NO JUN IN 20M,,0,0,9 UNKNOWN (S/R),2 DAYLIGHT,9 UNKNOWN,9 UNKNOWN (S/R),9 UNKNOWN (S/R),9 UNKNOWN (S/R),529931,182378,-0.128446,51.525379,,,Unknown,"(51.525379, -0.128446)",http://opendatacommunities.org/id/london-borough-council/camden,8976,21/12/2020 02:48:44 PM
1190165333,CAMDEN,2 PASSENGER,2 FEMALE,0-15,1,1,3 SLIGHT,'-2 NOT APPLICABLE,'-2 NOT APPLICABLE,4 CAR,"On Avenue Road, near the junction with Allisten road .",3,25/02/2019 05:38:00 AM,Sunday,5.38,3 BOR,B,525,3 DUAL CWY,30,09 OTHER JUN,4 GIVE WAY/UNCONTROLLED,B,525,0 NO XING FACILITY IN 50M,2 DAYLIGHT,1 FINE,1 ROAD-DRY,0 NONE,0 NONE,527378,183467,-0.164833,51.535747,,,Unknown,"(51.535747, -0.164833)",http://opendatacommunities.org/id/london-borough-council/camden,8802,21/12/2020 02:48:43 PM
0116EK40226,CAMDEN,3 Pedestrian,2 Female,25-59,55,1,3 Slight,05 Crossing Road (Not On Xing),3 From Drivers O/Side,1 Pedestrian,LANCASTER DRIVE 24M N OF LANCASTER GROVE,1,18/04/2016 10:25:00 AM,Monday,10.25,3 Bor,Unclassified,0,6 Single Cwy,1 <= 20 MPH,0 No Jun In 20m,-2 Not Applicable,-2 Not Applicable,0,0 No Xing Facility In 50m,1 Daylight,1 Fine,1 Road-Dry,0 None,0 None,527050,184610,-0.169147,51.546093,,,Unknown,"(51.546093, -0.169147)",http://opendatacommunities.org/id/london-borough-council/camden,6170,21/12/2020 02:48:38 PM
0116EK40243,CAMDEN,2 Passenger,2 Female,60+,74,1,3 Slight,-2 Unknown,-2 N/A,6 Bus Or Coach,PRATT STREET J/W PRATT MEWS,1,09/01/2016 10:45:00 AM,Saturday,10.45,3 Bor,A,503,2 One-Way St,1 <= 20 MPH,3 T/Stag Jun,4 Give Way/Uncontrolled,A,503,0 No Xing Facility In 50m,1 Daylight,1 Fine,1 Road-Dry,0 None,0 None,529070,183690,-0.140369,51.537367,,,Unknown,"(51.537367, -0.140369)",http://opendatacommunities.org/id/london-borough-council/camden,6181,21/12/2020 02:48:38 PM
0116EK40023,CAMDEN,2 Passenger,2 Female,60+,68,1,3 Slight,-2 Unknown,-2 N/A,6 Bus Or Coach,TOTTENHAM COURT ROAD J/W MAPLE STREET,2,26/01/2016 01:10:00 PM,Tuesday,13.10,3 Bor,A,400,2 One-Way St,2 30 MPH,6 Crossroads,2 Auto Sig,A,400,5 Pedn Phase At Ats,1 Daylight,2 Raining,2 Road-Wet,0 None,0 None,529360,182110,-0.13677,51.523102,,,Unknown,"(51.523102, -0.13677)",http://opendatacommunities.org/id/london-borough-council/camden,6000,21/12/2020 02:48:38 PM
0115EK40690,CAMDEN,1 Driver/Rider,1 Male,25-59,45,1,3 Slight,-2 Unknown,-2 N/A,3 Powered 2 Wheeler,BLOOMSBURY WAY 54M NE OF MUSEUM STREET,2,06/08/2015 03:45:00 PM,Thursday,15.45,3 Bor,A,40,2 One-Way St,2 30 MPH,0 No Jun In 20m,-2 Not Applicable,-2 Not Applicable,0,0 No Xing Facility In 50m,1 Daylight,1 Fine,1 Road-Dry,0 None,0 None,530230,181510,-0.124459,51.51751,,,Unknown,"(51.51751, -0.124459)",http://opendatacommunities.org/id/london-borough-council/camden,5165,21/12/2020 02:48:36 PM
1170067922,CAMDEN,1 Driver/Rider,1 Male,25-59,32,1,3 Slight,-2 Unknown,-2 N/A,3 Powered 2 Wheeler,NEW OXFORD STREET J/W EARNSHAW STREET,2,03/11/2017 01:29:00 AM,Friday,1.29,3 Bor,A,40,2 One-Way St,2 30 MPH,3 T/Stag Jun,2 Auto Sig,Unclassified,0,0 No Xing Facility In 50m,2 Dark,1 Fine,1 Road-Dry,0 None,0 None,529920,181400,-0.128965,51.516593,,,Unknown,"(51.516593, -0.128965)",http://opendatacommunities.org/id/london-borough-council/camden,7477,21/12/2020 02:48:40 PM
0115EK40321,CAMDEN,2 Passenger,2 Female,25-59,54,1,3 Slight,-2 Unknown,-2 N/A,5 Taxi,CAMDEN STREET J/W GREENLAND ROAD,2,26/04/2015 01:20:00 AM,Sunday,1.20,1 TLRN,A,400,6 Single Cwy,2 30 MPH,3 T/Stag Jun,4 Give Way/Uncontrolled,Unclassified,0,0 No Xing Facility In 50m,2 Dark,1 Fine,2 Road-Wet,0 None,0 None,529130,183960,-0.139406,51.53978,,,Unknown,"(51.53978, -0.139406)",http://opendatacommunities.org/id/london-borough-council/camden,4840,21/12/2020 02:48:36 PM
1190192089,CAMDEN,1 DRIVER/RIDER,1 MALE,16-24,19,1,3 SLIGHT,'-2 NOT APPLICABLE,'-2 NOT APPLICABLE,3 POWERED 2 WHEELER,"On Quex Road, near the junction with Mazenod Avenue.",2,07/07/2019 05:00:00 PM,Sunday,17.00,3 BOR,B,510,6 SINGLE CWY,30,03 T/STAG JUN,4 GIVE WAY/UNCONTROLLED,6,0,0 NO XING FACILITY IN 50M,2 DAYLIGHT,1 FINE,1 ROAD-DRY,0 NONE,0 NONE,525348,183932,-0.193921,51.54038,,,Unknown,"(51.54038, -0.193921)",http://opendatacommunities.org/id/london-borough-council/camden,9169,21/12/2020 02:48:44 PM
1170041633,CAMDEN,3 Pedestrian,2 Female,25-59,37,1,3 Slight,01 Crossing Road On Ped Xing,3 From Drivers O/Side,1 Pedestrian,HIGHGATE ROAD J/W KENTISH TOWN ROAD,1,07/06/2017 07:24:00 AM,Wednesday,7.24,3 Bor,B,518,6 Single Cwy,2 30 MPH,3 T/Stag Jun,2 Auto Sig,A,400,5 Pedn Phase At Ats,1 Daylight,1 Fine,1 Road-Dry,0 None,0 None,528950,185300,-0.141509,51.551864,,,Unknown,"(51.551864, -0.141509)",http://opendatacommunities.org/id/london-borough-council/camden,7016,21/12/2020 02:48:39 PM
0116EK40321,CAMDEN,1 Driver/Rider,1 Male,16-24,18,1,3 Slight,-2 Unknown,-2 N/A,3 Powered 2 Wheeler,CAMDEN HIGH STREET 42M NW OF DELANCEY STREET,1,07/05/2016 03:20:00 PM,Saturday,15.20,1 TLRN,A,502,6 Single Cwy,1 <= 20 MPH,0 No Jun In 20m,-2 Not Applicable,-2 Not Applicable,0,0 No Xing Facility In 50m,1 Daylight,1 Fine,1 Road-Dry,0 None,0 None,528990,183700,-0.141519,51.537475,,,Unknown,"(51.537475, -0.141519)",http://opendatacommunities.org/id/london-borough-council/camden,6252,21/12/2020 02:48:38 PM
1180149490,CAMDEN,1 Driver/Rider,1 Male,25-59,44,1,3 Slight,-2 Unknown,-2 N/A,4 Car,PENTONVILLE ROAD 25M W OF J/W KINGS CROSS ROAD,2,02/12/2018 12:05:00 AM,Sunday,0.05,1 TLRN,A,501,2 One-Way St,2 30 MPH,0 No Jun In 20m,-2 Not Applicable,-2 Not Applicable,0,5 Pedn Phase At Ats,2 Dark,2 Raining,2 Road-Wet,4 Roadworks,0 None,530480,183000,-0.120306,51.530843,,,Unknown,"(51.530843, -0.120306)",http://opendatacommunities.org/id/london-borough-council/camden,8580,21/12/2020 02:48:43 PM
0115EK41059,CAMDEN,1 Driver/Rider,1 Male,Unknown,0,1,3 Slight,-2 Unknown,-2 N/A,2 Pedal Cycle,"BLOOMSBURY STREET, 25 METRES SE OF STREATHAM STREET.",2,28/11/2015 09:45:00 PM,Saturday,21.45,3 Bor,A,400,2 One-Way St,2 30 MPH,0 No Jun In 20m,-2 Not Applicable,-2 Not Applicable,0,0 No Xing Facility In 50m,2 Dark,1 Fine,1 Road-Dry,0 None,0 None,530050,181460,-0.12707,51.517102,,,Unknown,"(51.517102, -0.12707)",http://opendatacommunities.org/id/london-borough-council/camden,5473,21/12/2020 02:48:37 PM